YB,DIAM,MASS,L_BOL,LM,TEMP,LRATIO,T_BOL,SURF_DENS,F160,F250,F350,F500,F870,F1100,DIST,F8,e_F8,F12,e_F12,F24,e_F24,F70,e_F70,N8,N12,N24,N70,f_MULTI,f_CEXT
6.0,1.035301063,2389.632608,126081.2001,52.76175075,27.6,205.7,52.92,0.59,439.18,268.57,129.417,42.295,2.21,2.238,11.1,1.7198,0.2403,0.2428,0.5195,,,,0.245,5,5,0,5,0,0
7.0,0.16,91.3,3011.6,32.98576123,26.1,5.1,50.33,0.92,816.32,322.035,138.776,48.742,6.78,8.146,1.5,9.0421,0.4005,2.0536,0.5697,,,488.787,0.37,5,5,0,5,0,0
8.0,0.178953356,584.8008376,25225.25286,43.13477552,24.2,236.2,99.08,4.79,592.553,544.083,176.027,56.414,10.99,15.631,2.86,11.7224,0.227,,,,,794.7477,0.1517,5,0,0,5,0,0
18.0,0.136835165,50.56216544,96.04683722,1.899579189,16.9,19.7,24.83,0.71,19.334,18.703,8.353,3.049,,,2.83,1.1187,0.2755,0.256,0.1574,2.5183,0.0442,22.0228,0.0971,5,5,5,5,0,0
19.0,0.2976,846.91008,13722.15744,16.20261438,21.3,108.1,53.23,2.84,352.424,350.0,140.088,45.902,7.32,5.745,3.72,1.8141,0.1454,0.8052,0.4711,,,,0.1673,5,5,0,5,1,0
24.0,0.217106326,1310.717143,63956.96724,48.79539996,32.4,172.0,50.91,7.31,2475.227,2546.248,854.337,239.876,34.73,,2.83,4.6512,0.0791,,,,,2995.5275,0.1064,5,0,0,5,1,0
29.0,1.104099379,1321.129656,354989.4053,268.7014129,34.5,702.2,57.17,0.29,766.939,540.516,145.78,,1.96,,11.11,8.7327,0.1912,,,,,572.4974,0.2983,5,0,0,5,1,0
38.0,0.145454545,242.4888889,2559.888338,10.55672427,21.6,69.0,45.28,3.09,191.445,212.171,74.94,22.391,3.54,3.058,2.8,0.8649,0.1462,0.228,0.1741,3.3069,0.1341,98.5017,0.0685,5,5,5,5,1,0
40.0,0.312337662,1106.006072,5131.729634,4.639874739,19.0,39.3,36.33,2.96,277.215,288.249,135.478,50.578,8.37,8.953,3.7,0.3113,0.1923,0.0461,0.2744,0.7082,0.3267,37.1651,0.1065,5,5,5,5,0,0
41.0,1.497110092,9812.675059,11119.81954,1.1332098,13.7,19.6,34.63,1.17,44.869,105.688,68.948,26.398,3.02,5.137,12.65,0.264,0.4077,0.0399,0.3843,0.3106,0.2025,7.6995,0.2445,5,5,5,5,0,0
42.0,1.38630137,17727.79286,1127596.621,63.60614823,21.2,422.7,117.05,2.45,697.289,828.156,350.204,104.041,13.49,21.62,12.65,21.7263,0.164,,,,,904.8726,0.1926,5,0,0,5,1,0
43.0,0.322974359,97.7130309,221.7074977,2.268965517,14.0,36.5,41.59,0.25,13.684,17.989,12.031,3.601,0.613,0.734,2.82,0.128,0.1244,0.0097,0.3904,,0.4059,5.8366,0.1586,5,5,5,5,1,0
44.0,0.078,3.211,311.974,97.15789474,25.7,431.4,57.76,0.15,37.323,22.061,6.161,1.79,0.39,,1.3,0.8591,0.15,0.6995,0.2241,6.7915,0.05,57.3675,0.0628,5,5,5,5,0,0
46.0,1.000008258,1736.738365,17644.96311,10.15982802,20.3,70.5,47.93,0.47,90.47,95.595,39.006,15.9,1.28,1.68,10.91,5.8707,1.1266,2.3328,1.0337,11.3642,0.8632,128.678,0.9978,5,5,5,5,1,0
47.0,1.622845618,14916.13223,39628.66805,2.656765671,13.7,46.8,47.3,1.51,65.87,113.156,57.62,22.392,5.204,3.045,13.25,1.5185,1.8096,0.6201,1.3933,2.7666,0.8051,72.1058,1.1361,5,5,5,5,1,0
48.0,0.2968,313.82148,1772.81608,5.649122807,16.1,65.9,46.31,0.84,50.247,52.315,22.295,,,1.018,3.71,0.549,0.1763,0.1119,0.2902,0.7975,0.1733,31.35,0.1646,5,5,5,5,0,0
49.0,0.2345,371.73409,5448.43397,14.65680473,21.9,90.5,43.56,1.97,134.58,119.016,40.006,12.304,1.85,13.015,4.69,0.3844,0.2944,0.0974,0.3408,1.7419,0.159,74.8953,0.169,5,5,5,5,0,0
50.0,0.2238,91.82514,3390.57373,36.92424242,23.4,195.1,48.89,0.45,89.169,50.671,16.782,,,,3.73,1.5701,0.1565,0.4685,0.2434,2.9363,0.1195,102.8227,0.1847,6,6,6,6,0,0
53.0,0.3047,455.77026,78.26358,0.171717172,10.2,7.0,29.1,1.4,4.487,37.272,16.567,7.181,1.26,,2.77,0.4266,0.2718,0.15,0.4986,0.4946,0.1607,7.2038,0.6842,5,5,5,5,0,0
54.0,0.470032573,2770.275334,90606.10203,32.70653314,25.9,152.7,47.79,3.32,277.097,252.652,71.719,23.76,3.16,1.488,11.1,0.9791,0.0674,0.3167,0.228,5.2158,0.1719,251.7603,0.0624,5,5,5,5,1,0
55.0,0.22,36.3,738.1,20.33333333,19.6,150.9,56.14,0.19,33.912,19.754,9.558,,,,2.75,2.1078,0.0738,0.4923,0.3076,2.992,0.0325,38.1898,0.2292,5,5,5,5,0,0
56.0,0.160916031,60.50139269,1738.603053,28.73657904,22.6,161.9,56.45,0.63,49.609,36.006,9.796,2.614,0.56,1.006,3.72,0.5867,0.1417,0.2396,0.4879,2.3465,0.6394,31.0379,0.1485,5,5,5,5,0,0
57.0,0.592227603,79.35099637,1619.396189,20.40801329,18.8,164.0,77.11,0.06,28.48,36.905,12.089,2.771,,0.286,3.72,0.4247,0.3482,0.4994,0.385,,,23.1318,0.0894,5,5,0,5,1,0
58.0,0.1974,100.20024,3472.81308,34.65873016,21.3,219.0,54.92,0.77,106.304,87.157,30.444,10.299,1.19,0.705,2.82,2.8229,0.1034,0.9581,0.3204,,,93.6783,0.0888,5,5,0,5,1,0
60.0,0.166273585,285.4930002,589.8743659,2.066160521,15.8,26.0,38.29,2.66,47.909,78.55,35.344,14.495,3.16,2.431,2.82,,1.4514,0.0964,0.8728,0.2133,0.9158,6.1965,0.6907,5,5,5,5,0,0
61.0,0.294431555,222.0974866,851.4878581,3.83384734,15.5,48.3,46.1,0.67,53.063,51.872,29.078,12.362,2.02,3.59,2.82,0.4358,0.1696,0.0758,0.4072,0.5743,0.2364,23.0441,0.187,5,5,5,5,1,0
63.0,0.179197324,208.9285399,8802.761593,42.13288235,25.7,192.5,53.23,1.75,385.505,260.827,87.324,23.704,4.5,6.128,2.82,4.0789,0.046,0.9451,0.3283,,,324.4093,0.0536,5,5,0,5,0,0
64.0,1.140434783,3166.093468,707.5449065,0.223475685,10.8,7.6,25.22,0.65,7.302,24.544,16.462,8.888,,0.46,7.93,0.0929,0.4606,0.0347,0.3516,0.1952,0.2552,3.4026,0.2084,5,5,5,5,1,0
65.0,0.2679,210.53979,1052.599545,4.999527856,16.8,52.7,47.44,0.78,72.657,98.135,40.801,12.911,1.66,1.075,2.82,1.6155,0.102,0.265,0.3236,2.8762,0.1361,51.6563,0.1285,5,5,5,5,0,0
67.0,0.1405,53.69348,453.23614,8.441176471,18.0,75.0,45.25,0.64,27.258,25.846,8.949,3.465,0.55,,2.81,0.2906,0.4065,0.0871,0.62,0.6253,0.3112,17.7356,0.1876,5,5,5,4,0,0
68.0,0.130634483,36.35174944,102.1993221,2.811400379,14.3,43.4,44.95,0.57,17.409,26.587,12.899,5.165,0.8,0.318,1.54,0.3107,0.1568,0.0787,0.2219,0.3711,0.164,10.6852,0.1998,5,5,5,5,1,0
69.0,0.878774617,3302.025369,34740.1764,10.52086902,17.5,100.9,52.65,1.13,69.609,68.183,28.735,12.311,2.7,7.477,12.55,0.8459,0.115,0.2975,0.409,4.8355,0.226,49.5086,0.2784,5,5,5,5,1,0
70.0,0.59347079,1648.098605,47934.81113,29.08491699,20.6,198.7,50.04,1.23,74.751,55.848,16.54,,1.73,4.31,12.56,1.4868,0.8077,0.3311,0.8891,1.8316,0.7112,,0.4239,5,5,5,5,1,0
71.0,0.232669323,167.2771924,1748.560943,10.45307443,17.3,102.7,47.27,0.8,63.166,88.261,29.357,10.009,1.66,0.824,2.92,0.3492,0.2629,0.0706,0.7313,0.5441,0.3469,27.7879,0.2736,5,5,5,5,1,0
73.0,1.444011299,2968.574305,15293.29136,5.151729345,16.8,53.3,44.4,0.38,42.716,54.611,30.632,10.424,0.91,0.385,12.57,0.1852,0.2743,0.0264,0.3202,0.3144,0.2392,10.3276,0.1943,5,5,5,5,0,0
74.0,0.2628,118.51696,124.48544,1.050359712,12.6,22.7,46.6,0.45,7.4,13.002,4.631,,,,2.92,0.8141,0.1029,0.1798,0.164,0.6384,0.2392,10.29,0.1154,5,5,5,5,0,0
75.0,1.062385939,6172.78113,276693.2458,44.82472972,25.9,200.1,57.56,1.46,620.337,360.384,140.207,44.617,6.16,4.978,12.57,5.9886,0.1475,,,,,581.4933,0.1467,5,0,0,5,1,0
78.0,0.31459144,371.1373314,353.1759073,0.951604372,12.1,23.3,42.01,1.0,15.93,32.293,18.677,10.429,1.675,,2.94,0.8013,0.1807,0.2139,0.4116,0.362,0.2992,9.1764,0.3116,5,5,5,5,0,0
80.0,0.639052914,104.0382782,1047.301823,10.06650476,18.4,84.7,43.49,0.07,8.198,7.361,2.421,,,,8.13,0.0981,0.1741,0.0297,0.295,0.0721,0.2435,3.6008,0.1016,5,5,5,5,0,0
82.0,0.2352,60.5052,100.26576,1.657142857,13.3,30.6,42.41,0.32,5.38,9.434,3.877,1.978,,,2.94,0.1193,0.2135,0.0227,0.233,0.0668,0.1812,3.4126,0.12,5,5,5,5,0,0
83.0,0.4464,42.89904,272.61648,6.35483871,16.2,72.0,47.17,0.05,7.979,10.064,3.206,,,,3.72,0.184,0.3997,0.0674,0.2813,0.281,0.2444,5.8074,0.2219,5,5,5,5,0,0
84.0,0.245805369,209.8758828,1282.746702,6.111929986,17.5,58.8,44.79,0.91,76.704,80.632,31.193,15.627,1.62,4.382,2.93,0.2138,0.3018,0.0237,0.6689,0.3044,0.7692,17.593,0.2144,5,5,5,5,0,0
85.0,0.7542,1406.24361,42866.72937,30.48314607,21.9,181.7,54.04,0.66,85.604,69.612,19.404,6.876,0.84,,12.57,0.6868,0.4249,0.2979,0.5185,4.0302,0.3174,63.519,0.1199,5,5,5,5,0,0
86.0,0.45466474,344.3431286,1373.948058,3.990055106,14.4,60.2,48.81,0.44,19.756,28.859,12.537,5.679,,0.554,4.71,1.0386,0.211,0.2652,0.2254,1.0454,0.031,15.1524,0.046,5,5,5,5,0,0
87.0,0.17396875,50.55365918,1938.728638,38.34991708,22.6,215.2,51.48,0.47,66.945,49.635,14.022,4.902,0.62,0.459,2.93,1.2625,0.223,0.4278,0.2335,3.8981,0.1294,64.636,0.1199,5,5,5,5,1,0
88.0,0.163311475,205.1516549,292.6387304,1.426450742,13.9,24.4,39.8,2.16,17.433,36.827,16.79,6.447,1.62,,2.93,,0.3313,0.1062,0.2827,0.5386,0.1079,14.8088,0.3476,5,5,5,5,0,0
91.0,0.137405318,138.1163409,5183.653488,37.53106587,27.6,151.5,48.81,1.95,304.83,217.594,60.574,22.428,2.38,1.146,2.94,1.2758,0.1239,0.423,0.2138,6.6284,0.077,214.0387,0.102,5,5,5,5,1,0
93.0,0.139437299,120.1697757,962.0675507,8.005902858,20.0,58.9,42.85,1.62,78.075,79.624,25.952,8.058,1.8,0.951,2.94,1.0519,0.5883,0.3411,0.9237,1.7859,0.7869,26.2472,0.4942,5,5,5,5,1,0
95.0,1.082348337,1250.141212,3417.012306,2.733301065,13.9,43.9,44.67,0.28,8.743,16.049,6.809,2.579,,,12.57,0.1796,0.1242,0.0329,0.535,0.1524,0.2675,5.5018,0.0696,5,5,5,5,0,0
96.0,0.158376328,103.9397075,3872.4644,37.25683374,22.7,210.3,56.58,1.11,130.463,81.778,29.347,9.384,3.37,3.807,2.94,6.5932,0.2826,2.0602,0.3692,,,158.2781,0.2557,5,5,0,5,1,0
97.0,0.814539632,708.1716363,26241.48555,37.05526203,24.7,175.0,55.07,0.28,86.849,44.773,13.422,4.417,0.77,0.297,12.56,,0.0501,0.082,0.2461,,,9.6395,0.3814,5,5,0,5,0,0
99.0,0.221969697,114.5266478,57.15383379,0.499043977,13.3,21.3,20.07,0.59,10.825,13.433,8.664,5.896,0.872,,2.93,0.239,0.2085,0.05,0.5302,0.1225,0.3118,6.8563,0.2237,5,5,5,5,0,0
100.0,1.045749343,1464.140539,27236.30994,18.6022511,21.3,116.9,45.88,0.36,84.086,62.169,19.941,8.346,0.77,0.402,12.56,1.7582,0.2794,0.5044,0.4359,2.3102,0.2529,62.0914,0.1378,5,5,5,5,0,0
101.0,1.097570671,2024.485008,9629.547568,4.756541801,18.0,42.6,36.47,0.45,50.84,53.995,16.058,8.709,1.28,1.494,12.55,,0.6218,,1.141,,0.7701,,0.9015,5,5,5,5,1,0
102.0,0.2352,63.96264,548.8686,8.581081081,16.9,88.3,51.21,0.3,24.398,15.71,10.517,3.521,,,2.94,0.3182,0.251,0.1049,0.5778,0.6329,0.4409,14.5943,0.2946,5,5,5,5,0,0
103.0,1.063492366,396.1017696,3916.771946,9.888297014,19.4,10921.3,40.46,0.09,16.53,10.932,4.664,2.171,,,12.57,0.1862,0.3409,0.0182,1.0823,0.0706,0.556,4.9376,0.3509,5,5,5,5,0,0
104.0,0.4656,33.8724,904.39308,26.7,24.5,123.2,43.6,0.04,18.388,8.419,3.237,1.564,,,5.82,0.2631,0.1902,0.0716,0.3252,0.1818,0.2071,6.3291,0.1309,5,5,5,5,1,0
106.0,0.264034707,62.0553997,399.1687956,6.432458698,17.7,59.3,44.08,0.23,19.636,20.073,6.795,2.845,,,3.58,0.3012,0.5115,0.0973,0.3963,0.2327,0.2906,7.2799,0.099,5,5,5,5,1,0
107.0,0.169727936,133.4648091,3167.923327,23.73601962,25.2,110.7,59.74,1.22,229.687,157.178,51.697,13.424,2.13,4.39,2.94,0.6013,0.2987,0.7283,1.4755,,,63.1078,0.2904,5,5,0,5,0,0
112.0,0.7973,424.52473,827.05336,1.948186528,14.8,27.0,34.36,0.19,29.09,48.573,15.696,9.785,1.02,0.61,4.69,0.3166,0.6093,0.0529,0.5565,0.1857,0.5269,7.9348,0.3354,5,5,5,5,1,0
113.0,0.420268028,36.89078957,176.114799,4.773950382,19.3,5269.2,24.68,0.06,31.307,17.321,7.276,4.989,,,2.94,0.142,0.3025,0.0197,0.5635,0.0756,0.2288,3.7964,0.1142,5,5,5,5,0,0
114.0,0.371451613,190.3810614,60.5871488,0.31824147,10.9,85.3,33.52,0.37,3.855,15.453,10.729,2.923,,0.212,2.94,0.1295,0.2108,0.0273,0.3689,0.1093,0.239,3.5765,0.2396,5,5,5,5,0,0
115.0,0.226153846,128.4979412,261.645479,2.036184211,13.7,42.1,45.97,0.71,13.287,22.013,9.821,4.866,1.01,0.793,2.94,0.3034,0.2944,0.0804,0.4425,0.397,0.262,7.7142,0.2568,5,5,5,5,1,0
117.0,0.354827586,47.32054102,299.8395065,6.336349925,15.4,80.1,47.79,0.1,10.809,16.459,5.215,2.761,,,2.94,0.1012,0.6082,0.0093,0.7983,0.0147,0.5956,2.0351,0.3723,5,5,5,5,1,0
119.0,0.212333333,78.96622222,1017.490444,12.88513514,15.7,157.2,57.11,0.5,19.01,21.254,7.175,5.027,0.69,,2.94,0.8535,0.2802,0.3316,0.3283,2.2659,0.2181,25.9645,0.151,5,5,5,5,1,0
120.0,0.1764,36.30312,385.50456,10.61904762,19.1,83.4,55.63,0.3,22.663,21.349,7.161,2.496,,0.323,2.94,0.2139,0.6372,0.1824,0.606,1.3988,0.2592,14.0103,0.2863,5,5,5,5,1,0
121.0,0.287241379,14.41741974,224.1837396,15.54950495,23.3,81.0,37.21,0.05,24.079,13.199,4.408,,,,2.94,0.2742,0.5882,0.0705,0.54,0.1328,0.3462,4.4648,0.2284,5,5,5,5,0,0
122.0,0.591791045,988.595911,8418.71555,8.515830842,17.6,80.3,45.77,0.75,51.268,55.254,21.466,8.392,1.77,1.571,7.93,0.3505,0.2597,0.0584,0.6768,0.5759,0.4688,15.6009,0.6418,5,5,5,5,1,0
123.0,0.4,371.2,3059.2,8.24137931,17.1,82.9,48.61,0.58,18.676,17.355,6.417,3.767,,1.69,8.0,0.4482,0.2437,0.1093,0.5637,0.8533,0.2522,11.8988,0.1253,5,5,5,5,0,0
125.0,0.603552311,578.9533119,18863.05652,32.5813086,22.4,186.3,54.9,0.42,40.312,32.344,9.002,2.951,0.42,,12.56,0.5335,1.9538,0.242,0.2192,2.7376,0.0449,35.1133,0.1157,5,5,5,5,0,0
126.0,0.3234,75.19932,1180.71576,15.70114943,18.6,127.6,57.62,0.19,44.637,51.023,14.897,8.743,0.73,2.189,2.94,0.7438,0.5348,0.3776,0.4978,1.9594,0.8932,,0.497,5,5,5,5,0,0
127.0,0.522450372,1071.934276,16638.05684,15.52152703,19.9,114.0,50.39,1.06,41.424,41.688,11.792,4.409,1.61,0.429,12.57,0.4626,0.1815,0.1043,0.4465,2.5297,0.2265,25.1442,0.0884,5,5,5,5,0,0
128.0,0.266704465,69.77237952,226.8698565,3.251571153,16.1,36.9,37.41,0.26,20.956,17.642,9.659,3.891,,,2.94,0.1875,0.4585,0.0468,0.5652,0.1103,0.4268,3.6298,0.2996,5,5,5,5,0,0
130.0,0.34751269,170.8592337,225.4260094,1.319366853,12.1,31.4,44.96,0.38,8.435,15.871,9.492,4.73,,,2.94,0.2778,0.1269,0.0643,0.2662,0.1638,0.0792,5.4607,0.2105,5,5,5,5,0,0
131.0,0.15877095,20.49562054,376.8509833,18.38690283,20.4,123.9,53.89,0.22,19.921,16.911,4.505,,0.15,,2.94,0.5906,0.3077,0.3809,0.2205,2.1484,0.0513,13.6113,0.1113,5,5,5,5,0,0
132.0,0.337847682,182.4008508,17593.83908,96.45700116,23.5,500.1,92.97,0.43,196.462,122.358,33.1,11.973,3.29,7.209,3.58,5.213,0.3605,,,,,291.0277,0.1715,5,0,0,5,0,0
133.0,0.743326087,204.3652694,5470.715801,26.76930291,21.8,159.5,47.32,0.1,18.886,10.037,3.071,2.124,,,11.03,0.2847,0.4518,0.0862,0.5652,0.2545,0.4387,,0.1412,5,5,5,5,1,0
134.0,0.3234,26.79516,153.85608,5.741935484,17.0,58.6,42.26,0.06,10.542,9.075,3.686,1.746,0.145,,2.94,0.1638,0.4259,0.0361,0.6904,0.0671,0.4695,4.5331,0.1133,5,5,5,5,1,0
135.0,0.245,36.94345592,549.3797052,14.87082601,19.1,115.0,46.59,0.16,25.677,20.005,6.857,2.768,0.508,,2.94,0.6409,0.1407,0.1751,0.2992,0.5571,0.1816,19.5953,0.1417,5,5,5,5,0,0
136.0,0.37963964,85.97688499,883.3092119,10.27379873,19.3,78.4,43.49,0.16,55.114,56.575,16.707,6.941,,0.356,2.94,1.2882,0.4783,0.2766,0.6222,0.9774,0.4453,37.0758,0.2599,5,5,5,5,0,0
137.0,0.277358491,20.51406194,319.6774653,15.58333333,18.7,127.2,48.46,0.07,13.386,15.452,3.731,1.374,,,2.94,0.3986,0.1926,0.1338,0.4256,0.4946,0.2151,10.5631,0.2077,5,5,5,5,0,0
138.0,0.101142857,45.60820408,1681.678204,36.87227414,26.7,154.5,45.71,1.16,99.994,87.439,24.688,5.876,1.35,1.921,2.95,1.3015,0.419,0.3835,0.5855,2.8757,0.4464,91.3937,0.2836,5,5,5,5,1,0
139.0,0.190322581,393.6387064,11135.36266,28.28828181,25.8,131.9,45.26,2.96,618.822,458.654,140.332,49.227,10.2,11.94,2.95,8.9179,0.2807,1.2557,0.8284,,,250.6726,1.1428,5,5,0,5,0,0
141.0,0.285196375,729.3321072,1793.62321,2.459268133,14.6,37.6,55.09,2.46,81.897,134.565,55.54,33.636,5.327,10.409,2.95,1.5835,0.0845,0.2855,0.291,4.1558,0.2191,41.0281,0.2132,5,5,5,5,0,0
143.0,0.473,62.64412,935.18722,14.92857143,19.7,109.0,46.64,0.07,19.882,14.087,5.014,2.258,,,4.73,0.2398,0.2385,0.0874,0.3931,0.4508,0.2399,13.5273,0.4115,5,5,5,5,0,0
144.0,0.2655,62.658,267.16675,4.263888889,15.6,52.6,52.04,0.26,15.574,26.108,8.043,2.776,,1.071,2.95,0.3052,0.1729,0.098,0.2508,0.1915,0.1744,5.0632,0.17,5,5,5,5,1,0
145.0,0.13,850.9,61340.6,72.08908215,11.0,3064.4,59.29,13.65,2.591,487.225,732.279,361.15,39.28,34.705,1.3,,1.2862,,,,,2991.5947,1.6196,5,0,0,5,0,0
147.0,0.29037037,445.5811004,1521.475019,3.414586071,15.6,43.0,42.21,1.46,86.693,114.695,59.326,23.154,3.18,2.318,2.94,0.913,0.0667,0.1859,0.4423,1.1367,0.3537,40.0036,0.1538,5,5,5,5,1,0
149.0,0.397559367,124.5961392,2059.102671,16.5262157,20.0,115.9,47.86,0.21,109.847,73.562,30.331,,0.906,,2.94,2.1702,0.3217,0.7254,0.3143,3.8396,0.2302,43.5081,0.3179,5,5,5,5,1,0
150.0,0.281658291,16.70134593,156.4652408,9.368421053,20.1,65.6,38.46,0.06,14.579,9.411,3.547,1.665,,,2.95,0.2902,0.5478,0.0951,0.5802,0.1138,0.5116,7.3701,0.1283,5,5,5,5,1,0
151.0,0.853741081,2026.864872,3843.24471,1.896152409,13.9,31.7,48.64,0.73,15.058,26.558,13.651,4.427,,1.173,11.02,0.2956,0.3927,0.0358,0.4996,0.2567,0.3419,10.0784,0.1161,5,5,5,5,0,0
152.0,0.353912072,175.8510331,849.1896257,4.829028358,13.6,84.8,50.13,0.37,11.292,17.665,27.375,6.39,0.66,0.426,2.95,2.1434,0.532,0.4163,0.5881,0.7968,0.8952,33.8106,0.3658,5,5,5,5,0,0
153.0,0.163065327,59.83476932,1132.18424,18.92184516,20.7,126.5,55.08,0.59,49.557,49.378,14.208,5.11,0.87,0.471,2.95,1.5237,0.3468,0.5761,0.1285,3.0418,0.0766,49.3617,0.1134,5,5,5,5,1,0
154.0,0.198404908,238.7896571,3464.157992,14.50715259,20.0,443.3,51.71,1.62,158.104,149.623,48.059,17.472,4.744,,2.94,0.7247,0.6429,0.4109,0.4136,4.4425,0.4027,77.0167,0.2868,5,5,5,5,0,0
155.0,0.8888,65.2864,1847.60512,28.3,24.4,134.9,45.0,0.02,17.126,9.284,2.988,,,,8.08,0.3519,0.53,0.0591,0.2437,0.138,0.2889,7.4248,0.3072,5,5,5,5,0,0
156.0,0.1419,713.69551,33572.77374,47.04075235,36.3,139.7,45.11,7.68,701.102,494.076,106.055,38.381,9.64,11.949,4.73,2.0689,0.1412,0.4863,0.5955,3.4217,0.2616,27.3116,0.6384,5,5,5,5,0,0
157.0,0.1068,40.55552,1070.9192,26.40625,22.9,143.3,60.27,0.85,38.935,21.002,8.036,,,,3.56,1.3006,0.0436,0.4988,0.4157,2.8446,0.285,20.0749,0.1392,5,5,5,5,1,0
158.0,0.965411222,5945.068497,11899.64359,2.001599072,14.4,31.1,41.76,1.71,38.537,56.914,33.644,12.564,2.32,2.601,12.56,0.3659,0.1538,0.0868,0.4909,0.4281,0.2668,16.6459,0.1171,5,5,5,5,0,0
159.0,0.281029412,42.87685446,372.6898248,8.692098093,16.6,91.7,52.37,0.14,15.395,15.848,5.624,,0.58,1.733,2.94,0.9443,0.0934,0.2969,0.2937,0.9652,0.1391,12.342,0.1868,5,5,5,5,0,0
161.0,0.341,10.571,171.058,16.18181818,22.8,92.2,39.98,0.02,13.865,10.285,2.422,1.233,,,3.1,0.1209,0.2993,0.0804,0.3667,0.1782,0.4161,2.9548,0.3424,5,5,5,5,1,0
162.0,0.492857143,1701.27551,21011.32653,12.35033738,19.8,93.2,50.0,1.88,128.867,144.896,48.282,17.724,2.76,1.844,8.1,3.6267,0.2612,1.6212,0.3688,12.5932,0.1752,123.3921,0.3197,5,5,5,5,1,0
163.0,0.321818182,719.4450248,5614.24886,7.803582853,18.7,66.0,43.72,1.84,353.653,314.457,129.032,50.055,9.43,13.021,2.95,5.9667,0.3985,,,,,433.2568,0.5002,5,0,0,5,1,0
164.0,0.2184,25.17424,67.57296,2.684210526,15.2,34.9,37.97,0.12,3.577,3.463,1.728,,,,3.64,0.0949,0.2896,0.0305,0.2429,0.0377,0.1371,1.3735,0.1462,5,5,5,5,0,0
165.0,0.299609375,65.46527863,591.8432999,9.040567951,17.8,82.0,44.52,0.2,30.664,28.932,9.973,4.25,,,2.95,0.5489,0.4389,0.1906,0.571,0.4678,0.4568,19.852,0.0612,5,5,5,5,1,0
166.0,0.376,53.72288,737.98272,13.73684211,19.7,99.5,44.01,0.09,26.385,21.432,6.737,2.71,,,3.76,0.2501,0.4755,0.1493,0.5109,0.4833,0.243,17.4669,0.1892,5,5,5,5,1,0
167.0,1.054612352,3222.84849,3085.926984,0.957515376,13.3,18.0,34.63,0.78,13.453,30.662,12.971,5.884,1.33,0.811,12.54,0.0889,0.501,0.0385,0.3137,0.1549,0.2259,5.573,1.0059,5,5,5,5,0,0
168.0,0.9401,649.31364,12751.79843,19.63888889,20.4,133.6,47.4,0.2,29.467,23.905,7.338,2.661,0.339,,13.43,0.5143,0.1593,0.1781,0.205,0.8686,0.0853,18.9991,0.1342,5,5,5,5,0,0
169.0,0.2888,211.12002,625.5408,2.962962963,14.5,44.0,45.53,0.67,20.762,27.828,12.5,8.234,0.681,0.333,3.61,0.4018,0.2153,0.097,0.5466,0.7227,0.2724,14.7402,0.1673,5,5,5,5,0,0
170.0,0.8058,793.60556,5465.05647,6.886363636,17.7,64.2,46.47,0.36,17.374,17.381,5.927,2.124,,0.588,13.43,0.198,0.507,0.056,0.5871,0.5327,0.3925,,0.1508,5,5,5,5,1,0
171.0,0.244508086,32.36384644,1117.698675,34.53540904,22.6,190.7,48.46,0.14,46.163,31.59,9.446,3.326,0.633,,2.95,1.1134,0.3629,0.3902,0.1788,1.3745,0.0971,40.705,0.1311,5,5,5,5,1,0
173.0,0.2904,46.11915,189.74736,4.114285714,15.1,53.7,46.51,0.13,6.36,7.395,2.649,,,,3.63,0.2244,0.1692,0.05,0.5413,0.2316,0.2513,4.9172,0.1136,5,5,5,5,0,0
174.0,0.6017,406.92424,1337.46423,3.286764706,15.4,41.7,41.18,0.28,25.414,36.902,14.78,8.503,0.68,,5.47,0.2491,0.4453,0.0897,0.4984,0.4122,0.3395,10.196,0.2365,5,5,5,5,1,0
175.0,0.148630137,79.79780447,421.530775,5.282485876,16.3,59.4,45.03,1.01,68.224,114.752,41.77,16.344,1.71,1.866,1.55,2.5695,0.8739,0.7207,0.7765,2.5723,0.6287,103.919,0.7291,5,5,5,5,1,0
177.0,0.547,290.23273,1508.01336,5.195876289,15.7,63.0,53.12,0.27,21.394,32.902,10.007,3.811,,,5.47,0.6697,0.171,0.1939,0.5177,2.1075,0.2366,16.385,0.0577,5,5,5,5,0,0
179.0,0.534,601.67916,473.35896,0.786729858,13.0,15.4,29.18,0.53,14.304,17.993,11.966,6.786,,,5.34,0.0744,0.1329,0.0254,0.5869,0.0447,0.464,1.9076,0.3816,5,5,5,5,0,0
180.0,0.075609756,26.51976337,673.3161478,25.38922156,22.1,150.9,67.22,1.18,102.01,98.814,26.473,8.477,1.82,2.089,1.55,0.5316,0.2374,0.1821,0.4843,5.1648,0.2947,70.9744,0.1001,5,5,5,5,0,0
181.0,0.084931507,8.67857478,319.3039266,36.79220779,25.6,162.9,51.0,0.31,70.684,43.339,11.659,4.167,0.718,0.779,1.55,0.6677,0.925,0.3708,0.5371,2.3093,0.2424,45.3982,0.3581,5,5,5,5,0,0
182.0,0.1395,6.48675,38.19975,5.888888889,16.8,58.7,44.62,0.09,9.108,8.552,2.874,2.236,,,1.55,0.1776,0.3766,0.073,0.5254,0.1265,0.4583,4.1068,0.2372,5,5,5,5,0,0
185.0,0.161844262,48.74424957,3160.045288,64.82908889,26.9,264.3,51.66,0.49,84.216,52.428,14.673,4.002,0.84,0.341,3.59,0.63,0.2114,0.3411,0.4686,4.8719,0.2711,87.2855,0.1099,5,5,5,5,0,0
186.0,1.233484022,361.8744756,69555.32177,192.2084216,25.2,866.5,53.46,0.06,38.815,29.172,5.342,3.855,,,12.56,3.2582,0.1392,0.8526,0.3647,1.9952,0.376,35.6794,0.1635,5,5,5,5,0,0
187.0,0.514491018,177.8459895,359.3683818,2.020671835,14.3,30.2,39.12,0.18,18.869,18.322,10.253,8.46,,,3.58,0.1502,0.6408,0.0919,0.291,0.479,0.0957,5.7825,0.2284,5,5,5,5,0,0
188.0,0.6897,517.85217,1026.48051,1.982188295,11.8,51.4,48.61,0.29,16.094,10.201,18.606,8.444,0.581,,3.63,0.5868,0.4105,0.1866,0.3514,0.6075,0.2161,,0.3375,5,5,5,5,1,0
189.0,0.27172144,285.7960431,435.3444077,1.523269542,13.7,26.5,41.5,1.03,17.817,29.432,15.011,7.218,1.851,0.726,3.58,0.4396,0.0195,0.0787,0.3912,0.2232,0.1729,4.2501,0.2885,5,5,5,5,0,0
190.0,0.3024,50.0094,1574.58168,31.48571429,23.0,170.4,50.5,0.13,43.021,29.315,9.158,3.249,0.7,0.275,3.78,0.4274,0.392,0.2434,0.4122,1.8573,0.3206,43.3193,0.1683,5,5,5,5,1,0
191.0,0.146226415,5.263721611,34.95438428,6.640621762,17.4,63.8,43.16,0.07,8.151,7.059,4.164,0.56,,,1.55,0.2069,0.5701,0.0709,0.3845,0.0957,0.3072,4.3517,0.1995,5,5,5,5,1,0
192.0,1.54082397,679.426465,17734.8627,26.10269633,21.1,165.2,58.11,0.08,16.873,15.78,4.328,1.355,,,18.7,0.3279,0.4632,0.1536,0.5852,1.9841,0.2888,18.6679,0.3847,5,5,5,5,0,0
195.0,0.347060907,483.7878283,10107.64295,20.89271858,20.8,139.8,56.72,1.07,255.803,245.469,67.405,27.347,7.54,5.265,3.63,1.4382,0.3509,0.4873,0.2058,,,,0.224,5,5,0,5,0,0
196.0,0.385561224,550.294242,4254.280438,7.730919412,17.3,76.2,57.55,0.99,113.417,173.521,56.635,,1.588,,3.63,0.5018,0.3126,0.1112,0.3987,1.9203,0.0988,63.1197,0.3908,5,5,5,5,0,0
197.0,0.1815,21.08304,637.76196,30.25,21.2,187.8,50.16,0.15,15.247,12.072,3.347,1.194,,,3.63,0.2843,0.2259,0.0876,0.5098,0.6396,0.2647,12.6975,0.0537,5,5,5,5,0,0
198.0,0.043986486,9.283582907,584.5498356,62.96597353,30.1,216.2,55.45,1.28,111.332,93.948,17.309,4.711,1.27,1.023,1.55,0.7569,0.232,0.2859,0.6952,3.0402,0.2875,78.1823,0.1128,5,5,5,5,1,0
199.0,0.652424581,259.1389128,2168.851471,8.369455006,17.1,82.6,46.66,0.16,13.655,12.414,5.259,2.029,,,8.11,0.2237,0.4479,0.0594,0.5303,0.1624,0.3132,8.5183,0.3518,5,5,5,5,1,0
200.0,0.182797271,11.98880995,30.59394581,2.551875119,13.7,43.5,45.65,0.1,4.81,8.185,3.517,1.53,,,1.55,0.0945,0.6563,0.0524,0.5743,0.0879,0.4513,3.1658,0.281,5,5,5,5,0,0
201.0,0.182541322,7.114157873,376.7814355,52.96219766,23.8,265.3,52.24,0.06,42.369,29.659,8.257,2.119,,,1.55,1.5489,0.3331,0.6062,0.5052,2.6661,0.3666,41.1043,0.1828,5,5,5,5,1,0
202.0,0.607586981,387.8297407,4822.953945,12.43575064,17.7,113.6,49.1,0.28,25.643,23.677,7.147,1.099,,,8.08,0.5719,0.2198,0.1138,0.5812,0.5526,0.3194,21.022,0.2656,5,5,5,5,0,0
203.0,0.75352809,1842.954051,6532.019299,3.544320215,15.0,48.8,50.2,0.87,41.812,67.133,26.245,10.564,1.28,0.863,8.08,0.6368,0.1414,0.1287,0.5523,1.7819,0.2511,30.9227,0.1147,5,5,5,5,0,0
204.0,0.94312009,2431.748396,454.1950081,0.186777139,11.3,5.5,17.08,0.72,7.976,22.073,9.665,7.556,0.787,0.777,8.08,0.1997,0.2352,0.0523,0.5809,0.0948,0.4314,4.4552,0.2886,5,5,5,5,0,0
205.0,0.616907216,385.4671154,9103.733777,23.61740707,20.8,153.8,49.56,0.27,29.544,19.852,6.086,2.633,,,10.88,0.5671,0.2417,0.1378,0.4995,0.7377,0.2917,21.7991,0.1128,5,5,5,5,0,0
206.0,0.473,82.77973,1510.17075,18.24324324,19.7,132.1,49.49,0.11,26.962,15.922,7.437,2.714,,,4.73,0.2787,0.4343,0.166,0.5985,0.6056,0.4108,23.1493,0.3301,5,5,5,5,0,0
207.0,0.840715706,34.20508816,1057.673477,30.92152466,31.3,100.2,31.63,0.01,17.896,7.375,1.974,,,,8.81,0.1516,0.5986,0.112,0.5837,0.4719,0.4649,,0.2078,5,5,5,5,0,0
208.0,0.506981542,408.7412878,3647.835276,8.924557869,17.5,84.2,48.76,0.42,20.048,16.588,6.261,,,,8.81,0.3326,0.2356,0.0768,0.5578,0.2774,0.3413,9.9827,0.1864,5,5,5,5,0,0
209.0,0.900152174,2173.690967,9845.80036,4.529530881,16.4,50.4,46.06,0.71,65.144,73.56,33.893,13.122,1.7,2.21,8.81,0.9019,0.3029,0.2547,0.5659,1.8687,0.3596,39.4501,0.2012,5,5,5,5,0,0
210.0,0.273446809,444.7372843,657.848544,1.479184604,14.0,24.4,40.84,1.57,27.276,52.988,24.467,9.357,1.53,1.114,3.78,0.3477,0.0655,0.0574,0.3197,0.3899,0.1488,5.7485,0.2767,5,5,5,5,0,0
211.0,0.39027027,62.62000205,1652.662335,26.39192399,20.2,559.5,65.1,0.11,39.139,17.13,14.771,2.118,,,3.61,3.4504,0.4275,1.2984,0.481,4.8218,0.4582,45.0682,0.3475,5,5,5,5,0,0
212.0,0.244772727,54.6151986,3483.824721,63.78855721,24.0,1037.5,54.27,0.25,69.283,43.899,12.522,4.076,0.55,0.279,3.59,2.4078,0.2294,0.9708,0.4282,6.8496,0.3479,87.0639,0.1846,5,5,5,5,0,0
213.0,0.428535826,1495.723531,52842.87842,35.32930873,25.9,160.2,53.6,2.12,1046.681,979.641,458.608,144.437,18.28,27.729,3.62,,0.5102,,,,,,0.3367,5,0,0,5,0,0
214.0,1.060211538,141.7485237,3940.436094,27.79878049,24.2,137.1,42.63,0.03,20.683,9.782,3.562,,,,10.81,,0.7803,0.0784,0.7871,0.1786,0.6981,8.5699,0.4252,5,5,5,5,0,0
215.0,0.256818182,55.76446281,293.4555785,5.262412004,15.8,61.8,46.04,0.23,9.588,12.373,4.404,1.471,,,3.6,0.1388,0.8906,0.0444,0.517,0.1635,0.3701,5.4819,0.2502,5,5,5,5,0,0
217.0,0.0871875,28.22468262,210.3360596,7.452202826,18.3,64.9,42.77,0.99,50.476,56.103,18.235,7.226,1.01,0.334,1.55,0.0976,0.6862,0.0058,0.4375,0.1096,0.296,1.1063,0.1957,5,5,5,5,0,0
220.0,0.252997481,171.3293207,7386.746143,43.11431408,26.1,186.7,50.06,0.71,407.412,253.762,78.104,27.437,3.37,4.362,2.79,10.1389,0.1659,,,,,266.1639,0.162,5,0,0,5,0,0
223.0,0.1848,3.5574,73.75676,20.73333333,23.4,107.4,41.26,0.03,21.026,13.405,4.409,1.356,,,1.54,0.1156,0.3841,0.0685,0.6547,0.1022,0.4709,5.0467,0.4144,5,5,5,5,0,0
224.0,0.454320988,258.5415226,6352.683445,24.57123088,19.9,176.6,50.28,0.34,122.473,105.368,44.529,20.075,1.32,3.567,3.68,4.3626,0.3827,1.0576,0.5471,6.1998,0.2653,124.7207,0.3072,5,5,5,5,0,0
225.0,0.3421,152.81918,2330.00889,15.24683544,19.4,115.1,50.19,0.34,98.272,76.196,28.655,11.717,1.6,,3.11,2.8658,0.1945,0.6072,0.4985,2.6581,0.1889,66.5704,0.185,5,5,5,5,0,0
226.0,0.240237705,126.7658444,128.2084671,1.011380216,12.7,21.1,41.39,0.59,5.204,9.132,3.732,,,,3.71,0.1057,0.4324,0.0308,0.3717,0.0981,0.3644,2.1368,0.1275,5,5,5,5,0,0
227.0,0.4275,22.5625,379.05,16.8,22.2,93.8,42.24,0.03,12.028,7.503,2.489,1.064,,,4.75,0.1269,0.543,0.0192,0.8913,0.161,0.32,3.9935,0.1716,5,5,5,5,0,0
230.0,0.213125,2379.776953,2747.787109,1.154640609,20.0,11.1,22.3,13.6,1991.733,678.917,646.858,349.084,38.778,28.599,2.86,0.9666,1.0198,0.1865,1.6597,5.8536,0.8331,910.176,0.6116,5,2,5,5,1,0
232.0,0.367456067,915.7103667,276.8080608,0.302287788,10.5,11.5,37.78,1.79,13.348,27.711,34.673,,,,2.87,0.5154,0.1877,0.1571,0.4459,0.2813,0.4254,7.2528,0.1021,5,5,5,5,0,0
235.0,0.299375,1299.568164,12256.27217,9.431034483,21.6,63.7,42.6,4.19,267.96,346.514,110.218,37.966,5.88,6.081,4.79,0.3915,0.2148,0.0731,0.6962,0.7677,0.3342,38.782,1.7243,5,5,5,5,0,0
236.0,0.331888519,117.2363944,685.9275448,5.850807236,16.7,61.4,56.91,0.28,44.561,55.982,16.61,,,1.619,2.87,,0.7098,0.4747,0.2611,4.3975,0.2326,,0.6804,5,5,5,5,0,0
237.0,1.214431239,19285.37355,29707.85929,1.540434735,14.1,26.1,41.34,3.5,84.816,168.989,81.038,44.081,8.47,7.769,12.44,1.0844,0.3242,0.1973,0.4123,0.9932,0.5517,31.7974,0.8019,5,5,5,5,0,0
241.0,0.298294574,62.30879154,514.3148969,8.254290996,15.8,98.0,50.3,0.19,6.163,6.937,2.363,0.848,,,4.81,0.1725,0.1277,0.0417,0.5095,0.3217,0.2147,6.5465,0.0749,5,5,5,5,0,0
242.0,0.636947095,666.3280977,2695.814358,4.045776199,17.1,40.3,37.24,0.44,67.278,90.767,34.024,12.804,1.111,0.935,5.1,1.4041,0.5733,0.6342,0.3434,4.8079,0.2362,,0.2313,5,5,5,5,0,0
244.0,0.446525597,97.95698992,542.66038,5.539782106,15.8,64.6,47.46,0.13,9.842,9.994,3.514,,,,4.81,0.2429,0.2742,0.0601,0.5592,0.1442,0.3129,5.3708,0.1212,5,5,5,5,0,0
247.0,0.41,2464.6,87757.0,35.60699505,34.4,105.2,37.98,3.93,2710.462,740.685,673.442,205.916,21.36,15.559,5.2,11.967,0.5514,,,,,2538.2356,0.2243,5,0,0,5,0,0
248.0,0.248526912,227.202381,1197.006264,5.268458274,17.2,52.8,50.65,1.0,69.005,93.389,36.786,14.376,2.14,,2.83,0.9222,0.5367,0.1155,0.6145,0.9476,0.4633,33.6928,0.9023,5,5,5,5,0,0
249.0,0.4794,58.84776,360.24372,6.121621622,12.0,147.5,67.39,0.07,1.582,9.796,3.598,1.382,,,2.82,0.2428,0.2876,0.1316,0.6213,2.6076,0.3641,8.6778,0.3484,5,5,5,5,0,0
250.0,0.7553,873.18075,2619.54225,3.0,16.2,33.7,44.16,0.38,17.949,19.814,8.824,3.203,0.56,0.619,10.79,,0.3995,0.0187,0.2581,0.0566,0.9506,1.9717,0.4622,5,5,5,5,0,0
252.0,0.347821229,609.0223417,6141.589758,10.08434229,17.2,101.0,69.72,1.31,198.123,281.807,147.269,21.892,10.487,,2.83,15.9948,0.1517,2.5819,0.4565,,,513.9896,0.3368,5,5,0,5,1,0
253.0,0.257272727,130.7982363,2365.126287,18.08224907,23.1,97.1,41.89,0.52,206.889,132.467,44.146,16.146,2.14,,2.83,3.4014,0.5398,0.8127,0.4738,,,132.6295,0.1341,5,5,0,5,1,0
254.0,2.099447699,1366.139032,9905.831235,7.250968609,15.3,92.8,48.28,0.08,17.905,16.288,7.956,4.531,,,12.42,0.3463,0.688,0.2721,0.5111,1.7816,0.3621,11.5457,0.2074,5,5,5,5,1,0
255.0,0.6695,161.36289,7422.69294,46.0,26.2,193.2,47.31,0.11,20.087,11.2,3.015,0.831,,,13.39,0.3762,0.4829,0.1236,0.3403,0.3507,0.2377,10.7409,0.2092,5,5,5,5,1,0
257.0,0.48875,818.23125,35466.05742,43.34478477,26.6,181.9,54.1,0.9,106.839,77.196,19.365,3.641,0.94,,12.41,2.016,0.1229,0.6431,0.4807,5.0687,0.3208,64.1725,0.1863,5,5,5,5,0,0
258.0,0.2272,159.69888,831.56336,5.207070707,15.7,64.1,55.56,0.83,37.548,58.487,21.236,7.167,1.883,,2.84,1.4413,0.1816,0.3278,0.5193,2.8104,0.252,23.9871,0.1105,5,5,5,5,0,0
259.0,0.3396,16.81869,319.55511,19.0,18.5,162.4,52.84,0.04,11.065,8.036,3.286,,,,2.83,0.6403,0.3996,0.2238,0.5013,1.3153,0.2805,13.1551,0.4465,5,5,5,5,0,0
260.0,0.394759825,195.8411682,857.605593,4.379087405,15.9,51.7,42.36,0.33,13.499,16.013,6.341,2.599,,,5.65,0.1692,0.2105,0.0415,0.3797,0.1162,0.2853,6.4279,0.2218,5,5,5,5,0,0
262.0,0.221467818,50.60435864,429.161193,8.480715981,18.7,68.9,45.17,0.28,32.953,29.782,9.899,5.764,,,2.85,0.1226,0.4246,0.0328,0.5785,0.3954,0.4232,8.936,0.2693,5,5,5,5,0,0
263.0,0.9408,848.97792,2619.1872,3.085106383,15.0,41.4,40.8,0.24,7.935,10.436,4.082,1.739,,,13.44,0.1373,0.3524,0.0264,0.5278,0.0804,0.3323,3.7849,0.2126,5,5,5,5,0,0
264.0,0.349048796,237.2975684,4471.940408,18.84528542,27.2,75.6,35.17,0.52,162.039,148.552,39.166,11.056,0.434,,4.83,,0.4617,,,,,,0.7482,5,0,0,5,0,0
268.0,0.286098388,147.5531901,2327.845587,15.77631487,21.6,96.8,47.64,0.48,95.169,74.519,23.273,8.497,1.3,0.697,3.79,1.0068,0.3601,0.1678,0.3394,1.5858,0.3029,39.2534,0.0998,5,5,5,5,1,0
270.0,0.443766892,255.1791214,1113.794283,4.364754753,17.2,43.0,37.18,0.34,63.726,46.79,25.571,9.706,1.231,1.506,3.78,0.3602,0.3581,0.0777,0.2527,0.1203,1.1495,10.6773,0.2953,5,5,5,5,0,0
271.0,2.406884562,42472.09002,10229.36264,0.240849053,12.1,6.0,17.48,1.95,54.146,367.638,264.467,147.469,8.77,21.635,12.45,0.3821,0.0751,0.0575,0.335,0.937,0.2424,18.8883,0.2658,5,5,5,5,0,0
272.0,0.481830986,2795.603369,67697.86948,24.21583484,25.0,120.6,49.49,3.21,217.308,116.655,40.024,,3.559,,12.44,5.7966,0.2322,,,14.003,0.2986,216.647,0.3144,5,0,5,5,0,0
275.0,0.250442478,36.16064938,195.6908763,5.411708022,16.9,55.5,42.88,0.15,15.042,14.286,5.757,2.35,,,2.83,0.1316,0.3814,0.043,0.7217,0.2614,0.3695,4.7919,0.2626,5,5,5,5,1,0
276.0,0.809135899,11229.98795,78646.21929,7.00323274,17.7,71.8,48.87,4.53,225.36,280.26,91.734,34.031,4.19,4.562,12.41,1.0467,0.4584,0.2315,0.8002,2.2748,0.6559,130.6779,0.2299,5,5,5,5,1,0
277.0,0.253367188,223.7547048,1795.562756,8.024692745,17.5,77.3,51.5,0.93,89.659,104.002,36.442,14.049,1.99,2.016,2.87,2.645,0.1568,0.864,0.4886,7.5132,0.3152,116.6556,0.2532,5,5,5,5,1,0
278.0,0.105820106,106.6424512,1295.85013,12.15135357,23.4,67.1,37.57,2.61,634.517,557.418,213.994,70.979,9.37,14.761,1.25,,0.4994,,,,,,0.5647,5,0,0,5,0,0
280.0,1.189855072,692.7798459,24159.69476,34.87355313,18.7,280.1,56.65,0.13,55.694,126.887,83.912,26.011,0.56,3.883,8.21,0.9728,0.3896,1.0735,0.3617,10.9417,0.2592,82.3486,0.3049,5,5,5,5,0,0
281.0,0.91,2317.6,58848.1,25.39182775,24.7,121.1,46.27,0.75,451.218,619.665,180.594,,4.95,,8.5,,0.3367,0.5884,0.9975,8.1271,0.23,157.2055,0.8647,5,5,5,5,0,0
284.0,1.092155963,730.319821,802.7674564,1.099199876,15.0,14.8,23.24,0.16,17.308,21.578,11.127,4.153,,,8.21,0.1469,0.2106,0.0316,0.1909,0.0739,0.2734,3.651,0.109,5,5,5,5,0,0
286.0,0.49389313,231.1240764,1583.108449,6.849604222,17.4,65.9,48.31,0.26,21.321,26.69,6.608,,1.012,,6.47,0.1326,0.1842,0.0314,0.5671,0.3217,0.2691,9.073,0.1574,5,5,5,5,0,0
291.0,0.703615786,2993.420601,20748.60915,6.93140454,17.2,70.4,58.79,1.61,332.982,587.488,224.173,124.898,9.9,11.984,4.83,4.77,0.3043,1.2208,0.423,,,242.9909,0.3747,5,5,0,5,1,0
296.0,0.615127768,3970.567066,45865.76719,11.55143999,20.9,80.0,42.95,2.76,157.327,162.606,52.758,17.698,3.91,3.816,12.24,0.0944,0.566,0.0057,0.4721,0.1826,0.2663,29.3445,0.1904,5,5,5,5,0,0
298.0,0.523720365,201.7387801,259.8867112,1.28823378,15.4,16.3,23.86,0.2,16.639,19.228,8.504,3.947,,,4.84,0.1294,0.5137,0.0264,0.5914,0.1129,0.346,1.9148,0.569,5,5,5,5,0,0
299.0,0.996717674,477.0315207,6591.967448,13.8187251,19.9,98.5,47.6,0.13,18.367,14.779,4.126,,,,13.43,0.8907,0.2243,0.1949,0.468,0.3651,0.2391,14.808,0.2401,5,5,5,5,0,0
300.0,0.079373368,10.33000089,76.67826149,7.422870756,18.7,61.3,41.33,0.44,6.472,5.205,1.091,,,,2.85,0.0936,0.2289,0.0232,0.38,0.0557,0.1896,2.8318,0.2335,5,5,5,5,0,0
301.0,0.499454545,914.4084298,5143.97114,5.625463385,18.0,51.1,41.96,0.99,48.048,56.55,20.454,8.235,0.91,0.244,8.2,0.2551,0.5768,0.0536,1.2125,0.4664,0.6179,13.0325,0.4936,5,5,5,5,1,0
302.0,0.637187789,829.3363547,12195.49668,14.70512732,17.9,132.9,49.83,0.54,50.747,58.393,18.009,9.937,0.86,,8.2,1.2065,0.2765,0.3878,0.579,2.0342,0.4796,61.9238,0.3829,5,5,5,5,1,0
303.0,0.254146538,37.75346112,570.205891,15.10340705,20.1,106.0,44.91,0.16,31.386,23.195,8.21,3.634,,0.345,2.95,0.9659,0.3084,0.2845,0.3072,0.6594,0.134,26.8965,0.2122,5,5,5,5,0,0
304.0,0.63300286,863.5113603,4981.243044,5.768590053,16.4,63.6,43.78,0.57,18.877,19.273,7.556,3.147,0.542,0.533,10.71,0.2572,0.3267,0.0847,0.3863,0.1445,0.3242,8.9861,0.232,5,5,5,5,0,0
305.0,0.337910448,204.058351,2651.978012,12.99617486,19.4,99.1,56.98,0.48,122.787,143.494,51.357,29.3,2.35,,2.83,0.9886,0.3436,1.4411,0.4822,,,76.9257,0.5822,5,5,0,5,0,0
306.0,0.18707483,38.61238373,278.0959323,7.202247191,16.5,77.4,45.31,0.29,72.634,70.9,20.919,17.153,,1.479,1.25,0.3744,0.6556,0.0769,0.9884,0.2094,1.0538,27.1219,0.731,5,5,5,5,0,0
307.0,0.806666667,813.3888889,5368.366667,6.6,15.5,90.1,48.79,0.32,61.804,71.115,21.954,15.631,,1.246,4.84,2.0291,0.3453,0.536,0.471,1.4465,0.2709,53.7412,0.3202,5,5,5,5,0,0
308.0,0.157808219,146.0386564,13804.8036,94.52842105,31.8,298.6,53.71,1.52,322.636,241.542,50.674,13.147,3.26,2.984,3.84,1.8081,0.3485,1.1086,0.5682,,,317.1499,0.122,5,5,0,5,0,0
310.0,0.417111507,1180.595158,27489.5215,23.28446064,22.1,141.3,64.47,1.8,435.069,482.827,138.268,41.564,7.1,14.902,4.85,4.7035,0.3588,1.4056,0.6844,,,406.6396,0.368,5,5,0,5,0,0
311.0,1.012274395,1181.801736,40927.59883,34.63152709,22.7,192.1,59.52,0.3,93.604,54.866,21.428,6.906,0.7,0.38,12.43,1.3839,0.2554,0.6995,0.4361,4.6747,0.2392,77.1909,0.2215,5,5,5,5,0,0
312.0,1.415204301,966.5988577,6741.538126,6.974494199,16.8,71.2,43.85,0.13,17.531,16.862,7.283,2.785,,,13.43,0.3948,0.3843,0.1133,0.4503,0.2347,0.2684,10.6565,0.1701,5,5,5,5,1,0
313.0,0.143083188,5.062837851,85.5256977,16.89283762,20.2,117.5,52.86,0.07,4.901,3.878,1.022,,,,2.86,0.0942,0.224,0.02,0.5003,0.1026,0.2721,2.844,0.2079,5,5,5,5,0,0
314.0,0.3102,27.03816,69.18588,2.558823529,15.8,30.1,33.6,0.07,8.057,7.285,3.794,1.621,,,2.82,0.0931,0.1892,0.0218,0.4801,0.0562,0.1852,0.9076,0.3637,5,5,5,5,0,0
315.0,0.4213,180.42747,349.11982,1.93495935,13.3,0.5,44.76,0.25,10.103,16.629,8.087,3.353,,,3.83,0.3097,0.479,,1.0883,0.1477,0.801,4.3583,0.5189,5,5,5,5,0,0
316.0,0.314857143,66.52481633,199.643102,3.001031992,16.5,32.0,32.61,0.18,23.619,20.013,9.659,5.09,,0.12,2.9,0.1173,0.1587,0.0151,0.381,0.0682,0.2019,2.0145,0.2472,5,5,5,5,0,0
317.0,0.726363636,1567.035119,2199.546932,1.403636017,13.6,24.5,37.74,0.79,20.096,30.586,17.165,7.625,1.872,0.874,7.99,0.1768,0.3549,0.0279,0.6695,0.1358,0.4862,6.4755,0.188,5,5,5,5,0,0
318.0,0.282472527,13.08068017,457.2770023,34.95819761,24.1,173.5,47.41,0.04,9.343,4.481,1.673,,,,4.85,0.1733,0.2032,0.0357,0.4884,0.2473,0.2384,5.5545,0.1676,5,5,5,5,0,0
319.0,0.223852026,67.41125622,230.3096177,3.416486068,14.7,48.9,45.18,0.36,6.457,9.283,3.095,,,,3.89,0.091,0.4148,0.0281,0.6248,0.0861,0.3977,3.2352,0.26,5,5,5,5,0,0
320.0,0.660505837,140.1043392,1869.050291,13.34041688,18.6,110.2,46.56,0.09,31.84,32.236,10.296,3.564,,,4.85,0.2239,0.4449,0.0844,0.7444,0.3692,0.5344,19.3206,0.5097,5,5,5,5,1,0
321.0,0.834534786,793.8353196,4353.785836,5.484494994,15.2,72.3,48.26,0.3,12.62,17.828,7.094,3.019,,0.19,10.48,1.1821,0.568,0.355,0.678,0.6473,0.4942,20.6463,0.418,5,5,5,5,0,0
322.0,0.525935031,2044.250104,3548.837816,1.736009605,15.4,23.1,34.58,1.95,40.06,57.588,23.466,14.806,2.14,1.314,8.32,0.7224,0.4882,0.1662,0.7662,1.153,0.5144,16.9352,0.3474,5,5,5,5,0,0
324.0,0.489570175,1045.692218,13228.7941,12.65075313,21.6,78.5,44.19,1.16,133.482,111.323,33.188,11.97,2.57,1.338,8.33,0.595,0.3914,0.1421,0.5172,3.3187,0.2821,44.4606,0.1047,5,5,5,5,0,0
326.0,0.112812912,17.82993082,82.14515949,4.607149648,17.1,46.2,45.13,0.37,22.015,40.756,14.09,6.6,0.73,0.598,1.25,0.6725,0.4756,0.2004,0.6984,1.2332,0.4707,29.4589,0.3424,5,5,5,5,1,0
327.0,1.12353045,2225.79128,5982.825151,2.687954259,16.1,30.8,35.05,0.47,64.29,82.594,38.331,15.168,2.286,1.009,8.32,0.6162,0.4606,0.1006,0.5228,0.2619,0.285,14.3326,0.2934,5,5,5,5,0,0
328.0,0.124,2.499689981,34.15274102,13.6627907,20.7,89.9,44.35,0.04,14.744,9.564,3.208,1.493,0.083,,1.24,0.6299,0.1901,0.2102,0.5793,0.3208,0.2769,4.1155,0.3216,5,5,5,5,1,0
330.0,0.038590604,7.900122742,121.673151,15.40142539,22.1,92.6,44.42,1.4,44.626,40.038,8.274,3.703,1.11,1.339,1.25,0.2056,0.4961,0.0672,0.4988,0.5613,0.2719,24.1186,0.2253,5,5,5,5,0,0
331.0,0.282,434.99628,792.05904,1.820840951,12.6,40.3,45.88,1.44,24.635,54.037,27.504,12.205,,,2.82,1.4062,0.0296,0.4619,0.3928,2.9188,0.2242,0.456,0.4473,5,5,5,5,1,0
334.0,1.023465819,2622.192148,269066.1036,102.6111316,28.3,385.1,84.31,0.66,414.527,219.573,71.744,20.48,3.88,4.024,12.38,7.5192,0.3909,,,,,430.8955,0.2046,5,0,0,5,0,0
335.0,0.7128,1362.82905,314.02404,0.230420712,9.4,12.5,42.13,0.69,8.088,63.748,9.201,,,,2.97,,0.4175,,0.6458,,0.135,1.7797,0.5407,5,5,5,5,0,0
336.0,0.309927361,111.442975,1432.266037,12.85200827,18.0,114.0,50.89,0.31,33.205,29.197,10.935,4.134,,,3.84,1.1999,0.3202,0.3589,0.4463,2.3396,0.2892,43.3979,0.2507,5,5,5,5,1,0
337.0,0.1698,15.21691,94.50502,6.210526316,16.3,67.2,51.37,0.13,5.488,5.031,1.822,1.256,,,2.83,0.3028,0.1695,0.0971,0.5133,0.2434,0.3257,3.1727,0.0519,5,5,5,5,1,0
338.0,0.391783217,635.9792808,13931.90467,21.90622414,22.0,131.2,51.97,1.1,89.259,90.963,22.265,6.187,1.42,1.759,8.3,1.464,0.1529,0.4753,0.4113,3.7605,0.2716,66.2092,0.1034,5,5,5,5,1,0
339.0,0.43821894,268.1531639,695.8803671,2.595085424,16.1,29.9,35.83,0.37,40.092,46.584,15.169,10.859,1.034,0.668,3.91,0.1883,0.078,0.0297,0.5753,0.2697,0.2082,3.9987,0.3437,5,5,5,5,1,0
340.0,0.318454106,42.59557049,1109.358426,26.04398564,20.4,176.1,50.19,0.11,24.434,17.203,5.588,2.306,,,3.84,0.6058,0.3337,0.1577,0.545,0.6155,0.3472,18.6837,0.2116,5,5,5,5,0,0
341.0,0.551098901,208.1438119,1096.285378,5.266961186,12.6,112.3,50.94,0.18,11.734,41.916,15.872,5.562,,,2.95,1.0903,0.3453,0.2671,0.4988,0.4591,0.4685,20.3222,0.1311,5,5,5,5,0,0
342.0,0.369230769,58.09932327,410.8290153,7.071149752,16.2,79.8,46.3,0.11,10.615,8.7,4.982,,,,3.84,0.3634,0.3153,0.1002,0.3441,0.1434,0.3852,7.696,0.263,5,5,5,5,0,0
343.0,1.152487654,4440.005783,37852.17876,8.525254383,15.9,102.1,51.45,0.89,36.268,44.745,13.025,,0.62,,15.43,0.5011,0.284,0.1672,0.38,1.3894,0.247,32.4493,0.1976,5,5,5,5,0,0
345.0,0.437076412,228.9540469,1203.272688,5.255520505,16.5,57.1,52.08,0.31,77.553,158.158,53.989,,1.014,,2.86,0.4982,0.2189,0.0317,0.4302,,0.0425,20.9997,0.3865,5,5,5,5,0,0
346.0,0.255528256,16.76025814,370.5454304,22.10857538,19.6,163.2,48.47,0.07,18.887,13.466,4.839,,,,2.4,0.4235,0.4674,0.1237,0.5406,0.4743,0.3542,9.0769,0.4333,5,5,5,5,0,0
350.0,0.2688125,22.02972743,190.9021862,8.665662651,18.3,73.0,42.35,0.08,7.107,7.537,1.969,0.811,,,3.91,0.1443,0.0942,0.0302,0.4808,0.0476,0.2436,2.8828,0.143,5,5,5,5,0,0
351.0,0.238333333,888.6583333,16656.12361,18.74300053,24.9,95.7,43.23,4.06,1042.543,639.068,364.82,170.113,16.23,12.882,2.86,0.7688,0.366,0.2093,0.4569,5.3532,0.1432,639.2063,0.1282,5,5,5,5,1,0
353.0,0.441471927,2027.851189,153049.0335,75.47350331,32.7,234.8,47.75,2.82,402.979,332.407,83.188,17.524,3.65,5.356,12.38,,1.0054,0.025,1.1595,0.4957,0.7762,58.1463,2.355,5,5,5,5,0,0
355.0,0.15375,15.26032813,78.61301563,5.151462995,15.5,64.0,47.42,0.17,20.693,24.886,9.688,4.564,,0.343,1.23,1.046,0.2732,0.2961,0.5283,0.5735,0.3431,13.6781,0.168,5,5,5,5,0,0
356.0,0.315693467,51.96624866,700.6909293,13.48357727,18.1,118.1,48.83,0.14,10.552,9.282,3.182,,,,4.87,0.1734,0.5991,0.0613,0.5075,0.2469,0.3578,,0.1465,5,5,5,5,1,0
357.0,0.527641509,476.5652284,10306.96814,21.6276126,21.1,138.6,48.3,0.46,60.698,53.637,16.288,5.201,0.68,0.366,7.99,1.8468,0.1623,0.4874,0.4086,1.9246,0.2553,50.763,0.2184,5,5,5,5,0,0
360.0,0.26871903,7.315722714,606.6103235,82.91871456,30.0,283.5,46.72,0.03,31.102,16.395,3.664,2.417,,,2.88,0.5118,0.445,0.1691,0.3213,0.4663,0.2411,20.1612,0.1141,5,5,5,5,0,0
361.0,0.508246445,1484.319636,1651.202631,1.112430633,14.3,17.4,33.57,1.53,78.08,213.497,82.721,36.198,5.61,3.017,3.83,2.4281,0.4404,0.5894,0.4365,6.426,0.2248,93.0344,0.0986,5,5,5,5,0,0
363.0,0.330816619,101.1226193,3609.868473,35.69793285,23.7,181.1,50.47,0.24,108.743,46.382,20.42,7.075,2.45,4.844,3.87,0.8038,0.6203,0.3395,0.6962,2.802,0.4059,53.0327,0.3787,5,5,5,5,1,0
365.0,0.194104046,12.39260918,311.5245548,25.13793103,24.1,122.5,45.82,0.09,24.871,10.794,5.025,,,,2.92,0.8156,0.1496,0.2274,0.2762,0.4967,0.1754,13.9699,0.2926,5,5,5,5,1,0
366.0,0.241780415,132.3501792,424.7881526,3.209577465,14.3,49.6,47.22,0.59,18.473,29.499,12.328,5.759,0.794,0.783,2.91,0.3489,0.506,0.1571,0.3573,0.4172,0.2075,13.8033,0.2613,5,5,5,5,0,0
367.0,1.147627258,485.4997616,12565.33619,25.88124071,21.5,159.1,46.31,0.1,33.106,19.167,6.583,2.678,,0.28,12.37,0.5523,0.55,0.1692,0.303,0.4302,0.2541,20.4384,0.2102,5,5,5,5,1,0
369.0,0.3,53.8,1482.4,27.55390335,24.4,133.2,44.22,0.16,134.88,89.778,28.291,10.291,0.73,0.555,2.4,1.1188,0.5468,0.5136,0.2906,2.799,0.1271,,0.2601,5,5,5,5,0,0
370.0,0.534674115,64.78101907,4218.365016,65.11729943,26.0,276.4,49.41,0.06,88.807,51.668,16.003,4.703,,0.425,3.88,1.2089,0.6899,0.7388,0.3565,4.5102,0.1845,92.2231,0.308,5,5,5,5,0,0
372.0,1.118948433,1076.763669,15402.52317,14.30446031,19.8,103.5,54.03,0.23,62.876,63.654,11.049,,1.542,1.226,10.44,0.7683,0.3755,0.3094,1.0484,2.412,0.921,36.6631,0.4618,5,5,5,5,1,0
373.0,0.2,717.9,5745.4,8.003064494,19.6,66.4,44.94,4.87,423.433,427.074,185.598,69.359,14.91,21.609,2.4,,0.4424,1.3155,0.788,,,,0.5468,5,5,0,5,1,0
374.0,0.100636364,17.56714463,351.6867335,20.01957295,19.2,155.6,72.99,0.48,67.059,55.372,19.012,7.4,2.17,,1.23,,2.0947,,,0.5832,0.3832,34.6075,1.1682,5,0,5,5,0,0
375.0,0.176495726,23.66326166,11170.47224,472.0597015,37.9,1104.8,66.34,0.2,229.713,45.879,17.279,,1.13,,2.95,19.3317,0.4252,,,,,504.7944,0.2948,5,0,0,5,0,0
376.0,0.174109589,16.97087634,39.11503096,2.304832714,12.6,48.6,56.84,0.15,6.619,13.601,4.082,,,,1.23,1.1889,1.0381,0.4353,1.0098,0.9894,0.5718,11.6999,0.7356,5,5,5,5,0,0
377.0,0.453289474,205.910232,2366.687587,11.4937833,16.5,123.1,55.29,0.27,37.735,81.437,22.31,,0.97,,3.9,2.9348,0.1231,0.7231,0.4112,3.7216,0.1988,53.8088,0.2894,5,5,5,5,1,0
378.0,0.076475771,75.97138699,811.604774,10.68303221,17.4,109.6,50.55,3.31,198.154,114.419,61.303,28.829,4.556,10.475,1.24,6.1023,0.4439,1.9158,0.3805,,,,0.464,5,5,0,5,0,0
383.0,0.299,19.66822,587.36457,29.86363636,14.8,421.4,108.23,0.05,3.542,4.635,1.685,,,,2.99,8.462,0.0814,0.8824,0.8007,,,12.5419,0.0268,5,5,0,5,1,0
386.0,0.342205089,411.2437815,7521.894893,18.2905985,19.1,145.5,50.87,0.93,247.825,187.974,95.527,36.732,3.621,,2.92,8.5787,0.0912,1.7436,0.4122,,,246.248,0.0861,5,5,0,5,0,0
390.0,0.12,344.5,14055.0,40.79825835,33.4,133.9,45.15,6.4,1250.977,908.111,327.287,95.652,14.29,15.251,2.3,,2.0677,0.3823,1.2532,,,261.4397,1.762,5,5,0,5,0,0
391.0,0.24187234,759.1377239,5659.968927,7.455786676,20.9,52.2,40.25,3.44,262.347,267.748,92.673,36.088,6.34,7.03,3.92,,0.5055,0.1075,0.5231,0.4634,0.365,21.2879,1.2552,5,5,5,5,0,0
392.0,0.154757813,148.9545308,668.9365917,4.490877775,19.3,35.7,31.69,1.65,81.417,101.358,37.503,19.073,1.52,2.169,2.79,2.9435,0.6501,0.7031,0.3426,5.5432,0.2188,106.0424,0.1777,5,5,5,5,0,0
393.0,0.21955836,165.0381634,1453.875748,8.809330629,16.5,96.9,54.99,0.89,46.667,63.761,22.952,9.199,1.699,0.634,2.9,2.5529,0.2966,0.7557,0.3594,5.1737,0.2232,55.6336,0.2651,5,5,5,5,0,0
394.0,0.267201258,180.1467288,285.6497199,1.58565033,12.6,34.1,46.19,0.67,10.859,18.225,11.584,,,0.354,2.93,0.4835,0.0872,0.1101,0.332,0.4192,0.2517,8.6057,0.1832,5,5,5,5,0,0
396.0,0.292690058,731.9753086,7052.612513,9.635041551,21.9,30.6,39.61,2.34,351.879,350.069,113.706,45.76,5.96,3.877,3.85,1.0794,0.213,0.2822,0.4543,4.8127,0.2679,186.4975,0.1317,5,5,5,5,0,0
397.0,0.484315287,231.6015625,2382.332467,10.28634022,16.1,117.6,50.8,0.26,38.928,37.107,14.251,7.48,0.548,1.348,3.85,3.4249,0.4583,1.1114,0.4629,1.852,0.3715,61.2823,0.4388,5,5,5,5,0,0
399.0,0.889526185,8060.28215,55858.40449,6.930080542,16.8,76.5,52.36,2.79,108.902,145.585,60.036,27.723,8.124,4.297,12.3,2.6152,0.2166,0.826,0.205,8.4985,0.0553,114.4286,0.1831,5,5,5,5,0,0
401.0,0.261659193,601.2034542,29644.51085,49.30861698,25.5,231.5,51.33,2.35,687.563,358.673,113.347,23.763,13.31,10.357,3.89,2.4534,0.6975,0.9429,0.3485,,,,0.1137,5,5,0,5,0,0
402.0,0.24598338,306.6402007,2047.114114,6.675948257,17.2,67.4,47.01,1.31,108.939,83.633,44.713,20.047,3.82,4.073,2.96,2.2767,0.0379,0.6758,0.1447,5.146,0.0419,60.5592,0.0733,5,5,5,5,0,0
404.0,0.711040724,674.6446223,415.8060973,0.616333524,11.7,16.2,38.96,0.36,14.513,83.888,19.034,4.166,,,3.88,0.3954,0.303,0.0875,0.3014,0.3186,0.4156,4.8966,0.1571,5,5,5,5,0,0
405.0,0.133789954,26.31263527,1806.084965,68.63945578,27.7,265.1,48.62,0.38,76.179,44.745,11.709,3.624,0.52,0.15,2.93,1.2267,0.3353,0.3759,0.3959,2.2105,0.2671,72.4764,0.1309,5,5,5,5,0,0
406.0,0.343429542,117.3004803,538.5659033,4.591335874,15.4,58.0,46.17,0.26,15.518,23.025,7.274,,,,3.89,0.2905,0.3112,0.0759,0.6126,0.5392,0.2665,15.6477,0.2019,5,5,5,5,0,0
407.0,1.122045612,382.7393664,3387.86118,8.851614121,17.7,81.7,44.35,0.08,10.741,8.273,3.64,,,,12.3,0.148,0.428,0.0382,0.6038,0.118,0.3842,7.3717,0.1866,5,5,5,5,0,0
408.0,0.207227723,47.16460151,4219.648858,89.46643718,29.4,312.2,55.86,0.29,571.714,198.457,58.574,23.078,3.11,2.557,1.82,6.2005,0.4624,,,,,385.3856,0.2188,5,0,0,5,0,0
410.0,0.179579439,110.4941021,107.1302843,0.969556585,13.2,18.7,35.47,0.95,22.469,30.9,13.794,11.152,,1.345,1.83,0.7444,0.3584,0.2343,0.5861,0.5154,0.4193,,0.4362,5,5,5,5,0,0
411.0,0.1062,3.62024,73.37948,20.26923077,20.7,132.5,47.1,0.08,21.996,15.495,5.291,2.057,,,1.18,0.2529,0.3746,0.1188,0.5549,0.4604,0.3214,7.0831,0.3267,5,5,5,5,1,0
412.0,0.212802768,124.4215527,167.9233366,1.349632222,12.7,28.6,44.81,0.73,40.705,98.343,49.881,20.522,3.084,,1.25,0.1385,0.2416,0.0176,0.5611,0.3445,0.2409,9.6914,0.4922,5,5,5,5,0,0
413.0,1.216522843,4565.300041,24267.50817,5.315643649,14.6,77.7,47.28,0.81,87.827,68.878,18.822,6.984,2.38,2.225,12.29,,0.8521,0.0554,0.8165,0.4543,1.5937,18.3525,0.4635,5,5,5,5,0,0
414.0,0.07231405,5.217463895,60.86645949,11.66590909,18.8,93.8,44.81,0.28,18.68,18.606,5.493,2.036,0.354,,1.25,0.2506,0.2193,0.0703,0.2843,0.2892,0.1278,11.0186,0.1643,5,5,5,5,0,0
416.0,0.31,127.4,807.3,6.336734694,16.7,66.6,43.6,0.36,25.118,26.932,10.638,4.072,0.746,,3.84,0.3289,0.2694,0.0684,0.3486,0.1596,0.3255,11.0423,0.1277,5,5,5,5,0,0
417.0,1.35,857.1,58916.3,68.73912029,27.0,275.4,55.76,0.13,125.217,52.138,17.362,7.299,1.06,0.684,13.31,1.4069,0.9439,0.7858,0.6338,5.3362,0.3857,96.0451,0.4428,5,5,5,5,0,0
418.0,0.916438356,734.5162487,21217.40405,28.8862283,21.2,182.1,53.54,0.23,39.097,31.661,9.707,3.468,0.611,,13.38,0.9063,0.3266,0.2791,0.2764,2.1557,0.0922,31.8266,0.195,5,5,5,5,0,0
419.0,0.075,2.34375,37.03125,15.8,19.0,125.9,48.99,0.09,8.664,7.51,2.338,1.083,,,1.25,0.3051,0.4105,0.1003,0.5843,0.2947,0.3597,6.2847,0.3221,5,5,5,5,1,0
420.0,0.418911917,192.8966382,2120.271299,10.99174832,18.2,94.4,51.7,0.29,58.386,59.295,23.431,7.806,0.69,,3.85,2.3111,0.3291,0.5744,0.4364,4.4983,0.117,33.7377,0.2607,5,5,5,5,0,0
423.0,0.1386,0.47628,45.08784,94.66666667,29.5,276.1,49.24,0.01,11.134,6.835,1.104,,,,1.26,,0.5265,0.1052,0.4032,0.1887,0.2662,2.7306,0.4595,5,5,5,5,0,0
424.0,0.158656808,19.94195709,122.8293821,6.159344418,14.1,96.3,49.8,0.21,14.136,26.574,9.276,3.539,,,1.25,0.8144,0.3163,0.19,0.4167,0.4433,0.321,13.7658,0.2021,5,5,5,5,0,0
425.0,0.0882,18.09864,77.63364,4.289473684,15.5,54.3,47.19,0.6,19.439,32.871,11.981,4.724,0.957,,1.26,0.628,0.0862,0.1384,0.5617,0.5332,0.2824,6.4622,0.331,5,5,5,5,0,0
426.0,1.251728111,891.1702146,5243.146363,5.883439861,17.2,57.6,42.01,0.15,17.183,19.946,6.381,3.099,,,13.25,0.2029,0.3502,0.068,0.4839,0.165,0.4159,4.9499,0.2741,5,5,5,5,0,0
430.0,1.23004902,273.0651003,6181.980948,22.63922025,21.4,139.9,47.49,0.05,22.63,26.58,5.789,1.584,,,10.91,1.5332,0.4508,0.5243,0.3908,0.9684,0.9942,17.2273,0.3583,5,5,5,5,1,0
431.0,0.36,936.2,21260.9,22.70978423,30.5,77.6,31.88,1.89,1609.326,962.198,283.024,91.063,12.34,11.458,3.9,7.7667,0.7569,,,,,,0.8911,5,0,0,5,1,0
436.0,0.311489362,138.1267542,874.9150747,6.334146341,16.4,149.9,51.88,0.36,40.146,44.758,16.198,6.877,0.96,0.865,3.05,1.9852,0.0884,0.6277,0.4929,1.8377,0.3266,21.5092,0.2073,5,5,5,5,0,0
438.0,0.133252427,7.418149684,21.46528419,2.893617021,15.5,35.8,38.51,0.11,4.557,6.118,2.026,0.821,,,1.83,0.0413,0.3422,0.0188,0.4368,0.0473,0.42,0.975,0.3313,5,5,5,5,0,0
440.0,0.298220339,23.36865125,1210.79875,51.81294964,25.2,515.5,49.92,0.07,48.653,36.84,6.815,,,0.768,3.06,1.5159,0.1058,0.4145,0.2645,2.5274,0.1446,36.3558,0.1985,5,5,5,5,0,0
441.0,0.511450693,191.6402557,352.7204624,1.840534292,12.7,38.1,51.83,0.19,8.297,9.848,7.754,,,,3.85,0.3396,0.3097,0.1183,0.3395,0.3085,0.3841,6.4668,0.3079,5,5,5,5,0,0
442.0,0.441628959,332.170922,1436.486866,4.324541284,16.3,92.1,54.15,0.45,88.496,89.242,41.967,,1.766,,3.05,4.2881,0.0765,0.6388,0.4674,,,35.8575,0.2225,5,5,0,5,1,0
443.0,0.519049531,2850.133491,143583.4433,50.37779589,31.1,169.8,44.75,2.77,415.524,256.786,58.419,22.57,4.67,3.023,13.37,3.0475,0.7385,1.5267,0.5212,,,316.7681,0.4431,5,5,0,5,1,0
445.0,0.25,71.2,571.3,8.023876404,15.3,103.9,56.79,0.29,32.196,29.263,17.259,12.913,,,1.83,1.4394,0.3472,0.5309,0.366,2.7586,0.3614,31.5665,0.2394,5,5,5,5,1,0
446.0,1.225665529,3103.485515,56280.7205,18.13468122,20.0,129.4,48.45,0.55,122.082,105.708,33.854,12.719,1.9,0.944,13.4,1.3225,0.5265,0.9022,0.1899,6.3002,0.089,93.8224,0.2089,5,5,5,5,0,0
447.0,0.48945245,224.2197444,3631.196688,16.19481236,18.1,141.2,48.93,0.25,68.556,75.623,25.818,8.25,0.92,0.397,3.86,1.1612,0.5046,0.4879,0.2737,2.7646,0.2564,66.6538,0.1919,5,5,5,5,0,0
448.0,0.1288,14.89664,209.9072,14.09090909,18.2,122.0,50.99,0.22,21.757,15.844,6.851,,,,1.84,1.4835,0.1418,0.5518,0.3389,1.3849,0.3342,13.7302,0.2297,5,5,5,5,1,0
451.0,1.285860989,2475.717773,22897.44501,9.248810692,16.9,94.8,48.85,0.4,32.862,27.536,13.387,5.591,,,15.44,0.6326,0.4129,0.2223,0.3744,1.1657,0.3052,30.3776,0.1261,5,5,5,5,0,0
452.0,0.09,186.7,1488.6,7.973219068,25.7,40.8,31.35,6.45,1256.628,928.541,510.793,200.127,24.0,25.626,1.1,,0.9671,0.7099,0.9854,,,373.4011,1.3227,5,5,0,5,0,0
455.0,0.311747573,59.69141295,943.0950608,15.79950975,17.8,143.1,49.88,0.16,25.907,27.096,9.018,3.294,,,3.04,0.3777,0.2923,0.1253,0.3119,0.8852,0.2936,16.541,0.2751,5,5,5,5,0,0
456.0,0.184,81.2544,20.99072,0.258333333,11.1,8.1,31.79,0.59,2.219,17.762,9.001,3.848,,,1.84,0.2873,0.2018,0.0909,0.4116,0.1809,0.3428,5.5448,0.3793,5,5,5,5,0,0
457.0,0.291048035,26.36643466,473.3547186,17.95292859,19.5,134.3,50.85,0.08,19.578,15.794,5.411,2.043,,,3.01,0.4173,0.2636,0.1405,0.4256,0.5065,0.2193,14.4554,0.2158,5,5,5,5,0,0
458.0,0.82724359,1293.350329,30831.46469,23.8384481,21.6,146.5,51.23,0.5,76.82,57.606,16.34,4.907,0.68,1.203,13.35,0.5014,0.6485,0.327,0.3813,3.0256,0.2421,48.7683,0.2452,5,5,5,5,0,0
463.0,1.592893082,2212.018057,60549.79365,27.37310098,20.2,188.7,52.03,0.23,92.781,121.665,50.094,20.619,0.49,4.626,13.33,0.4329,1.0523,0.1882,0.8383,1.2769,0.5655,46.922,0.6344,5,5,5,5,1,0
464.0,0.200310078,82.19198365,4613.719272,56.13344595,19.4,429.2,51.56,0.58,55.336,25.401,17.1,,5.617,,3.04,1.8122,0.5305,0.6927,0.6033,5.9037,0.2987,125.0603,0.4622,5,5,5,5,1,0
465.0,0.408275618,723.2677216,437.3994754,0.604754591,11.6,16.9,39.51,1.16,12.172,23.682,20.33,8.176,,,3.93,0.3046,0.2183,0.0845,0.4661,0.137,0.3669,5.438,0.4166,5,5,5,5,0,0
466.0,1.637936637,1164.484042,36154.18946,31.04738935,20.9,200.2,49.05,0.12,75.599,39.321,18.228,6.403,0.659,0.622,12.22,1.4218,0.2507,0.3073,0.4938,1.2876,0.2813,40.5631,0.3452,5,5,5,5,1,0
467.0,0.176470588,436.2506792,6364.122509,14.58822373,21.6,96.1,47.54,3.67,290.415,315.812,111.683,34.222,6.91,8.184,3.0,0.216,0.7236,0.192,2.1788,,0.1286,34.7399,0.6161,5,5,5,5,1,0
468.0,0.238314607,47.2638177,2086.562328,44.14713896,24.2,214.8,56.94,0.23,76.372,55.032,23.822,,0.62,,3.03,5.4329,0.3662,1.3232,0.5278,5.6895,0.1741,108.7918,0.418,5,5,5,5,0,0
469.0,0.908488024,1967.417967,21082.94289,10.71604674,18.7,88.1,48.0,0.64,62.369,56.581,21.573,8.585,1.03,0.496,12.26,1.4669,0.256,0.4817,0.4213,1.1769,0.2909,30.2175,0.2917,5,5,5,5,0,0
474.0,1.501833579,1495.57583,4023.370697,2.690181678,14.0,43.2,46.15,0.18,9.434,40.55,23.583,,0.39,,13.33,,0.4648,0.1432,0.4369,0.3585,0.4192,7.3023,0.501,5,5,5,5,1,0
475.0,0.163345481,27.19244952,513.8526794,18.89688823,20.8,124.2,47.84,0.27,24.975,22.838,6.09,2.206,,,3.07,0.4429,0.1053,0.2175,0.2712,0.6677,0.1827,16.1127,0.1879,5,5,5,5,0,0
476.0,0.224677558,186.3340798,2997.66216,16.08756789,20.5,110.4,51.34,0.98,87.29,87.268,25.48,8.687,1.18,0.942,3.9,0.3166,0.0893,0.2663,0.2171,4.8756,0.0935,54.7268,0.0827,5,5,5,5,0,0
477.0,1.155452675,745.4329663,3081.696677,4.13410302,15.4,52.4,42.14,0.15,14.142,16.402,5.348,,,,10.21,0.6425,0.2544,0.181,0.5618,0.207,0.4901,6.5306,0.2973,5,5,5,5,0,0
478.0,0.535628227,219.5102831,395.7842017,1.803032624,12.4,40.0,46.04,0.2,6.671,16.323,8.902,3.283,,,3.89,0.7606,0.3907,0.2996,0.1252,0.2773,0.2582,7.3894,0.2143,5,5,5,5,0,0
479.0,0.3096,34.44687,395.39016,11.47826087,18.8,1.4,44.32,0.09,13.177,8.881,3.919,,,,3.87,0.3584,0.1536,0.109,0.2642,0.1937,0.1769,6.2391,0.1007,5,5,5,5,0,0
480.0,0.339410745,527.3451288,7679.356865,14.5622979,18.3,128.0,58.26,1.22,138.82,149.233,55.107,22.25,2.98,1.433,3.84,11.1394,0.2263,2.863,0.3581,,,248.7826,0.2133,5,5,0,5,0,0
481.0,0.27518797,356.4231655,4985.322764,13.98708963,18.9,114.3,51.12,1.25,179.444,184.805,66.769,25.566,3.51,2.002,3.05,5.5685,0.3299,1.6972,0.4009,12.0504,0.31,162.1224,0.3847,5,5,5,5,1,0
482.0,1.729197623,6595.360145,11348.60837,1.720695781,13.2,32.6,43.97,0.59,25.418,44.405,27.486,18.349,1.53,,13.3,1.5274,0.2223,0.491,0.5424,0.6005,0.4693,24.193,0.5989,5,5,5,5,1,0
485.0,0.765179641,2505.883072,22049.34804,8.799033081,19.5,67.3,44.57,1.13,86.915,90.881,28.708,10.354,2.16,2.621,12.17,,0.2032,0.0943,1.1416,0.8021,1.0139,,1.1001,5,5,5,5,0,0
486.0,0.331034483,276.0998811,165.2318668,0.598449612,11.4,17.1,43.17,0.68,8.061,15.561,11.287,7.949,1.361,1.47,3.0,0.3028,0.1005,0.0866,0.2829,0.2462,0.2051,4.0229,0.1908,5,5,5,5,0,0
487.0,0.455533662,583.616209,4891.438933,8.381259563,14.3,128.6,56.18,0.75,32.556,85.439,36.628,12.792,1.7,1.113,3.88,1.8686,0.3194,0.9551,0.4494,6.1219,0.3099,69.1295,0.3711,5,5,5,5,0,0
489.0,0.386,11.91968,683.89164,57.375,24.2,286.6,50.61,0.02,12.771,7.614,2.197,0.75,,,3.86,0.4324,0.4244,0.1672,0.327,0.4633,0.3549,8.8786,0.4591,5,5,5,5,0,0
491.0,0.237285714,157.6293622,531.7518929,3.373431734,15.7,41.4,48.04,0.77,31.673,42.398,16.594,6.566,1.08,0.859,3.02,0.5906,0.5351,0.2054,0.3852,1.1829,0.1442,,0.2895,5,5,5,5,0,0
493.0,0.441807229,802.0715705,5178.816105,6.456800484,16.7,69.1,57.33,1.09,136.88,172.743,68.147,27.678,3.88,2.74,3.86,1.4134,0.1933,0.3954,0.249,,,56.5915,0.2162,5,5,0,5,0,0
494.0,1.14,367.1,813.2,2.215200218,14.3,33.3,40.69,0.08,2.67,4.23,1.68,0.662,,,13.25,0.0482,0.5791,0.0153,0.5634,0.042,0.451,0.7908,0.4919,5,5,5,5,0,0
496.0,0.2775,88.3005,184.47275,2.089147287,16.1,24.1,27.24,0.31,58.241,94.223,21.761,18.129,,,1.85,0.7048,0.5041,0.3345,0.3922,2.4585,0.1684,19.5466,0.4506,5,5,5,5,0,0
497.0,0.326886792,150.7155571,6697.847766,44.44032118,22.3,254.2,54.85,0.38,116.417,77.69,25.041,9.122,1.39,2.925,3.85,5.5762,0.1094,1.4123,0.2142,,,156.0982,0.1185,5,5,0,5,0,0
498.0,0.27665127,38.56854429,188.6032135,4.890078612,15.7,58.4,46.36,0.13,9.845,12.713,4.377,2.159,,,2.97,0.3151,0.1081,0.0874,0.4446,0.191,0.2959,5.3413,0.2892,5,5,5,5,0,0
499.0,0.347336683,94.67106386,219.5959092,2.319567355,13.8,38.6,43.06,0.21,6.798,10.752,4.967,2.029,,,3.84,0.0961,1.3196,0.0254,0.4228,0.0538,0.2653,3.3963,0.3657,5,5,5,5,0,0
503.0,1.237966102,855.0975482,12813.90211,14.98531032,17.2,144.5,51.49,0.15,21.447,24.664,7.012,2.344,,,13.28,1.5076,0.2307,0.4931,0.574,2.8185,0.4696,46.9974,0.5066,5,5,5,5,1,0
504.0,0.2944,17.60512,972.34432,55.23076923,21.2,348.7,85.69,0.05,12.861,10.089,2.857,0.891,,,3.68,1.2262,0.1144,0.7544,0.2726,4.9403,0.0652,20.7512,0.0798,5,5,5,5,0,0
505.0,0.5368,345.3088,202.4224,0.586206897,12.3,13.3,30.24,0.35,6.123,16.751,7.685,3.32,,,4.88,0.0764,0.1297,0.0155,0.3185,0.0393,0.1836,1.1719,0.1557,5,5,5,5,0,0
507.0,0.234489796,148.4840887,425.2145606,2.86370455,14.0,46.8,69.82,0.73,10.336,11.638,9.715,,,,3.83,0.3577,0.0682,0.1626,0.3148,1.8168,0.1802,5.2314,0.1656,5,5,5,5,0,0
508.0,0.080558848,15.01499569,109.4825364,7.291546312,16.3,81.7,60.65,0.62,18.709,15.735,7.38,3.676,0.585,,1.42,0.2186,0.5232,0.0654,0.4647,1.4451,0.1875,15.3828,0.1124,5,5,5,5,0,0
511.0,0.326926407,157.1127378,120.8128483,0.76895642,11.9,19.6,47.63,0.39,3.785,7.617,4.076,2.125,,,3.84,0.0343,2.2762,0.0145,0.5389,0.0685,0.173,1.6042,0.197,5,5,5,5,0,0
513.0,0.304,101.6576,588.68992,5.790909091,17.6,54.2,41.07,0.3,40.716,39.341,15.637,6.554,0.62,,3.04,0.4271,0.4512,0.1315,0.4487,0.8158,0.1369,14.1283,0.4097,5,5,5,5,0,0
515.0,0.706030719,2265.081057,34959.52028,15.43411445,19.9,113.2,49.08,1.21,92.109,96.504,29.042,9.835,1.61,0.666,12.13,0.7206,0.5356,0.3135,0.5052,4.1783,0.2721,78.2873,0.2685,5,5,5,5,0,0
516.0,0.277470882,47.90008458,728.3835194,15.20630967,19.1,117.6,48.15,0.17,20.375,17.564,5.481,2.166,,,3.79,0.4736,0.2639,0.1419,0.2,0.7959,0.1079,13.5116,0.0701,5,5,5,5,0,0
518.0,0.2536,45.65426173,1590.157786,34.83043478,22.1,202.3,52.84,0.19,52.363,33.692,10.626,4.288,0.66,,3.17,0.8676,0.2824,0.2972,0.3929,2.9458,0.1919,75.9097,0.2438,5,5,5,5,0,0
519.0,0.4365,70.5675,665.68675,9.433333333,17.1,94.5,47.48,0.1,10.253,12.915,3.911,1.353,,,4.85,0.3883,0.2114,0.1527,0.6037,0.3903,0.2573,,0.4113,5,5,5,5,0,0
520.0,0.423108218,149.6145828,1113.507909,7.442509204,19.5,55.5,36.34,0.22,57.305,57.503,18.43,8.041,0.52,,4.0,0.4626,0.3778,0.1227,0.2234,0.272,0.3221,11.5348,0.075,5,5,5,5,0,0
521.0,0.3609,525.81927,1794.53916,3.412844037,14.9,47.7,45.21,0.98,46.433,56.834,29.622,16.16,2.113,,4.01,1.2795,0.0914,0.3268,0.3163,1.458,0.1827,28.013,0.2123,5,5,5,5,0,0
522.0,0.323001631,96.74028459,976.2699957,10.09165933,18.0,89.0,47.6,0.25,27.761,33.721,8.23,3.345,,,4.0,0.8591,0.0982,0.2267,0.3979,1.0579,0.2036,11.306,0.3154,5,5,5,5,0,0
523.0,0.34908377,1952.93492,8394.178246,4.298237571,15.6,58.4,58.18,4.37,150.812,248.973,125.735,44.821,8.606,10.37,3.81,8.0677,0.3513,,,,,161.019,0.58,5,0,0,5,0,0
526.0,0.520347277,44.2946784,849.3605254,19.17522727,22.6,104.7,41.45,0.04,33.844,22.884,6.698,2.93,,,4.02,0.1655,0.5326,0.0792,0.4384,0.2332,0.4719,,0.4433,5,5,5,5,0,0
527.0,1.131046699,1410.74893,23617.18631,16.7408855,18.5,140.1,51.73,0.29,48.656,37.983,12.67,7.023,,0.611,12.11,0.6718,0.498,0.3107,0.508,2.3428,0.3468,53.8864,0.4533,5,5,5,5,0,0
528.0,0.03,0.236,0.9,3.813559322,15.1,51.1,64.2,0.07,10.059,14.005,5.648,2.256,,,0.2,1.1706,0.0923,0.4257,0.5831,1.7572,0.2812,2.2634,0.4787,5,5,5,5,1,0
529.0,0.226190476,26.60430839,96.35534769,3.621794872,15.1,47.6,44.17,0.14,12.56,20.321,7.405,2.827,,,1.9,0.4175,0.2189,0.1359,0.3821,0.2532,0.2396,5.5415,0.293,5,5,5,5,1,0
531.0,0.5312,130.22208,1329.16224,10.20688842,16.0,118.3,52.23,0.12,19.094,31.812,10.037,3.506,,,4.0,0.2546,1.3608,0.0878,0.5629,0.2665,0.6711,,0.5471,5,5,5,5,1,0
533.0,0.305177112,39.08262739,1620.562926,41.46504559,23.4,214.6,51.97,0.11,36.745,21.959,6.898,,,,4.0,0.5401,0.505,0.075,0.6319,0.2209,0.646,19.6199,0.378,5,5,5,5,0,0
534.0,0.355457064,287.7417546,2389.786579,8.305317324,19.1,65.2,49.93,0.61,102.771,83.955,31.273,12.701,2.21,2.831,4.01,0.2503,0.501,0.1135,0.5341,1.2044,0.602,15.8116,0.5401,5,5,5,5,0,0
535.0,0.465,158.0821931,724.1774348,4.581018398,15.8,54.7,42.65,0.2,22.542,27.144,8.787,4.287,0.583,,4.03,0.2663,0.254,0.0653,0.4741,0.1436,0.311,11.4385,0.3042,5,5,5,5,0,0
538.0,0.14,470.1,15357.9,32.66943204,31.5,117.5,43.77,6.26,634.928,552.145,138.007,42.428,8.93,4.841,3.6,2.487,0.453,0.5321,0.6251,,,327.0674,0.5624,5,5,0,5,1,0
540.0,0.401381526,536.1925237,1304.626172,2.433130105,14.2,38.6,45.1,0.89,34.793,45.661,20.827,15.108,1.48,,4.03,1.2694,0.0759,0.3887,0.2532,0.7788,0.1267,25.2176,0.1563,5,5,5,5,0,0
541.0,0.14,69.9,553.4,7.91702432,17.5,75.5,51.67,0.91,27.28,28.265,8.519,1.207,,,2.9,0.2231,0.2649,0.0809,0.2487,1.0848,0.0788,18.4112,0.0801,5,5,5,5,0,0
542.0,0.11,25.4,225.6,8.881889764,17.3,86.7,58.71,0.6,10.46,8.614,3.072,,,,2.9,0.1736,0.1986,0.0397,0.4897,0.9575,0.0327,7.1595,0.1925,5,5,5,5,0,0
543.0,0.274259408,36.90638051,299.4778397,8.114527504,16.8,83.6,46.81,0.13,7.311,6.283,2.278,,,,4.03,0.0725,2.1045,0.0421,0.5035,0.113,0.4297,5.1812,0.5033,5,5,5,5,1,0
544.0,0.199674797,17.4431357,218.9736499,12.55357143,18.6,103.2,50.21,0.12,9.407,9.697,2.82,,,,3.07,0.3064,0.1432,0.1367,0.3257,0.5444,0.1574,6.2397,0.2779,5,5,5,5,0,0
545.0,1.078287671,2676.198929,3175.374412,1.186524057,12.9,23.9,41.15,0.62,11.25,20.438,9.328,5.188,,,12.11,0.1398,0.1105,0.0296,0.1943,0.1628,0.1631,4.4652,0.0673,5,5,5,5,0,0
546.0,0.923644068,1544.683041,5263.55142,3.407528457,15.9,40.5,42.02,0.48,22.825,26.88,9.802,4.462,0.302,,12.11,0.151,0.025,0.0288,0.2813,0.3915,0.2126,7.6314,0.2634,5,5,5,5,1,0
547.0,0.29225974,80.05540646,1754.459259,21.91556245,20.6,146.6,50.24,0.25,41.396,33.882,10.438,3.843,0.532,,3.88,1.1473,0.5322,0.3987,0.5096,1.6444,0.3475,36.4737,0.448,5,5,5,5,0,0
548.0,0.290025575,605.2529641,6417.120717,10.60237801,18.2,95.7,51.64,1.96,150.491,140.578,55.409,23.035,4.49,3.061,3.78,5.0106,0.1156,1.5316,0.3987,8.442,0.2345,123.1947,0.2468,5,5,5,5,0,0
549.0,0.441799308,1464.323296,34158.253,23.32698872,23.0,131.2,47.61,2.02,125.304,126.587,32.563,10.378,2.06,1.821,10.64,0.2014,0.3001,0.05,0.4866,1.6297,0.1424,91.7974,0.1312,5,5,5,5,1,0
551.0,0.184210526,6.622229917,35.49168975,5.359477124,17.0,54.1,41.74,0.05,9.712,21.023,3.531,3.358,,,1.5,0.1179,0.2419,0.0327,0.2891,0.0813,0.2667,2.8812,0.137,5,5,5,5,0,0
552.0,0.07860262,3.432428825,52.17291814,15.2,19.0,120.2,51.18,0.15,9.196,6.304,1.58,,,,1.5,0.1804,0.1371,0.0426,0.5526,0.1946,0.3307,4.3704,0.3518,5,5,5,5,0,0
553.0,1.398734177,1295.957315,6752.125429,5.210144928,15.9,85.2,43.82,0.17,17.711,18.811,7.789,3.38,,,13.26,0.29,0.1095,0.0836,0.3817,0.1705,0.3462,9.1185,0.2124,5,5,5,5,1,0
554.0,0.08490566,5.161979352,101.4595942,19.65517241,19.1,155.6,69.51,0.2,14.125,10.463,2.36,,,,1.5,1.9743,0.0381,0.5036,0.6889,1.1675,0.167,9.4674,0.1135,5,5,5,5,1,0
555.0,0.582,472.80225,501.02925,1.059701493,12.5,23.1,40.19,0.39,9.858,16.823,10.452,6.355,0.57,,4.85,0.1268,0.9146,0.0476,0.4587,0.0931,0.3567,3.7025,0.9163,5,5,5,5,0,0
556.0,0.182278481,31.23191796,39.20602468,1.255319149,12.7,26.0,65.33,0.25,8.73,16.502,7.807,3.576,,,1.44,0.6542,0.1135,0.3298,0.4082,1.1129,0.2243,2.9072,0.3813,5,5,5,5,0,0
557.0,1.138239178,1447.776767,6904.410208,4.768974309,16.1,54.9,43.12,0.3,19.496,22.576,8.564,3.495,,,13.26,0.4083,0.097,0.1142,0.3492,0.269,0.1958,8.6895,0.219,5,5,5,5,0,0
558.0,0.18,410.2,3254.2,7.933203315,20.7,56.6,55.42,3.45,496.833,442.837,194.179,71.342,11.85,,1.83,10.3248,0.2087,,,,,246.2178,0.4743,5,0,0,5,1,0
559.0,0.740339806,1214.036655,200414.0522,165.0807258,30.2,552.9,56.26,0.59,275.762,152.148,36.52,12.11,2.42,3.136,12.08,3.1018,0.2055,1.2339,0.4745,,,462.681,0.1114,5,5,0,5,0,0
560.0,0.323584457,127.5759306,441.2039426,3.458363505,14.9,47.5,45.54,0.32,12.577,17.491,6.959,3.376,,,4.04,0.0709,5.2441,,-12.732,,0.0866,6.4005,0.1302,5,5,5,5,0,0
561.0,0.268949379,819.4100037,15090.57871,18.41639551,25.4,88.5,40.99,2.96,109.238,104.716,22.895,9.285,1.95,1.207,9.71,0.2258,0.1251,0.0373,0.1093,0.8371,0.1504,38.8328,0.0983,5,5,5,5,1,0
562.0,0.294984127,233.3199244,1074.14551,4.603745318,16.0,53.9,42.88,0.71,31.129,39.172,15.001,6.255,0.9,,4.04,0.3015,0.251,0.2621,0.1363,0.2178,0.0986,23.3186,0.2692,5,5,5,5,0,0
563.0,0.599923664,737.4698634,40894.43178,55.45234296,25.7,245.1,54.44,0.55,120.556,74.852,18.886,5.709,1.06,,10.84,2.6373,0.1128,0.8415,0.3081,8.2872,0.131,126.3187,0.1355,5,5,5,5,1,0
564.0,2.090779128,835.0772672,10700.98798,12.81436868,21.8,3732.5,38.5,0.05,25.579,15.269,5.709,2.062,,,18.75,0.2068,0.391,0.0768,0.3991,0.2811,0.2296,,0.1986,5,5,5,5,0,0
566.0,0.350149254,109.0423231,4594.913929,42.13881177,24.3,204.1,54.76,0.23,30.834,21.862,4.972,1.77,,,7.82,1.3037,0.0551,0.3606,0.2322,3.4058,0.0854,25.7773,0.1382,5,5,5,5,0,0
567.0,0.891094225,2450.685712,33165.11373,13.53299347,20.7,90.9,45.1,0.81,75.198,62.988,19.68,6.409,1.49,0.74,15.43,0.6372,0.0816,0.203,0.2368,1.0219,0.0916,50.6761,0.1087,5,5,5,5,0,0
568.0,0.550771084,442.0918769,10849.41083,24.54107709,21.9,145.4,53.26,0.38,32.358,21.683,4.809,,,,12.03,0.4258,0.0506,0.0813,0.1163,1.5038,0.109,22.0938,0.1031,5,5,5,5,0,0
569.0,0.265668449,19.55707055,19.94433927,1.01980198,14.8,14.3,22.94,0.08,8.377,13.686,4.952,1.846,,,1.84,,0.048,0.3621,0.3228,1.8242,0.1625,0.6022,0.609,5,5,5,5,1,0
570.0,0.232421053,24.19625485,81.96715789,3.387596899,13.7,57.3,55.97,0.12,7.339,9.875,5.223,2.317,,,1.84,0.6311,0.1384,0.227,0.3075,0.5244,0.2208,4.9922,0.2041,5,5,5,5,0,0
574.0,1.297334526,300.7882967,7916.158753,26.31804109,27.0,104.9,37.44,0.05,32.557,13.208,4.735,1.796,,,15.43,0.2027,0.4805,0.0362,0.3206,0.0879,0.3576,3.4734,0.3373,5,5,5,5,0,0
577.0,0.187,144.3165079,1016.08337,7.040659341,17.2,70.8,50.22,1.11,110.698,157.418,51.478,21.888,2.131,1.35,1.87,2.0463,0.0945,0.4801,0.2334,6.3658,0.1339,73.2255,0.1357,5,5,5,5,0,0
579.0,0.590608333,765.8060314,915.9607517,1.19607409,12.6,26.0,41.75,0.58,27.288,55.292,31.138,13.148,1.26,1.224,3.79,0.1727,0.065,0.0485,0.2699,0.259,0.2072,2.4559,0.2605,5,5,5,5,0,0
580.0,0.133471503,14.5425649,58.26115063,4.00625,16.1,44.9,42.69,0.21,10.785,13.139,4.512,1.513,,,1.84,0.1345,0.0907,0.0359,0.2618,0.1472,0.1212,3.5278,0.1296,5,5,5,5,1,0
581.0,0.580730897,730.9073575,393.8781305,0.538889267,11.4,15.3,39.51,0.58,12.331,38.568,22.64,11.662,1.006,0.542,3.8,0.3101,0.2199,0.0658,0.3202,0.2229,0.2218,4.3682,0.1022,5,5,5,5,0,0
582.0,0.1092,26.4992,340.51472,12.85,18.4,108.5,56.63,0.52,38.777,28.658,11.992,5.342,1.14,,1.82,1.9848,0.041,0.6099,0.2901,3.3413,0.0777,23.6722,0.1451,5,5,5,5,0,0
583.0,2.512473721,1898.344215,6372.154618,3.35669083,15.5,41.6,39.49,0.08,9.023,8.614,3.918,2.141,,,21.09,0.1669,0.3767,0.0407,0.2835,0.0804,0.161,3.8759,0.2404,5,5,5,5,0,0
584.0,1.19009299,2513.664426,21915.04578,8.718365728,17.5,82.4,48.92,0.48,53.119,58.881,20.239,7.843,1.14,,13.31,0.6577,0.3768,0.1647,0.4339,1.6447,0.3682,32.6722,0.2761,5,5,5,5,1,0
586.0,0.110957447,41.58290516,343.0903746,8.250755287,18.0,74.3,44.88,0.89,69.864,66.45,28.875,10.976,1.76,0.751,1.49,0.1621,1.6969,0.0424,0.7661,0.6352,0.7717,13.0851,0.4604,5,5,5,5,1,0
587.0,1.2,7504.3,21056.3,2.805897952,14.9,39.5,42.92,1.38,63.08,85.225,48.833,18.612,2.39,1.082,3.27,0.841,0.0765,0.2141,0.2359,1.4644,0.0838,32.5184,0.1387,5,5,5,5,0,0
588.0,0.1986,37.25074,396.61082,10.64705882,17.9,93.5,49.01,0.23,15.495,13.137,4.896,2.251,,,3.31,,,,0.33,0.5522,0.0323,11.8968,0.1851,0,5,5,5,0,0
591.0,0.1386,8.25552,49.53312,6.0,16.4,66.7,43.73,0.12,14.675,13.109,5.932,2.677,,,1.26,0.5845,0.1144,0.1482,0.3491,0.2109,0.3247,7.018,0.3044,5,5,5,5,0,0
592.0,0.348960396,251.8267841,712.9637199,2.831167154,12.6,61.4,48.05,0.55,10.189,10.695,10.049,4.167,,,3.99,1.0783,0.1128,0.2432,0.1813,0.6843,0.145,19.1009,0.1716,5,5,5,5,0,0
594.0,0.525691057,759.7933241,13816.27542,18.18425482,22.1,107.4,45.72,0.74,80.372,63.69,19.758,6.125,0.98,0.626,9.76,0.8694,0.2599,0.1836,0.5349,1.1699,0.5534,29.4015,0.6929,5,5,5,5,1,0
595.0,0.217562396,125.6059918,412.9269641,3.287478233,15.3,42.9,44.15,0.71,15.176,18.304,8.133,3.558,0.81,,3.79,0.2776,0.2974,0.0911,0.3275,0.2755,0.234,7.4825,0.172,5,5,5,5,0,0
597.0,0.448052885,292.2466762,415.9887851,1.423416651,13.6,25.0,49.61,0.39,21.259,36.988,23.136,5.404,,,3.27,,0.7975,,0.7249,1.0884,1.2594,,0.4716,5,5,5,5,0,0
598.0,0.518087318,517.5708849,46700.26602,90.22970068,28.1,341.4,53.74,0.51,75.283,52.495,11.457,3.398,0.76,0.843,13.35,0.474,0.2139,0.1883,0.2438,3.8232,0.0923,94.3288,0.0683,5,5,5,5,1,0
599.0,0.223561104,35.58975762,320.6013974,9.008248969,17.4,85.3,46.29,0.19,13.367,11.778,4.328,1.673,,,3.21,0.2331,0.1212,0.0816,0.2802,0.3504,0.1673,8.1201,0.138,5,5,5,5,0,0
600.0,0.152753623,27.45137576,495.9817685,18.06764706,19.7,131.9,48.42,0.31,46.645,41.44,14.061,5.524,0.79,,1.86,1.2513,0.2327,0.4322,0.327,1.9259,0.1937,46.6131,0.2891,5,5,5,5,0,0
601.0,0.335533165,10.13002071,851.2223333,84.02967359,24.9,388.3,61.62,0.02,13.936,4.312,2.916,2.108,,,3.77,0.7015,0.3025,0.5825,0.5022,6.0201,0.4884,17.9618,0.6907,5,5,5,5,0,0
605.0,1.175247934,2957.389934,8421.553348,2.847630355,14.8,40.0,42.78,0.57,31.429,31.241,17.493,8.626,1.5,0.735,11.95,0.779,0.3508,0.1397,0.1638,0.3424,0.138,15.6919,0.0865,5,5,5,5,1,0
606.0,0.21493568,12.44171299,212.3471297,17.06735478,22.5,94.9,38.86,0.07,81.196,42.415,13.142,6.391,,,1.43,0.342,0.1641,0.0855,0.4043,0.2632,0.2256,8.1141,0.1778,5,5,5,5,0,0
607.0,0.430927835,261.5705707,779.6280157,2.980564723,15.4,37.9,40.07,0.38,32.403,43.834,17.96,7.099,1.04,,3.8,0.3202,0.4985,0.0716,0.4276,0.0888,0.4443,7.705,0.1731,5,5,5,5,1,0
608.0,0.241666667,26.04666821,284.8955448,10.9378882,19.6,80.9,45.37,0.12,91.035,57.121,9.479,9.429,0.964,,1.45,1.4428,0.6878,0.5447,0.4707,1.3524,0.3053,35.2956,0.4212,5,5,5,5,1,0
611.0,1.430286678,2870.183806,52752.36633,18.37943835,18.8,1317.4,56.43,0.37,107.821,112.757,35.039,12.875,1.939,,11.78,7.9065,0.1175,1.0034,0.3904,,,123.9592,0.1687,5,5,0,5,1,0
612.0,0.084796748,3.375127239,18.63657215,5.52173913,16.7,57.9,51.96,0.11,4.752,3.878,1.04,,,,1.49,0.0805,0.8956,0.0079,0.6072,0.1105,0.3885,1.6029,0.3327,5,5,5,5,0,0
613.0,0.163139357,15.65799995,101.5190962,6.483528966,15.9,77.2,59.81,0.15,3.671,3.517,1.164,,,,3.18,0.0635,0.2685,0.0269,0.5388,0.0951,0.3523,1.5631,0.4186,5,5,5,5,1,0
614.0,0.362197309,1854.64394,2662.524187,1.435598569,15.2,20.5,35.59,3.69,107.757,162.867,100.269,51.375,5.116,,3.94,1.0291,0.5647,0.1189,0.6192,1.3828,0.4168,19.4434,0.6039,5,5,5,5,1,0
616.0,0.405239852,1130.49956,18026.19762,15.94533802,25.5,74.0,35.13,1.87,1642.056,792.487,374.352,136.765,16.34,8.78,3.23,28.3547,0.6324,,,,,1308.337,0.5469,5,0,0,5,0,0
618.0,0.432095808,648.1695866,555.0090717,0.856271388,12.0,21.6,42.81,0.94,20.317,44.079,34.068,12.924,2.085,,3.28,0.7209,0.1244,0.221,0.0755,0.6617,0.1396,7.3351,0.2201,5,5,5,5,0,0
622.0,0.353915911,36.94374763,508.6398228,13.76795413,19.9,98.9,44.67,0.08,16.377,13.476,4.43,0.944,,,4.05,0.535,0.0553,0.1619,0.4162,0.3133,0.2688,7.4268,0.3039,5,5,5,5,0,0
623.0,1.274869888,2268.870884,7035.788615,3.101008817,15.1,41.3,40.9,0.37,22.207,26.459,11.698,5.747,0.73,,13.19,0.5164,0.1065,0.1279,0.2907,0.2575,0.1856,11.1811,0.2245,5,5,5,5,0,0
626.0,0.166614987,224.470104,4545.573825,20.25024155,24.5,101.4,44.27,2.14,171.674,123.808,32.484,10.109,2.51,,4.03,0.2934,0.7705,0.0699,0.6824,0.5113,0.5276,11.1407,0.6261,5,5,5,5,0,0
628.0,0.660033058,5386.007181,290387.782,53.9152237,29.0,207.1,50.23,3.3,670.655,548.332,144.44,45.642,7.12,9.933,11.92,,0.2216,0.0126,0.401,,0.0666,10.584,1.0366,5,5,5,5,0,0
631.0,0.42138585,194.0817856,2437.10663,12.55711154,19.3,95.2,57.81,0.29,77.651,50.965,10.326,6.19,0.642,0.66,4.04,0.6116,0.3626,0.1497,0.7719,2.3194,0.3684,31.0454,0.5137,5,5,5,5,0,0
633.0,0.136956522,24.4173913,66.77353497,2.734671126,15.3,35.4,39.99,0.35,17.414,10.95,6.67,4.358,,0.991,1.83,0.1445,0.063,0.021,0.328,0.0888,0.1444,1.9686,0.2535,5,5,5,5,0,0
634.0,0.34114744,45.85790353,1350.916954,29.45875955,22.9,158.5,57.66,0.1,38.417,21.525,7.333,2.177,,,3.95,0.4509,0.1516,0.1518,0.4705,1.1586,0.1578,24.1058,0.2306,5,5,5,5,0,0
635.0,0.369557522,113.7842901,171.0452659,1.503241491,13.5,26.9,41.09,0.22,5.969,9.127,4.307,2.217,,,4.06,0.0612,0.2037,0.014,0.6107,0.0744,0.2573,1.8118,0.3307,5,5,5,5,0,0
637.0,0.204400284,24.05515894,206.7100325,8.593168433,15.5,107.5,69.68,0.15,22.32,24.863,10.05,,,,1.5,0.1854,0.6012,0.1098,0.5517,1.211,0.8414,,0.7033,5,5,5,5,0,0
640.0,0.191489362,117.8983703,155.8397465,1.321814255,11.2,40.4,50.59,0.89,9.249,52.608,23.622,11.402,1.28,1.147,1.5,0.1462,0.4121,0.0076,0.645,,0.4884,3.3713,0.2218,5,5,5,5,0,0
641.0,0.227368421,450.6382271,9021.290859,20.01892053,21.5,129.3,58.37,2.37,296.993,299.319,92.611,31.592,5.58,5.761,3.24,6.222,0.1968,,,,,197.8247,0.2184,5,0,0,5,0,0
643.0,0.644025735,3538.658004,21198.76649,5.990623131,19.8,45.6,42.9,2.29,121.939,167.812,66.921,20.951,4.18,3.725,10.01,0.3571,0.3879,0.1645,0.5632,2.2421,0.1867,8.4663,0.8115,5,5,5,5,1,0
646.0,0.34266055,390.1350694,13169.40692,33.75601926,25.5,153.0,48.44,0.89,238.05,179.692,60.929,19.714,1.98,,4.98,0.249,0.8926,0.025,0.8225,0.3384,0.2228,6.9608,0.3381,5,5,5,5,0,0
647.0,1.310697306,1859.480166,40679.69635,21.87691866,17.5,206.0,59.68,0.29,48.834,51.959,17.879,8.329,1.03,,11.9,1.9766,0.2661,0.9829,0.4925,5.9561,0.3491,82.5445,0.4282,5,5,5,5,1,0
648.0,0.557512116,1111.245319,14573.97265,13.11499127,19.2,103.0,53.85,0.94,41.371,35.586,12.914,5.356,1.02,2.49,11.9,0.5644,0.1057,0.1335,0.3385,1.5477,0.2048,16.3086,0.2034,5,5,5,5,0,0
649.0,0.601202887,3164.851348,17474.48179,5.521422611,19.4,43.7,37.33,2.32,89.672,108.149,33.262,12.091,1.63,1.6,11.9,,0.6824,0.0536,0.7758,0.4749,0.7074,7.7928,0.7692,5,5,5,5,0,0
651.0,0.796494024,9997.866948,42196.86243,4.220586516,21.6,28.3,25.31,4.18,366.086,433.835,154.983,56.331,8.35,10.649,11.9,,0.1668,0.0919,0.3766,0.8695,0.1943,13.7261,0.5089,5,5,5,5,0,0
652.0,0.139285714,17.79336735,447.8188776,25.16774194,19.8,181.5,67.48,0.25,39.169,39.629,9.921,2.95,,0.525,1.8,1.1519,0.2836,0.3175,0.3911,4.625,0.3271,33.1109,0.1942,5,5,5,5,1,0
653.0,1.462759366,14276.58975,132975.5753,9.314239435,14.7,137.9,51.78,1.79,93.388,206.448,76.24,30.926,4.3,3.184,13.27,1.0322,0.1256,,0.2464,3.0454,0.2421,85.3494,0.1862,5,5,5,5,0,0
656.0,0.295862069,1082.725327,194.7619501,0.179881218,10.8,6.4,24.6,3.22,7.161,28.982,20.25,8.762,2.44,,3.9,0.3562,0.0744,0.1623,0.3128,0.4108,0.154,2.7431,0.1941,5,5,5,5,0,0
657.0,0.94905569,2105.756896,7270.368289,3.452615211,15.3,44.7,42.3,0.63,40.409,45.798,23.35,10.157,1.25,1.341,9.56,0.8247,0.1901,0.2239,0.2347,0.7651,0.0901,25.0701,0.1885,5,5,5,5,0,0
658.0,0.214562212,191.1012678,14532.16843,76.04433292,29.0,276.6,51.38,1.06,304.073,198.077,52.35,15.618,2.84,2.408,3.88,2.8927,0.0634,0.9273,0.5317,,,320.5723,0.0927,5,5,0,5,1,0
659.0,0.527107718,159.6461129,531.653498,3.330200081,14.6,48.2,45.72,0.15,15.679,22.172,9.301,3.609,,,3.86,0.3552,1.2175,0.0456,1.2136,0.1067,1.1346,9.8885,0.2229,5,5,5,5,0,0
661.0,0.347575758,70.64995409,872.6903581,12.35231317,18.9,97.9,59.13,0.16,24.98,49.147,7.698,,0.55,,4.07,,1.0169,,1.0958,,1.0462,,1.1369,5,5,5,5,0,0
663.0,0.283075117,529.068166,3556.805625,6.722773838,18.8,56.3,41.03,1.73,157.377,110.897,53.955,24.577,4.17,,3.89,1.0121,0.2571,0.2314,0.1722,1.8134,0.0426,63.7477,0.1061,5,5,5,5,1,0
665.0,0.533810888,88.61047939,3152.67467,35.57902736,30.8,114.1,42.55,0.08,211.853,68.643,35.957,8.322,,,4.05,3.1351,0.6567,0.5432,0.7804,4.3014,0.5289,,0.3335,5,5,5,5,1,0
666.0,0.49522673,335.9918347,6792.82295,20.21722628,20.5,136.7,48.25,0.37,146.119,106.52,39.765,13.678,1.518,3.206,4.15,3.7165,0.2246,0.8653,0.2007,7.2331,0.0898,151.6217,0.1793,5,5,5,5,0,0
668.0,0.49982906,326.4397399,580.052071,1.776903974,14.1,28.2,38.89,0.35,20.914,28.028,15.805,9.291,0.747,0.269,4.08,0.618,0.4847,0.1715,0.4307,0.3069,0.3517,4.7968,0.4152,5,5,5,5,0,0
670.0,0.151598985,9.787564597,144.5576862,14.76952563,19.0,116.7,49.66,0.11,17.455,13.947,5.154,1.998,0.473,,1.81,0.1693,0.8959,0.0873,0.3708,0.9912,0.162,9.2246,0.551,5,5,5,5,0,0
671.0,0.27411215,802.6483618,55185.11775,68.75379104,33.0,211.9,49.26,2.94,1147.77,850.36,223.816,66.034,10.27,16.145,4.19,6.8877,0.1648,,,,,1045.3354,0.0936,5,0,0,5,1,0
674.0,0.125807175,11.68621406,397.115341,33.98152208,20.4,230.0,53.44,0.19,29.472,25.852,7.411,2.402,,0.256,1.81,0.9139,0.1435,0.2646,0.1479,3.109,0.0877,35.5532,0.0351,5,5,5,5,0,0
675.0,0.260284593,202.2712573,1778.672728,8.79350211,17.8,80.7,46.08,0.79,43.343,41.727,15.635,6.766,0.957,0.241,4.21,0.7326,0.507,0.1859,0.2476,1.195,0.098,,0.1307,5,5,5,5,0,0
676.0,0.449012132,186.6994392,2240.65577,12.001406,19.3,91.0,42.49,0.25,72.989,49.486,21.935,7.918,0.95,,4.08,1.2904,0.1412,0.3408,0.1726,0.5371,0.1371,26.2985,0.1419,5,5,5,5,0,0
677.0,0.874014502,2061.998743,6656.306745,3.228084773,16.2,36.6,38.05,0.72,20.432,22.07,8.988,3.678,0.6,0.236,15.24,0.1579,0.358,0.0796,0.3732,0.2801,0.2941,4.8498,0.258,5,5,5,5,0,0
678.0,1.924292893,3689.20011,2039.301032,0.552775933,12.7,11.6,22.81,0.26,11.241,23.056,11.134,5.349,,,13.27,0.2391,0.5499,0.0972,0.3783,0.3651,0.0887,6.4989,0.1782,5,5,5,5,0,0
679.0,0.295540541,58.3492878,675.390011,11.57494867,18.8,92.9,50.66,0.18,29.365,40.145,8.884,,0.35,1.136,3.24,,0.2606,,0.3536,0.0906,0.186,2.463,0.2648,5,5,5,5,0,0
680.0,0.174299517,86.35655234,711.1338639,8.234857051,17.1,83.2,45.32,0.75,25.006,33.633,10.5,3.935,0.89,0.986,3.28,,0.8195,0.4073,0.3972,2.7399,0.2178,,0.9731,5,5,5,5,0,0
681.0,0.344197531,267.5867093,711.0366103,2.657219456,14.4,40.2,43.36,0.6,19.04,28.395,11.825,5.896,1.13,0.444,4.1,0.2728,0.0712,0.072,0.3974,0.4334,0.1562,11.6878,0.1366,5,5,5,5,0,0
683.0,0.989977925,631.0454728,4658.564385,7.382295865,17.7,68.1,43.39,0.17,14.835,17.733,5.427,1.922,,,13.19,0.3435,0.3709,0.0746,0.4886,0.2394,0.3056,6.939,0.2446,5,5,5,5,0,0
685.0,0.639650565,2164.959582,13529.84676,6.249468524,17.8,58.7,42.02,1.42,82.082,97.234,36.567,12.534,2.19,1.374,9.43,1.0472,0.1025,0.2673,0.2296,1.3498,0.1082,34.5695,0.1442,5,5,5,5,1,0
686.0,0.077419355,145.3485952,1166.722164,8.027061856,27.6,36.8,28.14,7.25,607.607,515.168,174.693,67.625,11.46,9.331,1.5,0.397,0.3722,0.0736,0.418,1.941,0.3015,125.071,0.8083,5,5,5,5,0,0
687.0,2.011428571,6035.475909,99812.31407,16.53760459,16.4,183.0,78.96,0.4,71.697,197.02,43.915,4.355,2.44,2.186,13.2,2.8047,0.4744,,,,,153.8332,0.556,5,0,0,5,0,0
688.0,0.279679648,134.9076915,1068.913511,7.923295542,16.4,86.9,51.93,0.46,34.504,28.794,16.067,,,,3.25,0.6375,0.2513,0.2081,0.0373,1.407,0.0148,26.7612,0.033,5,5,5,5,0,0
689.0,0.641097852,321.653124,2181.089356,6.780874157,15.8,80.4,48.99,0.21,45.946,87.118,19.733,13.211,1.34,0.668,4.07,2.2202,0.1344,0.5757,0.2568,0.9454,0.1826,30.2936,0.2026,6,6,6,6,1,0
690.0,0.316453354,129.4769366,5902.090224,45.58410463,23.8,231.7,66.2,0.34,165.055,132.535,32.899,12.68,2.08,,3.31,,0.3859,1.328,0.6957,,,,0.4272,6,6,0,6,1,0
691.0,0.818742038,21603.2509,1137339.437,52.64667998,28.2,239.3,74.76,8.54,2340.7,606.585,604.528,225.536,27.63,18.698,11.82,14.4774,0.0816,,,,,3289.123,0.1065,6,0,0,6,1,0
693.0,0.558797468,508.7522823,2725.481602,5.35718796,18.8,43.3,39.31,0.43,186.446,466.356,110.066,44.878,4.18,,3.27,0.7344,0.2386,0.1085,0.5221,1.258,0.1594,21.0191,0.3977,6,4,6,6,0,0
694.0,0.813021277,5695.110253,89335.06857,15.68627553,22.6,91.7,44.61,2.31,284.382,301.638,110.027,40.677,5.18,4.116,11.65,0.7064,0.7284,0.1089,0.843,1.4094,0.4427,40.6813,0.6495,6,6,6,6,1,0
697.0,1.755063291,1645.37445,92707.682,56.34442785,22.7,308.4,52.1,0.14,241.981,222.622,45.185,24.239,1.97,2.108,9.4,,0.4742,0.8202,0.4386,,,,0.3436,6,6,0,6,0,0
699.0,0.936057692,5954.807923,41190.5281,6.917188368,18.7,58.5,43.65,1.82,169.281,238.179,75.371,28.456,3.85,3.37,11.8,0.5744,0.1255,0.202,0.5795,2.3253,0.34,70.6561,0.224,6,6,6,6,1,0
701.0,0.86231746,4318.083769,4783.531223,1.107790279,13.6,19.7,35.81,1.53,23.21,43.778,20.955,8.721,1.71,2.64,11.81,0.1164,0.1165,0.0232,0.3422,0.1377,0.2167,5.5821,0.2174,6,6,6,6,0,0
702.0,0.260025063,211.385387,8436.592013,39.91095189,24.5,194.0,49.41,0.82,170.301,118.675,35.408,12.2,2.04,2.442,4.15,1.7916,0.0771,0.6275,0.1393,6.5048,0.0357,132.3603,0.0613,6,6,6,6,0,0
703.0,1.887363897,2928.798745,41904.12986,14.30761671,20.1,99.9,49.25,0.22,86.172,104.483,35.111,12.619,1.25,0.883,13.24,3.1971,0.2338,1.6974,0.165,9.6832,0.0623,141.7892,0.1631,6,6,6,6,0,0
704.0,0.337126437,104.5547588,924.9349309,8.846416382,16.9,90.0,50.38,0.24,19.907,19.773,6.441,3.422,,0.978,4.19,0.5949,0.0608,0.1698,0.3269,0.7686,0.175,11.924,0.1651,6,6,6,6,1,0
705.0,0.151442308,46.12957655,26.47120007,0.573844419,11.9,14.5,39.03,0.54,4.669,17.736,9.354,4.22,0.75,0.301,1.5,0.9075,0.1726,0.3498,0.4075,0.7301,0.2536,5.2679,0.4265,6,6,6,6,0,0
707.0,0.254601227,60.36204599,489.326689,8.10652921,17.1,81.2,48.31,0.26,19.234,18.128,6.896,3.383,0.52,,3.32,1.0833,0.1509,0.4389,0.247,1.0724,0.153,12.1097,0.1793,6,6,6,6,0,0
708.0,0.289099678,181.7175846,3498.83738,19.25425868,19.5,145.3,58.22,0.58,101.396,79.184,30.443,10.513,2.22,,3.33,5.6949,0.1892,1.8387,0.4559,,,108.9854,0.2162,6,6,0,6,0,0
709.0,0.325031001,37.05219933,825.0389759,22.26693667,22.8,121.4,42.67,0.09,30.216,11.267,6.462,2.101,,,4.17,1.2695,0.2967,0.7029,0.3137,2.4448,0.1741,20.9668,0.2237,6,6,6,6,0,0
710.0,0.545329087,591.8183654,5256.959347,8.882724252,17.0,90.0,47.7,0.54,20.802,24.225,8.289,3.244,,0.3,9.34,0.6379,0.0928,0.2145,0.3439,0.7064,0.2309,17.6879,0.2674,6,6,6,6,0,0
711.0,0.166892308,696.9788649,13407.75827,19.23696534,27.6,87.1,42.35,6.64,694.651,611.83,200.619,66.072,12.92,8.376,3.39,,1.1847,0.0696,1.337,1.5123,1.509,100.0331,1.5037,6,6,6,6,0,0
714.0,0.636706587,673.9224093,17852.10044,26.48984541,22.5,149.3,47.09,0.44,33.571,23.444,6.809,2.162,0.47,,15.19,0.1827,0.3838,0.0699,0.3838,0.8524,0.2153,27.5343,0.1025,6,6,6,6,0,0
716.0,1.496097366,8610.944751,565035.0583,65.6182422,27.3,263.5,49.86,1.02,1365.811,1528.867,244.811,129.918,10.65,10.031,11.79,,,0.8432,0.4069,,,1499.6643,0.1235,0,6,0,6,0,0
718.0,0.559520548,802.9233635,1475.470261,1.837622778,14.2,29.0,38.34,0.69,6.471,12.951,4.51,2.044,,0.394,11.67,,0.7818,0.0281,0.8644,0.0546,0.7738,1.1317,0.8283,6,6,6,6,0,0
720.0,0.647428058,2219.211208,5480.800614,2.469706621,15.2,33.1,39.82,1.42,30.654,41.125,18.889,7.541,1.61,1.065,10.14,0.3978,0.1308,0.1138,0.1538,0.5075,0.0658,14.0738,0.076,6,6,6,6,0,0
721.0,0.756861598,623.6146621,4711.783622,7.555601093,16.8,77.9,48.51,0.29,22.408,21.578,8.902,3.485,0.45,0.575,9.47,0.362,0.1405,0.0437,0.8003,,0.5096,,0.328,6,6,6,6,1,0
722.0,1.129483066,325.2386463,6883.02879,21.1630102,22.0,123.6,48.25,0.07,35.792,79.219,6.513,,1.727,,10.22,0.3162,0.3295,0.0885,0.515,0.5524,0.1753,18.7086,0.1773,6,6,6,6,0,0
723.0,0.79810585,6401.489895,72129.68727,11.26764057,21.5,73.8,42.75,2.71,181.727,209.562,65.049,24.346,2.83,1.632,15.08,0.2737,0.1481,0.1004,0.4217,2.7901,0.103,72.3224,0.1336,6,6,6,6,0,0
724.0,0.097704918,4.773125504,16.70593926,3.5,15.5,43.2,40.33,0.14,4.517,4.085,2.346,0.94,,,1.49,0.1083,0.0917,0.0389,0.3296,0.0525,0.2115,1.486,0.2722,6,6,6,6,0,0
725.0,0.17027027,19.91964938,178.4879474,8.96039604,16.7,95.4,50.85,0.19,26.837,29.676,6.744,1.214,,,1.5,0.6577,0.1261,0.1741,0.315,1.1048,0.1595,24.2886,0.1366,6,6,6,6,0,0
726.0,0.101851852,14.14609053,354.0809328,25.03030303,21.8,150.3,51.19,0.34,62.86,51.399,14.382,5.121,0.97,0.426,1.5,0.7936,0.1336,0.584,0.3909,6.5118,0.2394,62.9652,0.1578,6,6,6,6,1,0
727.0,1.267335554,1758.392793,4620.819457,2.62786533,15.1,35.0,41.05,0.29,12.608,19.389,7.38,3.063,,,15.07,0.1819,0.245,0.0591,0.5013,0.1799,0.4027,5.1112,0.2731,6,6,6,6,0,0
728.0,0.871532847,429.4007281,968.5829859,2.255662188,14.5,33.0,39.81,0.15,6.011,8.224,3.776,1.558,,,9.95,0.0933,0.2262,0.027,0.5307,0.065,0.3628,2.6005,0.1988,6,6,6,6,0,0
729.0,0.087852495,9.419069174,111.6089704,11.8492569,19.1,93.0,50.52,0.33,24.066,21.441,6.771,2.574,,1.196,1.5,0.396,0.1956,0.0687,0.3832,0.5336,0.1486,15.3223,0.3091,6,6,6,6,0,0
730.0,0.398645161,78.58835796,467.4672341,5.948301329,13.6,101.8,85.34,0.14,6.748,11.192,5.762,1.891,,,3.34,1.8056,0.111,0.5816,0.392,4.3878,0.286,10.0558,0.278,6,6,6,6,1,0
732.0,1.259203481,1223.215546,5355.906198,4.378546541,15.4,55.8,43.88,0.2,11.283,8.927,6.371,2.351,,,15.05,0.5877,0.2922,0.1547,0.4512,0.1555,0.4063,7.2323,0.3669,6,6,6,6,1,0
733.0,0.294377163,119.4266562,1778.355241,14.89077312,19.3,114.6,53.49,0.37,41.999,28.881,11.914,5.003,,,4.1,3.5421,0.5079,0.5596,0.3449,1.3098,0.4318,40.789,0.1658,6,6,6,6,0,0
736.0,0.322959184,1020.543331,6595.403243,6.46263911,20.3,47.3,39.92,2.66,273.694,354.069,115.892,45.096,5.8,5.182,4.22,,0.1756,0.2623,0.1802,2.2439,0.1753,38.2886,0.6411,6,6,6,6,0,0
737.0,0.694032396,1972.041196,88063.37178,44.65594935,28.1,171.3,56.25,1.1,304.755,193.034,49.939,14.914,1.76,0.901,11.63,5.3595,0.2148,1.2735,0.3711,,,259.1789,0.0872,6,6,0,6,1,0
738.0,0.397983871,12.48542574,719.4029583,57.61941748,27.1,225.4,48.32,0.02,18.837,19.808,0.963,,1.313,,4.23,0.3322,0.4118,0.0815,0.28,0.2727,0.1499,7.387,0.1501,6,6,6,6,0,0
740.0,0.615320122,816.4838812,36502.24515,44.7066329,22.6,250.4,56.54,0.57,69.68,67.701,15.397,4.61,0.86,0.831,11.7,0.452,0.3338,0.1645,0.4535,2.0953,0.3229,71.1323,0.2286,6,6,6,6,1,0
741.0,0.240961098,130.7794459,8813.91341,67.3952497,29.7,233.3,52.09,0.62,30.749,19.646,3.277,,0.39,,11.7,0.2749,0.3981,0.0907,0.5666,0.4932,0.3261,17.6517,0.3499,6,6,6,6,0,0
742.0,0.139751553,107.5479341,490.7796767,4.563357546,16.3,52.1,47.08,1.47,106.395,138.058,52.232,21.968,4.82,4.82,1.5,0.7256,0.2412,0.0847,0.4343,,0.6101,33.5259,0.4867,6,6,6,6,0,0
744.0,1.17815407,3384.471296,172766.3004,51.04676191,17.1,511.3,60.49,0.64,80.487,37.351,26.242,12.497,1.66,,13.18,,0.3139,,0.9391,,,,0.7109,6,6,0,6,0,0
745.0,1.068877005,959.7784533,10715.60995,11.16467026,19.9,80.5,42.06,0.22,67.89,34.817,16.336,6.978,0.95,0.505,10.52,0.8762,0.388,0.2263,0.2521,1.4266,0.1971,44.7458,0.2773,6,6,6,6,0,0
746.0,1.637016317,921.6311844,14358.45271,15.57939114,20.2,108.6,46.53,0.09,51.567,42.613,13.699,5.578,,0.217,11.64,,0.7071,0.2754,0.576,0.467,0.4612,18.5707,0.6437,6,6,6,6,0,0
747.0,0.868856031,2014.32417,5868.743422,2.913504941,16.6,31.3,32.49,0.71,42.16,34.676,17.409,8.261,1.31,0.997,11.63,0.1709,0.388,0.0203,0.5631,0.1339,0.3211,3.8589,0.6264,6,6,6,6,1,0
748.0,0.667584216,899.4066794,4145.268625,4.608892418,15.5,57.7,44.5,0.53,22.926,21.474,12.31,4.839,0.856,1.854,8.78,0.6408,0.2941,0.0613,0.2279,0.217,0.14,13.7109,0.1373,6,6,6,6,0,0
750.0,0.727396409,138.6570012,335.1454157,2.417082534,15.4,30.8,34.38,0.07,5.025,5.644,2.333,1.189,,,7.47,0.0694,0.0904,0.0225,0.4053,0.0392,0.2891,1.0311,0.2165,6,6,6,6,0,0
752.0,0.708666027,1671.116969,16529.05699,9.891023367,20.0,71.1,44.67,0.89,113.061,82.512,33.492,12.712,1.97,1.922,9.59,1.1614,0.0843,0.1792,0.2699,1.8247,0.1811,30.3753,0.1139,6,6,6,6,1,0
753.0,0.16392233,279.7354899,26548.91328,94.90720427,37.2,242.4,51.14,2.85,559.955,287.831,73.261,23.41,4.7,2.932,4.69,1.8779,0.1398,0.8472,0.5595,,,378.9799,0.242,6,6,0,6,1,0
754.0,0.340615385,474.5660592,6410.575811,13.5082897,20.9,89.4,42.08,1.07,49.631,46.634,13.245,4.552,0.57,0.364,8.64,0.1126,0.0991,0.0244,0.4389,0.1058,0.2811,22.2071,0.1293,6,6,6,6,1,0
755.0,0.675959596,541.4247526,286.6507499,0.529437837,10.2,21.0,51.39,0.32,4.036,27.952,19.342,6.801,,,3.36,2.3747,0.6885,0.7953,0.8255,1.4646,0.4334,,0.66,6,6,6,6,0,0
756.0,0.418378378,485.8777619,21540.17739,44.33250311,22.9,243.5,56.98,0.74,405.086,307.678,117.187,45.102,4.86,6.488,3.44,16.1802,0.0856,2.2238,0.3676,,,657.2856,0.1605,6,6,0,6,1,0
757.0,0.539217119,612.8591601,3621.517038,5.909215811,16.1,68.4,45.72,0.56,23.349,27.057,11.615,4.37,0.97,0.548,7.71,0.9063,0.1423,0.2857,0.1833,0.5705,0.0913,16.6166,0.08,6,6,6,6,0,0
758.0,0.679494655,518.6335403,5411.05977,10.43330088,17.7,96.6,47.31,0.3,26.951,30.157,10.879,3.829,0.38,0.519,8.74,0.4785,0.3618,0.2229,0.0526,1.0245,0.0904,27.7516,0.0431,6,6,6,6,0,0
759.0,1.141270183,7487.42544,3126.729969,0.417597476,11.3,12.7,41.84,1.53,9.099,64.803,41.66,20.178,2.53,1.852,9.14,0.1875,0.1604,0.0432,0.3922,0.1861,0.2208,4.7041,0.2096,6,6,6,6,0,0
760.0,1.458729097,773.631181,4684.800332,6.055599163,16.1,68.8,44.96,0.1,8.863,8.535,3.583,1.749,,,15.04,0.0845,1.6612,0.0525,0.5665,0.1231,0.3766,5.4099,0.1408,6,6,6,6,0,0
761.0,0.583042254,86.2781956,2277.275934,26.39457071,23.2,138.4,46.89,0.07,18.715,14.074,3.179,1.676,,,7.86,0.7337,0.1647,0.2607,0.1234,0.4903,0.1051,12.0993,0.0768,6,6,6,6,1,0
762.0,0.796608863,499.0980699,10669.58933,21.37774112,18.6,176.8,50.54,0.21,33.137,22.617,10.059,,,,9.12,0.5432,0.1695,0.1329,0.1008,0.8035,0.1003,31.2426,0.0809,6,6,6,6,0,0
763.0,0.292092609,115.3765989,3239.041036,28.07363943,19.7,205.5,54.84,0.36,35.773,26.304,9.081,3.537,0.54,,4.62,0.8112,0.1301,0.3116,0.2364,2.7442,0.0991,54.5752,0.13,6,6,6,6,0,0
765.0,0.477767936,148.1600819,1070.84421,7.227616213,15.1,96.2,49.52,0.17,12.139,18.063,6.757,2.254,,,4.65,0.5947,0.1022,0.1406,0.3115,0.5117,0.2026,14.1636,0.1782,6,6,6,6,0,0
766.0,0.913156342,1723.856103,2845.183721,1.650476346,14.2,26.0,37.79,0.55,25.623,41.05,18.543,8.188,0.938,0.738,8.52,0.6988,0.2039,0.1677,0.1356,0.3318,0.0543,11.8223,0.107,6,6,6,6,1,0
767.0,1.262316096,4478.446085,201410.8217,44.973372,24.1,224.5,55.47,0.75,325.207,239.984,74.661,25.306,3.73,3.294,13.13,3.9996,0.1733,1.1424,0.5659,,,352.4918,0.1351,6,6,0,6,0,0
768.0,0.354525862,267.7936422,519.2734189,1.93908046,13.3,36.2,47.62,0.56,8.896,17.427,6.401,2.606,,,4.7,0.2629,0.0621,0.055,0.3499,0.2735,0.1939,5.2747,0.1394,6,6,6,6,0,0
770.0,0.595555556,269.7679012,495.091358,1.835249323,15.1,24.2,35.23,0.2,19.302,33.605,11.71,4.899,,0.369,4.64,0.4696,0.1751,0.1705,0.2001,0.2493,0.1456,2.9279,0.3364,6,6,6,6,0,0
773.0,0.239067055,613.4123299,4925.130393,8.029069767,19.1,66.8,44.49,2.75,222.85,251.446,88.809,38.781,5.58,6.449,3.28,,0.3649,0.2099,0.548,1.1134,0.4753,13.1073,1.5136,6,6,6,6,0,0
774.0,0.408981233,98.29438147,202.8663873,2.063865546,14.2,31.6,40.42,0.15,10.291,14.505,6.999,2.643,,0.09,3.39,0.2802,0.8356,0.0344,1.3665,,0.6545,,0.1194,6,6,6,6,0,0
775.0,0.694222222,794.2451761,3286.798045,4.138266298,16.1,47.4,43.55,0.44,23.121,30.509,8.091,,1.197,1.201,8.52,0.2948,0.3393,0.0573,0.338,0.35,0.1653,12.3651,0.1474,6,6,6,6,0,0
776.0,0.305938567,89.10465585,1408.98342,15.81268012,18.8,126.5,55.3,0.26,46.441,31.846,14.28,5.487,0.57,,3.32,3.0129,0.2705,1.1649,0.2183,3.1132,0.1532,43.3807,0.1878,6,6,6,6,0,0
777.0,0.408399326,74.20581439,627.6341105,8.458017955,16.5,91.5,49.12,0.12,11.844,12.862,4.112,2.209,,0.397,4.29,0.4187,0.0968,0.1194,0.2433,0.3494,0.1109,10.2288,0.1051,6,6,6,6,0,0
778.0,0.433933649,89.12791501,5798.335766,65.05633803,27.6,255.0,50.91,0.13,10.872,4.531,1.458,0.254,0.2,,15.26,0.1578,0.1909,0.0347,0.3492,0.2906,0.1864,7.5,0.1712,6,6,6,6,0,0
779.0,0.155579399,30.1189007,85.09320488,2.825242718,14.2,44.3,44.41,0.33,15.718,21.621,10.642,4.661,0.7,0.497,1.5,0.3182,0.0907,0.0481,0.1008,0.2852,0.1381,8.2075,0.0695,6,6,6,6,0,0
781.0,1.183565891,1456.542978,9410.729247,6.461003477,16.7,67.7,43.87,0.28,41.368,37.189,17.393,7.923,0.86,1.507,10.41,0.5902,0.1785,0.1479,0.1312,0.3048,0.0956,7.3519,0.0566,6,6,6,6,0,0
782.0,0.410474227,1337.310522,11980.77785,8.958860081,17.8,84.8,49.83,2.11,183.469,245.063,91.35,32.624,8.114,2.982,4.74,1.3739,0.3742,0.5305,0.3659,7.6667,0.0937,,0.0689,6,6,6,6,0,0
783.0,0.480869565,388.2175996,1572.709849,4.051103944,15.4,52.1,44.92,0.45,31.67,34.897,6.61,,,,4.74,1.5836,0.2154,0.6247,0.6847,1.3304,0.389,29.8165,0.4854,6,6,6,6,0,0
784.0,0.738227848,1765.766255,16001.4572,9.062047229,17.2,90.4,48.05,0.87,36.894,45.136,14.54,5.703,0.57,0.984,11.52,0.7378,0.1707,0.1927,0.2318,0.7295,0.1401,32.7114,0.1354,6,6,6,6,0,0
786.0,0.884800759,1431.791396,7018.773218,4.90209205,16.1,56.6,43.63,0.49,37.542,48.823,18.53,9.037,0.93,1.266,9.42,0.6604,0.0781,0.1344,0.1696,0.5482,0.0604,15.8072,0.0778,6,6,6,6,0,0
788.0,1.476923077,444.5187815,7517.561838,16.91168551,20.2,116.7,51.14,0.05,33.521,27.321,7.478,,,,10.24,1.6839,0.3167,0.5154,0.2018,1.957,0.0557,26.3779,0.1257,6,6,6,6,1,0
789.0,0.460017969,271.9695672,1471.158132,5.409274821,16.5,58.6,43.44,0.34,7.165,8.291,2.634,,,,10.24,0.1276,0.0612,0.0303,0.3368,0.1178,0.2743,2.8765,0.1976,6,6,6,6,0,0
790.0,0.937520216,309.8776585,7725.145271,24.92966194,23.5,127.5,44.56,0.09,44.909,23.834,6.751,,,,10.23,0.8689,0.2387,0.2541,0.2,0.4709,0.1218,19.7929,0.0958,6,6,6,6,0,0
791.0,1.332878788,562.2511077,4229.186395,7.521881838,19.0,58.8,45.05,0.08,22.795,54.406,24.223,,0.52,,9.26,0.3405,0.4196,0.039,0.3408,0.1389,0.3118,6.2739,0.1663,6,6,6,6,1,0
792.0,0.346389414,599.1874786,1933.842406,3.227441286,14.9,45.9,49.42,1.35,30.599,38.46,19.143,8.387,,3.517,5.09,0.2658,1.0796,0.1006,0.2282,0.7715,0.1069,18.5609,0.0815,6,6,6,6,1,0
793.0,1.058366972,6107.053621,14625.08131,2.394785149,15.5,31.0,38.76,1.46,92.344,147.545,64.244,29.681,3.68,2.781,9.86,0.6131,0.0384,0.0604,0.1748,1.0199,0.1129,24.8115,0.147,6,6,6,6,1,0
795.0,0.753509061,1045.093482,2384.111358,2.281242205,14.7,32.7,38.89,0.49,30.391,37.851,20.346,15.647,1.07,1.008,6.93,0.3787,0.3294,0.1488,0.263,0.2961,0.2025,12.1697,0.1478,6,6,6,6,0,0
796.0,1.086435331,1466.032605,33263.29457,22.68932797,20.4,154.4,48.0,0.33,122.124,72.519,32.057,11.937,1.66,0.889,9.84,1.8965,0.1473,0.737,0.1374,3.4857,0.0514,85.7902,0.0993,6,6,6,6,1,0
798.0,1.047436159,2974.556791,969.2949233,0.325861966,10.8,10.9,36.72,0.72,2.856,65.475,32.653,19.853,1.35,2.586,7.54,0.5581,0.2454,0.1259,0.359,1.2316,0.1559,14.7112,0.2214,6,6,6,6,0,0
799.0,0.353076923,182.6699167,47274.36384,258.7966574,13.5,4646.4,162.66,0.39,15.529,7.294,6.201,2.726,0.61,1.594,4.59,2.601,0.235,,,,,,0.3608,6,0,0,6,0,0
800.0,0.719639315,34.55572564,376.156754,10.88551165,21.9,63.1,34.46,0.02,18.801,9.149,4.94,,,,4.64,0.1167,0.4445,0.0497,0.4923,0.1761,0.33,,0.4591,6,6,6,6,0,0
804.0,0.567607973,1969.118249,2311.115827,1.173680569,13.1,23.3,40.97,1.6,22.393,51.84,21.687,10.784,1.69,2.32,6.7,0.4266,0.2779,0.1461,0.1785,0.4553,0.0991,17.6864,0.0935,6,6,6,6,0,0
805.0,0.311343284,91.24714859,84.07596347,0.921409214,12.7,19.3,37.22,0.26,6.028,8.914,6.442,2.449,,,2.98,,0.2993,0.0406,0.5324,0.0781,0.2018,0.596,0.378,6,6,6,6,0,0
806.0,0.363686724,193.8560647,2339.942522,12.07051492,18.1,106.5,47.47,0.39,36.433,30.277,10.332,4.353,,0.296,4.82,2.1453,0.0774,0.5511,0.3808,1.61,0.0844,33.6853,0.1693,6,6,6,6,0,0
809.0,0.574986021,391.5689798,6225.190076,15.89806751,18.3,137.1,49.64,0.32,68.358,73.026,31.887,10.726,0.99,1.241,4.82,3.6204,0.2662,0.9562,0.4499,2.6943,0.3458,72.6242,0.1915,6,6,6,6,1,0
810.0,0.705865633,1382.522532,672.1529983,0.486178693,13.3,9.0,19.94,0.73,36.216,136.01,39.234,22.555,1.75,,4.63,5.2585,0.2215,1.0893,0.4226,,,146.4731,0.2502,6,6,0,6,1,0
811.0,0.422181485,1293.351822,695.2438794,0.537552016,12.2,13.0,31.74,1.93,19.132,74.018,31.03,15.976,2.08,2.003,4.7,,0.822,0.1327,0.1944,1.3738,0.2729,,0.2257,6,6,6,6,0,0
812.0,0.603831776,158.1122019,1084.218622,6.857273559,20.6,45.6,27.92,0.11,20.773,12.426,4.549,2.907,,,8.19,0.1694,0.3164,0.0587,0.3632,0.095,0.2563,5.129,0.3068,6,6,6,6,0,0
818.0,0.561276151,258.2588167,2777.132053,10.75329039,17.8,96.6,46.05,0.22,17.226,17.981,5.956,2.003,,,8.13,0.706,0.1577,0.1731,0.2928,0.3366,0.2005,12.6068,0.1745,6,6,6,6,0,0
820.0,0.373416592,210.9532317,1717.935226,8.143678161,16.7,85.7,47.53,0.4,28.302,29.319,11.656,4.795,0.79,,4.6,0.3293,0.3171,0.0296,0.4499,0.105,0.6157,2.7905,0.2765,6,6,6,6,0,0
822.0,0.658896797,47.14780081,1224.435924,25.97015986,21.9,155.8,48.12,0.03,25.488,14.432,4.956,,,,4.6,1.0531,0.3419,0.3353,0.3743,0.5105,0.1124,10.3343,0.1918,6,6,6,6,0,0
823.0,0.510566038,130.3776077,1303.175169,9.99539102,19.0,78.1,42.79,0.13,48.625,37.306,15.152,5.29,,,3.96,0.7688,0.1303,0.2662,0.2603,0.6993,0.1193,10.6996,0.2453,6,6,6,6,0,0
825.0,0.608821954,757.6715414,1819.780457,2.401806531,11.0,76.4,51.03,0.55,5.278,15.304,10.691,7.034,,0.324,5.11,0.7798,0.3259,0.2247,0.1623,0.361,0.4516,16.9274,0.1613,6,6,6,6,0,0
826.0,1.362707366,1260.001656,20326.58766,16.13219124,18.1,140.6,48.63,0.18,26.686,17.014,6.337,3.748,,,15.1,0.6444,0.3867,0.2221,0.1731,0.578,0.1143,21.3121,0.0893,6,6,6,6,0,0
829.0,0.658044807,461.8911652,4997.298882,10.81921296,17.9,96.8,49.82,0.28,40.25,42.403,15.048,3.101,,0.67,7.18,0.6831,0.1245,0.1515,0.1426,0.5771,0.0943,25.3252,0.0933,6,6,6,6,0,0
830.0,0.406153846,201.3383891,639.2704263,3.175104505,17.1,31.7,32.16,0.33,52.092,66.955,20.106,8.746,0.93,0.833,3.52,0.5367,0.5641,0.0797,0.1433,0.6861,0.1425,14.5291,0.0349,6,6,6,6,0,0
831.0,0.13,13.3,156.7,11.78195489,20.1,82.8,42.59,0.21,34.008,24.827,9.319,3.398,,,1.7,0.1322,0.2829,0.0261,0.4857,,0.1361,9.3828,0.1444,6,6,6,6,0,0
833.0,0.533484202,437.7847575,1464.499535,3.345250172,13.7,56.8,51.09,0.41,33.351,88.224,24.532,13.222,1.07,2.55,3.49,1.9548,0.0621,0.5808,0.1569,3.0767,0.0979,32.862,0.0836,6,6,6,6,0,0
834.0,0.707844588,4990.59221,43513.16446,8.719038268,20.4,63.1,43.4,2.66,252.581,263.994,99.258,36.872,5.93,10.721,9.81,3.5717,0.1042,1.1291,0.1138,,,174.3007,0.07,6,6,0,6,1,0
835.0,0.919244533,1263.995836,33301.49862,26.34620913,21.6,161.3,47.12,0.4,53.47,37.811,12.887,4.27,,0.444,15.16,0.3818,0.4027,0.1749,0.2351,0.9239,0.1048,,0.1197,6,6,6,6,0,0
836.0,0.273562005,230.9762867,2913.421822,12.61351052,17.3,123.9,78.98,0.82,32.573,26.402,11.181,6.756,,,4.86,1.035,0.3716,,0.5728,1.0132,0.9177,15.5203,0.1412,6,6,6,6,0,0
837.0,0.262093023,439.5713118,5148.529614,11.71261517,20.3,83.4,48.84,1.71,105.484,95.112,33.315,14.826,1.64,,4.83,1.6774,0.2799,0.3419,0.3888,2.1379,0.1412,55.9895,0.1377,6,6,6,6,0,0
840.0,0.310395604,848.7791914,23459.02418,27.63854771,24.7,136.8,47.35,2.27,416.47,376.158,111.278,37.91,4.85,2.894,4.87,1.9072,1.6154,0.7711,0.3024,,,256.8797,0.1113,6,6,0,6,0,0
841.0,0.872014519,6083.078185,5488.713822,0.902292171,12.4,21.1,42.02,2.15,39.944,219.66,86.396,68.898,7.73,8.149,5.46,0.7982,0.3816,0.178,0.3903,0.7449,0.2076,62.8475,0.1252,6,6,6,6,0,0
842.0,0.721113043,880.2210504,5937.597992,6.745575999,16.2,75.9,49.85,0.45,64.751,72.492,28.105,,3.172,,5.84,1.1452,0.1837,0.4649,0.1903,2.2503,0.3984,29.8622,0.2143,6,6,6,6,1,0
844.0,0.604655172,1109.65515,3620.604923,3.262819916,14.6,48.1,47.98,0.8,57.628,63.38,37.35,,,,5.01,1.0948,0.2075,0.3139,0.3193,1.6885,0.177,36.0284,0.2472,6,6,6,6,0,0
845.0,0.769827916,220.54149,1015.010864,4.602357878,15.5,57.5,46.69,0.1,18.995,58.46,8.687,,,,4.91,,-8.6579,0.0677,0.4186,0.2399,0.2487,8.8748,0.253,6,6,6,6,0,0
847.0,0.294021352,80.1107398,1500.1367,18.72578763,19.6,138.4,53.52,0.25,23.631,19.189,6.455,2.314,0.781,0.318,4.86,0.3524,0.2194,0.0965,0.3418,0.7235,0.1917,19.9938,0.1105,6,6,6,6,0,0
848.0,0.521663202,1552.442128,8057.256253,5.190052568,20.1,37.6,30.95,1.5,335.784,306.23,119.866,48.451,6.77,3.84,4.92,3.2253,0.1633,0.5904,0.5079,7.7765,0.3281,140.0297,0.3463,6,6,6,6,0,0
850.0,0.646819788,200.1373397,10031.28647,50.12201365,25.3,224.1,53.44,0.13,148.072,130.892,19.168,,2.39,,5.23,2.4176,0.3322,1.5303,0.0683,13.0908,0.0304,97.0762,0.0956,6,6,6,6,0,0
852.0,0.71086915,1150.257929,2379.623705,2.068774006,14.4,31.3,38.45,0.6,21.33,28.465,11.966,6.275,,,8.09,0.2195,0.2005,0.0413,0.2808,0.0892,0.134,8.3369,0.0533,6,6,6,6,0,0
853.0,0.54,1382.9,16041.0,11.5995372,21.5,72.9,41.46,1.27,207.165,261.584,89.27,31.215,3.82,2.704,6.2,1.3708,0.126,0.2252,0.2958,3.26,0.1431,77.5827,0.5754,6,6,6,6,1,0
855.0,0.458952703,386.26615,8231.932645,21.31155589,19.8,155.4,77.96,0.49,46.685,38.925,21.068,9.136,0.6,,7.15,0.3852,0.1813,0.0731,0.2269,1.897,0.2728,26.9968,0.3133,6,4,6,6,0,0
856.0,0.509241147,2295.128134,87960.2124,38.32475019,23.8,203.4,76.12,2.32,477.363,428.302,126.194,43.796,6.23,9.518,7.19,4.3963,0.308,,,,,370.5586,0.1076,6,0,0,6,1,0
857.0,0.3152657,334.7879227,2339.251581,6.987263944,17.0,72.0,53.26,0.93,38.882,42.483,16.281,6.867,1.17,2.125,5.02,0.5099,0.0745,0.1149,0.2769,2.1152,0.1916,26.9487,0.1672,6,6,6,6,0,0
858.0,1.835963115,1705.289384,20856.61311,12.23054181,15.0,165.3,51.53,0.13,13.469,14.658,5.85,,,,14.85,0.0838,0.7996,0.0624,0.2927,0.333,0.2031,,0.2569,6,6,6,6,0,0
859.0,1.440193966,2102.838383,9796.174523,4.658548466,16.5,50.0,43.13,0.27,28.78,27.739,10.011,6.989,0.64,2.202,14.85,0.1437,0.2984,0.0441,0.1641,0.3759,0.1131,13.521,0.1021,6,6,6,6,0,0
860.0,1.369117433,3789.757659,618.5129952,0.163206477,11.0,5.2,16.75,0.54,2.207,11.498,6.817,3.874,0.44,0.425,14.78,0.1841,0.5318,0.0546,0.44,0.0933,0.4063,5.0013,0.0752,6,6,6,6,0,0
861.0,0.697488076,334.5671864,7905.139545,23.62795835,21.8,140.1,45.42,0.18,44.799,21.726,10.326,3.857,,,9.14,0.3602,0.3718,0.0559,0.8535,0.246,0.622,30.7541,0.1069,6,6,6,6,0,0
863.0,0.624742268,1375.797641,4607.724519,3.34912954,15.8,40.5,42.36,0.94,44.673,57.898,23.46,10.385,1.42,0.86,7.8,0.8366,0.3691,0.3726,0.2794,1.5937,0.155,25.7966,0.2662,6,6,6,6,0,0
864.0,0.517284523,3453.773085,23883.58732,6.915216124,16.3,82.9,55.83,3.46,58.048,84.53,41.67,,3.809,,9.15,1.0475,0.1669,0.2482,0.2999,4.4504,0.2466,77.1898,0.2861,6,6,6,6,1,0
865.0,1.45318097,14485.76067,56344.49091,3.88964668,15.1,53.7,63.02,1.82,129.706,295.153,165.448,69.974,4.913,9.256,9.11,2.3743,0.1836,0.3595,1.4604,,,84.1042,0.1358,6,6,0,6,0,0
867.0,0.38251928,219.1484328,1828.222653,8.342394372,17.4,79.8,46.56,0.4,63.566,40.46,23.392,10.164,,1.554,3.6,7.824,0.1409,2.3361,0.178,5.5078,0.0624,135.8528,0.1841,6,6,6,6,0,0
868.0,0.5435209,1966.576007,60300.12725,30.66249515,24.5,152.0,49.4,1.74,186.766,162.773,45.006,13.352,3.16,3.683,11.46,1.2234,0.4106,0.5685,0.1935,,,164.4397,0.1584,6,6,0,6,1,0
869.0,0.203846154,161.0419461,1031.813478,6.407110092,18.3,55.8,46.11,1.05,48.97,68.129,19.977,6.947,0.85,,3.71,0.5218,0.1468,0.1204,0.1517,0.5181,0.6035,19.9537,0.2034,6,6,6,6,1,0
871.0,0.624521739,975.4886654,136562.4109,139.9938469,27.9,536.6,94.37,0.67,1099.351,702.559,109.21,,8.99,12.659,5.04,39.1322,0.1492,,,,,1759.3835,0.1203,6,0,0,6,0,0
873.0,0.44212204,1105.926936,5904.399253,5.338869196,16.5,59.1,48.17,1.52,98.596,92.759,52.734,22.778,3.16,,5.11,1.2642,0.1746,0.566,0.1535,4.217,0.0581,83.1906,0.0925,6,6,6,6,0,0
874.0,0.357491103,637.039037,5798.698245,9.102579132,19.3,71.2,47.01,1.34,97.819,87.881,35.498,13.228,2.03,6.014,5.43,0.6005,0.1298,0.1298,0.4341,0.9296,0.1528,45.1598,0.601,6,6,6,6,0,0
875.0,0.794978261,1712.600715,9148.983441,5.342157901,14.2,84.4,49.34,0.73,32.409,47.078,28.313,9.319,1.515,3.933,7.54,1.7184,0.1045,0.4724,0.1513,1.5078,0.1074,56.9511,0.0881,6,6,6,6,0,0
877.0,0.60806142,1006.10006,3385.984767,3.365455288,13.1,65.4,64.8,0.71,20.811,32.906,28.659,11.126,1.54,1.862,5.28,1.8952,0.4425,0.9519,0.1147,4.1977,0.0635,47.0588,0.1396,6,6,6,6,0,0
879.0,0.426298701,316.6246182,1113.204365,3.515849057,15.8,42.0,40.87,0.46,26.263,33.195,12.659,5.481,,0.684,5.05,0.2711,0.3842,0.0937,0.3679,0.4169,0.2054,13.9819,0.1879,6,6,6,6,0,0
880.0,0.07375969,21.07909578,585.8223838,27.79162778,24.1,140.3,46.45,1.04,91.561,68.142,17.009,5.403,1.0,1.192,1.73,,0.8701,0.3657,0.6634,,0.7797,,0.6594,6,6,6,6,1,0
881.0,0.403979058,318.213019,10850.22025,34.09734863,22.8,188.9,51.02,0.53,93.537,56.729,19.117,7.22,0.875,1.315,6.43,2.4922,0.4059,0.8696,0.1015,6.1543,0.0551,88.8058,0.0784,6,6,6,6,0,0
882.0,0.220344828,55.42102973,606.670264,10.94657149,18.9,87.5,44.85,0.3,23.426,21.122,7.359,2.879,0.43,,3.55,0.3174,0.1529,0.099,0.2351,0.4995,0.1074,15.4033,0.0955,6,6,6,6,0,0
883.0,0.495315948,164.154279,4658.101049,28.37636081,20.3,194.7,52.66,0.18,46.376,32.294,12.609,,0.51,,5.31,2.4611,0.0905,0.7521,0.1705,3.4025,0.0493,59.8384,0.1385,6,6,6,6,0,0
884.0,0.491052114,532.6430473,14176.97785,26.61628255,23.9,134.6,51.08,0.58,93.823,57.794,18.321,6.217,1.0,,9.08,1.2033,0.4269,0.4967,0.1947,3.7126,0.1251,53.1115,0.1672,6,6,6,6,0,0
885.0,0.516025641,1979.863363,16624.12063,8.396599957,20.2,60.9,41.64,2.0,80.684,92.711,27.556,11.266,2.35,1.219,11.27,0.2587,1.0304,0.0267,0.4115,0.8073,0.1926,23.8473,0.1108,6,6,6,6,0,0
886.0,0.767951542,653.3967819,1567.263568,2.398639864,14.3,36.5,41.97,0.29,15.739,21.345,9.441,4.4,,,7.34,0.2682,0.7361,0.0528,0.354,0.214,0.2382,7.3955,0.1141,6,6,6,6,0,0
887.0,0.528888889,449.045679,5327.388889,11.8638017,18.0,106.3,48.66,0.43,37.226,34.467,11.268,,,0.762,7.14,0.8372,0.1298,0.2285,0.2853,0.9284,0.1273,31.1691,0.1758,6,6,6,6,1,0
890.0,0.58537859,4506.656546,24367.22333,5.406940396,15.1,77.6,70.09,3.51,24.526,67.358,33.37,13.473,2.24,1.538,11.21,13.5167,0.0414,3.105,0.0838,,,357.6453,0.0388,6,6,0,6,0,0
892.0,0.32195122,1528.899465,6769.399167,4.427628712,18.0,42.8,43.44,3.88,225.238,402.788,156.423,68.635,9.95,8.526,3.6,3.6564,0.1876,0.7993,0.4246,6.0019,0.3017,118.6644,0.3235,6,6,6,6,0,0
893.0,1.071620227,2658.223973,272943.7093,102.6789737,23.9,521.1,146.07,0.62,513.772,406.034,102.907,,2.609,,8.8,,0.2063,,,,,,0.7816,6,0,0,6,0,0
894.0,0.754990991,4124.747508,14764.88893,3.579586121,18.3,32.1,31.67,1.93,406.332,423.451,181.985,,12.26,18.251,5.74,,1.324,,,,,,0.5731,6,0,0,6,0,0
896.0,0.249199319,2225.632504,31764.9493,14.27232449,27.3,69.8,42.63,9.35,628.729,515.612,141.337,43.082,12.4,12.731,6.36,,0.5638,0.4423,0.6603,,,,4.2415,6,6,0,6,0,0
898.0,0.441038961,765.7112787,34767.85721,45.40596198,22.9,251.9,71.54,1.07,275.027,207.206,64.827,20.057,4.09,4.975,5.66,7.2685,0.1695,,,,,327.0308,0.0951,6,0,0,6,0,0
900.0,0.860921305,1255.407732,6101.883431,4.86047941,15.2,64.3,47.17,0.45,49.499,151.476,28.742,,1.695,,5.47,0.6351,0.4578,0.1216,0.3769,0.5989,0.2951,26.0518,0.3693,6,6,6,6,1,0
901.0,0.387881041,1771.681436,6246.657951,3.525835866,17.1,37.8,40.53,3.17,113.854,183.094,68.944,27.056,5.26,2.79,5.64,0.4445,0.2325,0.0437,0.334,1.6856,0.2914,30.1842,0.2817,6,6,6,6,0,0
902.0,0.729884393,2288.696602,3694.319302,1.6141586,13.3,30.2,44.09,1.15,52.425,172.598,31.254,20.68,1.01,4.328,5.49,0.6834,0.1622,0.0982,0.35,0.6221,0.272,28.6689,0.1628,6,6,6,6,1,0
907.0,0.62163606,5490.335417,11981.55571,2.182299404,18.8,19.2,25.31,3.79,261.917,676.819,262.207,91.829,11.74,15.285,6.42,2.98,0.5632,,,,,195.497,0.3682,6,0,0,6,1,0
910.0,0.26979346,615.7325707,9923.461488,16.1165122,23.9,85.0,44.19,2.24,164.132,145.462,41.907,15.811,2.32,1.161,6.27,1.6097,0.1035,0.5074,0.2097,3.9426,0.0994,87.0148,0.1171,6,6,6,6,1,0
912.0,0.410786948,55.93912084,821.0678405,14.67788246,18.7,118.5,48.7,0.09,11.518,8.287,3.536,1.515,,,5.22,0.5529,0.1778,0.1467,0.25,0.239,0.141,10.0434,0.1257,6,6,6,6,0,0
913.0,0.521329046,2095.550432,12305.51821,5.872212866,18.4,52.1,41.83,2.02,171.116,266.479,101.349,39.843,3.84,3.607,6.4,0.7722,0.5348,0.1512,0.3075,2.0232,0.1293,58.3415,0.2022,6,6,6,6,0,0
917.0,1.078864353,686.6423191,5249.410383,7.645043478,16.9,77.5,45.81,0.16,55.865,89.78,22.105,9.134,0.732,0.636,6.0,0.682,0.8977,0.133,0.8429,0.5143,0.5406,19.8742,0.6054,6,6,6,6,1,0
919.0,0.310511316,184.1003782,689.779081,3.746755371,15.8,44.9,42.82,0.51,26.498,41.708,13.011,5.509,0.556,0.252,3.78,0.1669,0.0959,0.0619,0.311,0.3745,0.2279,10.8266,0.2169,6,6,6,6,0,0
920.0,0.570122449,495.9712653,2515.507392,5.071881312,16.9,52.1,43.86,0.4,43.713,47.082,18.817,8.615,,0.501,5.76,0.7533,0.2554,0.219,0.33,0.7544,0.2049,17.3208,0.2992,6,6,6,6,0,0
921.0,1.070425532,2127.7311,50063.28628,23.52895358,19.6,175.0,52.03,0.49,104.994,103.154,63.636,,1.66,,11.18,2.1371,0.2811,0.8604,0.1862,5.1428,0.1066,179.6605,0.1838,6,6,6,6,1,0
922.0,0.422258065,164.7991675,685.480333,4.159489051,16.8,42.6,37.39,0.25,17.016,19.854,7.324,2.75,,,5.44,0.1394,0.1353,0.0498,0.2736,0.093,0.2888,4.9911,0.0942,6,6,6,6,0,0
923.0,0.460863039,139.1707507,1159.212555,8.329426614,17.1,82.8,45.54,0.18,16.979,16.6,6.083,2.575,,,5.34,0.7255,0.1888,0.2235,0.1726,0.4227,0.12,13.5581,0.1211,6,6,6,6,0,0
925.0,0.786325486,1168.553425,512.5240545,0.438597024,11.5,12.3,32.64,0.5,8.827,32.413,15.795,6.014,,0.368,5.82,0.1219,0.09,0.0142,0.243,0.0363,0.0983,2.0039,0.2949,6,6,6,6,0,0
927.0,0.856397362,1288.418246,19539.70984,15.1656575,18.3,130.2,48.28,0.47,43.069,44.017,15.43,7.294,0.67,,11.17,,1.0134,0.3804,0.3009,2.7361,0.2707,,-1.4813,6,6,6,6,0,0
928.0,0.40972028,153.7213556,605.2778375,3.9375,14.7,56.1,47.9,0.25,16.764,20.166,8.792,6.27,,,3.78,1.0899,0.0645,0.4673,0.0843,1.072,0.0216,12.3334,0.0773,6,6,6,6,0,0
929.0,1.263570248,5155.529427,8183.635241,1.587351087,13.5,28.8,55.79,0.86,25.035,125.675,30.995,15.402,1.76,1.771,11.16,0.9858,0.1414,0.1631,0.3621,1.6935,0.1417,33.2552,0.243,6,6,6,6,0,0
930.0,0.679168421,901.5891637,5265.622367,5.840378944,17.0,59.6,43.44,0.52,75.715,80.013,35.323,14.042,1.44,0.713,6.03,1.3542,0.1096,0.4207,0.3665,1.1119,0.272,36.1233,0.2625,6,6,6,6,0,0
931.0,0.232719298,72.10787042,767.3232367,10.64132434,18.1,93.8,55.68,0.36,21.885,18.758,6.986,2.65,,,3.79,1.138,0.3047,0.1198,0.6245,1.3157,0.2957,19.6557,0.1196,6,6,6,6,0,0
932.0,0.976140351,4555.270422,36350.36553,7.979847992,14.2,127.8,55.97,1.27,40.248,70.199,34.332,12.677,3.988,,10.4,3.7818,0.0616,1.1916,0.2367,5.6257,0.0672,65.0107,0.0636,6,6,6,6,0,0
933.0,0.269594595,83.39390066,3732.78351,44.76086957,24.4,214.8,51.91,0.29,97.977,61.678,17.417,6.133,1.201,,3.8,2.4504,0.1453,1.115,0.0733,8.6809,0.0179,99.3787,0.056,6,6,6,6,0,0
934.0,0.54113089,1202.743171,791.8088223,0.658335746,11.9,17.0,39.37,1.08,10.724,23.766,14.858,7.625,1.01,0.712,5.94,0.2906,0.1017,0.0926,0.3579,0.2695,0.2091,5.3585,0.1612,6,6,6,6,0,0
936.0,0.593070866,1190.588467,282539.3446,237.3106682,31.7,740.0,71.73,0.91,1487.863,689.233,203.441,65.767,8.49,11.695,5.38,68.5459,0.2642,,,,,2375.6013,0.2345,6,0,0,6,1,0
937.0,0.218173913,65.96382457,872.547615,13.22766866,20.8,87.3,49.59,0.37,35.853,26.76,8.127,1.221,0.319,,3.86,0.5448,0.2805,0.1637,0.3326,0.7298,0.5573,10.4783,0.2594,6,6,6,6,1,0
938.0,0.26,295.0222222,50113.15556,169.8623079,35.5,447.1,53.43,1.19,361.388,207.356,41.823,11.237,3.09,2.77,6.18,2.8552,0.2978,1.0305,0.208,,,481.2246,0.0665,6,6,0,6,0,0
939.0,0.56,2448.840237,101330.0284,41.37878286,24.0,216.5,50.88,2.11,896.721,621.044,199.3,97.204,11.33,20.37,5.6,20.5631,0.2448,,,,,2630.9218,0.1729,6,0,0,6,0,0
940.0,0.336506024,206.6645086,3374.451299,16.32816066,21.3,102.3,46.44,0.49,45.429,39.667,10.794,5.009,0.243,,6.27,1.2664,0.3341,0.3749,0.3969,1.6066,0.3028,33.7069,0.0748,6,6,6,6,1,0
942.0,0.264927412,145.7004407,1223.391615,8.396622614,17.0,84.7,57.24,0.56,31.006,36.162,13.346,4.941,0.67,,3.83,0.4529,0.1428,0.1439,0.2593,1.6511,0.1755,24.1896,0.1472,6,6,6,6,0,0
943.0,0.918874802,7786.812902,36850.93541,4.732479883,14.1,78.4,55.09,2.44,82.248,255.637,125.501,54.722,6.78,3.542,7.53,3.2737,0.111,0.954,0.2208,,,187.7523,0.1752,6,6,0,6,0,0
944.0,0.546768293,342.6284791,2807.829025,8.194966839,15.9,95.9,53.59,0.3,26.446,37.833,12.284,6.473,0.747,,5.49,1.2604,0.2874,0.4875,0.1942,2.3371,0.1484,38.9011,0.1023,6,6,6,6,0,0
946.0,0.347900383,168.8582199,5968.051413,35.34356467,22.3,203.0,57.87,0.37,61.963,44.361,12.239,4.648,0.72,0.467,5.47,2.1399,0.1261,1.0231,0.1036,,,86.8749,0.0552,7,7,0,7,1,0
947.0,1.194788494,1602.231157,9337.866554,5.828039551,15.0,78.8,55.43,0.3,22.867,27.258,8.65,,0.13,,11.12,0.9496,0.1688,0.2532,0.2302,1.3901,0.1368,22.5084,0.148,5,5,5,5,0,0
948.0,0.440186047,298.1916798,3261.062023,10.9361268,18.9,88.2,45.53,0.4,41.057,32.045,12.963,5.488,,0.662,6.24,0.44,0.3468,0.1519,0.3766,0.7652,0.1553,28.5229,0.2158,5,5,5,5,1,0
949.0,0.45744186,83.51142359,2461.451761,29.47443182,25.0,135.0,45.48,0.1,52.293,20.023,14.406,,,,5.62,1.086,0.0338,0.2636,0.2218,0.445,0.2073,24.8071,0.1199,5,5,5,5,1,0
951.0,0.306419753,126.2015208,2683.51506,21.26372998,19.9,152.9,57.73,0.35,26.232,21.069,5.697,,,,5.84,0.8013,0.0882,0.2791,0.155,2.606,0.0644,29.604,0.0889,5,5,5,5,0,0
954.0,0.470644491,144.0220175,907.2826708,6.299610895,17.5,59.0,41.1,0.17,16.862,16.451,5.747,,,,5.88,0.3342,0.1085,0.0645,0.541,,0.1991,5.4592,0.2572,5,5,5,5,0,0
955.0,0.733876652,426.5103501,1947.439702,4.565984627,18.2,39.2,35.23,0.21,51.634,49.879,30.402,11.329,0.55,0.44,6.17,0.4829,0.1866,0.1326,0.1899,0.9188,0.0965,7.3403,0.1255,5,5,5,5,0,0
956.0,0.543071672,1159.529308,38240.47165,32.9793058,23.1,180.3,55.17,1.03,360.017,224.788,85.627,32.28,3.79,4.742,6.12,9.1283,0.0458,0.8914,0.1454,,,292.7079,0.0184,5,5,0,5,0,0
958.0,0.222381443,38.36349431,1843.290042,48.0480226,22.3,270.8,87.31,0.21,13.772,9.836,2.017,0.676,0.202,,5.83,0.1617,0.3441,0.1165,0.2644,2.0742,0.0421,13.0182,0.0732,5,5,5,5,1,0
959.0,0.383791045,315.4433084,1596.398069,5.06080816,16.8,52.6,42.2,0.56,29.074,34.434,12.324,4.776,0.54,0.335,5.59,0.841,0.4572,0.0989,0.9013,,0.6614,15.7257,0.0511,5,5,5,5,0,0
960.0,0.664509169,178.453654,1345.77411,7.541308793,17.7,68.6,42.57,0.11,23.816,20.272,7.683,4.812,0.338,,5.6,0.5506,0.1329,0.1737,0.186,0.2697,0.1799,9.372,0.1091,5,5,5,5,1,0
961.0,0.493535792,474.6097826,2231.619802,4.702009702,17.0,47.6,55.57,0.52,37.465,41.215,15.524,7.129,0.955,0.492,6.32,0.6578,0.3668,,0.429,0.2892,0.5598,9.1739,0.2125,5,5,5,5,0,0
962.0,0.985625518,186.9780642,8355.152686,44.68520264,19.7,328.2,68.86,0.05,10.562,4.75,3.081,1.953,,,11.33,0.5362,0.2382,0.4513,0.103,3.8968,0.0551,23.1813,0.0266,5,5,5,5,1,0
964.0,0.291211802,312.3056093,12693.85056,40.64560541,24.7,195.7,61.07,0.97,140.006,115.474,26.688,8.931,2.24,1.948,5.88,0.7312,0.1481,0.2492,0.0864,4.6137,0.0829,111.0119,0.0872,5,5,5,5,0,0
965.0,0.335213675,152.6111476,12430.86803,81.45452163,28.1,306.5,50.24,0.36,120.031,86.051,18.09,5.687,0.74,0.567,5.92,0.5232,0.4302,0.2876,0.1053,4.749,0.0343,146.2182,0.0249,5,5,5,5,0,0
966.0,0.200185185,22.49907407,219.0061385,9.734006734,18.4,81.6,44.03,0.15,32.553,26.741,10.442,4.102,0.788,0.25,1.88,0.6586,0.1513,0.2148,0.13,0.6956,0.0813,27.0092,0.0766,5,5,5,5,1,0
967.0,0.388395197,877.76028,1926.609061,2.194914836,14.3,34.3,43.1,1.55,23.63,43.604,19.845,8.659,1.19,0.508,6.03,1.4244,0.2487,0.5428,0.084,1.1995,0.0645,24.3132,0.0565,5,5,5,5,0,0
968.0,0.533806452,174.5395401,3602.815948,20.64183248,21.8,122.9,46.24,0.16,53.573,33.139,12.155,4.734,,,5.91,1.5666,0.0622,0.4857,0.3248,1.051,0.1585,30.8591,0.0411,5,5,5,5,0,0
969.0,0.526875,109.1197153,1031.016807,9.448492462,18.2,81.1,48.0,0.11,15.499,12.299,5.392,,,,5.62,0.4819,0.2651,0.1144,0.2288,0.3988,0.2039,9.4274,0.178,5,5,5,5,0,0
970.0,0.899711155,1325.124139,5001.624486,3.774457304,16.8,39.1,37.65,0.44,45.912,47.834,21.6,9.433,0.91,0.523,8.77,0.7761,0.0689,0.1538,0.3454,0.451,0.2921,13.0149,0.1407,5,5,5,5,1,0
971.0,0.787119691,483.2922948,5616.346859,11.62101469,18.3,99.9,47.12,0.21,10.359,10.239,3.047,1.235,,,14.99,0.1784,0.3689,0.0592,0.1793,0.3323,0.0932,8.2905,0.0154,5,5,5,5,1,0
973.0,0.373892617,689.0546788,2826.595969,4.102135949,16.1,48.4,44.04,1.29,37.108,37.545,21.446,10.122,1.04,,6.19,0.6732,0.2727,0.1311,0.0673,0.6242,0.0497,18.9658,0.0799,5,5,5,5,0,0
975.0,0.555223881,2031.264793,3943.808322,1.941553034,15.1,27.0,37.18,1.78,69.855,82.438,45.82,25.596,3.58,4.043,6.2,0.5171,0.1874,0.1076,0.0251,0.8811,0.0406,17.9392,0.0461,5,5,5,5,0,0
976.0,0.458608414,69.44148888,1229.821059,17.71017699,21.8,105.6,46.46,0.09,55.103,26.309,10.372,5.72,0.462,,3.83,1.4526,0.1336,0.5685,0.2137,1.3449,0.1243,22.8874,0.2083,5,5,5,5,1,0
977.0,0.417932605,365.3745818,782.8657246,2.142638716,15.2,28.4,36.58,0.55,34.999,35.325,19.039,9.392,1.22,,4.21,0.8702,0.4344,0.233,0.7745,0.368,0.1278,9.4917,0.2632,5,5,5,5,0,0
979.0,0.606521739,1031.224303,8601.199787,8.340765208,18.0,74.9,52.43,0.74,68.522,70.762,25.584,9.335,1.3,1.261,7.75,1.7953,0.4417,0.6276,0.6214,4.0868,0.5074,46.0988,0.696,5,5,5,5,1,0
980.0,0.703920705,3655.459873,13575.84146,3.71385323,15.9,45.2,43.64,1.95,86.897,145.056,54.194,23.668,2.99,3.108,8.41,1.1957,0.1797,0.434,0.1394,2.3183,0.083,34.8436,0.0801,5,5,5,5,0,0
981.0,0.776261128,1822.473781,118468.3094,65.00412279,22.2,378.8,91.71,0.81,254.049,180.912,56.332,17.786,4.02,4.292,8.72,10.2618,0.1112,,,,,462.5096,0.064,5,0,0,5,0,0
982.0,0.504350649,1161.150016,14611.85737,12.58395312,20.5,87.4,48.85,1.23,104.794,97.545,31.713,11.575,1.32,,8.63,2.3655,0.1894,0.6771,0.2879,3.0654,0.0727,83.327,0.1028,5,5,5,5,1,0
983.0,0.526278814,310.8735578,42633.10754,137.1397035,30.1,459.7,57.29,0.3,130.637,54.472,14.624,4.638,1.08,,9.22,1.4975,0.184,1.2016,0.0922,,,184.916,0.0462,5,5,0,5,0,0
984.0,0.542421525,445.83505,19055.22646,42.7405303,24.4,206.5,55.93,0.4,93.819,70.488,15.133,6.491,1.6,,8.64,3.5672,1.2707,2.4072,0.2153,16.0304,0.0826,,0.1788,5,5,5,5,1,0
985.0,0.864661654,142.83241,928.4548307,6.500309215,17.4,62.4,44.39,0.05,4.322,4.355,1.408,0.691,0.348,,11.25,0.1699,0.1595,0.0686,0.1519,0.1495,0.0701,2.1461,0.2363,5,5,5,5,0,0
986.0,0.378173077,335.1732803,561.3656805,1.674852124,13.5,29.9,40.8,0.63,10.318,18.308,8.193,4.12,,,5.13,0.2031,0.0974,0.0416,0.2844,0.1051,0.2477,4.137,0.0251,5,5,5,5,0,0
987.0,0.882866972,779.8305935,4697.526304,6.023777912,17.5,56.6,41.79,0.27,19.248,22.889,7.316,2.613,0.543,,12.69,0.1631,0.7627,0.0298,0.7337,0.3572,0.234,,0.2202,5,5,5,5,1,0
988.0,1.034036697,590.4247108,19764.73862,33.47545972,21.6,202.8,48.81,0.15,82.098,52.73,17.235,8.964,1.0,1.053,8.67,1.1134,0.3893,0.58,0.1871,2.0332,0.1196,54.6382,0.1237,5,5,5,5,0,0
989.0,0.136923077,17.60009661,82.1656684,4.668478261,15.6,57.3,48.78,0.24,11.417,17.625,5.79,2.184,,,1.78,0.3355,0.4873,0.1446,0.1267,0.495,0.0739,10.4251,0.085,5,5,5,5,0,0
990.0,0.645746835,160.191732,4615.431221,28.81191908,20.1,201.1,50.22,0.1,9.994,7.528,2.137,1.043,,,11.09,0.2139,0.1999,0.0823,0.1081,0.43,0.0428,10.5716,0.1021,5,5,5,5,0,0
991.0,0.710471807,1532.600863,3073.032916,2.005109739,13.9,33.6,47.05,0.81,36.783,57.436,26.29,14.329,2.46,1.928,6.3,0.5477,0.7074,0.1309,0.2104,0.982,0.0458,17.2311,0.1451,5,5,5,5,0,0
992.0,0.544153257,317.5046027,5601.159907,17.64119279,19.9,126.4,51.4,0.28,29.238,26.761,8.354,2.683,,,8.66,0.8262,0.0388,0.2515,0.1512,1.3112,0.0759,22.9692,0.0895,5,5,5,5,0,0
993.0,0.644357977,1748.095553,1204.302551,0.68892261,12.0,17.1,38.62,1.13,16.841,46.208,27.873,12.908,1.67,0.957,5.52,0.3065,0.3193,0.0248,0.2937,0.2245,0.1038,4.2175,0.1256,5,5,5,5,0,0
995.0,0.709471007,215.7320069,1707.060059,7.9128734,17.9,70.9,43.61,0.11,13.196,10.334,3.651,,,,8.61,0.3024,0.1559,0.0687,0.2617,0.1014,0.436,5.2042,0.0794,5,5,5,5,1,0
996.0,0.499402122,108.2714402,467.751019,4.320169918,15.8,51.7,41.72,0.12,13.579,14.623,5.918,3.492,,,4.28,0.3497,0.1903,0.1207,0.2768,0.1648,0.2623,6.5383,0.1635,5,5,5,5,0,0
998.0,1.314691806,677.412471,1413.422329,2.086501784,14.8,29.2,36.49,0.1,6.547,8.215,3.411,,,,12.59,0.1268,0.1453,0.0362,0.1415,0.0677,0.1098,2.0453,0.1055,5,5,5,5,0,0
1001.0,0.34719603,50.91895154,1557.345063,30.58478261,21.4,187.9,50.41,0.11,29.058,19.253,6.172,2.377,,,4.24,0.7028,0.2533,0.3539,0.1411,1.6954,0.1193,28.6451,0.1252,7,7,7,7,0,0
1002.0,0.623430421,141.4057494,696.3168291,4.924246943,15.3,69.3,46.53,0.1,7.669,8.706,2.227,,0.249,,6.02,0.101,1.0332,0.0368,0.8017,0.091,0.7273,,0.6278,7,7,7,7,0,0
1003.0,0.367072634,75.49982544,1108.12106,14.67713407,18.3,125.0,48.15,0.15,20.943,19.491,7.287,2.273,,0.17,4.24,0.2803,0.3974,0.0741,0.6611,0.447,0.4588,14.4047,0.1899,7,7,7,7,0,0
1004.0,0.241949318,99.69460081,1890.75187,18.96543899,22.0,111.9,46.19,0.45,57.54,50.398,12.607,4.261,1.04,0.926,4.28,0.1255,0.2797,0.0361,0.5933,0.7732,0.3651,27.8788,0.2444,6,6,6,6,0,0
1007.0,0.097428361,15.33057175,138.1935744,9.014247914,17.2,88.4,47.22,0.43,17.711,21.054,6.797,2.742,,0.304,1.7,0.4394,0.1202,0.125,0.4594,0.461,0.244,10.3327,0.1765,6,6,6,6,0,0
1008.0,0.359291339,33.11368963,33.9990824,1.026737968,12.3,23.5,40.72,0.07,5.167,13.927,6.579,2.555,,,1.69,0.153,0.4309,0.0646,0.4857,0.0762,0.5212,3.5826,0.3484,6,6,6,6,0,0
1009.0,0.775229167,523.8502999,849.8454826,1.622305996,13.6,28.0,38.8,0.23,14.522,21.255,7.108,,,,5.86,0.2756,0.4764,0.1027,0.5478,0.1638,0.4781,4.7589,0.1854,6,6,6,6,0,0
1010.0,0.526109325,266.7926262,13414.42943,50.28036053,23.2,267.2,55.13,0.26,101.215,56.052,17.502,5.454,,1.433,6.06,3.1634,0.3274,0.7483,0.351,4.4347,0.216,99.1787,0.1323,6,6,6,6,0,0
1011.0,0.532298137,100.5074578,3208.52547,31.92325764,22.6,176.7,47.5,0.09,17.876,10.903,3.357,,,,8.57,0.3486,0.3981,0.1252,0.4868,0.398,0.3745,12.0278,0.1821,6,6,6,6,0,0
1013.0,0.964217791,587.1227855,18622.77968,31.71871393,21.6,192.1,55.59,0.17,37.383,22.922,6.846,2.893,,,12.83,0.5251,0.3535,0.1337,0.4556,1.576,0.28,30.5545,0.0767,6,6,6,6,0,0
1015.0,0.833333333,5302.815571,132396.7782,24.96726058,20.1,183.3,59.51,2.03,191.752,169.613,65.269,,5.112,,12.5,1.7946,0.2605,0.7848,0.5151,,,,0.2698,6,6,0,6,1,0
1016.0,0.490801217,504.6072609,4161.045152,8.246106377,17.1,83.1,48.06,0.56,22.71,18.949,9.555,,,,8.49,0.6886,0.303,0.173,0.4981,0.5324,0.2992,17.3178,0.2591,6,6,6,6,0,0
1017.0,0.64,7977.0,86013.0,10.78262505,25.0,56.2,39.21,5.11,954.609,1025.118,289.099,148.401,17.8,12.445,8.0,5.4051,0.5346,2.2926,0.4455,15.5256,0.3828,487.9166,0.272,6,6,6,6,1,0
1018.0,0.016744186,0.062303948,1.495294754,24.0,22.3,163.7,49.52,0.04,11.14,7.619,2.186,0.856,,,0.24,0.1552,0.4445,0.0781,0.5492,0.2997,0.3681,5.3195,0.4117,6,6,6,6,1,0
1019.0,1.213848039,633.1526576,1821.901584,2.877507599,15.2,37.3,40.06,0.11,13.363,22.929,9.259,3.349,,,8.49,0.1449,0.4759,0.0376,1.0807,0.0651,0.9371,2.126,0.7039,6,6,6,6,1,0
1020.0,0.509781022,2190.228113,1900.686679,0.867803069,13.3,16.8,40.46,2.21,35.329,63.197,33.965,20.569,3.41,3.421,5.82,1.3214,0.2847,0.2486,0.4347,1.6246,0.329,42.8513,0.1465,6,6,6,6,0,0
1021.0,1.080871671,3304.026927,122249.7976,37.00024252,22.5,211.1,55.63,0.75,234.995,154.199,51.03,15.61,3.03,5.131,12.4,2.7813,0.3461,0.6255,0.5501,,,136.8548,0.4753,6,6,0,6,0,0
1023.0,0.724075547,8141.1683,26985.31533,3.314673563,15.2,47.4,52.72,4.11,139.732,261.454,95.409,39.33,5.45,4.73,8.47,0.9545,0.2221,0.3604,0.351,5.3233,0.2091,102.1272,0.17,6,6,6,6,0,0
1025.0,0.273533597,161.4499928,1187.790966,7.357020866,16.8,77.1,47.03,0.58,23.256,29.027,10.166,4.22,,0.316,4.38,0.1863,0.2816,0.0541,0.7448,0.5412,0.3579,10.6331,0.3164,6,6,6,6,0,0
1026.0,0.79206544,788.3604016,5795.886917,7.351823994,18.1,64.8,44.99,0.34,50.003,43.246,16.557,5.427,,0.923,8.42,,0.4797,0.175,0.6233,1.3304,0.5108,28.4644,0.689,6,6,6,6,0,0
1027.0,1.191044776,1951.329918,3274.564491,1.678119349,13.1,32.3,45.9,0.37,19.784,63.947,14.784,7.779,,1.286,8.4,0.5209,0.5657,0.0479,0.6506,,0.8462,10.3883,0.1792,6,6,6,6,0,0
1029.0,0.451427061,214.8380463,914.5339758,4.256852973,15.9,50.2,50.11,0.28,15.142,15.481,6.713,4.371,0.76,,5.85,0.441,0.2709,0.119,0.4565,0.5916,0.3773,6.4925,0.2928,6,6,6,6,0,0
1030.0,0.424098361,1096.657631,17069.85324,15.56534397,19.9,115.4,48.43,1.66,172.788,169.084,56.191,20.407,3.35,3.678,5.97,2.1084,0.3711,0.8161,0.4591,6.9798,0.2461,126.6185,0.2554,6,6,6,6,1,0
1032.0,0.013090909,0.019041322,0.171371901,9.0,17.9,59.8,41.83,0.04,1.891,1.838,0.546,0.226,,,0.24,,0.1486,0.0189,0.5761,0.0293,0.4348,0.3353,0.5396,5,5,5,4,0,0
1035.0,0.565241779,453.5131143,1859.747711,4.100758397,16.0,47.6,42.92,0.38,32.5,33.227,13.64,7.393,1.101,1.394,5.73,0.5399,0.6239,0.1533,0.7642,0.3093,0.6312,14.0281,0.5888,6,6,6,6,1,0
1036.0,0.50315197,2980.155902,3931.90588,1.319362479,13.0,27.5,46.89,3.15,20.805,114.212,61.88,21.871,4.18,3.531,5.83,3.947,0.6341,1.1958,0.7208,7.2072,0.4925,155.4844,0.5795,6,6,6,6,1,0
1037.0,0.448712871,110.3782505,2480.459981,22.47236181,22.5,125.7,45.09,0.14,81.948,42.042,26.573,6.853,0.47,0.712,4.12,3.3724,0.3414,1.0373,0.5842,1.886,0.4494,50.9072,0.3623,6,6,6,6,0,0
1038.0,0.550574521,1604.377206,58014.35798,36.16004875,25.8,162.6,51.06,1.41,228.44,158.934,44.433,14.432,2.72,4.626,10.84,0.9013,0.3046,0.4723,0.4875,7.8471,0.4467,169.3305,0.3379,6,6,6,6,1,0
1041.0,0.399071926,692.1768294,13040.07795,18.83922922,19.9,138.1,54.0,1.17,204.188,207.302,72.722,25.785,3.49,6.605,4.3,4.6426,0.6167,1.6278,0.4615,,,227.6904,0.3198,6,6,0,6,1,0
1042.0,1.223683703,3334.869646,935.5920031,0.280548298,12.1,6.8,18.29,0.59,21.456,44.712,20.425,15.013,1.14,1.834,8.24,0.1341,0.5049,0.041,0.5327,0.096,0.4856,4.7392,0.3447,6,6,6,6,0,0
1043.0,1.0,379.0,8496.2,22.41741425,20.4,152.3,53.32,0.1,24.369,8.348,5.689,,,,12.34,0.6571,0.4065,0.2424,0.5902,0.935,0.3687,15.5428,0.1453,6,6,6,6,0,0
1044.0,0.332962963,1244.08011,11085.27984,8.910422849,19.9,68.7,45.52,3.0,148.039,184.451,66.237,22.279,3.63,5.275,5.8,1.3021,0.4943,,0.4937,1.2955,0.6301,,0.6751,6,6,6,6,0,0
1045.0,0.868394649,1592.84635,2277.968583,1.430124496,12.0,35.6,46.79,0.56,22.962,38.929,18.667,3.705,,1.317,5.77,3.1166,0.3989,0.8469,0.4667,2.1949,0.4346,76.6024,0.3894,6,6,6,6,0,0
1047.0,0.449103393,59.43793497,590.4644938,9.9341354,18.3,84.8,44.83,0.08,14.526,14.064,5.032,1.967,,,4.31,0.536,0.3826,0.1433,0.4515,0.1881,0.4467,8.1022,0.2909,6,6,6,6,0,0
1049.0,0.999407604,978.1347551,4167.013787,4.2601633,16.9,43.2,49.24,0.26,26.045,28.089,12.394,4.09,,0.648,10.37,,0.4368,0.1172,0.4873,0.4408,0.6317,4.9906,0.5505,6,6,6,6,1,0
1050.0,0.902834646,1786.130603,107830.9409,60.37125208,19.7,444.1,54.85,0.58,163.791,134.087,49.78,17.775,2.45,2.92,8.19,6.2562,0.3755,1.8473,0.3654,,,340.054,0.1177,6,6,0,6,0,0
1051.0,0.5421,1492.93367,77100.83692,51.64384625,21.4,329.2,102.81,1.38,335.871,656.042,172.768,87.1,8.95,,4.17,25.726,0.1744,,,,,1156.4808,0.327,6,0,0,6,1,0
1052.0,0.481487437,1553.000142,18058.49378,11.62813401,22.1,70.2,45.44,1.81,201.993,134.495,53.23,17.15,3.016,6.263,8.26,1.4481,0.6238,,,,,299.0443,0.1275,6,0,0,6,0,0
1053.0,0.436231884,379.8760765,453.0518799,1.192630723,13.0,23.6,38.93,0.53,13.923,22.185,12.574,6.27,,0.471,4.2,0.2252,0.2817,0.0413,0.3038,0.1221,0.257,4.3086,0.247,6,6,6,6,0,0
1054.0,1.075770065,144.7767842,3847.781267,26.5773362,25.7,128.1,39.14,0.03,46.136,24.375,7.233,3.767,,0.114,8.13,0.3928,0.5661,0.0923,0.55,0.1099,0.5633,10.6161,0.4095,6,6,6,6,1,0
1055.0,0.597876858,198.9749415,417.8473772,2.1,13.9,34.8,41.81,0.15,11.025,16.619,6.606,,,,4.4,0.271,0.3761,0.0606,0.5692,0.0874,0.5636,3.7249,0.3628,6,6,6,6,0,0
1056.0,0.225159915,83.26276022,1445.656275,17.36257928,20.3,119.6,53.4,0.42,32.75,33.507,9.575,2.989,0.878,0.702,4.4,0.5325,0.1912,0.1417,0.4157,1.4318,0.2557,14.981,0.2805,6,6,6,6,0,0
1058.0,0.263918919,1680.180312,6551.317797,3.899175434,20.9,29.3,32.04,6.24,300.08,416.464,152.593,57.431,11.11,10.605,4.34,3.2005,0.3626,0.6197,0.4607,7.7605,0.2107,153.0375,0.4655,6,6,6,6,1,0
1059.0,0.210383795,42.25326535,1339.470347,31.7009901,23.9,158.3,53.86,0.26,35.739,21.986,6.104,1.825,0.445,,4.29,1.2117,0.3503,0.4199,0.4027,2.015,0.3037,25.3536,0.2787,6,6,6,6,0,0
1061.0,0.426835443,368.9809054,784.9849988,2.127440709,13.6,37.5,43.85,0.53,10.698,10.068,7.742,4.291,,1.09,5.62,0.192,0.3991,0.0138,0.5742,0.0982,0.2253,4.2746,0.2294,6,6,6,6,0,0
1062.0,0.759630996,1672.103604,1674.59411,1.001489444,12.2,23.7,46.15,0.78,21.574,51.279,22.634,13.917,2.18,5.037,5.64,0.3296,0.3685,0.0608,0.4895,0.6632,0.25,11.7628,0.1743,6,6,6,6,0,0
1063.0,0.403421053,308.7978359,1493.337846,4.835972513,15.9,56.9,44.65,0.5,35.186,44.984,16.479,8.282,0.97,0.719,4.38,0.9242,0.2627,0.2306,0.5283,0.8567,0.3328,22.3278,0.239,6,6,6,6,0,0
1064.0,0.444356436,179.0938122,2688.768692,15.01318588,17.7,136.6,54.11,0.24,24.517,19.422,8.338,,0.621,,5.61,0.8144,0.3436,0.2357,0.4518,1.3101,0.3383,23.0164,0.1974,6,6,6,6,0,0
1066.0,0.402923077,373.0236923,1537.853538,4.122669874,15.4,52.8,47.69,0.62,37.556,34.91,20.727,8.47,1.51,1.784,4.32,0.888,0.6026,0.2535,0.461,0.8375,0.3515,,0.1922,6,6,6,6,1,0
1068.0,0.2725,139.7987564,4950.164094,35.40921409,24.1,176.2,52.99,0.51,111.972,71.092,22.373,7.94,0.8,0.803,4.36,1.7881,0.2662,0.4511,0.4744,3.9516,0.2514,79.6764,0.1167,6,6,6,6,1,0
1069.0,0.274273319,187.2148766,5716.538725,30.53463927,22.1,179.4,52.57,0.68,103.017,72.189,19.812,6.801,1.76,4.234,4.36,0.466,0.4151,0.1482,0.5204,2.2878,0.3431,85.5202,0.1913,6,6,6,6,0,0
1070.0,0.539047619,287.3485301,2388.195113,8.311144353,17.4,78.2,44.75,0.26,35.373,28.901,10.747,,,,5.66,0.425,0.5631,0.128,0.6772,0.2523,0.4874,17.8485,0.1975,6,6,6,6,0,0
1071.0,0.313333333,222.0416021,1063.495247,4.78962157,16.1,55.1,50.89,0.6,28.947,39.504,14.362,5.458,0.94,1.188,4.23,1.1359,0.9875,0.1653,1.6756,0.4585,1.6697,6.6661,0.803,6,6,6,6,0,0
1072.0,0.57356091,200.9372631,1397.539169,6.955102041,14.9,95.7,49.26,0.16,15.617,23.706,7.798,3.73,,0.502,4.51,0.2737,0.6932,0.0831,0.643,0.2743,0.5754,13.6914,0.4633,6,6,6,6,1,0
1073.0,0.350902318,107.1667047,856.522264,7.992428868,16.7,83.3,46.7,0.23,17.367,20.907,6.127,3.001,0.681,0.551,4.37,0.3141,0.2552,,,0.2877,0.3327,11.8587,0.0721,7,0,7,7,0,0
1074.0,0.339801784,201.7357974,256.6840108,1.272377109,13.3,23.4,36.89,0.47,8.332,12.623,6.222,3.491,0.467,,4.34,0.0688,0.2619,0.0338,0.1256,0.0618,0.3624,2.8783,0.1418,7,7,7,7,0,0
1075.0,0.342631579,130.2436195,4278.858078,32.85272702,21.6,199.7,50.64,0.29,67.526,44.945,14.492,6.011,0.87,0.912,4.34,0.7946,0.5506,0.3623,0.3206,1.9837,0.269,72.5768,0.1554,7,7,7,7,1,0
1076.0,0.493589744,261.268902,19667.97502,75.27866831,26.5,313.2,53.67,0.29,279.396,136.283,51.924,13.102,2.29,6.3,4.55,7.737,1.059,3.2211,1.3366,,1.3262,,0.6619,7,7,7,7,0,0
1078.0,0.450396825,248.2973356,3402.647213,13.70392157,18.5,115.0,49.13,0.32,61.778,40.791,20.725,,,,4.54,1.215,0.2117,0.3401,0.3725,1.0151,0.6309,,0.2667,7,7,7,7,0,0
1079.0,0.559080068,1048.425878,9262.369283,8.834548514,18.6,74.1,51.4,0.91,41.483,37.61,12.345,4.613,0.67,,10.76,0.323,0.1688,0.1335,0.3953,1.4418,0.2445,15.9275,0.1463,7,7,7,7,0,0
1080.0,0.6075028,142.7345583,960.1455892,6.726791329,16.5,72.3,44.5,0.1,24.162,15.069,9.974,3.94,,1.017,4.34,0.6282,0.2849,0.2322,0.4614,0.4195,0.315,13.1429,0.3414,7,7,7,7,0,0
1081.0,0.45105673,1763.848963,121975.7629,69.15317892,28.6,264.3,54.15,2.29,526.688,422.406,113.696,34.586,5.43,18.074,8.11,4.6017,0.4909,4.0877,0.4286,,,645.626,0.1666,7,7,0,7,0,0
1082.0,0.148722045,9.255855168,98.08120426,10.59666584,18.4,89.3,46.75,0.11,12.805,12.599,3.854,1.624,0.056,,1.9,0.3701,0.1987,0.145,0.4542,0.3144,0.3751,7.3769,0.1948,7,7,7,7,1,0
1083.0,1.198799368,1331.102881,20057.88395,15.06862034,21.2,94.5,43.04,0.25,85.019,48.915,20.499,6.66,0.94,0.693,12.44,0.7827,0.5631,,0.3606,0.426,0.384,21.2514,0.3429,7,7,7,7,1,0
1084.0,0.176453901,43.14831668,6468.787949,149.9198218,33.0,432.6,51.37,0.38,20.042,9.737,1.157,,1.442,,12.44,0.4114,0.3527,0.1092,0.4242,0.2611,0.2667,9.7687,0.166,7,7,7,7,0,0
1085.0,0.54180602,3368.203264,54875.88047,16.29233041,21.9,103.1,48.35,3.06,323.516,324.069,114.056,43.906,5.76,15.651,8.1,1.914,0.3938,1.3096,0.4497,,,231.7363,0.193,7,7,0,7,1,0
1086.0,0.656400426,1449.756514,19998.35984,13.79428865,19.7,102.9,47.62,0.91,137.742,99.35,32.758,26.902,2.7,,8.11,1.8258,0.3086,0.7216,0.447,3.3469,0.0766,60.8895,0.2948,7,7,7,7,0,0
1087.0,0.556052367,655.3660664,32730.12211,49.94174064,22.1,292.6,54.44,0.56,101.156,92.76,25.597,7.392,1.06,0.677,8.12,3.4898,0.1958,1.641,0.3389,,,151.2574,0.126,7,7,0,7,0,0
1088.0,0.605403141,1318.145774,4086.859927,3.100461274,16.9,32.3,40.43,0.96,46.68,55.9,26.492,10.748,1.33,1.101,8.03,,1.5157,,1.1833,,0.8641,,0.8295,7,7,7,7,1,0
1090.0,0.11179828,21.14651723,63.91819718,3.022634719,14.6,43.7,47.94,0.45,8.941,10.622,4.71,1.833,,0.19,1.81,0.2052,0.2621,0.0502,0.4003,0.1554,0.2245,4.8279,0.0727,7,7,7,7,0,0
1091.0,0.28849711,958.6673427,15419.39642,16.08419911,23.6,88.3,45.27,2.98,139.405,148.521,37.235,11.699,2.68,7.404,8.05,0.6974,0.5485,,1.8841,,1.5747,51.0392,0.2926,7,7,7,7,0,0
1093.0,0.834949267,1569.554011,20759.52625,13.22638539,15.8,160.3,57.05,0.59,48.655,55.754,16.421,,,,8.05,,0.6171,0.3975,0.9102,,,,0.6062,7,7,0,7,0,0
1094.0,0.431917098,2938.361922,3045.240889,1.036373657,13.2,21.6,31.61,4.17,125.222,196.394,79.79,31.619,4.55,20.463,5.21,,2.0827,,,,,,2.1046,7,0,0,7,0,0
1095.0,0.301506024,185.0673477,301.0161731,1.626522327,13.9,26.8,39.23,0.54,8.871,13.911,5.805,4.058,,0.498,4.55,0.1145,0.382,0.0413,0.5377,0.1442,0.3579,2.0323,0.306,7,7,7,7,0,0
1097.0,0.307592593,1248.30349,21098.74427,16.90193486,26.4,76.7,39.69,3.6,731.514,650.781,220.538,61.972,9.61,14.246,4.53,,0.8934,0.6267,0.6554,,0.2751,,2.2127,7,7,7,7,0,0
1099.0,0.316636528,735.721864,8683.911715,11.80325357,19.3,93.8,51.01,1.99,117.226,126.31,48.761,17.987,2.5,1.562,5.15,2.0724,0.446,0.979,0.4505,4.9456,0.2096,73.8824,0.1593,7,7,7,7,1,0
1100.0,0.402711864,93.98746917,793.8590383,8.446434885,18.2,73.1,43.63,0.15,24.359,18.995,6.776,2.594,,0.48,4.32,0.3356,0.3791,0.1366,0.3726,0.1982,0.4137,10.8684,0.1776,7,7,7,7,0,0
1103.0,0.809478261,728.5805974,6737.725679,9.247742395,15.8,110.0,52.07,0.29,14.765,19.287,6.937,2.515,,0.423,10.7,0.6314,0.2671,0.2194,0.26,0.7434,0.2227,15.6023,0.133,7,7,7,7,0,0
1104.0,0.171383855,31.76452453,299.5079316,9.429007234,16.3,104.6,50.66,0.29,20.728,20.138,7.254,6.847,,0.723,2.02,0.5907,0.2628,0.2119,0.3478,1.1544,0.2041,23.7932,0.084,7,7,7,7,0,0
1105.0,0.837337165,817.9792799,13303.06595,16.26332876,20.0,115.2,46.36,0.31,92.782,71.675,24.366,9.826,0.86,1.173,8.02,1.4589,0.6547,0.519,0.6253,0.9533,0.5147,,0.3935,7,7,7,7,1,0
1106.0,0.439437148,742.0990844,1673.120977,2.254578953,14.2,35.9,54.06,1.01,33.371,51.936,26.715,11.159,1.47,1.952,4.78,1.0149,0.2028,0.4531,0.2865,2.3826,0.211,22.2746,0.1944,7,7,7,7,0,0
1109.0,0.350240124,37.69489854,263.5714622,6.992231638,16.7,72.7,48.22,0.08,5.099,5.651,1.939,0.668,,,4.71,0.1628,0.4182,0.0569,0.6774,0.2566,0.2868,3.1961,0.1881,7,7,7,7,0,0
1111.0,0.612421875,541.7448486,4700.497137,8.676588526,17.1,87.0,52.54,0.39,60.384,91.719,27.467,19.302,1.0,,4.68,3.5207,0.3787,1.3238,0.3943,3.4924,0.2837,89.1409,0.1762,7,7,7,7,0,0
1112.0,0.095868644,3.624850303,52.50886094,14.48580122,20.0,101.0,57.61,0.1,8.349,6.427,1.655,,,,1.81,0.1579,0.2125,0.0659,0.5222,0.3858,0.2219,3.6454,0.2049,7,7,7,7,0,0
1113.0,0.088591118,3.044616554,84.95576172,27.90359976,21.8,167.2,61.13,0.1,10.627,8.228,2.343,,,,1.78,0.3074,0.2915,0.117,0.3422,0.2793,0.2728,7.1779,0.1261,7,7,7,7,0,0
1114.0,0.131775701,18.18040877,194.5781291,10.70262674,17.2,105.5,54.15,0.28,20.863,15.568,7.852,3.785,0.94,1.328,1.8,0.5167,0.4282,0.2663,0.3579,0.4755,0.3057,17.8583,0.1562,7,7,7,7,1,0
1117.0,0.521316501,226.0582453,2926.565219,12.94606713,17.9,115.9,49.78,0.22,57.778,43.229,18.782,7.445,,2.181,4.22,1.0131,0.3575,0.5714,0.4068,2.3,0.3413,38.1254,0.2859,7,7,7,7,1,0
1119.0,0.644330118,738.1763434,1939.312164,2.627166504,14.3,40.1,45.23,0.47,14.566,20.319,8.173,4.308,,,7.91,0.2095,0.505,0.0811,0.4072,0.3271,0.2577,9.2354,0.161,7,7,7,7,0,0
1120.0,0.709237473,1003.34245,9480.434093,9.448851775,18.1,83.0,46.77,0.53,68.13,53.937,26.153,,1.21,,7.94,1.7623,0.2368,0.6253,0.3368,1.2809,0.3278,57.1434,0.1655,7,7,7,7,0,0
1122.0,0.468240838,227.4518222,3894.247364,17.1211966,18.6,141.6,50.98,0.28,58.951,40.434,17.121,6.565,,1.041,4.61,4.3972,0.4384,1.8768,0.5165,3.2352,0.3583,87.3779,0.3409,7,7,7,7,1,0
1123.0,0.509207807,2920.679681,2670.234127,0.914250934,14.5,14.5,27.0,2.97,38.178,75.608,36.027,16.164,3.12,2.275,7.92,1.0188,0.4116,0.3871,0.446,0.9103,0.3401,25.5176,0.316,7,7,7,7,1,0
1124.0,0.108346457,3.48500217,42.37028954,12.15789474,18.1,108.7,53.87,0.08,5.184,5.791,1.762,0.676,,,1.72,0.1663,0.4794,0.0687,0.4778,0.2928,0.2921,4.3101,0.2972,7,7,7,7,1,0
1126.0,1.042330595,766.8696451,2809.396194,3.663459901,15.2,48.3,41.9,0.19,23.176,24.578,11.028,6.208,,0.402,7.87,0.4469,0.1823,0.1785,0.4637,0.212,0.3723,8.4458,0.2774,7,7,7,7,0,0
1127.0,1.152904656,742.2059577,8309.12756,11.19517766,19.0,87.6,42.78,0.15,29.366,23.539,8.261,4.371,,1.262,12.38,1.0073,0.4026,0.3066,0.577,0.7747,0.3589,16.3737,0.3755,7,7,7,7,0,0
1128.0,0.683912543,1512.693097,24206.40971,16.00219486,18.4,138.0,52.98,0.85,108.117,113.317,37.391,15.51,2.18,2.818,7.82,3.2616,0.1866,1.4642,0.2623,7.7972,0.1541,116.2736,0.1124,7,7,7,7,0,0
1129.0,0.755773672,134.8745793,1427.647422,10.585,16.7,110.9,70.05,0.06,19.663,24.275,6.904,3.258,,,4.25,0.5263,0.7312,0.5105,0.8975,4.6867,0.3292,30.5694,0.3953,7,7,7,7,1,0
1132.0,0.960766667,675.3166388,5574.845987,8.255158642,17.0,82.8,45.44,0.19,37.113,40.702,13.89,5.529,,,7.79,1.1723,0.3524,0.4296,0.3743,0.6024,0.2681,27.6366,0.1566,7,7,7,7,0,0
1133.0,0.804794521,1568.780171,471.9747783,0.30085463,10.8,10.1,34.38,0.64,5.047,20.112,10.837,4.547,,,7.05,0.0753,0.0971,0.0183,0.5185,0.0414,0.2641,1.1675,0.3679,7,7,7,7,0,0
1134.0,0.167081545,58.82696126,6757.662654,114.8735632,30.9,371.1,50.92,0.55,82.635,56.671,11.18,3.705,1.23,1.056,4.58,,0.4908,0.2738,0.8574,2.5557,0.5981,,1.0144,7,7,7,7,1,0
1136.0,0.826444201,416.8026647,908.1712634,2.17889985,14.4,32.4,40.33,0.16,8.751,15.699,5.333,2.737,,,7.63,0.1765,0.4484,0.0658,0.5486,0.0906,0.5734,1.9802,0.7989,7,7,7,7,1,0
1140.0,0.3744,57.10848,346.112,6.060606061,14.4,91.0,49.35,0.12,4.252,7.858,2.743,1.183,,,4.16,0.1593,1.2333,0.1169,0.8059,0.2106,0.5563,8.3846,0.4047,7,7,7,7,0,0
1141.0,1.058068057,757.4801638,2980.771179,3.935114504,14.2,61.7,46.15,0.18,15.393,22.712,6.716,,,,7.65,0.9046,1.0709,0.4107,1.2117,0.3557,1.2555,13.4093,0.9868,7,7,7,7,0,0
1142.0,0.830717489,2753.407921,5141.851083,1.867449804,17.1,19.1,24.54,1.06,108.18,191.245,67.242,26.877,3.34,,7.8,7.13,1.1146,2.2979,1.7467,,,245.9005,1.2866,7,7,0,7,0,0
1143.0,0.513333333,439.1271111,14902.70756,33.93711565,23.3,179.5,48.76,0.44,314.215,167.926,67.702,24.627,2.83,1.425,4.34,6.19,0.4586,2.6966,0.3587,12.5436,0.1398,174.4382,0.257,7,7,7,7,1,0
1144.0,0.886045142,554.6629028,430.9731294,0.777000097,12.6,16.7,34.27,0.19,14.385,37.344,16.962,5.912,0.4,,4.32,0.2044,0.3738,0.0615,0.4967,0.0631,0.4215,3.7489,0.1765,7,7,7,7,0,0
1145.0,0.533470226,595.3079511,1794.738253,3.014806454,13.5,53.8,47.3,0.56,25.2,45.791,22.783,10.943,1.05,1.119,4.33,1.6835,0.3159,0.6935,0.3107,0.8202,0.3694,27.4598,0.3423,7,7,7,7,0,0
1146.0,0.792430087,504.0306513,280.5392265,0.5565916,13.4,10.2,20.75,0.21,27.681,30.712,13.721,6.827,0.353,0.53,4.75,0.2692,0.6191,0.1073,0.4785,0.189,0.3453,9.3155,0.2602,7,7,7,7,0,0
1147.0,0.902175227,714.9741915,1538.686391,2.15208662,13.8,35.7,41.54,0.23,14.869,23.576,9.564,5.005,0.36,,7.11,0.2498,0.3398,0.1049,0.3048,0.1087,0.3235,8.1317,0.0788,7,7,7,7,0,0
1148.0,0.330492958,470.4113408,19130.36375,40.66730986,23.9,208.7,77.03,1.14,272.771,88.79,55.508,19.204,3.36,,4.94,5.2559,0.6098,,,,,272.8993,0.6886,7,0,0,7,0,0
1150.0,0.223326316,79.22794903,2792.287323,35.24371585,21.5,218.4,50.35,0.44,39.18,24.109,9.109,,,,4.42,1.3423,0.678,0.3926,0.6117,1.2228,0.364,,0.2335,7,7,7,7,1,0
1152.0,0.423732057,251.646107,2061.447311,8.191850594,17.2,80.9,72.19,0.37,45.334,43.303,18.269,6.957,,1.925,4.32,2.57,0.3778,0.9741,0.5327,3.4237,0.2993,46.3839,0.4037,7,7,7,7,1,0
1153.0,0.517881944,1927.601752,8992.310464,4.665025052,15.6,59.9,45.59,1.89,47.596,58.762,43.758,,1.07,,7.85,0.331,0.4167,0.0883,0.546,0.2979,0.49,28.4765,0.3259,7,7,7,7,0,0
1154.0,0.596800434,148.1630786,14875.9405,100.4024797,36.4,237.0,42.53,0.11,160.783,46.797,18.812,,,,7.75,13.6266,0.5761,6.8577,0.5363,,,670.0142,0.3838,7,7,0,7,1,0
1155.0,0.689929329,1043.566678,14421.90194,13.81981836,17.1,139.0,60.22,0.58,56.312,55.058,18.665,10.661,0.871,,7.81,1.3032,0.585,0.792,0.411,4.3402,0.6811,60.954,0.6115,7,7,7,7,1,0
1156.0,0.704104389,1153.146776,7167.620469,6.215705247,16.2,70.9,53.33,0.62,41.906,59.014,18.641,,,3.931,7.81,0.8982,0.3071,0.2322,0.4331,1.462,0.3032,27.1757,0.227,7,7,7,7,0,0
1158.0,0.318063315,172.7638019,1981.911321,11.47179732,18.6,95.1,44.64,0.44,36.448,25.542,8.394,,1.355,,4.88,1.9017,1.4395,0.8641,1.4631,,0.7601,,0.857,7,7,7,7,0,0
1159.0,0.592215709,638.5871247,2238.181071,3.504895393,14.3,53.4,49.33,0.48,16.147,29.808,15.969,4.101,,1.277,6.92,0.4392,0.3333,0.1275,0.2995,0.4743,0.2406,11.2239,0.2064,7,7,7,7,0,0
1161.0,0.587152318,107.2628569,422.7735012,3.941471572,16.0,45.6,40.26,0.08,14.303,13.889,5.341,,,,4.29,0.155,0.3631,0.0746,0.4954,0.0862,0.4686,2.8634,0.3125,7,7,7,7,0,0
1162.0,0.650289017,1744.525847,17326.07993,9.931684279,19.2,78.2,47.19,1.08,51.502,64.166,18.929,7.125,0.9,0.328,12.5,0.3181,0.3136,0.1296,0.3854,1.8822,0.2426,36.2837,0.1849,7,7,7,7,1,0
1163.0,0.61243973,51.20031171,876.2567632,17.11428571,20.5,115.6,44.96,0.04,21.837,22.551,6.843,1.793,,,4.38,0.2264,0.7433,0.103,0.6044,0.2198,0.4836,8.6901,0.3433,7,7,7,7,1,0
1165.0,1.07823871,553.3929822,35302.15657,63.79220138,25.2,290.1,49.91,0.13,48.608,25.861,7.3,2.559,,0.23,14.79,0.8459,0.2798,0.5457,0.3933,2.0442,0.2604,56.7051,0.0998,7,7,7,7,0,0
1166.0,0.280510441,623.2660246,24375.90802,39.10995796,26.3,172.5,47.13,2.12,163.379,100.559,26.191,9.294,2.38,,7.8,,0.6861,1.8313,0.9389,9.1515,0.8713,136.4154,0.8724,7,7,7,7,1,0
1168.0,0.87122695,737.952868,8513.119864,11.53612952,18.6,94.2,49.28,0.26,55.296,57.994,18.626,7.394,0.69,0.937,7.63,1.0739,1.15,0.7463,1.0492,3.7975,0.6794,69.2592,1.0512,7,7,7,7,1,0
1169.0,0.292579853,254.656173,11233.74362,44.11337643,23.5,231.7,51.97,0.8,152.467,110.34,31.757,9.685,2.26,3.759,4.58,1.8479,0.401,0.8972,0.464,,,142.1505,0.1995,7,7,0,7,0,0
1170.0,0.359983713,850.482043,24538.1667,28.85206913,23.5,155.2,51.79,1.75,181.002,146.902,40.848,12.069,2.11,2.962,7.13,1.4872,0.2486,0.8685,0.3575,,,122.9315,0.1373,7,7,0,7,0,0
1172.0,0.42437432,102.4348744,1875.197588,18.30624187,21.1,114.6,43.3,0.15,19.199,9.115,4.067,,,,7.5,,0.9091,0.3988,0.8315,0.8417,0.7176,,0.9998,7,7,7,7,1,0
1173.0,1.083951165,3367.726624,14525.95205,4.313281233,13.7,73.8,54.86,0.76,50.912,82.611,36.198,,1.039,,7.63,3.4505,0.4885,1.2111,0.6052,5.8577,0.3159,102.5506,0.3048,7,7,7,7,0,0
1174.0,0.488211321,769.0851748,5832.794854,7.584068768,17.9,69.2,44.54,0.87,18.691,20.367,6.814,2.264,0.48,0.388,12.44,0.5189,1.8369,0.036,0.7694,0.1962,0.2957,8.8826,0.1877,7,7,7,7,0,0
1175.0,0.240976139,190.0705829,353.0823159,1.857637886,13.9,30.8,42.0,0.87,7.954,8.562,6.894,,,,4.83,0.099,0.1823,0.0363,0.3844,0.0784,0.4048,3.389,0.1222,7,7,7,7,0,0
1177.0,0.740775,228.0540544,10768.96257,47.22109675,26.2,200.2,49.55,0.11,110.033,39.288,17.445,,0.457,,7.14,,0.3155,1.5331,0.5081,7.3083,0.2882,112.3823,0.402,7,7,7,7,0,0
1178.0,0.42014433,1121.188264,12626.67794,11.26187131,19.3,88.8,45.71,1.71,211.772,236.057,86.467,28.97,4.79,9.416,4.97,13.1652,0.6082,6.0145,0.6975,,,428.1351,0.5265,7,7,0,7,1,0
1182.0,0.836776145,1765.361894,16996.35695,9.627689943,19.4,73.7,41.96,0.67,74.737,63.8,22.087,8.532,1.92,3.898,11.39,,0.834,0.0139,0.6627,,1.4563,10.8163,0.2961,7,7,7,7,1,0
1186.0,0.593849417,46.33123006,394.7432047,8.520024272,17.2,83.6,46.95,0.03,6.956,5.466,2.27,1.098,,,5.0,,1.4249,,0.9913,0.0877,0.9356,,0.7438,7,7,7,7,1,0
1187.0,0.677788462,212.7526627,4300.891688,20.2154541,21.0,129.8,45.92,0.12,82.714,58.201,18.922,7.014,0.406,0.404,4.77,2.3105,0.496,0.8735,0.4916,1.4313,0.3666,43.6088,0.3642,7,7,7,7,1,0
1188.0,0.776801406,2010.037281,173034.92,86.08542818,28.4,322.6,59.58,0.88,486.004,268.522,67.043,26.251,4.37,4.285,10.4,5.4645,0.4329,3.3645,0.5991,,,559.1446,0.333,7,7,0,7,1,0
1190.0,1.089434889,279.326176,1554.632733,5.565653585,16.4,61.7,43.32,0.06,3.644,4.603,1.392,,,,14.78,0.0698,0.8254,0.0176,0.4472,0.0262,0.4471,1.0956,0.2979,7,7,7,7,0,0
1191.0,0.531423445,606.8467011,5341.386779,8.801871658,19.1,69.5,41.7,0.58,58.085,48.149,14.256,4.434,0.82,,7.53,0.2539,0.3497,0.0792,0.4255,0.2918,0.3148,20.534,0.2129,7,7,7,7,1,0
1192.0,0.5312,555.52896,8447.56736,15.20634921,19.2,2.3,48.2,0.48,71.191,57.679,21.267,7.86,1.44,0.747,6.64,1.7174,0.2857,0.7224,0.3549,3.0602,0.178,56.791,0.2521,7,7,7,7,1,0
1194.0,1.016261468,2628.104146,1741.882981,0.662790698,14.0,10.7,20.99,0.67,48.622,102.329,40.312,20.908,1.74,1.322,7.51,,1.1911,0.2585,0.8154,,0.5423,,0.8459,7,7,7,7,0,0
1195.0,0.483293556,986.6762835,2849.330147,2.887806462,15.9,34.8,38.11,1.13,32.064,55.071,20.295,7.664,1.13,0.72,7.5,0.155,0.9265,0.0472,1.0753,0.1362,0.4999,7.5259,0.6988,7,7,7,7,0,0
1197.0,0.752244009,153.1739056,392.3192979,2.561267185,13.5,45.5,93.02,0.07,5.165,13.195,3.721,1.809,,,4.98,4.1729,0.0688,1.7041,0.4105,1.7911,0.2199,1.7256,0.2858,7,7,7,7,0,0
1198.0,0.761753172,1174.575279,1155.608022,0.983851817,12.2,23.1,41.56,0.54,7.209,12.127,7.06,3.401,,,8.36,0.2015,0.309,0.0237,0.246,,0.1984,3.0002,0.2745,7,7,7,7,0,0
1201.0,0.520477816,1344.584678,47510.236,35.33450647,22.2,208.9,56.19,1.34,210.403,183.648,59.824,18.57,3.25,,7.5,,0.448,1.0355,0.7206,9.2627,0.4693,199.2807,0.4407,7,7,7,7,1,0
1202.0,0.803591682,441.4388796,7836.893406,17.75306564,24.8,81.7,30.38,0.18,359.927,584.845,138.19,39.325,1.62,8.873,5.45,,0.6661,,,,,,0.6917,7,0,0,7,1,0
1204.0,0.315831843,310.6073569,2838.88346,9.139781775,19.0,73.1,42.52,0.84,54.748,58.274,18.103,6.747,0.66,1.061,5.35,0.1651,0.3039,0.0631,0.4704,0.4585,0.2867,30.1247,0.3438,7,7,7,7,0,0
1207.0,0.351885442,24.18157108,111.9898292,4.631205674,17.0,46.4,37.96,0.05,5.441,5.668,2.223,0.833,,,3.88,,0.487,0.017,0.5965,0.0276,0.397,,0.3202,7,7,7,7,0,0
1208.0,0.680369748,3135.855834,271185.3734,86.47890331,28.6,327.2,54.2,1.81,616.18,412.594,118.148,35.316,5.45,5.61,10.38,4.7535,0.225,3.1485,0.5943,,,871.4255,0.1824,7,7,0,7,1,0
1209.0,0.8814,592.99236,1604.29716,2.705426357,14.8,0.6,40.53,0.21,21.019,25.328,11.364,,0.218,,6.78,0.353,0.2691,0.1457,0.3279,0.2443,0.28,8.2595,0.1552,7,7,7,7,0,0
1210.0,0.404640371,1321.862864,5177.922478,3.917140438,16.4,45.1,45.51,2.13,86.354,123.087,49.244,17.315,3.35,5.993,5.45,1.0537,0.2435,0.3437,0.3887,4.5506,0.0504,37.8557,0.11,7,7,7,7,0,0
1211.0,0.852,1073.733,1834.924,1.708920188,13.8,0.5,52.03,0.4,16.532,32.357,17.422,4.865,,1.404,7.1,2.27,0.5565,0.5859,0.8811,1.3553,0.6381,61.5034,0.5119,7,7,7,7,1,0
1215.0,0.674404762,2739.210022,71492.01612,26.09950151,22.2,155.3,51.94,1.61,237.73,211.961,61.584,18.806,3.88,3.313,10.3,2.2735,0.0833,0.8838,0.2605,,,187.1548,0.108,7,7,0,7,0,0
1216.0,0.571475667,266.4463673,8101.470671,30.4056338,21.0,195.5,81.97,0.22,16.893,16.848,5.168,1.365,0.23,,12.34,0.4798,0.4034,0.1457,0.9398,0.385,0.4939,9.7764,0.2487,7,7,7,7,0,0
1217.0,0.484669811,820.3816143,21890.31093,26.68308327,24.4,130.8,48.9,0.94,74.481,55.679,13.267,7.139,0.72,,12.33,0.8117,0.168,0.4949,0.2298,3.3875,0.1985,41.1907,0.1648,7,7,7,7,0,0
1218.0,0.2680131,505.2306764,6437.093938,12.74090082,20.3,91.8,54.99,1.95,110.567,128.763,40.561,12.209,2.37,1.93,4.91,1.1491,0.3972,0.7893,0.3436,,,57.2556,0.1791,7,7,0,7,0,0
1219.0,0.801311475,806.6619726,3787.832438,4.695687371,16.4,51.3,47.67,0.33,23.889,29.002,9.426,4.177,,,9.4,0.4421,0.2131,0.2433,0.2053,1.2037,0.1979,9.0383,0.131,7,7,7,7,0,0
1220.0,0.730413724,2360.694735,45875.39894,19.43300769,19.3,151.6,63.27,1.16,137.783,126.551,49.475,17.769,2.75,4.363,9.28,4.303,0.2074,1.6102,0.2814,7.1057,0.1627,127.6653,0.1887,7,7,7,7,0,0
1221.0,0.271552999,629.9282085,3599.825487,5.714659922,19.1,46.7,37.96,2.32,31.781,34.906,12.202,4.749,1.97,1.702,9.18,0.4591,0.1203,0.2421,0.1917,4.4048,0.1493,56.567,0.0865,7,7,7,7,0,0
1222.0,0.263563748,449.7224336,19383.79524,43.10168625,24.8,209.7,51.9,1.74,108.406,67.398,15.124,8.294,0.97,0.488,7.46,0.6353,0.4591,0.3289,0.3255,4.0455,0.1722,111.0707,0.1897,7,7,7,7,0,0
1223.0,1.172128378,1781.338876,52930.11387,29.71366906,20.8,195.0,54.69,0.34,129.089,97.519,36.438,13.255,1.83,1.96,10.28,3.8953,0.6737,2.5556,0.5603,,,,0.4881,7,7,0,7,0,0
1224.0,0.53126615,662.9591426,18094.25301,27.29316462,22.9,149.2,46.11,0.63,74.869,60.918,15.024,4.521,0.93,1.091,10.28,0.4433,0.3028,0.1416,0.334,1.0327,0.1679,49.0284,0.1492,7,7,7,7,0,0
1225.0,0.670161017,2343.598142,48428.90768,20.66433951,22.4,121.0,51.25,1.37,204.128,184.556,53.053,18.075,3.1,4.844,10.27,0.6386,0.3411,0.644,0.3284,7.2902,0.1574,116.7853,0.165,7,7,7,7,1,0
1226.0,0.916125,1833.257301,4022.478025,2.194169919,14.1,35.0,44.76,0.58,31.216,75.339,29.602,14.42,1.32,1.17,6.98,1.4193,1.5894,0.5619,1.7446,2.0427,0.9242,41.0182,1.6522,7,7,7,7,0,0
1227.0,0.193408578,77.70008917,822.4895026,10.58543834,18.7,86.9,44.72,0.54,17.418,17.473,4.729,2.674,,,4.76,0.6559,0.1708,0.2132,0.396,0.2892,0.3057,7.828,0.3261,7,7,7,7,0,0
1228.0,0.080718189,62.24008785,8730.535176,140.2718967,33.0,427.2,51.97,2.54,568.759,348.522,74.354,22.431,5.29,6.191,1.88,2.5053,0.534,2.7221,0.4002,,,890.3206,0.1354,7,7,0,7,1,0
1229.0,0.214925373,8.314724883,219.3297394,26.37847222,26.9,106.6,38.37,0.05,7.913,3.672,1.047,,,,5.04,0.0351,0.5628,0.0087,0.3903,,0.3494,0.8136,0.3704,7,7,7,7,0,0
1230.0,0.600902256,42.75796258,705.1400531,16.49143249,23.4,85.4,38.91,0.03,25.757,9.549,5.68,,,,5.04,,0.7735,0.0126,0.5145,,0.3768,,0.425,7,7,7,7,0,0
1234.0,0.167407407,81.90376406,724.172203,8.841745081,16.5,96.1,48.3,0.77,39.819,52.437,18.298,6.762,1.06,1.846,2.26,0.5344,0.1662,0.0844,0.4718,0.7121,0.2326,14.578,0.3975,7,7,7,7,0,0
1236.0,1.080848356,443.2808107,2495.19275,5.628921194,16.3,61.7,45.15,0.1,7.505,8.175,3.205,1.494,,,12.28,0.1047,0.602,0.0428,0.6309,0.0551,0.5882,2.6942,0.6937,6,6,6,6,0,0
1237.0,0.810257511,522.921404,3307.7872,6.325591523,16.2,70.9,47.09,0.21,13.417,15.973,5.871,,,0.088,10.15,0.2534,0.4559,0.0652,0.4091,0.2428,0.1982,,0.1945,6,6,6,6,0,0
1238.0,0.63810549,3198.069921,180949.5408,56.58085822,28.4,218.7,63.39,2.1,1015.861,678.747,242.549,98.01,8.54,6.727,7.41,4.4281,0.5066,2.1926,0.5053,,,1037.1518,0.0822,6,6,0,6,1,0
1241.0,0.150638298,24.86303506,316.0056738,12.70985915,18.7,104.5,47.04,0.29,22.808,23.135,7.051,2.731,0.4,0.316,2.36,0.4727,0.1064,0.1823,0.2898,0.4701,0.1951,13.9048,0.1404,6,6,6,6,0,0
1243.0,0.574836334,174.8842441,1767.27497,10.10539846,18.8,81.4,43.47,0.14,21.66,21.754,6.298,2.57,,,6.69,0.4498,0.2059,0.1554,0.3009,0.2801,0.2247,8.7992,0.1842,6,6,6,6,0,0
1244.0,0.178537387,13.39188448,977.156993,72.96635467,27.1,290.7,48.97,0.11,61.15,35.387,9.424,3.665,0.42,0.385,2.24,1.4297,0.3257,0.5182,0.3346,1.6696,0.2374,,0.2955,6,6,6,6,0,0
1246.0,0.408802548,37.34342067,194.8956211,5.219008264,16.8,16.8,41.72,0.06,3.674,3.453,1.299,0.778,0.237,,5.63,0.0734,0.4819,0.0304,0.388,0.0582,0.27,,0.6712,6,6,6,6,0,0
1247.0,1.298428571,2120.894061,10846.41124,5.114074976,13.5,90.5,53.74,0.34,27.723,67.142,23.87,9.601,,0.984,7.93,,0.4738,0.8851,1.7105,3.7387,1.9949,38.2773,1.3147,6,6,6,6,0,0
1249.0,0.510992529,1097.80449,263.3700789,0.239906178,10.8,8.1,37.88,1.12,6.444,20.439,12.266,6.951,,,5.04,0.2419,0.235,0.0561,0.426,0.1323,0.3177,2.1066,0.2657,5,5,5,5,0,0
1251.0,0.72,705.2739226,26496.99927,37.56979866,22.3,215.7,52.47,0.36,53.049,37.342,11.72,3.507,0.7,0.398,12.24,0.6512,0.4511,0.4801,0.2113,2.6038,0.0886,45.2357,0.0623,5,5,5,5,1,0
1252.0,0.72744186,440.9153488,10720.61501,24.31445183,20.3,166.7,49.12,0.22,62.286,45.748,16.804,6.593,,0.29,7.36,2.0449,0.5928,0.823,0.5714,1.3906,0.4059,50.22,0.4662,5,5,5,5,0,0
1253.0,0.7104,858.6368,245.3248,0.285714286,12.1,0.1,18.4,0.42,8.732,19.896,13.182,5.317,0.693,0.7,5.92,0.0741,0.8215,0.0414,0.64,0.1094,0.4513,1.2127,0.4304,5,5,5,5,0,0
1254.0,0.26,1195.3,38113.9,31.88647202,29.8,120.9,44.86,4.72,768.596,646.926,213.348,80.75,7.94,5.83,4.9,1.8012,0.0431,0.3329,0.3922,9.5778,0.5476,332.4689,0.4742,5,5,5,5,1,0
1255.0,0.315899218,499.4235814,14751.70671,29.53746531,25.1,139.4,46.27,1.32,70.695,64.453,14.968,3.666,1.03,1.752,10.1,0.8819,0.705,0.4258,0.7891,1.0394,0.4614,39.8648,0.0843,5,5,5,5,1,0
1256.0,0.272643312,56.50929576,2194.570738,38.83557047,30.1,129.8,40.46,0.2,13.968,4.533,1.831,,,0.718,12.23,,0.9948,0.0547,0.9016,0.1359,0.6639,2.7863,0.7554,5,5,5,5,0,0
1257.0,0.740539273,928.1000521,1984.969003,2.13874463,13.2,40.3,51.04,0.45,14.589,31.831,12.776,6.515,0.678,0.583,6.58,0.4628,0.253,0.0762,0.2294,0.2169,0.6093,7.4567,0.2096,5,5,5,5,0,0
1260.0,0.173973799,80.94026544,215.6704566,2.664563249,14.9,36.9,41.66,0.71,18.773,25.963,11.209,5.954,0.68,0.385,2.49,0.3695,0.8843,0.0572,1.238,,0.4845,5.3714,0.569,5,5,5,5,1,0
1261.0,0.292008,88.02678496,5191.78933,58.97965412,21.2,293.2,63.26,0.28,29.691,25.909,6.59,2.09,,0.178,5.29,1.3237,0.3488,1.3821,0.5216,6.7046,0.1985,35.7178,0.1041,5,5,5,5,1,0
1262.0,0.696177778,1006.834726,1527.415087,1.51704649,14.6,22.0,38.43,0.55,24.102,56.417,27.481,11.393,0.76,1.512,7.04,1.7971,0.1179,1.043,0.3969,1.7919,0.1443,4.067,0.5337,5,5,5,5,0,0
1264.0,0.0336,0.21312,4.64832,21.81081081,17.6,203.2,51.23,0.05,14.883,16.146,5.423,2.123,,,0.24,0.179,0.6413,0.1503,0.7254,0.4691,0.591,11.8621,0.696,5,5,5,5,1,0
1265.0,0.592215709,337.6883991,6527.699058,19.33053986,18.8,154.9,49.79,0.25,38.709,29.558,12.077,4.795,0.48,1.015,6.92,0.5635,0.9574,0.2003,0.9629,0.5906,0.395,15.1637,0.6146,5,5,5,5,0,0
1267.0,0.533557895,200.1135406,2773.857039,13.86141603,19.4,104.2,46.97,0.19,25.112,20.767,6.501,2.587,0.227,0.315,7.04,0.848,0.2499,0.415,0.337,0.8503,0.096,14.3431,0.1779,5,5,5,5,0,0
1269.0,0.484948454,664.5043682,14315.00342,21.54237671,21.6,133.1,65.44,0.74,59.672,55.502,14.311,4.659,1.13,1.694,10.08,0.4955,0.0842,0.2468,0.6524,4.0912,0.4624,23.5167,0.241,5,5,5,5,0,0
1271.0,0.580528846,378.3495083,3942.166654,10.41937829,16.7,110.0,67.76,0.3,23.86,23.968,9.724,4.644,0.398,,6.9,1.7151,0.1609,0.5968,0.3817,1.1192,0.2496,22.0586,0.2213,5,5,5,5,0,0
1272.0,0.430517449,86.9148695,1684.969497,19.38643533,22.2,112.3,52.03,0.12,21.109,16.981,5.643,0.955,,,6.88,0.6395,0.0488,0.2062,0.4538,0.5563,0.2742,8.8443,0.2623,5,5,5,5,0,0
1273.0,0.399,84.02275,7177.31175,85.42105263,25.6,2.0,69.71,0.16,33.616,17.828,4.748,,,0.827,6.65,8.4877,0.6419,2.9969,1.0905,7.1289,0.7414,70.6741,1.3407,5,5,5,5,0,0
1274.0,0.122343499,32.42049654,261.4632001,8.064750021,16.9,65.5,49.22,0.58,22.706,22.46,8.748,4.193,1.01,0.673,2.06,0.7775,0.2984,0.2255,0.2976,1.024,0.1368,18.6377,0.1386,5,5,5,5,1,0
1276.0,0.481666667,28.36481481,610.4679012,21.52201258,15.3,275.3,131.9,0.03,3.638,3.643,1.69,,,,3.91,7.4647,0.1094,2.5459,0.7331,,,2.2754,0.2316,5,5,0,5,1,0
1278.0,0.79,928.5,1976.2,2.128379106,15.2,27.9,23.33,0.4,124.673,121.905,63.968,,2.26,,5.2,4.8843,0.3116,2.255,0.4203,,,133.8251,0.3501,5,5,0,5,0,0
1279.0,0.256,28.83584,138.93632,4.818181818,16.4,51.8,43.12,0.11,3.088,3.35,1.156,0.508,,,5.12,0.0817,0.4277,0.0516,0.4142,0.0818,0.2336,1.2336,0.3491,5,5,5,5,0,0
1280.0,0.195450644,67.55909484,443.0839065,6.558464223,15.8,2.2,47.28,0.45,22.176,26.828,10.193,5.334,0.285,0.829,2.53,0.5355,0.5927,0.1805,0.5507,0.7341,0.4228,25.4048,0.4174,5,5,5,5,0,0
1281.0,0.450118203,125.4893371,97.75758653,0.7790111,14.2,1.1,21.95,0.17,6.824,8.47,3.991,2.023,,0.272,4.76,,1.1066,0.2757,1.0778,0.2487,1.0587,,1.2643,5,5,5,5,0,0
1283.0,0.37688172,976.8131799,39345.87496,40.27983628,28.0,56.3,47.78,1.82,412.515,254.66,75.973,21.65,4.85,3.489,7.01,3.0574,1.3971,1.0814,1.7925,,,,0.5786,5,5,0,5,0,0
1284.0,0.212,29.316,350.284,11.94856051,18.3,69.4,46.1,0.17,27.155,22.506,8.596,3.343,0.74,0.29,2.32,0.7424,0.0601,0.2294,0.2508,0.5237,0.1319,19.445,0.0996,5,5,5,5,0,0
1285.0,0.429648562,17.62519981,330.7058519,18.76323988,21.4,51.5,44.65,0.03,7.287,5.494,1.655,0.676,,,4.92,0.0931,0.685,0.0627,0.5862,0.0958,0.4767,2.9165,0.5301,5,5,5,5,1,0
1286.0,0.367433628,1648.947502,57638.65531,34.95481527,22.6,34.1,63.41,3.21,466.688,415.242,145.955,49.417,8.68,7.157,5.19,10.7069,0.7325,,,,,425.3176,0.652,5,0,0,5,0,0
1287.0,0.956379769,1227.116977,642.5533765,0.523628463,11.0,10.7,43.13,0.36,8.247,46.108,17.403,8.457,,1.021,4.99,0.6177,0.1182,0.3107,0.4901,0.3641,0.3298,4.8829,0.7829,5,5,5,5,0,0
1288.0,0.181220557,73.34201577,2574.846704,35.10738936,21.7,213.8,58.23,0.59,147.449,113.471,34.416,13.306,2.1,1.644,2.17,3.3236,0.3992,2.8302,0.5239,,,201.5121,0.358,5,5,0,5,0,0
1289.0,0.737998575,429.3059662,1844.922602,4.297453907,16.2,48.3,40.76,0.21,7.807,8.523,3.163,1.508,,0.194,12.19,0.2013,0.5836,0.0188,1.0451,,0.2506,3.106,0.0815,5,5,5,5,0,0
1290.0,0.215634518,20.07666263,232.3309335,11.57218896,21.2,52.2,38.99,0.11,41.383,24.953,10.089,3.4,,0.158,2.16,0.7746,0.4375,0.4457,0.8274,0.5972,0.6978,14.7179,0.6968,5,5,5,5,1,0
1291.0,0.292390438,29.0354788,15.72643926,0.541628377,13.3,7.8,20.66,0.09,5.605,10.009,4.049,2.175,,,2.05,,0.5826,0.0536,0.4408,0.0711,0.3213,0.621,0.8623,5,5,5,5,0,0
1292.0,0.924986376,332.726354,2391.92865,7.188876446,18.3,37.5,40.23,0.1,10.876,10.127,3.593,1.281,0.163,,12.27,0.1458,0.2269,0.0498,0.7012,0.0706,0.5872,2.7105,0.384,5,5,5,5,1,0
1293.0,0.202128755,11.01558341,74.37340566,6.751653804,16.7,48.8,45.84,0.07,8.391,11.282,3.281,1.244,,,2.03,0.2252,0.3983,0.0751,0.5051,0.234,0.2539,4.537,0.1887,5,5,5,5,0,0
1294.0,0.574242693,592.7694423,7513.431175,12.67513242,18.8,66.9,56.87,0.48,29.047,26.249,8.438,3.128,0.341,0.337,10.13,0.3186,0.1408,0.1226,0.3433,2.1668,0.1919,19.5295,0.1953,5,5,5,5,0,0
1295.0,0.917861525,2771.286267,16722.66681,6.034261784,15.7,49.2,52.08,0.88,52.518,68.305,27.1,11.953,1.93,1.936,10.07,1.6526,0.2754,0.7303,0.3767,3.4102,0.1729,61.0775,0.204,5,5,5,5,0,0
1296.0,0.163088102,20.91556763,174.3279974,8.334844193,18.4,42.8,42.42,0.21,15.032,13.066,4.943,1.703,,0.167,2.68,0.3021,0.2299,0.0958,0.568,0.1381,0.6369,3.815,0.4501,5,5,5,5,0,0
1298.0,0.496410256,1259.722346,5837.275477,4.633779414,18.6,39.6,35.95,1.36,44.746,58.298,19.2,6.018,1.07,0.981,10.56,,0.6405,0.4274,0.5634,0.8167,0.6888,26.2701,0.578,5,5,5,5,1,0
1299.0,0.141459854,46.13775907,477.8593212,10.35722867,17.6,59.5,62.77,0.61,24.029,12.139,7.209,3.577,,,2.72,,0.6617,0.1242,0.4728,0.9579,0.1835,,0.3091,5,5,5,5,0,0
1301.0,0.206298643,241.2781131,4083.777641,16.92560336,19.6,80.6,56.33,1.51,159.397,159.143,54.701,21.44,4.19,4.167,2.78,2.2146,0.1141,1.2484,0.4643,,,171.1721,0.2446,5,5,0,5,1,0
1302.0,0.2266,12.30644,68.32196,5.551724138,14.9,76.8,46.88,0.06,4.717,7.26,2.804,1.109,,,2.06,0.1806,0.8017,0.1107,0.7764,0.0832,0.7697,2.2346,0.9783,5,5,5,5,1,0
1303.0,0.20920385,23.81532965,134.1332592,5.632223498,16.8,39.0,41.77,0.14,12.642,14.189,4.802,2.062,,,2.44,0.4642,0.1674,0.1806,0.2931,0.1476,0.3109,5.1264,0.3869,5,5,5,5,0,0
1304.0,0.798518519,384.3643347,1304.838409,3.394795747,15.4,31.3,42.55,0.16,4.849,5.689,2.198,0.923,,,12.32,0.096,0.4348,0.0447,0.6944,0.0785,0.5102,1.4311,0.3299,5,5,5,5,1,0
1305.0,0.538530425,394.5202039,5543.92788,14.05232945,16.8,56.3,69.23,0.37,49.733,45.538,18.001,7.953,,1.967,4.99,3.6083,0.1298,1.4872,0.3298,5.0826,0.1129,58.681,0.2177,5,5,5,5,1,0
1307.0,0.193534338,24.81378304,153.0756002,6.168974717,15.8,53.3,45.65,0.18,13.124,13.305,6.139,2.336,,0.423,2.12,0.4025,0.1931,0.1321,0.2526,0.2112,0.2053,8.3203,0.1521,5,5,5,5,0,0
1308.0,0.555930233,296.9888705,1532.054543,5.158626114,15.7,19.2,48.42,0.25,14.621,11.399,6.886,2.984,,,6.83,,0.0745,0.0789,0.4264,0.139,0.3925,,0.3887,5,5,5,5,0,0
1309.0,0.055490336,2.753324462,13.18565102,4.788992798,16.4,52.2,45.44,0.24,13.117,12.874,5.314,2.487,,,0.76,0.2544,0.8269,0.0484,1.4217,,1.2145,4.1035,0.4833,5,5,5,5,0,0
1310.0,0.01357194,0.036951664,0.615457707,16.6557508,20.6,110.0,46.79,0.05,5.621,4.345,1.345,0.438,,,0.24,0.179,0.2962,0.0426,0.5055,0.1539,0.2787,2.5203,0.4246,5,5,5,5,0,0
1311.0,0.358785276,239.4264394,666.1387929,2.782227371,14.4,14.2,45.32,0.49,11.332,15.755,7.116,2.778,0.693,0.729,5.13,0.3909,0.2209,0.1367,0.3871,0.3911,0.2464,7.2538,0.2061,5,5,5,5,0,0
1313.0,0.889545455,2618.368802,4684.944628,1.789260789,14.6,8.4,42.27,0.88,41.111,103.462,48.612,20.612,3.282,1.341,6.84,1.2664,0.1624,0.4739,0.3116,1.7803,0.1533,18.1924,0.233,5,5,5,5,1,0
1315.0,0.752939797,3424.21946,16030.13604,4.681398557,16.2,45.5,52.37,1.62,47.016,51.613,23.455,11.087,3.2,3.186,12.19,0.3832,0.2549,0.168,0.4459,2.1836,0.2602,25.2901,0.2001,5,5,5,5,0,0
1316.0,0.489407143,4243.884464,103421.0954,24.36944178,29.2,95.6,41.84,4.75,620.049,540.265,171.8,53.605,7.88,4.371,9.93,0.0848,0.7247,0.0336,0.9508,0.9681,0.6081,,0.1051,5,5,5,5,1,0
1317.0,0.205692857,657.6846213,29796.7406,45.30551518,32.0,150.2,49.23,4.01,153.792,111.884,14.817,,1.66,,9.93,1.5906,0.0694,0.6511,0.289,3.99,0.1892,75.419,0.1236,5,5,5,5,1,0
1318.0,0.350691824,534.2815237,982.2822198,1.838510554,14.9,3.0,35.59,1.13,29.058,39.76,17.875,8.927,1.79,1.671,4.92,,0.6485,0.0314,0.87,0.2097,0.5209,4.6833,0.5792,5,5,5,5,1,0
1319.0,0.146407538,66.51633558,143.3924115,2.15574731,15.1,10.8,37.48,0.81,19.738,28.791,10.812,5.143,0.832,0.37,2.26,0.1104,0.3515,0.0297,0.4088,0.2011,0.3005,4.7994,0.1901,5,5,5,5,0,0
1323.0,0.998176964,13853.01218,984147.4589,71.04212761,32.3,201.9,56.72,3.69,2183.542,1345.213,499.309,167.814,19.64,13.896,12.23,10.1087,0.2676,,,,,3465.2712,0.1771,5,0,0,5,1,0
1326.0,0.236521739,150.7232934,321.7340895,2.134600977,15.1,18.1,39.43,0.71,35.023,44.617,20.422,9.748,1.53,1.181,2.56,,0.7398,,0.9303,0.3833,1.4163,,1.097,5,5,5,5,0,0
1327.0,0.660022727,40.29125465,143.0834225,3.551227773,16.5,38.3,39.9,0.02,4.086,4.413,1.597,0.71,,,5.14,,0.5779,0.0658,0.4483,0.0737,0.4851,0.7648,0.7283,5,5,5,5,0,0
1328.0,1.105432921,1173.33119,3613.724378,3.079884358,13.7,29.4,53.58,0.26,12.461,13.567,8.792,,,1.026,9.93,0.8798,0.1368,0.4054,0.3725,0.5349,0.2058,8.6764,0.2294,5,5,5,5,0,0
1329.0,0.429313501,221.3519472,13739.93791,62.0728125,22.9,338.3,64.88,0.32,105.695,80.526,21.268,7.9,1.61,,5.14,2.5824,0.2826,2.8398,0.2879,,,218.0554,0.1693,5,5,0,5,1,0
1332.0,0.268622263,60.36307475,1264.909061,20.95501374,23.0,68.8,46.15,0.23,29.718,22.946,6.136,2.476,,0.294,4.99,0.4846,0.5831,0.29,0.5521,0.8485,0.5503,22.6929,0.3735,5,5,5,5,1,0
1333.0,0.33812095,1042.523794,20001.38987,19.1855476,23.2,107.5,45.29,2.4,383.74,390.656,120.823,35.028,5.02,3.432,5.05,,1.059,,1.6075,,1.4161,,1.1384,5,5,5,5,0,0
1334.0,0.553622047,757.182578,3135.152328,4.140550006,16.3,46.4,43.2,0.66,19.152,22.239,9.337,,,,9.79,,0.3472,0.0456,0.486,0.0674,0.348,1.5648,0.2264,5,5,5,5,0,0
1335.0,0.63706514,2051.60853,17906.88975,8.728219584,18.5,75.1,53.23,1.36,85.979,83.145,33.286,12.393,2.5,2.164,9.78,1.2983,0.0907,0.5043,0.3248,4.646,0.1458,51.3716,0.1413,5,5,5,5,1,0
1336.0,0.398697068,149.1470467,846.4033571,5.674958882,15.1,75.3,48.1,0.25,10.903,8.339,5.587,3.305,,,5.1,0.6015,0.5663,0.2342,0.5777,0.2727,0.3741,,0.2985,5,5,5,5,0,0
1337.0,0.519586957,62.27209594,958.834207,15.39749373,17.7,142.2,51.44,0.06,9.968,9.074,3.29,1.171,,,5.14,0.2955,0.1091,0.1363,0.2364,0.6852,0.1259,10.5816,0.195,5,5,5,5,0,0
1339.0,0.373682008,2275.060212,63548.15615,27.93251617,26.4,129.2,46.68,4.29,560.134,512.655,137.862,52.354,8.08,5.581,6.87,0.4241,0.143,0.243,0.3967,7.0933,0.2265,401.9239,0.1734,5,5,5,5,1,0
1341.0,0.139542079,86.95773163,1668.199338,19.18402546,21.0,125.9,58.36,1.2,153.219,137.223,43.48,13.548,2.76,,2.05,1.8479,0.1419,0.6198,0.7341,,,101.6612,0.2039,5,5,0,5,0,0
1343.0,0.654158537,2434.658511,8223.863406,3.377830348,16.0,40.4,43.21,1.52,95.146,140.865,54.496,24.31,4.22,2.804,6.79,1.978,0.6344,0.7426,0.636,3.9033,0.2889,77.8896,0.433,5,5,5,5,0,0
1344.0,0.471287129,676.5336732,9600.162974,14.19022194,19.6,107.0,48.62,0.8,76.421,79.317,27.055,9.87,1.65,1.456,6.8,2.4654,0.3162,1.0614,0.418,3.9364,0.3531,78.7017,0.2713,5,5,5,5,1,0
1345.0,0.500927835,138.1834367,78.81763678,0.570384112,11.0,17.9,45.14,0.15,6.054,34.028,9.003,,,,2.26,0.1624,0.4075,0.0666,0.6169,0.086,0.4104,2.5954,0.2694,5,5,5,5,0,0
1346.0,1.01625459,1351.425237,3559.701493,2.634035088,14.4,39.5,42.56,0.35,10.293,14.198,6.569,3.375,,0.149,12.58,,0.8562,0.0697,1.2672,,1.0005,4.3281,0.8626,5,5,5,5,1,0
1347.0,0.280726016,42.88151412,250.916164,5.851383029,16.3,64.2,47.38,0.14,19.521,26.89,10.266,3.398,,,2.32,0.5512,0.2129,0.1982,0.2915,0.4133,0.3228,11.8043,0.1756,5,5,5,5,1,0
1349.0,0.460020534,370.0183215,2116.188916,5.719146304,16.4,63.3,46.94,0.46,36.197,35.762,14.593,8.284,1.48,2.073,5.21,1.067,0.0731,0.3715,0.1687,0.8993,0.2791,18.0118,0.1409,5,5,5,5,0,0
1351.0,1.341864842,976.5294341,2525.45119,2.586149584,15.6,31.8,34.7,0.14,14.349,12.793,7.429,2.691,,0.237,12.16,,0.4366,0.0293,0.3382,0.0386,0.4012,,0.2584,5,5,5,5,0,0
1352.0,0.4062,572.91125,8822.83325,15.4,21.4,1.7,47.69,1.07,105.199,104.07,27.682,9.426,1.04,1.382,6.77,,0.6034,0.2485,0.5289,0.4275,0.222,14.8537,0.5414,5,5,5,5,0,0
1353.0,0.652533889,2145.41216,34444.40347,16.05491202,20.3,113.7,51.26,1.33,152.309,130.571,34.493,14.33,2.41,5.597,9.34,2.2603,0.2958,1.4906,0.4739,10.2132,0.3308,125.5309,0.2648,5,5,5,5,0,0
1354.0,0.63792924,823.0636634,15089.65159,18.33351691,19.9,132.3,50.22,0.54,68.352,40.993,19.187,9.255,,,9.15,0.8092,0.1546,0.1602,0.5176,2.1124,0.3372,47.4606,0.2306,5,5,5,5,0,0
1355.0,0.1236,32.25136,236.79288,7.342105263,16.9,1.6,50.32,0.55,23.263,19.957,6.874,,,,2.06,0.8827,0.1226,0.2793,0.3049,0.8214,0.2469,14.9729,0.1474,5,5,5,5,0,0
1357.0,0.979254427,2503.343155,3130.267791,1.250434957,12.7,26.5,43.24,0.69,13.911,31.985,14.632,6.065,,0.447,9.82,0.3037,0.0958,0.0854,0.2894,0.3771,0.2022,9.3142,0.0996,5,5,5,5,0,0
1358.0,0.448975904,274.1788257,640.9845535,2.3378339,15.1,31.2,38.91,0.36,13.934,19.331,8.768,4.326,,0.339,5.14,,0.2582,0.093,0.3162,0.1348,0.2302,4.3006,0.258,5,5,5,5,0,0
1359.0,0.441621622,247.2942294,422.8103725,1.709746215,12.4,37.9,49.66,0.34,4.777,8.727,2.173,,,,5.13,,0.1661,0.0264,0.2314,,0.2026,,0.2189,5,5,5,5,0,0
1360.0,0.4739,1255.82146,8176.58936,6.510948905,18.7,0.9,47.26,1.54,110.268,128.569,44.203,15.051,1.95,0.901,6.77,1.0241,0.568,0.265,0.8648,3.4479,0.3367,51.1317,0.4328,5,5,5,5,1,0
1361.0,0.374569672,933.4250076,4156.147018,4.45257732,17.3,44.7,43.12,1.73,57.04,67.852,21.092,8.096,1.91,1.233,6.77,0.1882,0.2838,0.0569,0.5959,0.8062,0.2544,,0.1508,5,5,5,5,0,0
1364.0,0.1854,14.42824,907.70604,62.91176471,25.3,5.8,49.19,0.1,68.464,32.554,10.43,4.145,,,2.06,2.99,0.0505,1.3282,0.1747,3.0981,0.1016,61.0657,0.1019,5,5,5,5,0,0
1365.0,0.485404914,243.6575654,175.8755138,0.721814295,14.0,11.6,21.67,0.28,13.522,12.073,5.701,3.265,0.464,0.815,5.23,,0.3753,0.0505,0.3776,0.1377,0.2177,,0.4402,5,5,5,5,0,0
1367.0,0.466531605,32.20562421,882.2800255,27.39521581,22.8,147.1,47.25,0.04,16.932,16.368,1.004,,,,5.05,0.2877,0.5063,0.0858,0.4891,0.2041,0.4362,10.6894,0.2706,5,5,5,5,1,0
1369.0,0.4056,694.60352,3422.75024,4.927631579,16.2,1.2,73.77,1.27,32.334,42.478,15.605,4.841,0.91,,6.76,0.6823,0.117,0.0834,0.3392,,0.2231,5.9606,0.4349,5,5,5,5,0,0
1370.0,0.5408,1274.96304,1105.88192,0.867383513,12.3,0.4,61.89,1.3,11.168,27.617,10.981,7.948,1.39,,6.76,0.3833,0.0265,0.1448,0.4877,0.83,0.2542,2.9735,0.2216,5,5,5,5,0,0
1371.0,0.32,658.5,17006.5,25.82611997,23.3,140.7,47.57,1.68,168.886,155.982,42.117,13.606,2.09,1.43,6.5,1.2708,1.2903,0.7607,1.0452,5.4214,0.2454,172.1847,0.2387,5,5,5,5,1,0
1372.0,0.491405959,157.4908133,379.0022825,2.406504065,14.5,35.9,40.46,0.17,5.921,9.488,3.557,1.315,,,5.93,0.1215,0.6064,0.0431,0.7253,0.0478,0.676,,0.2901,5,5,5,5,0,0
1373.0,0.8124,2140.39643,11183.2276,5.2248394,15.3,1.5,56.92,0.85,77.675,166.944,69.822,18.216,2.21,11.515,6.77,1.7548,0.1117,0.4769,0.3149,5.26,0.1808,59.235,0.1524,5,5,5,5,0,0
1374.0,0.6093,1109.15618,19300.23419,17.40082645,19.3,2.8,53.56,0.83,137.25,173.366,37.28,18.846,2.401,,6.77,2.7968,0.1064,1.0679,0.2934,,,129.8381,0.1574,5,5,0,5,1,0
1375.0,0.898256795,539.4504263,1305.1491,2.419405077,15.0,32.4,38.69,0.18,9.509,11.008,4.713,2.196,,,9.78,0.1656,0.4255,0.063,0.3603,0.1015,0.3083,2.536,0.2526,5,5,5,5,1,0
1376.0,0.178274648,37.16109775,121.2268362,3.262197393,14.8,46.1,47.32,0.31,9.328,12.379,4.962,2.86,,,2.44,0.2706,0.4912,0.0841,0.3887,0.2021,0.2095,5.2726,0.181,5,5,5,5,1,0
1377.0,0.6102,418.31244,2633.98932,6.296703297,16.7,1.4,48.03,0.28,29.028,24.224,10.847,3.841,,,6.78,0.5151,0.2702,0.2282,0.3165,0.95,0.1161,,0.1576,5,5,5,5,0,0
1378.0,0.189830508,144.2325768,131.8002873,0.913803873,12.9,18.6,38.55,1.11,16.525,30.039,16.37,8.04,1.71,1.396,2.24,0.1302,0.2461,0.0575,0.3044,0.1924,0.3006,4.353,0.0946,5,5,5,5,1,0
1379.0,0.549787798,386.5722801,3300.943442,8.539007092,18.0,76.2,47.85,0.34,16.781,19.366,5.905,2.093,,,9.87,0.1704,0.1767,0.0706,0.255,0.7501,0.0779,9.5678,0.0829,5,5,5,5,1,0
1380.0,0.634548803,379.5468189,342.1271173,0.901409524,12.3,20.2,39.48,0.25,5.384,12.577,5.474,2.134,,,5.84,0.0956,0.435,0.028,0.451,0.0554,0.3747,1.8282,0.3343,5,5,5,5,0,0
1381.0,0.47137037,395.8170694,4235.908226,10.70168154,19.1,83.9,46.93,0.47,23.141,21.499,7.107,3.072,0.663,0.395,9.79,0.16,0.1431,0.068,0.3508,0.2378,0.2389,13.9356,0.1331,5,5,5,5,0,0
1383.0,0.26021093,12.27958798,56.23011328,4.579153094,15.8,53.8,44.02,0.05,3.289,3.163,1.555,0.671,,,2.95,,0.4607,0.0351,0.6177,0.0402,0.4604,,0.4415,5,5,5,5,0,0
1386.0,0.671979287,942.299273,2950.271087,3.130927903,13.0,62.2,48.68,0.56,12.93,21.664,8.414,6.344,,0.569,6.87,0.6369,0.096,0.1054,0.3267,0.2754,0.102,11.508,0.1385,5,5,5,5,0,0
1388.0,0.335460829,24.19729289,170.6752124,7.053483756,15.6,85.9,49.22,0.06,11.661,33.969,5.699,3.2,,,2.07,1.0386,0.6452,0.399,0.8976,0.5303,0.5627,13.4455,0.6004,5,5,5,5,0,0
1389.0,0.954189944,1088.279819,26395.53414,24.25436333,19.1,190.2,49.59,0.32,65.338,58.493,20.146,8.794,0.81,2.232,9.76,2.6136,0.8046,1.2235,1.0549,4.6827,0.6517,81.2535,0.7886,5,5,5,5,1,0
1390.0,0.115300353,72.05598272,10336.80831,143.4552402,31.0,469.9,59.59,1.36,349.645,234.327,55.645,13.369,2.95,3.953,2.51,8.9229,0.2876,4.0754,0.6608,,,666.0213,0.2091,5,5,0,5,1,0
1391.0,0.516728972,219.7542667,4346.104952,19.77711294,21.2,125.1,47.64,0.22,22.276,17.446,5.318,1.634,0.507,0.231,9.7,0.5131,0.2249,0.2006,0.533,0.525,0.3559,11.1866,0.3065,5,5,5,5,0,0
1392.0,0.4746,174.67992,5309.3502,30.39473684,21.6,3.9,48.63,0.2,38.742,30.425,7.636,4.579,,,6.78,0.5815,0.2538,0.1683,0.4104,0.463,0.2371,14.5087,0.3264,5,5,5,5,0,0
1393.0,0.477805531,157.2224551,10993.53691,69.92345277,24.9,322.7,54.96,0.19,66.463,32.511,8.303,3.983,0.56,0.669,6.78,2.2164,0.2757,0.8405,0.2317,2.7347,0.1618,80.5454,0.1161,5,5,5,5,0,0
1394.0,0.5432,3619.17185,227214.836,62.78089172,28.3,5.2,57.47,2.95,1394.077,1136.795,334.714,103.153,13.53,13.275,6.79,12.3979,0.4722,,,,,1245.7704,0.3373,5,0,0,5,0,0
1395.0,0.258720421,23.25890001,41.83239482,1.798554309,14.8,25.0,33.09,0.09,6.507,8.782,2.017,1.911,,,2.4,0.1066,0.0476,0.0544,0.7144,0.0665,0.5058,1.3932,0.3308,5,5,5,5,0,0
1397.0,0.471484594,248.1311489,7229.017725,29.13385827,23.5,149.7,44.81,0.29,131.585,73.412,25.296,8.743,1.04,1.567,5.26,0.9692,0.2478,,,2.0646,0.0835,,0.0877,5,0,5,5,0,0
1398.0,0.268650043,20.65031832,306.0066354,14.81849484,18.0,129.5,47.74,0.08,19.285,18.968,7.287,2.287,,,2.14,0.7294,0.3962,0.3105,0.5295,0.2787,0.4825,14.4802,0.2711,5,5,5,5,1,0
1400.0,0.886221837,435.1875087,14672.49396,33.71533803,22.4,190.0,47.2,0.15,60.236,28.332,9.848,7.3,0.7,2.235,9.74,1.8337,1.2177,0.5586,0.7799,3.3325,0.821,51.5407,0.7946,5,5,5,5,1,0
1403.0,0.750969744,325.909916,2214.033119,6.79338986,17.1,66.6,43.53,0.15,12.124,12.273,4.329,2.656,,,9.68,0.2084,0.152,0.0978,0.3363,0.1365,0.2928,,0.1792,5,5,5,5,1,0
1404.0,0.55520654,350.4418336,27391.12067,78.16167491,27.3,309.7,76.6,0.31,62.992,39.124,9.679,3.124,0.72,1.612,11.73,1.9197,0.6486,1.6705,0.4675,8.5042,0.4606,81.9874,0.5261,5,5,5,5,0,0
1405.0,0.481337209,2266.349253,51397.30573,22.67845773,23.1,128.6,47.85,2.69,166.913,168.646,44.548,13.925,3.48,,9.74,0.3292,0.1531,0.1012,0.771,2.1004,0.1964,97.9497,0.1888,5,5,5,5,1,0
1406.0,0.470694577,101.6198338,19782.81771,194.6747695,33.2,543.8,54.26,0.12,51.649,25.581,5.52,1.95,0.341,,9.7,1.9422,0.1423,0.719,0.2355,5.1785,0.0854,77.6001,0.095,5,5,5,5,0,0
1407.0,0.991858254,3102.234692,326757.5555,105.3297342,23.4,556.9,56.49,0.84,265.801,180.641,59.755,21.537,3.06,2.296,11.71,5.9934,0.3633,3.6556,0.6289,,,323.5057,0.3321,5,5,0,5,0,0
1409.0,0.168069767,187.522973,5885.296423,31.3844023,22.5,183.7,52.59,1.78,160.263,172.931,53.903,17.669,3.53,1.414,2.97,2.5479,0.3777,0.9959,0.2729,10.5023,0.1647,172.5778,0.1482,5,5,5,5,1,0
1411.0,0.130645161,76.08605619,1246.506556,16.38285145,22.4,94.8,43.34,1.16,99.808,87.361,27.342,7.925,1.47,1.422,2.7,0.3837,0.9125,0.101,0.3712,0.454,0.4967,,0.1303,5,5,5,5,1,0
1414.0,1.337623762,538.0492256,8909.945464,16.55972175,20.6,109.8,42.93,0.08,54.027,27.698,11.53,5.057,0.472,0.382,9.65,0.862,0.5761,0.3811,0.3233,0.3783,0.4373,23.9654,0.1452,5,5,5,5,1,0
1415.0,0.12,362.1,2972.4,8.208782104,20.6,64.0,46.87,6.84,470.914,581.211,279.392,96.438,18.497,,1.6,1.4487,0.189,0.9443,0.4118,,,265.3265,0.1506,5,5,0,5,1,0
1417.0,0.559717314,250.8209617,1689.643272,6.736451613,17.7,61.5,41.61,0.21,36.598,30.402,11.549,6.007,0.42,1.536,5.4,,1.0026,,1.1355,0.245,1.324,,0.7983,5,5,5,5,1,0
1419.0,0.431121606,1682.582484,3418.688042,2.031810074,16.7,22.6,32.01,2.42,46.941,109.187,36.56,14.496,3.06,1.873,7.16,,0.3346,0.0309,0.6148,0.113,0.4004,7.4789,0.7976,5,5,5,5,0,0
1420.0,1.246047619,183.7285737,2131.367268,11.60063035,18.5,97.5,46.5,0.03,11.151,6.711,4.32,,,,9.55,0.3405,0.558,0.1468,0.3355,0.1128,0.5132,6.1565,0.2794,5,5,5,5,0,0
1421.0,0.273640449,112.2963712,55.14593713,0.49107497,11.4,13.9,34.81,0.4,3.525,6.487,7.017,2.337,,,2.97,0.025,0.358,0.0071,0.6338,0.0136,0.2027,,0.3797,5,5,5,5,0,0
1422.0,0.638152069,371.4857445,250.8425837,0.675241479,11.6,18.4,37.16,0.24,7.177,5.311,7.938,3.993,,1.452,4.48,0.067,0.8059,0.0222,0.679,0.0219,1.0119,1.3755,0.4149,5,5,5,5,1,0
1423.0,0.750693642,1241.920211,30390.24021,24.47036448,21.8,148.1,49.67,0.58,57.257,47.0,13.808,4.536,1.06,1.085,14.43,0.4728,0.2618,0.2736,0.465,2.9465,0.2198,49.0654,0.2517,5,5,5,5,0,0
1424.0,0.339818731,57.89832513,101.5619792,1.754143646,14.3,26.8,35.7,0.13,8.805,9.529,4.682,2.626,,0.4,2.96,0.503,0.586,0.1463,0.4257,0.4673,0.2258,9.8325,0.4529,5,5,5,5,1,0
1425.0,0.17304419,36.11837239,795.679883,22.02978236,20.0,157.1,56.18,0.32,54.479,43.142,14.512,5.239,1.09,1.672,2.18,2.2388,0.6185,1.2254,0.2739,6.166,0.1022,53.3836,0.1732,5,5,5,5,0,0
1426.0,0.200148423,36.35459881,937.4077495,25.78512156,18.0,228.7,52.23,0.24,26.691,33.575,7.487,5.415,0.58,0.653,2.48,0.7351,0.4424,0.1583,0.3842,0.6864,0.2668,30.5307,0.2342,5,5,5,5,1,0
1427.0,0.204791289,35.74553707,338.7418882,9.476480589,20.4,64.4,41.7,0.23,48.215,32.43,12.717,3.681,0.97,,2.48,0.1671,0.2788,0.0273,0.5917,,0.1583,6.2963,0.371,5,5,5,5,0,0
1428.0,0.306513761,164.0315046,1998.953722,12.18640119,18.9,98.4,49.92,0.46,32.607,34.864,10.939,3.6,0.76,0.446,5.14,0.951,0.171,0.3924,0.2528,2.2671,0.0534,25.3151,0.0992,5,5,5,5,0,0
1429.0,0.584143337,208.0573639,1299.129839,6.244094488,17.9,55.8,40.17,0.16,36.463,35.405,12.732,5.776,,0.575,4.83,1.8409,0.6524,0.8153,0.8651,0.9446,0.7271,31.5383,0.51,5,5,5,5,1,0
1430.0,0.532228361,587.1174737,6399.247208,10.89943239,19.3,83.7,46.22,0.55,61.469,63.933,21.981,8.34,1.07,0.825,6.8,,0.5326,1.2655,0.7667,2.7061,0.6393,59.3628,0.9799,5,5,5,5,0,0
1432.0,0.507242647,174.8668955,828.3377676,4.73696159,14.3,71.8,57.51,0.18,34.498,69.702,18.274,,0.565,,2.52,0.9292,0.5595,0.2912,0.5095,0.8739,0.4717,,0.2773,5,5,5,5,0,0
1433.0,0.139954853,109.1877849,2310.086341,21.15700344,22.6,121.2,50.1,1.52,168.076,158.35,45.344,13.177,2.06,2.496,2.48,2.3059,0.0737,1.0713,0.1641,6.7623,0.0742,119.2057,0.0722,5,5,5,5,1,0
1434.0,1.169370229,1284.597206,10045.21653,7.819740293,13.7,131.0,50.89,0.25,14.08,29.426,9.803,3.552,,0.375,9.5,1.1207,0.4966,0.4204,0.7758,0.6726,0.4008,28.1563,0.4643,5,5,5,5,1,0
1437.0,0.150944444,9.339649383,72.83420123,7.798387097,17.1,77.8,45.79,0.11,5.457,4.194,2.086,,,,2.47,0.1048,0.1283,0.0385,0.481,0.1228,0.2222,2.8257,0.2146,5,5,5,5,0,0
1438.0,0.301540698,20.11046258,594.891547,29.58119658,22.3,166.8,47.51,0.06,11.927,7.031,2.011,,,,4.51,0.192,0.467,0.083,0.3144,0.176,0.1512,10.0434,0.0542,5,5,5,5,0,0
1439.0,0.693814655,344.2058366,337.0500423,0.979210712,12.2,22.6,39.94,0.19,5.923,13.285,6.172,2.255,,,5.11,0.1547,0.195,0.0888,0.3391,0.0818,0.2298,2.5282,0.1621,5,5,5,5,0,0
1440.0,0.7656,284.9308,618.70688,2.171428571,14.4,0.7,38.6,0.13,9.209,12.155,5.82,2.559,0.464,,6.38,0.2439,0.2232,0.0782,0.1687,0.082,0.1773,3.381,0.0729,5,5,5,5,0,0
1441.0,0.413128492,474.0976405,1230.378197,2.5952,15.3,33.9,38.93,0.75,33.301,36.345,17.615,8.216,2.0,1.569,4.93,0.2289,0.2925,0.0459,0.2798,0.0716,0.5236,3.6025,0.2562,5,5,5,5,1,0
1443.0,0.128515038,12.45323294,44.35067803,3.561378659,18.3,30.4,28.27,0.2,9.973,3.765,3.529,1.283,,,2.58,0.693,1.1645,0.1004,0.1898,,0.1976,6.4763,0.1745,5,5,5,5,0,0
1444.0,0.260702875,110.7845625,2189.524343,19.76380368,20.1,139.0,58.91,0.44,49.726,28.799,18.758,4.371,,3.078,4.08,3.0528,0.68,1.154,0.9162,4.8703,0.2213,51.0215,0.6584,5,5,5,5,0,0
1445.0,0.149377049,46.55723945,125.2335695,2.689883914,14.8,38.2,43.35,0.53,9.359,13.179,4.896,1.552,0.438,,2.68,0.1977,0.202,0.0844,0.3823,0.2906,0.1989,4.1657,0.2074,5,5,5,5,0,0
1446.0,0.751328935,1785.619579,58539.00258,32.78358015,21.0,213.2,61.81,0.85,141.611,113.404,33.146,12.862,2.44,,10.22,3.9705,0.4632,2.7814,0.5959,,,180.3936,0.4337,5,5,0,5,0,0
1447.0,0.281596091,30.48864073,1390.243178,45.59872611,23.1,241.8,49.45,0.1,70.954,41.693,13.712,4.842,0.739,0.436,2.47,2.2175,0.625,0.883,0.2767,2.5475,0.1614,70.954,0.1383,5,5,5,5,1,0
1451.0,0.694494624,190.4471222,2782.193389,14.60874471,17.1,144.7,50.73,0.1,31.188,23.234,10.655,5.117,,,4.82,,1.5008,0.3252,1.0837,,0.4239,,1.023,5,5,5,5,0,0
1454.0,0.683189655,631.1264153,1478.160132,2.342098343,14.5,34.5,41.35,0.36,9.371,13.617,5.528,2.056,,0.162,9.51,0.1804,0.158,0.0741,0.1436,0.1935,0.0833,3.7298,0.0944,5,5,5,5,0,0
1455.0,0.167619512,18.58948169,45.36029297,2.440105309,15.2,31.7,38.99,0.18,8.035,11.089,4.326,1.731,0.123,,2.07,,0.6699,,0.244,,0.4979,0.1908,0.966,5,5,5,5,0,0
1456.0,0.39183391,165.6549036,7171.113588,43.28947368,26.1,185.5,49.23,0.29,24.362,12.856,3.761,1.468,0.664,,11.92,0.5209,0.2633,0.2191,0.2295,0.6453,0.1591,13.7341,0.1872,5,5,5,5,0,0
1457.0,0.263219178,228.2671418,9789.417097,42.88579172,22.6,243.1,59.14,0.89,83.317,72.089,18.225,7.132,0.77,0.49,5.49,,1.8744,,1.5128,,2.6386,16.607,2.0713,5,5,5,5,0,0
1460.0,0.324247492,325.7083869,3897.600784,11.96653491,19.8,88.0,45.51,0.83,64.515,56.681,18.566,7.723,1.0,1.289,5.54,0.7423,0.1172,0.2096,0.1516,0.7578,0.1417,31.9237,0.1097,5,5,5,5,1,0
1462.0,0.133479532,87.80583085,1342.89088,15.29386906,20.5,106.5,50.04,1.29,94.357,87.622,24.798,13.116,1.24,,2.49,0.9119,0.0777,0.4101,0.2109,5.0739,0.063,57.2993,0.0601,5,5,5,5,0,0
1464.0,0.717865787,3968.983977,234940.0377,59.19400004,25.9,267.7,64.99,2.04,841.994,572.15,187.75,67.271,8.94,10.384,8.26,17.6643,0.313,4.9337,0.7278,,,1050.2242,0.2629,5,5,0,5,0,0
1465.0,0.654655335,378.0768132,552.321504,1.460871137,13.5,25.9,38.09,0.24,8.784,16.96,7.575,3.119,,0.119,6.19,0.1868,0.0952,0.0574,0.4629,0.0852,0.2827,3.0336,0.2448,5,5,5,5,0,0
1466.0,0.332340053,34.32384373,6714.098577,195.6103352,22.9,1096.5,87.6,0.08,7.539,4.324,1.158,,0.429,,7.9,1.7192,0.1149,2.0706,0.4266,,,25.0076,0.1155,5,5,0,5,0,0
1467.0,0.7007,405.769,969.78791,2.39,14.2,0.7,41.55,0.24,12.24,20.181,6.864,2.675,,,6.37,0.3495,0.3632,0.1257,0.4747,0.1252,0.322,4.9019,0.2263,5,5,5,5,0,0
1469.0,0.792630561,676.257894,3929.703107,5.810953398,16.0,67.3,46.7,0.29,16.593,19.367,7.273,3.704,,2.122,9.53,0.2837,0.3302,0.1133,0.3142,0.1883,0.2048,9.5042,0.3037,5,5,5,5,0,0
1470.0,0.262429907,9.118353743,152.3781584,16.71114795,18.9,130.5,49.81,0.04,12.588,8.43,3.506,,,,2.08,0.6527,0.1559,0.2595,0.2815,0.2875,0.1871,10.2859,0.123,5,5,5,5,0,0
1471.0,1.374719536,2691.643494,18443.63154,6.852182163,15.8,82.5,47.85,0.38,59.3,75.11,31.082,11.655,1.33,4.419,9.54,0.5916,0.3665,0.201,0.6337,0.6993,0.5494,24.6039,0.5072,5,5,5,5,1,0
1472.0,1.915099099,5515.221756,3768.62157,0.683312791,11.0,22.0,46.49,0.4,7.044,56.207,27.133,10.55,,0.901,9.49,0.2993,0.4518,0.113,0.8507,0.4101,0.5317,13.1803,0.5776,5,5,5,5,0,0
1475.0,0.4876,78.79984,8066.10736,102.3619764,40.0,215.6,40.56,0.09,90.336,14.961,4.538,,,,9.66,0.3077,0.1167,0.0718,0.4684,0.3264,0.3659,9.0575,0.3994,5,5,5,5,0,0
1476.0,1.000893536,7032.498575,72668.95519,10.33330536,18.0,95.1,60.11,1.88,234.038,245.176,100.564,48.469,6.34,21.092,9.66,4.6956,0.3599,2.792,0.5472,,,277.7991,0.5117,5,5,0,5,0,0
1477.0,0.311111111,74.32895984,523.5302761,7.043422607,17.6,65.3,41.9,0.2,42.807,45.311,11.381,7.59,1.33,,2.8,1.273,0.4507,0.5733,0.4329,1.0386,0.3592,28.241,0.3549,5,5,5,5,0,0
1478.0,0.118193146,148.4628478,23719.84433,159.7695631,37.1,410.1,53.04,2.91,874.751,543.252,108.928,32.551,7.61,7.94,2.71,2.6428,0.4721,2.5055,0.1727,,,1416.0442,0.0599,5,5,0,5,1,0
1479.0,0.576059757,1124.432273,20624.28668,18.34195547,21.0,119.4,48.69,0.89,95.466,73.635,20.127,12.474,1.72,,9.64,0.9687,0.7155,0.4303,0.4594,3.2959,0.1647,,0.2679,5,5,5,5,0,0
1480.0,1.160539216,660.1941687,6065.873331,9.188014101,20.2,63.6,42.53,0.13,61.079,34.577,13.689,6.846,,,9.47,0.2937,0.269,0.0857,0.3401,0.8125,0.184,,0.1256,5,5,5,5,0,0
1481.0,0.498659112,573.7596771,12827.20795,22.35641238,22.8,124.0,45.04,0.6,68.365,56.552,15.861,5.312,1.22,1.054,9.43,0.4693,0.1269,0.168,0.261,1.9137,0.112,39.8093,0.136,5,5,5,5,1,0
1482.0,0.684878049,291.6330756,402.1013682,1.378792057,13.2,25.7,39.67,0.16,5.504,7.57,3.73,2.455,,0.365,6.5,0.1314,0.3166,0.0627,0.4278,0.0855,0.2892,2.1249,0.1763,5,5,5,5,1,0
1483.0,0.166929134,17.8512307,281.7141903,15.78121951,19.9,111.9,49.02,0.17,29.731,23.694,7.349,3.074,,,2.12,0.7816,0.1165,0.3356,0.2732,1.7173,0.0712,23.3765,0.1204,5,5,5,5,0,0
1484.0,1.41863771,3534.979583,947.4634677,0.26802516,10.7,9.4,31.24,0.46,5.106,19.4,11.581,6.106,0.756,0.41,9.71,0.0661,0.5172,0.0195,0.4955,0.035,0.3644,,0.1983,5,5,5,5,0,0
1486.0,0.414149798,1330.938486,7008.242097,5.265639374,16.8,56.6,50.02,2.02,121.845,144.255,52.155,22.296,5.374,4.506,4.99,1.3897,0.1111,0.4859,0.1515,7.2264,0.0394,72.2556,0.0907,5,5,5,5,0,0
1487.0,0.501385042,301.9660162,542.7947238,1.797535798,12.7,37.8,45.53,0.32,12.339,23.665,11.736,6.516,0.455,,3.62,,0.3109,0.7592,0.5377,0.8338,0.3959,,0.3661,5,5,5,5,1,0
1490.0,0.36677116,209.5539549,3219.986341,15.36590585,19.0,122.3,51.04,0.41,72.281,63.978,22.832,10.328,1.16,1.774,3.9,2.6191,0.1955,1.5039,0.1942,6.2848,0.0733,90.1403,0.158,5,5,5,5,0,0
1491.0,0.541544256,381.3311203,512.9526197,1.345163278,14.0,21.6,34.24,0.34,7.561,9.306,5.811,2.358,0.63,0.3,7.28,0.5941,0.561,0.2932,0.6552,0.2868,0.6052,9.6455,0.4607,5,5,5,5,1,0
1493.0,0.196967213,41.05890218,109.6095875,2.669569367,15.1,35.9,39.0,0.28,12.111,18.009,5.82,3.222,0.703,0.621,2.43,0.3576,0.6962,,0.5462,0.1929,0.437,,0.2364,5,5,5,5,1,0
1495.0,0.28086,53.4364236,97.4149924,1.823007339,14.4,27.5,36.62,0.18,7.606,11.74,4.328,1.981,,,3.02,0.1605,0.1515,0.0534,0.2484,0.0669,0.2555,1.8243,0.4037,5,5,5,5,0,0
1496.0,0.49,416.4234375,300.125,0.720720721,12.1,17.2,36.3,0.49,8.793,29.302,9.199,5.503,0.89,,4.41,0.185,0.2272,0.0715,0.5445,0.2087,0.1341,5.0148,0.4347,5,5,5,5,0,0
1500.0,0.49519403,2311.361295,87917.10561,38.03693772,26.4,168.6,50.99,2.48,408.297,287.507,79.08,32.651,4.0,2.768,9.39,1.3724,0.0509,1.1251,0.344,,,351.1548,0.0971,5,5,0,5,0,0
1501.0,1.111702128,1383.983137,1138.849593,0.822878229,11.5,22.9,43.96,0.31,4.009,9.388,5.009,,0.51,,9.5,0.1126,0.2514,,0.513,0.0413,0.532,,0.3749,5,5,5,5,1,0
1503.0,0.351520533,73.96851593,84.64182527,1.144295302,15.1,15.2,23.4,0.16,6.947,7.701,3.801,1.782,,,4.28,0.0901,0.4681,0.0322,0.3499,0.0431,0.2485,0.8942,0.4879,5,5,5,5,0,0
1504.0,0.307624309,39.94628064,303.536284,7.598611914,17.5,71.3,44.25,0.11,8.256,8.384,2.653,1.18,,,4.35,0.2128,0.2406,0.0637,0.3037,0.1363,0.2346,3.1623,0.206,5,5,5,5,0,0
1505.0,0.023225806,0.23975026,2.62226847,10.9375,17.8,101.6,46.99,0.12,17.653,15.22,5.704,2.43,0.312,,0.24,0.67,0.1367,0.3209,0.3214,0.5228,0.117,12.6584,0.2149,5,3,5,5,0,0
1506.0,0.189883495,7.206283344,95.02564012,13.18649789,21.4,81.0,40.51,0.05,10.772,7.79,2.178,1.092,,,2.54,0.1516,0.2928,0.0734,0.1875,0.0816,0.3109,2.8977,0.3738,5,5,5,5,0,0
1507.0,0.237962963,35.39383524,231.4434321,6.539088814,16.2,73.6,52.43,0.17,13.986,18.033,6.34,2.505,,,2.57,0.4991,0.1625,0.2148,0.1969,0.273,0.264,8.5356,0.1021,5,5,5,5,1,0
1508.0,0.575,133.4027778,1347.916667,10.10411244,17.7,91.9,46.28,0.11,8.419,7.847,2.686,1.126,,,8.1,0.2201,0.1948,0.096,0.3226,0.1711,0.2661,5.3354,0.1736,5,5,5,5,0,0
1509.0,0.249286432,60.22343921,836.9382906,13.89721845,18.4,117.8,48.99,0.26,30.556,22.379,8.859,3.972,,,3.18,0.958,0.14,0.3555,0.351,1.4535,0.1286,23.7093,0.1484,5,5,5,5,0,0
1510.0,0.366563707,30.28273878,268.066123,8.852109613,18.7,72.5,42.55,0.06,7.258,6.541,2.26,0.836,,,4.7,0.1228,0.1909,0.0897,0.9023,0.1325,0.5599,2.9754,0.4246,5,5,5,5,0,0
1511.0,0.595835897,450.3328698,1913.637626,4.249384742,15.8,51.0,46.99,0.34,11.655,10.17,4.92,3.062,0.482,,9.37,0.3058,0.0854,0.1179,0.2874,0.1691,0.268,4.8118,0.1348,5,5,5,5,0,0
1513.0,0.252073171,78.42514872,735.6174896,9.37986732,18.8,75.6,45.54,0.33,23.181,21.956,6.565,2.601,,,4.29,0.3115,0.0552,0.0955,0.3738,0.3927,0.1813,10.7368,0.1319,5,5,5,5,1,0
1515.0,0.436410256,523.5682446,1452.076068,2.773422726,14.9,38.8,41.63,0.73,44.367,33.265,20.786,13.317,1.986,1.521,4.44,0.4876,0.5607,0.1391,0.7496,0.4685,0.3444,8.5577,0.6489,5,5,5,5,1,0
1517.0,0.672857143,475.5583619,4441.901739,9.340392462,17.8,84.0,45.76,0.28,22.316,20.158,7.136,2.771,0.338,,9.42,0.9037,0.1817,0.4207,0.2981,0.6271,0.1241,13.9936,0.1949,5,5,5,5,0,0
1519.0,0.49976825,376.7972808,364.3434595,0.966948219,14.9,13.4,22.47,0.4,26.81,32.687,16.072,8.169,1.17,0.624,4.54,,0.7438,0.0571,0.5448,,0.4714,2.0888,0.3612,5,5,5,5,1,0
1520.0,0.763900081,255.3002082,3924.967166,15.37392857,18.5,127.5,51.41,0.12,9.556,8.314,2.891,1.082,,,11.85,0.2227,0.1129,0.1234,0.36,0.439,0.1621,7.1757,0.1907,5,5,5,5,1,0
1521.0,2.010802738,516.1276268,2488.878468,4.822215163,16.0,54.7,55.44,0.03,8.907,27.053,3.439,,,,11.88,,0.4763,,0.5063,0.0532,0.8065,,0.3846,5,5,5,5,0,0
1522.0,0.487142857,335.3428571,2290.905896,6.831533301,17.1,68.5,44.46,0.38,54.051,47.971,21.463,9.777,1.06,0.404,4.51,1.0477,0.1872,0.3748,0.3275,0.6879,0.1733,27.9326,0.1129,5,5,5,5,0,0
1525.0,0.698360656,1077.782504,45499.09544,42.21547044,24.9,198.5,59.7,0.59,75.057,54.405,15.261,5.553,1.05,0.456,14.2,0.9759,0.1832,0.7862,0.1708,6.5379,0.0377,69.7518,0.0567,5,5,5,5,1,0
1526.0,0.94887338,379.3583079,18452.76888,48.64205817,25.5,215.6,49.67,0.11,84.101,45.684,11.322,4.519,0.543,,9.24,3.9098,0.143,1.7898,0.2199,3.7372,0.2364,81.7018,0.1712,5,5,5,5,0,0
1527.0,0.315172414,726.183979,5414.371378,7.455922376,18.3,66.4,43.74,1.94,122.471,147.219,56.705,18.927,3.76,2.646,4.57,,0.24,0.0365,0.7795,,0.3905,,0.8997,5,5,5,5,1,0
1528.0,0.16964539,19.2249082,83.6490921,4.351078882,16.2,48.5,41.83,0.18,11.495,13.531,4.731,1.95,,,2.08,0.2092,0.1707,0.0833,0.3106,0.1231,0.4202,4.7881,0.1355,5,5,5,5,1,0
1529.0,0.293386953,32.16581174,122.3307526,3.803129657,15.9,44.3,39.55,0.1,12.953,11.55,5.806,2.901,,,2.45,0.1874,0.2273,0.0681,0.3207,0.0703,0.2698,,0.2642,5,5,5,5,0,0
1530.0,0.545776398,44.89329405,1005.893137,22.40631164,21.3,140.1,52.21,0.04,5.437,3.549,1.142,,,,9.09,0.187,0.3582,0.0344,0.1163,,0.2154,,0.0933,5,5,5,5,0,0
1531.0,1.2376,308.14336,1674.39664,5.433823529,15.2,1.3,48.89,0.05,25.778,127.397,19.434,4.43,,0.459,4.76,0.5993,0.5767,0.1702,1.2853,,0.6613,9.4883,0.8024,5,5,5,5,0,0
1532.0,0.350128866,46.56390955,225.9599287,4.852683781,16.4,53.4,43.51,0.1,6.978,7.266,2.846,1.224,,,4.29,0.157,0.2623,0.07,0.4403,0.1055,0.2649,3.2051,0.1602,5,5,5,5,0,0
1533.0,0.3493,241.53097,4960.09992,20.53608247,20.1,2.9,48.44,0.48,70.879,52.258,18.851,7.552,0.94,0.652,4.99,1.5423,0.1877,0.4383,0.2018,2.7098,0.1095,53.0739,0.1438,5,5,5,5,1,0
1536.0,0.635488419,2395.998764,24158.50427,10.08285339,20.0,74.1,43.9,1.57,157.862,150.03,48.75,20.192,3.25,2.783,9.28,2.2307,0.3359,1.005,0.5797,5.3151,0.3999,98.3601,0.6487,5,5,5,5,1,0
1537.0,0.038571429,2.261387755,10.05722449,4.447368421,14.3,68.1,52.02,0.37,31.086,61.897,13.725,10.093,,,0.27,,1.8855,0.8284,1.8312,,1.4432,,1.5356,5,5,5,5,0,0
1538.0,1.239963504,1321.574824,14666.26886,11.0975698,16.5,117.4,61.69,0.23,43.27,69.527,17.196,,,,9.06,0.6697,0.3608,0.1964,0.5849,0.6432,0.4487,28.7346,0.347,5,5,5,5,1,0
1539.0,0.908364312,3868.90869,11148.95956,2.881680715,14.3,44.8,47.48,1.26,41.505,92.331,30.653,,1.23,3.596,9.05,,1.3849,0.1262,0.8062,0.4367,0.7045,,0.6598,5,5,5,5,0,0
1540.0,0.315102041,204.8462291,6457.651708,31.52438655,24.5,151.9,47.2,0.56,56.039,42.416,11.371,3.288,,0.441,7.72,0.6925,0.1536,0.3317,0.3232,1.8767,0.1718,41.2805,0.1211,5,5,5,5,0,0
1541.0,0.180483559,8.086322669,219.6696239,27.16557734,23.5,138.9,44.9,0.07,25.648,14.245,4.203,,,,2.17,0.581,0.8004,0.2731,0.6533,0.4138,0.7861,11.2633,0.4939,5,5,5,5,0,0
1542.0,1.045504587,671.4088339,7541.816196,11.23282241,19.0,87.5,52.63,0.16,46.032,45.966,7.874,5.694,,0.48,9.24,0.5169,0.3082,0.1851,0.5132,0.8482,0.22,17.908,0.346,5,5,5,5,1,0
1543.0,0.484210526,983.6214329,19938.27698,20.27027504,22.1,120.9,49.17,1.14,110.729,68.931,22.608,10.705,1.23,1.682,9.2,1.816,0.2227,0.7323,0.3541,3.704,0.1482,76.1855,0.2388,5,5,5,5,0,0
1545.0,0.123755459,10.14985984,38.87758815,3.830357143,15.0,52.0,52.1,0.18,3.634,4.203,1.508,,,,2.18,0.1869,0.1074,0.0992,0.3832,0.1847,0.2177,1.8908,0.2351,5,5,5,5,0,0
1546.0,0.039677419,9.44578564,390.6007284,41.35185185,26.3,181.6,49.99,2.04,225.228,175.917,49.903,14.007,2.99,2.017,0.82,3.4886,0.2083,2.452,0.3914,,,205.7982,0.1411,5,5,0,5,1,0
1547.0,0.07483871,2.955994913,41.53950746,14.05263158,19.4,107.9,49.04,0.14,14.026,10.921,3.807,1.326,,,1.16,0.3772,0.255,0.1666,0.2873,0.468,0.1096,10.8114,0.12,5,5,5,5,0,0
1548.0,0.505715706,1875.206267,114004.4247,60.79567178,25.7,279.0,65.61,1.95,326.315,255.08,64.92,20.467,4.84,3.249,9.25,3.9648,0.1321,2.3505,0.5088,,,,0.1234,5,5,0,5,0,0
1552.0,0.857209302,923.2167793,35748.98409,38.72219926,22.7,214.2,52.81,0.33,85.664,60.829,17.465,6.036,1.08,0.396,11.64,1.8273,0.2744,0.8229,0.1488,5.0185,0.0518,106.3753,0.0868,5,5,5,5,1,0
1555.0,0.347503201,159.8896323,75.66050944,0.4732046,13.2,9.0,20.01,0.36,5.517,13.848,4.674,2.109,,,4.6,0.4293,0.5853,0.0883,0.5054,0.1693,0.5243,,0.2477,5,5,5,5,0,0
1556.0,0.846856404,522.9363366,888.0279163,1.698156839,11.7,44.6,47.63,0.19,7.794,33.504,9.844,5.344,,,4.61,0.0857,0.1598,0.0115,0.5193,,0.1651,1.101,0.4233,5,5,5,5,0,0
1557.0,0.743355007,166.9301907,1592.611051,9.54058127,15.2,125.5,54.35,0.08,13.302,33.492,6.807,,,,4.61,1.1542,0.3384,0.3987,0.4916,0.6308,0.2846,,0.2431,5,5,5,5,0,0
1558.0,0.028337531,0.305217342,1.562061811,5.117867166,16.1,57.4,43.36,0.1,8.829,9.092,4.324,1.55,,,0.3,0.2156,0.0785,0.0941,0.2894,0.1467,0.1693,3.7618,0.1945,5,5,5,5,0,0
1559.0,0.936739659,1186.688847,33747.17044,28.43809524,21.6,173.9,48.83,0.36,94.129,68.669,20.347,8.436,1.01,,11.0,1.6926,0.2122,0.8088,0.2569,4.1825,0.0856,81.9689,0.1062,5,5,5,5,0,0
1560.0,0.395448852,3925.806584,27876.20541,7.100758739,19.3,63.5,48.51,6.73,195.84,148.439,65.51,24.893,9.87,8.246,9.02,,1.4628,2.4161,1.1498,,0.8339,,0.7902,5,5,5,5,1,0
1561.0,1.598498769,944.9250591,3895.467423,4.122514675,14.4,61.4,48.65,0.1,9.688,12.442,5.521,2.629,,,11.53,0.2927,0.654,0.1637,0.5319,0.3809,0.1616,,0.1931,5,5,5,5,0,0
1562.0,0.4056,138.80646,704.31426,5.074074074,15.8,1.4,48.13,0.22,12.775,13.801,4.798,3.02,,,5.07,0.5781,0.0747,0.2605,0.2871,0.7661,0.1207,8.563,0.1352,5,5,5,5,0,0
1563.0,0.230978261,207.7486265,933.6844282,4.494298921,16.4,50.0,42.72,1.05,27.46,34.91,11.953,5.767,1.71,2.118,4.25,0.1486,0.1247,0.0405,0.3381,0.4098,0.281,11.3369,0.1141,5,5,5,5,0,0
1564.0,0.617714908,2199.999373,11849.21749,5.386009485,16.5,59.9,55.04,1.52,64.59,90.147,33.534,15.269,2.4,2.992,8.87,1.5362,0.3861,0.7808,0.4873,4.1633,0.4576,105.7574,0.3546,5,5,5,5,0,0
1565.0,0.35679668,1484.219933,100308.0113,67.58298352,34.8,191.9,47.43,3.04,370.345,272.42,62.922,14.404,4.0,3.038,11.62,0.8967,0.5812,0.4466,0.3303,6.4954,0.1401,214.171,0.0984,5,5,5,5,1,0
1566.0,0.024923077,0.871952663,5.615621302,6.440282302,17.1,64.0,44.5,0.37,32.052,39.222,13.956,4.979,,,0.3,,0.3937,0.1237,0.5643,0.3929,0.4318,,0.3698,5,5,5,5,0,0
1568.0,0.124656085,42.4367011,270.918009,6.384049702,15.7,78.3,49.49,0.73,17.213,26.025,9.06,3.991,1.519,0.978,2.17,0.2214,0.4058,0.1702,0.6956,0.8304,0.5677,9.0497,0.6001,5,5,5,5,1,0
1569.0,0.754427861,2274.361065,57280.63932,25.18537633,22.3,146.6,55.75,1.07,269.665,236.134,71.568,26.294,3.63,,8.92,4.2924,0.2107,3.1649,0.3892,,,245.3094,0.1518,5,5,0,5,1,0
1570.0,0.707936508,3907.82151,466271.1767,119.3174191,29.1,443.0,65.29,2.07,1308.365,632.722,191.617,62.834,10.84,8.902,8.92,14.4649,0.2482,,,,,2120.2953,0.3243,5,0,0,5,1,0
1571.0,0.1725,24.334,245.85275,10.10326087,18.4,84.9,47.92,0.21,26.991,25.301,8.856,3.25,1.063,0.126,2.07,0.5715,0.3876,0.2117,0.7358,1.2205,0.2825,16.9633,0.3084,5,5,5,5,1,0
1572.0,0.478648649,136.4039445,895.3199416,6.563739377,16.5,70.7,46.15,0.16,10.325,9.915,3.356,2.118,0.356,,6.21,0.293,0.2192,0.1346,0.2987,0.2018,0.2133,4.412,0.2062,5,5,5,5,1,0
1573.0,0.436531027,273.1149226,6481.777969,23.73278585,21.7,143.5,48.36,0.38,33.19,24.549,7.187,2.481,,0.257,9.13,0.3845,0.0998,0.1598,0.2786,1.2563,0.2055,,0.0871,5,5,5,5,0,0
1574.0,0.186567164,6.613388282,34.45923368,5.210526316,16.0,60.9,43.99,0.05,2.684,2.392,1.127,,,,2.5,0.0892,0.1866,0.0272,0.6323,0.0384,0.3471,1.5013,0.3148,5,5,5,5,0,0
1575.0,0.152206304,8.761061896,285.7101625,32.61136217,22.2,187.9,56.16,0.1,16.679,10.519,2.725,1.044,,,2.49,0.5543,0.0688,0.2315,0.3076,1.0467,0.1919,16.96,0.1182,5,5,5,5,0,0
1576.0,0.736389589,471.0122428,3899.158953,8.278253937,17.0,84.7,47.71,0.23,12.204,10.22,4.083,2.207,,,11.54,0.2444,0.3264,0.0881,0.3042,0.1756,0.2229,6.7001,0.1555,5,5,5,5,0,0
1577.0,0.318333333,69.99698045,23.00392275,0.328641644,12.3,7.6,19.0,0.18,12.0,13.937,8.599,5.211,,,1.91,,0.6338,0.1143,0.9678,0.1127,0.9879,1.7628,0.8015,5,5,5,5,0,0
1578.0,0.372557252,590.9275217,6954.20803,11.76829268,18.9,95.7,50.26,1.16,116.465,142.926,49.708,18.74,2.13,0.92,4.54,2.7813,0.7124,1.6436,0.6201,8.226,0.455,132.5601,0.6638,5,5,5,5,1,0
1579.0,0.478563773,323.3808779,9172.290939,28.36373938,21.6,172.5,53.64,0.38,41.042,28.529,8.649,5.049,1.514,,8.93,0.7358,0.1607,0.1569,0.1614,,0.3046,30.975,0.1542,5,5,5,5,0,0
1580.0,1.748756906,245.4383587,12312.35629,50.16475973,27.1,199.0,46.61,0.02,47.062,29.468,6.693,1.995,,,11.51,1.8937,0.9219,0.7918,1.3288,1.8476,0.9026,32.362,0.7573,5,5,5,5,1,0
1581.0,0.038956522,0.296506304,0.838517084,2.827990747,14.9,38.4,41.63,0.05,5.303,9.42,4.097,1.426,0.196,,0.28,0.2474,0.3473,0.1631,0.6332,0.1327,0.5918,3.157,0.4477,5,5,5,5,1,0
1582.0,0.731770624,1453.677968,1499.873113,1.031778115,12.5,22.8,48.12,0.72,8.951,13.308,7.429,6.023,,1.096,8.98,0.1116,0.1664,0.0332,0.5008,0.3668,0.324,4.0602,0.1321,5,5,5,5,0,0
1586.0,0.502951629,131.2535882,171.2887042,1.305021117,13.9,21.7,33.03,0.14,6.419,14.507,5.777,1.813,,,4.59,0.0494,0.5072,0.0167,0.5186,0.0279,0.2469,1.364,0.3006,5,5,5,5,1,0
1587.0,0.829799331,752.7127675,3054.980427,4.058627087,15.3,52.5,45.08,0.29,10.148,12.619,4.943,1.995,,,11.54,0.2067,0.033,0.0714,0.4775,0.2416,0.3273,6.2038,0.2804,5,5,5,5,0,0
1588.0,0.231504425,1.116547889,58.06049025,52.0,26.4,256.0,49.13,0.01,5.683,7.438,0.49,,,,2.18,0.4541,0.8921,0.1962,0.7129,0.2614,0.5454,12.8124,0.5563,5,5,5,5,1,0
1589.0,0.415426829,370.6392633,7083.845093,19.11250587,21.1,123.4,46.53,0.57,50.822,47.586,13.016,4.671,0.72,0.303,7.57,0.7007,1.1381,0.273,1.3159,1.1671,0.3917,,0.4074,5,5,5,5,1,0
1590.0,0.390429338,57.49729584,405.6726649,7.055508594,16.1,80.5,46.96,0.1,7.22,8.22,3.001,1.244,,,4.5,0.2764,0.2528,0.121,0.3829,0.1874,0.2891,6.3193,0.1638,5,5,5,5,0,0
1591.0,0.196903226,22.683314,71.55180801,3.154380706,15.0,42.4,41.58,0.16,8.121,10.918,4.366,1.781,,,2.18,0.1507,0.2655,0.0621,0.3696,0.0683,0.4259,3.6952,0.2635,5,5,5,5,0,0
1592.0,0.44078853,1030.483584,24604.25078,23.87641215,25.1,112.5,44.8,1.41,120.577,98.668,22.993,7.41,1.88,0.95,11.18,,0.48,1.9072,0.5449,9.8808,0.2592,119.4634,0.5538,5,5,5,5,1,0
1593.0,0.338966292,56.18572592,751.1820997,13.36962525,20.0,94.1,44.17,0.13,23.242,19.707,6.122,2.735,,0.455,4.19,0.4532,0.1289,0.1817,0.9037,0.2001,0.5186,14.2944,0.3186,5,5,5,5,1,0
1594.0,0.47184598,887.8488361,18698.16606,21.06007836,20.8,141.0,50.29,1.07,88.327,80.911,22.892,6.576,1.17,0.746,8.68,0.9374,0.0967,0.3619,0.2069,4.8355,0.1295,76.2838,0.0527,5,5,5,5,0,0
1595.0,0.591295181,2642.436332,38435.46588,14.54546526,20.0,108.1,49.04,2.03,181.028,193.292,63.127,26.268,3.08,1.727,8.79,0.6798,0.0796,0.3569,0.1776,6.2658,0.0856,111.2931,0.0859,5,5,5,5,0,0
1596.0,1.115728477,510.2708533,6805.493948,13.33702269,18.2,114.0,47.52,0.11,31.229,30.472,9.887,3.229,,,8.79,0.6385,0.8181,0.2569,0.7749,0.5827,0.3674,27.4853,0.6181,5,5,5,5,1,0
1597.0,1.28057775,1953.570079,12913.7221,6.610319355,15.6,81.8,49.71,0.32,17.255,24.773,9.878,4.452,0.72,0.74,13.89,0.3622,2.3287,0.3921,0.6582,1.3081,0.6483,17.7964,0.3267,5,5,5,5,1,0
1598.0,0.6453125,437.2496338,1397.732831,3.19664723,15.0,42.7,42.05,0.28,39.197,55.305,20.576,9.715,0.416,0.546,4.13,1.6078,0.4135,0.5902,0.762,0.7501,0.5197,,0.5703,5,5,5,5,1,0
1599.0,1.261210571,469.7600388,6343.595891,13.50390703,20.2,93.9,42.32,0.08,28.769,18.478,6.929,2.981,,,11.38,0.4106,0.4772,0.1936,0.47,0.1914,0.3721,9.8741,0.1861,5,5,5,5,0,0
1600.0,1.06193133,368.9388698,8571.682904,23.23334191,23.6,118.5,42.13,0.09,44.905,21.67,7.946,3.283,,0.42,11.35,0.5693,0.4077,0.269,0.4617,0.5063,0.2588,19.2161,0.1822,5,5,5,5,1,0
1601.0,1.028343023,938.9828843,3061.609394,3.26055932,15.5,40.3,38.79,0.24,27.037,26.271,12.982,5.918,,,8.49,0.5089,0.1882,,0.4016,0.332,0.433,,0.3877,5,5,5,5,0,0
1602.0,0.16380789,12.26805898,52.06680151,4.244094488,16.1,48.0,40.83,0.12,8.425,8.425,3.698,1.84,0.372,0.37,1.91,0.16,0.724,0.0591,1.2002,0.072,1.1937,1.8664,0.9921,5,5,5,5,0,0
1603.0,0.631760204,1060.575377,95875.65509,90.39966153,26.0,393.1,53.55,0.71,158.491,102.704,26.812,8.345,1.72,2.383,11.43,1.1023,0.1908,1.0002,0.4147,,,237.5354,0.1503,5,5,0,5,0,0
1604.0,0.33218543,189.9997593,522.1694034,2.7482635,15.2,36.0,40.33,0.46,18.864,23.239,8.261,5.523,,0.535,4.18,0.1393,0.3957,0.0537,0.5323,0.1988,0.2843,5.0584,0.2162,5,5,5,5,0,0
1605.0,1.053384175,1461.150526,3384.992153,2.316662173,14.0,37.1,43.74,0.35,23.823,26.098,14.093,9.64,0.93,1.2,8.5,0.6167,0.1821,0.2503,0.3249,0.6698,0.2453,8.588,0.3726,5,5,5,5,0,0
1606.0,1.639827214,788.7499928,4349.39019,5.514282383,16.4,60.6,42.07,0.08,28.593,26.312,12.093,5.39,,0.518,8.88,0.3486,0.3519,0.1371,0.2939,0.1523,0.218,,0.1797,5,5,5,5,0,0
1607.0,0.813730853,188.5202497,1850.559495,9.816237239,18.2,85.1,45.17,0.07,11.904,10.028,2.967,,,,8.75,0.3097,0.1784,0.1325,0.4352,0.269,0.2417,6.1042,0.2275,5,5,5,5,0,0
1608.0,0.795268615,9304.896565,21181.15505,2.27634503,15.2,32.4,42.49,3.95,122.244,234.863,98.945,45.898,9.64,9.814,8.61,2.4998,0.4708,0.8529,0.5695,2.7364,0.4805,52.9557,0.699,5,5,5,5,1,0
1609.0,0.380392157,68.91251442,933.1224721,13.54068241,17.5,127.7,51.55,0.13,27.856,31.042,10.483,4.438,,,2.91,2.3939,0.3366,,,,,26.5852,0.4783,5,0,0,4,1,0
1611.0,0.728840461,453.7087912,7935.872074,17.49111374,18.8,140.6,49.53,0.23,19.835,16.132,5.011,2.227,,,11.51,0.6468,0.0643,0.2447,0.2539,0.8496,0.1803,16.5604,0.1416,5,5,5,5,0,0
1612.0,0.732987013,616.8972845,5408.652791,8.767509482,17.3,85.5,45.12,0.3,28.413,23.47,9.392,5.152,0.454,0.679,8.84,0.4805,0.2112,0.1374,0.2942,0.1787,0.2218,15.9318,0.1699,5,5,5,5,0,0
1613.0,1.626984,5715.435292,543.0356369,0.095012122,8.9,6.2,36.71,0.57,1.34,7.908,6.04,3.896,,,11.49,,0.2063,0.014,0.5672,0.0275,0.5133,,0.4117,5,5,5,5,0,0
1616.0,0.135673432,6.901565798,14.92389869,2.162393162,14.0,34.7,41.52,0.1,2.203,2.709,1.217,0.428,,,1.91,,0.3122,0.0221,0.5692,0.0389,0.331,0.774,0.5371,5,5,5,5,0,0
1617.0,0.118644068,14.67681701,134.0735421,9.135055784,17.3,89.0,49.34,0.28,14.641,14.725,4.795,2.028,0.511,,1.9,0.3182,0.1761,0.1096,0.2441,0.7501,0.2391,13.1756,0.1241,5,5,5,5,0,0
1618.0,0.180726016,26.2548379,44.55793304,1.697132285,13.7,28.9,41.75,0.21,3.902,7.32,2.761,1.061,,,2.55,0.1427,0.3369,,0.8657,0.0776,1.239,1.969,0.6891,5,5,5,5,0,0
1619.0,0.874964539,482.6968462,1625.941341,3.368452381,15.2,43.8,43.91,0.17,6.303,7.224,3.133,1.391,,,11.83,0.1427,0.1081,0.055,0.4303,0.1027,0.4024,2.5688,0.2791,5,5,5,5,0,0
1620.0,0.635967957,522.6254488,58989.41228,112.8712971,29.9,383.1,58.21,0.35,83.612,52.039,12.0,3.705,0.97,0.625,14.01,0.8045,0.2651,1.1321,0.3259,,,103.4573,0.1289,5,5,0,5,0,0
1621.0,0.65619137,287.459957,12850.26958,44.70281606,22.3,256.1,54.76,0.18,17.55,11.228,3.027,1.026,,,13.99,0.5711,0.0859,0.277,0.2234,1.0831,0.2416,19.1477,0.101,5,5,5,5,0,0
1622.0,0.304591265,73.20593543,805.5370939,11.00371287,18.9,89.0,50.04,0.21,5.985,3.735,1.795,1.082,,,8.5,0.1871,0.2898,0.0886,0.3026,0.3547,0.2441,3.1481,0.1266,5,5,5,5,0,0
1623.0,0.694565217,3172.5319,30868.13918,9.729812072,13.7,170.4,61.2,1.76,20.471,28.966,11.443,4.939,2.08,,11.25,,1.9514,3.5729,1.2028,,,,1.6571,5,5,0,5,0,0
1625.0,1.158708415,538.271517,3567.054706,6.626868771,17.3,64.3,43.04,0.11,15.735,12.323,5.506,2.337,,0.309,11.46,0.2018,0.9973,0.1255,0.7251,0.2261,0.4699,,0.679,5,5,5,5,1,0
1627.0,0.012518766,0.141959208,3.26549592,23.0030581,22.9,123.9,44.36,0.25,3.018,2.257,0.325,,,,0.79,0.0278,0.4837,0.0118,0.6462,0.0213,0.5594,0.861,0.5557,5,5,5,5,0,0
1628.0,0.274466357,51.46192931,402.0868993,7.813288478,17.2,76.7,46.07,0.18,11.431,15.353,3.9,1.322,0.33,,4.01,0.2731,0.2079,0.0792,0.5023,,0.3368,7.9805,0.1298,5,5,5,5,0,0
1630.0,0.280455696,17.71798821,110.5477763,6.239296188,17.1,61.9,44.19,0.06,4.314,4.324,1.264,,,,3.82,0.0583,0.4331,0.0185,0.5067,0.0409,0.4131,1.3607,0.3368,5,5,5,5,1,0
1631.0,0.972842942,357.532038,753.3253785,2.107015032,14.7,29.9,37.13,0.1,4.234,4.891,2.295,1.223,,,11.38,0.0605,0.2616,0.0322,0.3028,0.0354,0.3953,0.6436,0.3533,5,5,5,5,1,0
1633.0,0.850488346,472.3883726,2104.150953,4.454281848,16.0,51.6,41.6,0.17,15.786,17.988,6.802,2.907,,,8.61,0.3823,0.166,0.1741,0.2915,0.2043,0.2565,6.5594,0.146,5,5,5,5,0,0
1634.0,0.15895,222.4902625,13667.72107,61.43064833,30.1,216.7,47.36,2.44,357.613,270.929,66.696,19.882,3.57,1.971,3.74,0.9568,0.2246,0.3488,0.5122,5.7173,0.1917,,0.1162,5,5,5,5,1,0
1635.0,0.211343612,10.70568272,18.86301888,1.76196319,13.0,35.8,45.07,0.06,2.094,5.638,1.272,,,,1.9,0.0687,0.1699,0.0267,0.5381,0.0341,0.4659,0.9357,0.3264,5,5,5,5,0,0
1636.0,0.673628866,818.5532939,8268.979301,10.10194371,18.3,86.7,47.27,0.48,47.251,52.455,16.0,6.324,0.99,0.704,8.83,1.2116,0.628,0.4541,0.726,1.7863,0.2785,43.0102,0.3566,5,5,5,5,1,0
1637.0,0.556390424,34.55025708,854.9707902,24.74571429,23.3,126.6,43.34,0.03,4.387,3.053,0.806,,,,10.79,0.0812,0.3562,0.0384,0.4558,0.0405,0.4046,,0.2328,5,5,5,5,0,0
1638.0,0.163941871,5.673192812,114.3810969,20.16167979,20.4,136.1,48.8,0.06,13.093,9.695,3.295,1.153,,,1.9,0.3639,0.3014,0.1989,0.2263,0.4692,0.2017,11.0866,0.2487,5,5,5,5,0,0
1639.0,1.045851064,732.5722952,10896.24194,14.87394761,15.6,182.4,51.55,0.18,15.008,29.275,8.528,4.008,,0.139,8.7,1.045,0.6019,0.435,0.3463,0.819,0.2933,36.5212,0.28,5,5,5,5,0,0
1640.0,0.277014011,15.78207572,43.51592859,2.75730071,15.8,32.7,35.86,0.05,4.407,5.332,1.926,0.866,,,2.85,0.0658,0.3473,0.0452,0.3483,0.0398,0.3416,0.6956,0.8242,5,5,5,5,1,0
1641.0,0.076606684,6.968233094,10.87489509,1.560638823,13.5,27.7,39.83,0.31,15.512,42.047,10.801,5.361,,0.398,0.6,1.2658,0.4271,0.5454,0.596,0.6187,0.5446,34.4727,0.3579,5,5,5,5,1,0
1643.0,0.138541667,42.01090495,307.8841146,7.328671329,16.9,75.3,51.97,0.58,31.27,32.667,10.335,4.489,0.941,,1.9,0.543,0.2143,0.2197,0.2777,1.366,0.1317,22.0821,0.2254,5,5,5,5,1,0
1645.0,1.699231614,294.1749395,6127.590024,20.82974856,18.1,179.3,56.53,0.03,18.96,58.524,4.286,,,,8.6,1.4664,0.9118,1.0059,0.5972,2.7667,0.3079,61.3679,0.6139,5,5,5,5,1,0
1647.0,0.619461207,456.9054441,1185.902568,2.595509822,13.7,44.4,45.43,0.31,5.944,8.469,3.942,,,,8.58,,1.1814,0.0493,1.0361,0.0934,0.6884,,0.9252,5,5,5,5,0,0
1648.0,2.317765452,4063.643599,5804.97482,1.42851475,13.5,25.2,38.94,0.2,22.286,32.573,20.165,4.595,,,12.29,0.3457,0.4593,0.12,0.3365,0.1593,0.368,,0.1942,5,5,5,5,1,0
1650.0,0.460300429,270.1001432,1657.382617,6.136178224,17.5,57.8,44.54,0.34,13.146,12.332,5.101,1.685,,,8.58,0.2235,0.1335,0.0501,0.2226,0.1923,0.1979,3.8297,0.121,5,5,5,5,0,0
1651.0,0.189038282,24.12366995,45.54714269,1.888068556,13.6,33.0,43.08,0.18,6.095,12.992,4.786,2.027,,,1.91,0.0711,0.2969,0.0199,0.2635,0.1059,0.29,1.235,0.2741,5,5,5,5,0,0
1653.0,0.939807187,2590.293452,2731.366116,1.054462039,11.9,26.7,51.16,0.78,6.168,21.534,12.473,4.71,,0.452,11.17,0.1296,0.1728,0.0304,0.3482,0.137,0.2019,3.7451,0.217,5,5,5,5,0,0
1654.0,1.007476341,1127.948678,3909.333599,3.465878967,14.9,47.9,42.31,0.3,24.875,29.478,11.543,8.316,0.632,,8.79,0.461,0.1259,0.182,0.2646,0.2916,0.1725,11.8251,0.2031,5,5,5,5,0,0
1656.0,0.314363636,65.49315702,1249.632826,19.08035714,20.0,135.6,47.7,0.17,29.926,21.249,7.458,3.032,,,3.99,0.9179,0.2379,0.374,0.2727,1.0798,0.0851,32.8455,0.0951,5,5,5,5,1,0
1657.0,1.37017257,1989.216096,1112.849482,0.559441221,11.1,17.1,42.8,0.28,2.327,19.302,10.682,4.435,0.441,,8.72,0.2218,0.9923,0.0846,1.1561,0.1324,1.5015,,1.1221,5,5,5,5,0,0
1658.0,0.021628499,0.456785088,27.43675906,60.0649185,23.1,318.4,55.16,0.26,68.011,47.663,13.64,4.632,0.76,0.569,0.3,1.541,0.0974,0.7099,0.2098,5.2296,0.1098,87.2171,0.0698,5,5,5,5,1,0
1659.0,1.276307692,1686.735905,20949.18596,12.41995614,16.6,131.6,53.32,0.27,67.262,65.8,28.996,11.839,1.45,0.885,8.54,2.7029,0.6201,2.4084,0.4199,9.0839,0.2698,116.8192,0.3832,5,5,5,5,1,0
1660.0,1.11496759,546.7721213,1841.758724,3.368421053,14.6,48.1,44.84,0.12,6.533,9.085,3.134,1.678,,,11.13,0.1162,0.2374,0.0468,0.3955,0.0881,0.1762,3.1108,0.2604,5,5,5,5,0,0
1661.0,1.077145946,482.5419757,2683.665456,5.561517114,16.4,61.3,42.66,0.11,17.702,17.911,7.63,2.755,,,8.74,0.5949,0.3788,0.2547,0.3868,0.2252,0.3932,11.7361,0.3037,5,5,5,5,0,0
1662.0,1.501001076,7253.352889,1372.69191,0.189249294,10.7,6.6,28.69,0.85,4.753,32.404,25.731,12.093,,,8.77,0.0804,0.3297,0.0172,0.5508,0.0288,0.2512,0.7756,0.6782,5,5,5,5,0,0
1663.0,1.052775991,2018.403779,3175.866987,1.573454736,13.3,29.0,46.46,0.48,18.241,31.495,6.896,,1.184,2.096,8.77,0.3115,0.3201,0.0721,0.3343,0.2345,0.1493,6.869,0.2425,5,5,5,5,1,0
1664.0,0.838230852,158.6000673,854.1539092,5.385583524,15.9,63.1,43.83,0.06,4.917,4.927,2.011,0.985,,,8.83,0.0759,0.1586,0.0424,0.4577,0.0512,0.3502,2.402,0.2305,5,5,5,5,0,0
1665.0,0.626,31.35008,8538.97804,272.375,38.8,595.4,55.8,0.02,41.488,29.567,4.632,,,,6.26,1.194,0.6482,1.1457,0.4807,6.0944,0.2127,,0.4831,6,6,6,6,0,0
1666.0,0.524772234,1631.415565,77912.16769,47.75740123,23.5,256.0,54.15,1.59,249.465,211.302,58.539,18.125,3.44,2.557,8.64,2.0304,0.0993,1.3333,0.2817,,,292.1159,0.1249,6,6,0,6,0,0
1667.0,0.345852761,132.9019548,337.392054,2.538653812,15.0,34.6,39.04,0.29,14.347,15.18,8.008,3.775,,,3.97,0.3193,0.9004,0.1122,0.808,0.2036,0.5368,4.4508,0.1377,6,6,6,6,1,0
1668.0,0.89118232,1714.068249,6977.97454,4.071001573,14.2,63.5,60.25,0.57,26.056,41.655,20.734,9.289,0.85,1.78,8.58,0.8015,0.3874,0.3932,0.1801,2.4256,0.3346,26.2454,0.103,6,6,6,6,0,0
1669.0,1.211088608,440.316323,3922.473799,8.908308854,20.0,63.4,36.88,0.08,25.534,16.89,6.578,2.558,0.215,,11.39,0.5467,0.4769,0.217,0.4937,0.1504,0.6509,6.2443,0.2995,6,6,6,6,1,0
1670.0,0.282335279,9.077352617,78.09603583,8.603393425,18.2,75.4,42.95,0.03,3.202,3.374,0.972,,,,3.72,0.0275,3.5984,0.0313,0.5414,0.0441,0.4325,1.1061,0.4679,6,6,6,6,1,0
1671.0,0.8118,164.75481,2711.33533,16.45679012,17.1,4.5,62.4,0.06,30.103,31.683,9.879,6.481,0.529,,4.51,1.3656,0.3148,0.984,0.3185,5.5794,0.0903,47.9558,0.2676,9,9,9,9,0,0
1672.0,0.425843694,8.917867362,214.0578022,24.00325027,23.8,123.7,42.68,0.01,11.387,5.931,2.035,0.763,,,3.5,0.3008,0.3653,0.1351,0.5502,0.1651,0.3962,4.6059,0.2993,9,9,9,9,0,0
1673.0,1.025926773,1043.608372,406.8895926,0.389887245,11.6,10.6,28.52,0.27,4.592,10.618,5.897,3.086,,,8.38,0.0199,0.4219,0.0049,0.5581,0.0097,0.2728,0.2173,0.287,9,9,9,9,0,0
1675.0,0.56231405,180.8857079,3465.866959,19.16053512,21.4,117.9,44.87,0.15,12.437,10.239,2.944,1.003,0.308,,12.15,0.2141,0.712,0.1031,0.6237,0.1565,0.6139,4.928,0.4206,9,9,9,9,1,0
1676.0,0.3115,122.7755,1297.06375,10.56451613,18.4,2.2,52.7,0.39,27.923,28.119,10.302,3.696,0.953,0.287,4.45,1.1602,0.3336,0.6632,0.5069,2.0306,0.318,15.4103,0.4076,9,9,9,9,1,0
1677.0,1.487164179,2390.997411,4659.518646,1.948776115,13.4,35.3,44.14,0.29,14.551,30.422,12.901,4.983,,,11.28,0.2899,0.5335,0.1134,0.6422,0.1968,0.367,8.4162,0.478,9,9,9,9,0,0
1678.0,1.013303269,306.0889283,729.3041795,2.382654556,15.6,29.1,33.0,0.08,9.57,8.768,4.222,2.067,,,8.4,,0.5802,0.0603,0.3809,0.0578,0.4447,1.1537,0.685,9,9,9,9,1,0
1679.0,0.011811414,0.28432907,5.282642109,18.57932466,22.5,104.8,42.58,0.54,41.118,32.16,8.148,2.096,0.742,,0.28,0.4199,0.4551,0.1749,0.654,0.4052,0.4698,23.1166,0.2312,9,9,9,9,0,0
1680.0,0.77459069,611.9477211,1966.745366,3.213910761,15.8,38.1,40.22,0.27,9.506,12.408,4.623,1.881,0.554,,11.77,0.1288,0.2891,0.0466,0.4559,0.1036,0.4438,2.3841,0.3929,9,9,9,9,0,0
1681.0,0.798759494,521.4035462,9294.553038,17.82602574,20.4,121.3,46.69,0.22,63.744,43.673,16.01,5.55,,0.65,8.09,3.174,0.3108,1.3919,0.3845,1.9707,0.3389,31.9952,0.3577,9,9,9,9,1,0
1683.0,0.449403974,407.4383306,3217.381032,7.896608616,19.7,58.0,37.77,0.54,23.051,22.786,6.686,2.379,0.61,,10.44,0.2132,0.8129,0.1103,0.7178,0.1485,0.763,7.3346,0.3473,9,9,9,9,1,0
1685.0,0.560420168,1770.840979,91890.20376,51.89071456,25.9,232.9,51.33,1.52,220.195,171.364,43.585,12.382,3.19,,11.7,1.3637,0.4356,1.0394,0.2631,,,250.3196,0.2059,8,8,0,8,1,0
1687.0,0.727322275,281.888645,5926.530515,21.02436767,22.3,120.3,46.06,0.14,50.873,32.384,11.177,4.42,,,7.87,0.9851,0.4114,0.387,0.561,0.5954,0.425,17.2201,0.2978,8,8,8,8,1,0
1688.0,0.949287554,522.1488965,2404.622783,4.605243446,15.8,54.5,46.09,0.15,9.156,9.866,3.932,1.874,,,11.52,0.369,0.2684,0.1408,0.3701,0.214,0.3179,3.8262,0.106,7,7,7,7,0,0
1689.0,0.854903704,762.4822071,8458.848746,11.093831,17.7,101.1,47.62,0.28,18.022,14.403,5.704,2.297,,0.312,13.42,0.306,0.31,0.0753,0.4784,0.3222,0.3262,14.5449,0.0916,6,6,6,6,0,0
1691.0,1.634713043,1814.568285,4337.35315,2.390294808,14.8,33.5,42.15,0.18,16.574,33.189,12.949,5.305,,,11.19,0.2083,0.2309,0.0733,0.4207,0.1794,0.3709,5.3762,0.4624,6,6,6,6,0,0
1694.0,0.325416667,78.37690972,125.6635417,1.603323506,13.7,27.2,39.27,0.2,5.71,8.191,4.456,1.805,0.235,,3.63,0.1308,0.0664,0.0391,0.3148,0.0958,0.2298,1.8917,0.2221,6,6,6,6,1,0
1695.0,1.332988299,263.6281758,5549.743584,21.05140533,26.2,89.1,34.91,0.04,49.389,20.922,9.015,3.615,,,10.97,0.2414,0.5036,0.0605,0.4311,0.068,0.6573,,0.4086,6,6,6,6,0,0
1697.0,0.628386555,87.38621538,719.0326353,8.228215768,19.3,62.6,40.88,0.06,4.273,3.226,0.729,0.506,,,11.33,0.0687,0.2908,0.0147,0.3882,0.0286,0.2585,0.8037,0.5475,6,6,6,6,0,0
1699.0,0.369258517,99.25722638,75.1478982,0.75710254,12.8,15.4,26.94,0.19,12.642,12.753,7.51,5.284,0.644,,2.49,,0.87,,0.7741,0.0329,0.7787,,0.6514,6,6,6,6,0,0
1701.0,0.536815068,169.1415779,10460.70147,61.84583115,24.1,305.6,52.99,0.16,40.973,29.801,7.593,2.386,,0.182,8.25,0.6089,0.0862,0.3027,0.2756,3.133,0.1622,44.6923,0.1013,6,6,6,6,0,0
1702.0,0.366578631,105.0363498,179.0979954,1.705104907,13.5,30.2,37.38,0.21,11.322,7.273,6.342,3.024,0.368,,3.47,0.2203,0.393,0.0546,0.5666,0.0645,0.2555,6.1106,0.4965,6,6,6,6,0,0
1704.0,0.953776868,791.1201877,2503.678922,3.164726373,15.8,37.6,38.08,0.23,25.668,25.345,12.911,5.153,,0.342,8.32,0.1649,0.544,0.048,0.9333,0.163,0.6953,6.0919,0.6464,6,6,6,6,1,0
1708.0,0.657569677,678.7405261,3999.2544,5.892169755,16.4,65.2,46.31,0.41,26.588,29.742,11.764,4.713,0.805,0.244,8.08,0.4973,0.0919,0.1217,0.2014,0.484,0.2155,14.5835,0.1297,6,6,6,6,0,0
1711.0,1.024225352,509.7668148,1041.37421,2.042844257,15.4,25.8,31.42,0.13,15.167,16.683,8.007,3.21,0.237,,8.08,0.1373,0.2426,0.0257,0.2889,0.0659,0.2715,1.9531,0.2577,6,6,6,6,0,0
1713.0,0.318012821,83.98601249,660.1565294,7.860315186,18.8,63.1,41.0,0.22,34.214,32.674,10.928,4.823,0.805,0.226,3.63,,0.5828,0.0978,0.5535,0.2813,0.6656,,0.7242,6,6,6,6,0,0
1714.0,0.654946004,632.5494848,455.5815318,0.720230658,11.2,21.7,45.65,0.39,11.733,17.165,18.002,,,,3.61,0.4819,0.3698,0.1271,0.433,0.2861,0.3651,6.8007,0.3736,6,6,6,6,0,0
1715.0,0.580723982,1064.535464,4571.870126,4.294709082,16.4,47.5,41.83,0.85,38.095,52.214,17.228,7.405,1.26,1.268,8.28,0.5776,0.2117,0.1625,0.4056,0.325,0.1817,14.7703,0.3082,6,6,6,6,0,0
1716.0,0.297619048,36.21819098,153.9273117,4.25,14.5,63.0,52.38,0.11,8.089,12.382,4.487,,,0.135,2.5,0.3296,0.2358,0.0771,0.2594,0.283,0.1526,5.8365,0.3316,6,6,6,6,0,0
1717.0,0.567247387,97.33530333,3274.988842,33.64646465,22.4,189.9,48.77,0.08,17.707,10.801,3.429,1.228,,,8.14,0.5556,0.2608,0.1231,0.1062,0.5115,0.1575,13.309,0.0936,6,6,6,6,0,0
1719.0,0.794219457,176.9263563,534.1125848,3.018841262,14.3,45.9,44.82,0.07,3.519,5.06,1.989,,,,8.07,0.1131,0.124,0.0276,0.2519,0.0726,0.1868,1.9312,0.2503,6,6,6,6,0,0
1720.0,0.49312009,989.9831431,5142.960697,5.194998251,17.0,53.8,46.82,1.08,38.21,48.483,17.576,5.797,1.23,0.657,8.29,0.3042,0.166,0.0725,0.2813,0.7801,0.2146,15.4189,0.1388,6,6,6,6,1,0
1722.0,0.207184987,109.9908143,4952.117405,45.02300885,24.0,226.4,56.39,0.67,106.821,74.415,24.308,6.901,1.39,1.057,3.68,3.7775,0.313,1.6035,0.3083,,,132.897,0.3075,6,6,0,6,0,0
1723.0,0.886956522,285.1176161,4398.230165,15.42602041,19.6,113.7,46.2,0.1,17.49,13.996,4.581,1.881,,,10.2,0.5739,0.218,0.158,0.4415,0.3336,0.2936,10.1661,0.317,6,6,6,6,0,0
1724.0,0.154608696,20.00117958,63.41837429,3.170731707,15.9,36.6,37.77,0.24,7.019,7.841,3.065,1.525,,,2.54,0.0818,0.1653,0.0212,0.3571,0.0709,0.3291,1.9697,0.2779,6,6,6,6,0,0
1725.0,0.496329412,477.3386696,4074.611293,8.536101415,17.4,82.1,53.03,0.52,26.525,31.301,10.026,3.503,0.68,,7.96,0.458,0.1439,0.1779,0.1875,2.6467,0.1264,17.8785,0.236,6,6,6,6,0,0
1726.0,0.607327081,59.10269018,7717.920869,130.5849335,23.9,653.1,130.82,0.04,16.12,5.931,2.784,1.308,,,7.97,,0.5236,0.8771,0.5199,,,,0.4268,6,6,0,6,0,0
1728.0,0.184197861,38.75050187,47.32998513,1.221403152,13.3,22.4,36.76,0.3,4.923,7.569,3.602,1.454,,,2.49,0.0519,0.2512,0.0125,0.2032,0.0488,0.1676,1.5473,0.1153,6,6,6,6,1,0
1729.0,1.016847729,463.4552208,13464.3875,29.05218647,23.1,155.5,49.39,0.12,49.026,29.979,10.509,4.374,1.134,0.179,10.98,1.3013,0.2852,0.3986,0.3584,2.2046,0.1554,35.9804,0.2874,6,6,6,6,1,0
1731.0,1.195178026,1935.875464,1965.8194,1.015467904,13.3,18.7,32.51,0.36,12.505,22.119,10.148,4.711,,0.718,10.98,,0.5714,0.0331,0.5519,0.1307,0.4586,2.1239,0.7072,6,6,6,6,0,0
1732.0,0.732634315,1088.081428,66587.7951,61.19743739,24.7,291.8,60.1,0.54,146.05,100.2,28.83,7.949,1.88,0.986,10.98,3.4516,0.1155,1.5538,0.235,,,241.9838,0.1446,6,6,0,6,1,0
1735.0,1.662713915,2535.256563,554.9741831,0.218902572,10.1,9.1,33.23,0.24,2.194,6.514,4.854,,,,11.12,,0.4919,0.0086,0.5351,0.0138,0.4453,0.3211,0.4006,6,6,6,6,0,0
1737.0,0.048351648,3.086004106,78.45931651,25.42424242,19.1,200.3,60.2,0.32,22.506,20.153,7.335,2.113,,,0.88,0.5747,0.1462,0.156,0.2978,2.8873,0.1489,31.2464,0.06,6,6,6,6,0,0
1738.0,0.973190349,904.8708593,3158.544309,3.490602307,13.8,58.8,48.22,0.25,7.854,13.467,5.321,2.414,,,11.0,0.335,0.1597,0.0925,0.3067,0.3305,0.2432,7.023,0.2227,6,6,6,6,1,0
1739.0,0.293137255,35.8532103,210.9153787,5.882747372,17.5,55.6,38.83,0.11,19.893,13.918,6.56,3.077,,,2.73,0.0525,0.1692,0.0065,0.4131,0.0625,0.1283,0.8389,0.287,6,6,6,6,0,0
1740.0,0.841591727,71.56289869,2400.592141,33.54520548,26.5,143.0,41.93,0.03,13.7,8.875,1.967,,,,11.01,0.3275,0.1765,0.0898,0.4457,0.12,0.3039,3.9456,0.2568,6,6,6,6,0,0
1741.0,0.893501805,1125.667121,31370.6405,27.86848787,19.4,211.2,52.38,0.37,56.42,58.75,16.402,5.295,0.88,0.484,11.0,1.9478,0.2025,0.6968,0.4009,4.5842,0.2184,54.7739,0.2519,6,6,6,6,0,0
1743.0,1.553092182,1019.139518,815.0150657,0.79970902,14.2,12.3,22.04,0.11,11.033,12.341,7.15,2.877,,,11.0,0.0783,0.1345,0.0192,0.2767,0.0334,0.2677,1.0261,0.1809,6,6,6,6,0,0
1744.0,0.592434555,807.7886599,6373.550623,7.890121439,18.1,69.5,47.99,0.61,27.948,27.188,8.944,3.14,0.348,,11.13,0.3126,0.1778,0.0784,0.2639,0.4121,0.3057,11.9011,0.309,6,6,6,6,1,0
1745.0,0.611959686,162.8312401,1537.267901,9.440865892,18.0,84.0,45.19,0.12,10.921,10.224,3.347,1.348,,,8.28,0.2751,0.16,0.0708,0.4,0.1658,0.4142,5.6572,0.1246,6,6,6,6,1,0
1746.0,0.816254417,577.5106444,5217.519728,9.034499673,17.6,84.3,50.81,0.23,19.364,17.239,6.659,3.057,,,11.0,0.363,0.2055,0.1073,0.3416,0.312,0.3669,6.413,0.3512,6,6,6,6,0,0
1750.0,0.287796178,121.772956,762.7087934,6.263367652,16.1,72.2,46.74,0.39,22.924,21.48,12.102,4.404,1.056,0.435,3.53,0.7094,0.7831,0.177,1.2574,0.4196,0.2749,16.7847,0.5062,6,6,6,6,1,0
1751.0,0.6996,271.9112,4228.21916,15.55,18.4,131.4,51.3,0.14,10.145,8.723,2.949,1.184,0.438,,11.66,0.3452,0.092,0.107,0.3061,0.6878,0.1828,8.0146,0.1739,6,6,6,6,0,0
1752.0,0.46361413,1086.269137,68612.04357,63.16302401,25.1,297.9,56.02,1.32,136.192,108.368,26.405,9.384,1.59,0.939,10.89,1.3447,0.0515,0.855,0.2785,,,207.4064,0.0175,6,6,0,6,1,0
1754.0,0.292285714,285.0545657,7126.459066,25.000333,20.0,180.7,61.47,0.89,161.498,142.949,49.393,17.036,2.88,1.801,3.41,0.7364,4.3326,0.6597,0.3064,,,150.1949,0.0742,6,6,0,6,0,0
1755.0,1.570774443,1365.862556,810.9600546,0.593734744,11.4,17.0,41.96,0.15,3.254,11.18,3.918,,,,10.89,0.0915,0.2396,0.0314,0.3386,0.0722,0.2594,1.2333,0.373,6,6,6,6,0,0
1756.0,0.257560503,11.14676358,176.6891915,15.85116525,19.6,116.1,48.62,0.04,12.425,9.958,3.31,,,,2.51,0.1417,0.3035,0.052,0.4643,0.1553,0.2299,4.9409,0.3554,6,6,6,6,0,0
1757.0,0.631125,560.1700547,12219.13223,21.81325498,23.1,117.4,63.09,0.38,115.806,95.668,26.162,9.455,1.04,,7.65,,0.6485,0.3463,0.3497,2.8274,0.3149,,0.3492,6,6,6,6,0,0
1758.0,0.265106589,60.48551253,184.1894771,3.045183374,14.7,43.4,46.8,0.23,15.212,18.166,8.534,4.085,,0.401,2.51,,0.9424,0.0276,0.7055,0.1104,0.4703,3.1018,0.6972,6,6,6,6,1,0
1759.0,0.220134048,14.83999597,302.571029,20.38888889,22.5,113.1,43.58,0.08,14.509,9.469,3.114,1.032,,,3.57,0.4448,0.1459,0.1409,0.2389,0.2152,0.1743,5.281,0.1579,6,6,6,6,0,0
1760.0,0.134307692,10.24411834,72.82231953,7.108695652,16.3,79.7,52.91,0.16,7.487,7.631,2.925,1.401,,,1.94,0.2173,0.2778,0.0697,0.3808,0.26,0.287,4.7322,0.2583,6,6,6,6,1,0
1761.0,0.114885496,9.158265835,176.161937,19.23529412,20.1,134.7,49.32,0.2,15.289,13.957,3.503,1.345,,,2.15,0.1743,0.2635,0.0774,0.3017,0.6453,0.1933,11.5435,0.137,6,6,6,6,1,0
1766.0,0.691683849,479.6496971,876.7367414,1.827868852,14.7,25.6,39.32,0.26,10.993,13.457,6.78,2.576,,,8.16,0.1053,0.2045,0.0253,0.3461,0.0701,0.2633,1.4942,0.3679,6,6,6,6,0,0
1767.0,0.712478754,60.45451111,2364.656345,39.11463845,24.0,191.9,47.5,0.03,18.88,8.859,2.77,,0.125,,7.29,0.5377,0.2004,0.1651,0.3033,0.208,0.2533,7.1784,0.2916,6,6,6,6,1,0
1768.0,0.036,0.828,23.976,28.95652174,20.6,196.4,55.23,0.18,18.837,13.902,4.003,1.804,0.491,,0.6,0.7887,0.1802,0.2347,0.4619,1.316,0.1949,19.7074,0.229,6,6,6,6,0,0
1769.0,1.097109827,1425.439394,1545.403768,1.084159575,13.0,21.1,37.03,0.31,19.21,20.388,16.972,8.229,0.683,,7.3,0.1337,0.866,0.0495,0.4105,0.0925,0.6431,,0.6026,6,6,6,6,1,0
1770.0,0.835164835,286.6535174,1159.763314,4.04587156,17.4,38.1,33.32,0.11,17.236,14.928,6.056,2.606,0.26,,8.0,0.0846,0.34,0.0431,0.521,0.0839,0.5538,2.8064,0.394,6,6,6,6,0,0
1771.0,0.869867841,123.4026113,3594.089376,29.12490537,22.5,162.9,47.54,0.04,12.797,7.708,2.636,0.731,,,10.97,0.1551,0.3527,0.0552,0.2768,0.2349,0.1813,6.0497,0.2048,6,6,6,6,0,0
1772.0,0.896836983,635.8779785,1594.195554,2.507077786,14.5,36.5,39.55,0.21,15.356,15.65,8.547,4.201,,,7.76,,0.4024,0.0543,0.4813,0.0651,0.4633,4.664,0.4273,6,6,6,6,0,0
1774.0,0.881409478,351.9281177,9196.929055,26.13297601,20.8,170.9,66.5,0.12,57.171,13.644,7.174,6.576,,,7.8,0.6689,0.2391,0.2175,0.1945,3.6275,0.1557,22.3378,0.2115,6,2,6,6,0,0
1776.0,0.2736,35.0892,141.52644,4.033333333,15.5,50.2,44.01,0.13,5.925,8.022,2.85,1.42,,,3.42,0.1167,0.1666,0.0395,0.6232,0.1194,0.3405,3.7555,0.2647,6,6,6,6,0,0
1778.0,0.342439024,135.7227841,74.30822427,0.5475,12.7,11.4,28.1,0.3,4.046,12.495,4.77,3.012,,,3.51,,0.5617,0.0304,0.6888,0.0546,0.6369,1.6343,0.4895,6,6,6,6,0,0
1780.0,0.679271071,26.09159095,1516.581898,58.12531328,29.4,194.6,48.24,0.01,70.277,84.974,9.634,7.841,,,3.55,1.2795,0.2047,0.2018,0.3167,0.5281,0.2261,15.7904,0.2838,6,6,6,6,0,0
1781.0,0.429923664,38.76175048,4010.027201,103.453202,31.5,317.7,49.12,0.06,27.72,15.719,3.038,,,,7.68,0.7792,0.1477,0.129,0.3228,0.6562,0.1393,12.4925,0.2384,6,6,6,6,0,0
1782.0,0.485627907,340.4445538,8534.957558,25.07003699,21.4,155.9,48.96,0.39,49.545,41.738,12.843,4.496,0.54,0.255,7.88,1.0427,0.5656,0.3652,0.7976,1.9751,0.476,37.9734,0.66,6,6,6,6,0,0
1783.0,1.159071782,972.7921475,851.6437593,0.875463234,12.9,17.3,30.51,0.19,12.727,12.896,9.444,4.687,,,7.87,0.1095,0.1675,0.0166,0.4217,0.0458,0.398,0.994,0.3907,6,6,6,6,0,0
1785.0,0.545732484,445.4063451,975.2404601,2.189552239,14.7,31.3,38.65,0.39,10.686,13.098,6.722,2.782,,,7.65,0.163,0.3666,0.0239,1.0319,0.0645,0.8607,3.1452,0.1944,6,6,6,6,0,0
1786.0,0.88094959,107.4032302,2290.724298,21.32826261,21.8,128.2,44.04,0.04,19.342,10.137,4.437,1.415,,,7.91,,0.4194,0.0264,0.345,0.1313,0.2171,,0.4804,6,6,6,6,0,0
1787.0,1.210830325,477.8667779,34322.18223,71.82374631,24.3,351.1,71.27,0.09,131.307,79.721,23.387,,,0.339,7.8,3.3733,0.3826,0.9209,0.5918,7.3873,0.3803,,0.4872,6,6,6,6,0,0
1788.0,0.798795181,407.8373058,1345.562839,3.299263751,14.0,53.3,52.1,0.17,7.691,11.81,2.446,,0.056,,7.8,0.3523,0.1328,0.096,0.221,0.2509,0.1462,5.3635,0.2209,6,6,6,6,0,0
1790.0,0.510845547,577.2526371,15942.66829,27.61818182,19.5,208.4,54.31,0.59,60.581,46.936,17.344,6.868,1.55,0.489,7.68,1.9935,0.0715,0.477,0.2648,5.2391,0.1368,49.3321,0.1266,6,6,6,6,1,0
1791.0,0.370929412,1989.428438,28007.34806,14.07808771,24.0,76.6,41.25,3.75,288.353,334.182,92.574,28.135,5.22,2.321,7.69,,0.9813,,0.5523,1.616,0.3059,,0.5087,6,6,6,6,1,0
1792.0,0.397608889,545.8481718,5146.340077,9.428152998,20.0,67.7,39.64,0.91,30.438,29.175,7.179,5.298,1.17,,10.91,0.0517,0.5019,0.0118,0.5438,0.0636,0.3305,9.3083,0.1373,6,6,6,6,0,0
1793.0,0.919155629,1131.931027,9289.734204,8.206979035,19.0,65.2,44.5,0.36,64.034,34.57,16.72,8.111,,0.646,10.78,0.3512,0.4797,0.1078,0.3997,1.3089,0.218,12.8745,0.3537,6,6,6,6,0,0
1794.0,1.463236515,436.9102802,56521.50392,129.3663859,27.7,495.1,52.52,0.05,82.528,70.368,22.025,3.68,,,11.02,0.4894,0.443,0.1129,0.4931,2.4638,0.3191,36.6123,0.3753,6,6,6,6,1,0
1795.0,0.5756974,3164.825108,65559.61145,20.71508194,25.3,99.4,47.51,2.57,472.793,443.98,141.388,49.891,8.56,6.733,7.61,2.6385,0.2277,1.1097,0.2077,,,173.6792,0.4655,6,6,0,6,0,0
1797.0,0.381345566,70.29136156,2436.161986,34.65805658,23.7,176.2,52.26,0.13,13.751,10.776,2.791,0.878,,,8.6,0.3355,0.1307,0.1114,0.4202,0.9383,0.2333,9.0004,0.1612,6,6,6,6,0,0
1798.0,0.403639607,21.04100694,5580.646524,265.2271605,34.7,704.6,58.03,0.03,18.234,6.987,2.002,,,,8.08,,0.7702,0.1609,0.8613,0.7149,0.5902,,0.6797,6,6,6,6,0,0
1799.0,0.581962865,164.7305663,2895.062088,17.57452884,20.8,113.9,45.02,0.13,12.513,8.158,2.065,,,,10.97,0.2141,0.1551,0.0431,0.298,0.167,0.1876,7.1135,0.1652,6,6,6,6,0,0
1800.0,0.727808219,8085.569938,136665.2689,16.9023668,22.1,107.7,51.92,4.05,397.563,482.328,153.596,46.537,9.12,7.14,11.04,2.4922,0.2679,1.3127,0.3705,,,538.0142,0.2523,6,6,0,6,0,0
1801.0,0.932334802,510.7731056,790.9440075,1.548523207,12.9,31.0,51.8,0.16,3.575,7.051,3.24,1.357,0.108,,9.62,,0.5298,0.0268,0.5108,0.3657,0.3201,,0.9641,6,6,6,6,0,0
1802.0,0.477848411,207.0779371,390.8559657,1.887482419,13.2,35.5,42.89,0.24,11.972,24.599,10.455,4.899,,,3.49,,0.8411,0.0582,0.779,0.0788,0.6236,,0.7803,6,6,6,6,0,0
1804.0,0.8573125,465.5764502,1856.64137,3.987833511,16.3,44.8,41.19,0.17,7.407,9.081,2.985,1.385,,,12.76,0.0306,2.6978,0.0102,0.3812,0.1031,0.1664,1.9051,0.1963,6,6,6,6,1,0
1805.0,0.558646789,128.0858019,593.4948058,4.63357216,15.7,56.2,44.16,0.11,23.19,36.126,10.932,7.428,0.414,,3.53,0.4413,0.6664,0.1463,0.6066,0.2176,0.634,9.5794,0.5451,6,6,6,6,1,0
1806.0,0.761438849,442.1549402,3214.723606,7.270581676,17.2,70.8,44.8,0.2,30.807,22.8,7.986,6.646,0.846,,7.56,0.6747,0.4132,0.2222,0.541,0.4404,0.3511,14.1591,0.5275,6,6,6,6,1,0
1807.0,0.2051,17.1698,958.93333,55.85,24.7,261.5,50.61,0.1,37.327,19.079,5.469,2.281,,,2.93,0.9344,0.1667,0.2527,0.311,1.913,0.1893,27.5148,0.2097,6,6,6,6,1,0
1810.0,1.043201024,1201.149392,1307.670913,1.088682991,12.6,23.1,47.7,0.29,11.087,19.084,11.712,,,,7.34,,0.2348,0.0465,0.4238,0.0887,0.2753,1.2897,0.6741,6,6,6,6,0,0
1812.0,0.298004751,461.5496911,271.6444254,0.588548602,12.4,13.5,33.59,1.38,12.626,25.997,17.516,8.281,1.47,,3.69,,0.1383,,0.6782,0.039,0.7323,,0.6899,5,5,5,5,1,0
1813.0,0.843409915,741.5243395,6721.174639,9.063997338,17.9,80.7,50.99,0.28,53.416,59.177,19.406,7.647,0.94,,7.5,1.0152,0.5145,0.5179,0.4129,3.7822,0.3137,20.7192,0.3728,5,5,5,5,1,0
1816.0,0.298210024,517.4591578,302.794914,0.585157127,12.3,13.9,33.43,1.58,14.345,34.811,20.211,8.42,,1.801,3.57,,0.3101,0.0087,0.6375,0.0367,0.1918,1.5995,0.8118,5,5,5,5,0,0
1820.0,1.01966899,601.9125071,3835.602995,6.372359686,15.5,79.9,48.6,0.15,10.35,13.716,4.983,2.176,,,10.94,0.251,0.2781,0.053,0.4142,0.2114,0.3052,5.1896,0.3067,5,5,5,5,0,0
1821.0,0.7763,196.78096,3849.52753,19.5625,19.7,145.1,49.9,0.08,10.566,10.235,2.557,,,,11.09,0.2774,0.462,0.1043,0.6491,0.3436,0.4992,7.7228,0.6733,6,6,6,6,0,0
1822.0,0.605,145.7091207,564.5767322,3.874683544,16.1,43.9,39.83,0.11,7.299,6.59,3.285,,,,7.26,0.0971,0.3634,0.0311,0.633,0.0506,0.419,1.4447,0.4574,6,6,6,6,0,0
1824.0,0.993148479,729.4612364,3147.579678,4.314937548,15.1,57.1,45.78,0.2,11.035,12.278,6.072,2.45,,,10.78,0.0437,4.9815,0.0531,0.4614,0.2929,0.255,5.8865,0.3157,6,6,6,6,0,0
1825.0,0.333886584,62.0740552,324.4422467,5.226696495,14.8,72.7,47.24,0.15,9.588,18.17,6.061,2.532,,,2.84,0.4953,0.4723,0.138,0.5187,0.2865,0.4352,9.8576,0.4248,6,6,6,6,0,0
1826.0,0.31,1461.1,156251.5,106.9410034,37.4,278.3,50.78,4.05,1465.444,1041.528,269.844,80.495,9.93,4.691,6.0,2.3905,0.2589,0.8894,0.5517,,,1739.0918,0.2165,6,6,0,6,1,0
1827.0,0.494391245,190.2772891,2939.128768,15.44655582,19.6,113.8,50.43,0.21,26.248,22.826,7.028,2.873,0.488,,6.95,0.7388,0.0874,0.1736,0.3569,1.4573,0.2167,12.3462,0.2891,6,6,6,6,0,0
1829.0,1.4144,733.92128,8783.38048,11.96774194,18.2,104.3,49.46,0.1,22.723,28.908,9.236,3.666,,,10.88,,0.6002,0.1292,0.7256,0.4061,0.8415,10.6161,0.6525,6,6,6,6,0,0
1831.0,1.5246,450.64998,3474.74853,7.710526316,18.4,63.8,40.15,0.05,19.538,20.061,5.856,2.579,,,10.89,,0.6783,0.074,0.7948,0.1326,0.831,,0.822,6,6,6,6,0,0
1833.0,0.68,6239.8,88293.6,14.15006891,19.6,113.4,66.11,3.59,323.067,413.931,145.883,49.379,9.32,,8.3,4.9529,0.1012,0.7299,0.6215,,,342.3969,0.3835,6,6,0,6,0,0
1836.0,0.647154047,487.190781,1905.107062,3.910392266,15.9,46.2,41.03,0.31,20.65,21.346,10.093,3.952,0.835,0.293,7.29,0.3865,0.6076,0.0372,0.4047,0.1274,0.1924,,0.4754,6,6,6,6,0,0
1838.0,0.706827997,746.0885922,37990.35936,50.91936769,22.7,283.7,67.38,0.4,49.745,42.042,11.876,3.75,0.73,,13.37,0.6565,0.1064,0.5705,0.1605,,,56.9261,0.072,6,6,0,6,0,0
1839.0,0.191294886,28.66509109,1818.952504,63.45531915,25.7,278.2,52.5,0.21,65.91,36.75,10.831,4.0,,0.714,2.93,1.9801,0.3534,0.5742,0.5195,4.6111,0.388,70.3385,0.3955,6,6,6,6,1,0
1840.0,0.358095238,523.9116486,31858.28074,60.80849858,26.0,266.9,61.02,1.11,166.365,129.188,31.583,10.509,1.98,0.854,7.52,,1.6236,0.3117,1.6721,,,,2.3438,6,6,0,6,0,0
1843.0,0.282100656,23.73858505,352.3689796,14.84372294,19.0,117.1,46.94,0.08,16.171,12.266,4.622,1.893,,,2.93,0.5373,0.6732,0.1734,0.7461,0.3469,0.4891,8.4733,0.6225,6,6,6,6,0,0
1844.0,0.804475771,362.2050481,340.0086385,0.938718663,12.6,20.0,39.74,0.15,1.559,3.562,1.641,0.762,,,10.87,,0.9883,0.0211,0.8946,0.053,0.4582,1.3996,0.5231,6,6,6,6,0,0
1845.0,0.593017456,101.7644205,1511.080757,14.8488121,20.9,96.2,44.76,0.08,6.479,5.309,1.555,0.567,0.234,,11.89,0.1926,0.0485,0.0498,0.3954,0.0804,0.2312,1.8117,0.2507,6,6,6,6,0,0
1849.0,1.270891608,535.7499221,3237.886869,6.043653459,16.1,68.3,45.47,0.09,8.1,11.319,4.623,2.189,,,10.85,0.311,0.2396,0.075,0.3583,0.1092,0.2773,3.9803,0.222,6,6,6,6,1,0
1852.0,0.845146667,112.8134752,478.873019,4.244821092,17.9,37.6,41.4,0.04,7.812,8.289,2.402,1.121,,,7.73,,0.1686,0.0613,0.5198,0.2328,0.2699,0.4056,0.6281,6,6,6,6,0,0
1855.0,0.42,248.3,11212.8,45.15827628,23.1,243.0,56.46,0.37,56.72,47.866,12.175,3.738,0.86,0.697,7.3,3.0857,0.0467,0.7091,0.412,5.3407,0.3462,71.649,0.1635,6,6,6,6,1,0
1857.0,1.300153257,678.5220516,2699.931406,3.979135829,15.5,50.1,51.15,0.11,9.25,16.474,4.131,1.685,,,10.83,0.0674,0.4382,0.018,0.9223,0.1484,0.6332,1.6858,0.4526,6,6,6,6,1,0
1861.0,0.655572005,397.6061793,1848.346954,4.648687696,17.1,45.6,38.24,0.25,25.499,24.849,10.052,4.231,,,7.27,0.1571,0.0938,0.0101,0.3057,0.1303,0.0724,2.2545,0.4018,6,6,6,6,0,0
1864.0,0.889661319,372.9313662,1876.065464,5.030591775,14.8,69.6,48.26,0.13,4.929,7.546,2.659,1.101,,,10.85,0.2069,0.1548,0.0551,0.4843,0.1806,0.2729,3.7606,0.2973,6,6,6,6,0,0
1865.0,0.6296,514.07627,9061.36847,17.62650602,21.0,3.2,71.75,0.31,75.679,47.058,17.97,7.075,1.26,0.554,7.87,0.1922,0.5078,0.0509,0.2289,2.5537,0.2262,14.5564,0.1506,6,6,6,6,0,0
1867.0,0.424507042,119.3307776,1031.066321,8.640405616,17.5,81.8,51.3,0.17,7.03,7.473,2.216,0.878,0.208,,8.22,0.1344,0.0454,0.0477,0.2973,0.5122,0.1667,4.4628,0.1081,6,6,6,6,0,0
1869.0,0.315579481,134.9085106,1226.32784,9.090070256,15.7,110.5,49.46,0.36,25.75,33.224,12.599,5.939,0.85,0.611,3.3,0.3997,0.1865,0.0771,0.2711,0.5617,0.1436,15.9794,0.1271,6,6,6,6,0,0
1870.0,0.328051643,214.7992365,804.2530417,3.744208102,16.1,42.9,43.61,0.53,49.166,65.241,21.11,9.616,1.62,0.795,3.25,0.1499,0.3035,0.0526,0.359,0.855,0.2449,9.2792,0.2729,6,6,6,6,0,0
1872.0,0.462055596,78.59257779,184.9218895,2.352917981,15.3,30.3,35.91,0.1,2.604,2.949,1.272,0.564,0.054,,7.61,0.0513,0.1455,0.0096,0.4871,0.0231,0.2751,0.4764,0.411,6,6,6,6,0,0
1876.0,0.658147114,1278.14789,5090.784113,3.982938246,16.8,41.9,41.65,0.79,29.998,38.156,12.857,4.436,1.09,0.652,10.55,0.0592,0.3893,0.0142,0.7569,0.2127,0.5262,7.4277,0.507,6,6,6,6,1,0
1877.0,1.152521008,147.7834772,663.7156824,4.491135916,16.8,45.5,39.15,0.03,4.312,8.649,1.57,0.401,,,10.55,,0.3285,0.0226,0.5742,0.0428,0.4527,0.955,0.4133,6,6,6,6,0,0
1878.0,0.610916569,103.525152,340.8868744,3.292792793,14.7,46.8,49.65,0.08,1.425,1.877,0.635,,,,10.61,0.0272,0.2971,0.0065,0.6187,0.0204,0.3388,0.3449,0.6302,6,6,6,6,0,0
1880.0,0.020666667,1.20125,50.71944444,42.22222222,26.7,176.6,50.35,0.75,60.505,49.87,10.331,3.611,0.96,0.754,0.62,,0.5978,0.0055,1.8986,0.4023,1.5481,5.5418,3.0365,6,6,6,6,0,0
1882.0,0.983162983,296.7582737,136.2977515,0.4592888,13.0,9.0,20.09,0.08,3.663,9.07,2.913,1.865,,,7.19,,0.5658,0.0142,0.6484,0.0208,0.5429,,0.4287,6,6,6,6,0,0
1883.0,0.590769231,149.1855529,3231.858013,21.66334441,19.9,156.0,57.69,0.11,18.72,13.055,4.581,2.559,,,7.68,1.1802,0.0951,0.3581,0.2862,0.9417,0.1524,14.3811,0.2975,6,6,6,6,0,0
1884.0,0.820960187,774.5727324,439.9147101,0.567944999,10.6,20.3,44.92,0.3,1.939,4.792,3.539,2.272,,,7.79,0.0937,0.2033,0.0175,0.3895,0.0347,0.2509,0.6823,0.3808,6,6,6,6,0,0
1885.0,0.654088838,129.5038509,3529.664625,27.25528701,24.1,132.8,44.12,0.08,42.964,24.303,7.455,3.003,0.127,,7.09,,1.1084,0.1539,0.8422,0.5385,1.0424,,0.6783,6,6,6,6,0,0
1886.0,0.410285714,93.72857574,1899.552335,20.26652299,20.4,138.5,59.21,0.15,15.242,13.632,4.226,1.198,,,7.18,0.334,0.0896,0.096,0.2642,1.0823,0.2212,8.591,0.1358,6,6,6,6,0,0
1887.0,0.156263959,2.898784921,15.47824721,5.339563863,17.5,49.6,40.55,0.03,1.337,1.004,0.405,,,,2.96,,0.2373,0.0109,0.3177,0.0193,0.2978,,0.4672,6,6,6,6,0,0
1891.0,0.6156,93.5712,753.24816,8.05,19.0,1.5,38.75,0.06,12.451,7.822,3.046,1.551,,,6.84,0.1573,0.4882,0.0237,0.5638,0.0389,0.7352,1.6625,0.2847,6,6,6,6,0,0
1892.0,0.77383915,669.1187075,687.8838897,1.028044623,12.9,20.8,40.69,0.3,8.913,19.696,8.77,4.243,0.507,,6.71,0.1058,0.4538,0.0291,0.334,0.0781,0.4122,,0.2677,6,6,6,6,0,0
1893.0,0.717305936,66.46389428,714.6759884,10.75284553,20.5,71.9,41.16,0.03,11.817,8.538,3.051,,,,6.83,0.1491,0.5727,0.0428,0.655,0.0676,0.3638,1.3839,0.2718,6,6,6,6,0,0
1894.0,0.74490991,527.7348087,1241.598701,2.352694346,15.6,28.6,32.66,0.26,21.618,23.857,10.593,4.767,,,7.19,0.1367,0.522,0.0417,0.5209,0.1014,0.5133,1.8885,0.417,6,6,6,6,1,0
1896.0,0.918994413,88.22095128,2794.396242,31.67497291,28.7,117.6,36.74,0.03,60.393,18.544,9.134,,,,7.0,0.9254,0.3797,0.2436,0.3577,0.3836,0.3461,16.0505,0.317,6,6,6,6,0,0
1897.0,0.853883871,497.3139859,805.0046535,1.618705036,13.1,30.9,46.38,0.18,6.34,12.209,5.465,2.298,,,7.52,0.1876,0.1833,0.0518,0.3616,0.1899,0.2359,2.1444,0.3353,6,6,6,6,0,0
1898.0,0.76775837,375.8023302,482.4784944,1.283862434,14.8,17.9,29.45,0.17,7.111,15.626,5.523,3.074,0.718,,6.85,0.4354,0.2987,0.1077,0.3412,0.2032,0.29,5.0443,0.2566,6,6,6,6,0,0
1901.0,0.818362832,2296.495865,12997.07643,5.659525291,14.1,90.8,66.93,0.92,41.235,129.145,43.648,15.987,3.09,1.474,6.85,2.6858,0.1925,0.8561,0.5172,,,88.1822,0.3333,6,6,0,6,1,0
1902.0,0.738319088,100.0260753,75.69540832,0.756756757,14.1,12.1,21.84,0.05,0.966,1.508,0.589,0.188,,,10.95,0.0225,0.2038,0.0044,0.6886,0.0113,0.5096,0.1261,0.428,6,6,6,6,0,0
1903.0,0.814364641,143.6220342,170.5641185,1.187590188,13.2,22.3,40.73,0.06,2.068,2.704,1.692,,,,7.37,,0.263,0.0102,0.4113,0.0197,0.452,0.2606,0.4632,6,6,6,6,0,0
1904.0,0.594666667,313.309967,8673.048406,27.68200606,21.0,177.5,53.45,0.24,15.802,12.74,3.784,1.406,,,13.38,0.3334,0.1658,0.1135,0.2346,1.444,0.083,10.6897,0.1486,6,6,6,6,1,0
1905.0,0.525564516,260.0649577,2803.328511,10.77933965,18.7,87.8,47.34,0.25,29.444,24.185,8.935,2.702,,,6.86,0.5068,0.2808,0.1493,0.357,0.6046,0.3806,10.7251,0.3021,6,6,6,6,1,0
1906.0,0.412389853,537.427718,163.0378955,0.303367113,11.9,7.7,20.63,0.84,2.283,9.178,5.328,1.751,,,7.02,,0.4306,0.1822,0.5669,0.2719,0.5053,,0.4854,6,6,6,6,0,0
1907.0,0.851897712,227.4528761,10573.90937,46.48835203,24.3,226.6,48.54,0.08,71.39,33.254,14.104,4.239,0.113,,7.36,2.5023,0.2953,0.722,0.4137,1.6419,0.2405,52.8311,0.2476,6,6,6,6,0,0
1908.0,0.459462103,68.4861903,13.41127564,0.195824524,11.3,5.7,17.43,0.09,1.447,4.418,2.049,1.122,,,3.48,,0.4322,0.0033,0.5564,0.011,0.5223,0.1583,0.5364,6,6,6,6,1,0
1909.0,1.001546961,387.8500412,2012.433027,5.188688445,16.3,57.2,42.97,0.1,9.223,9.968,4.036,1.565,,,10.56,0.2166,0.1128,0.0515,0.3872,0.1092,0.2527,3.8887,0.1721,6,6,6,6,0,0
1910.0,0.642255266,498.8197141,348.7482975,0.699146982,12.6,14.9,32.81,0.32,4.454,10.555,5.065,2.286,,,7.3,0.0212,0.1185,0.0049,0.3801,0.0207,0.2507,,0.2222,6,6,6,6,0,0
1911.0,0.392679245,90.23317622,234.0892104,2.594269871,15.6,31.9,39.04,0.16,3.591,3.735,1.732,0.719,0.174,,7.26,,0.5104,0.0094,0.4973,0.0272,0.3654,0.5816,0.4853,6,6,6,6,1,0
1912.0,0.341,31.39587,62.79174,2.0,14.7,28.8,37.63,0.07,3.852,5.745,2.352,0.951,,,3.41,0.0697,0.3018,0.0176,0.5041,0.0332,0.4304,,0.2883,6,6,6,6,0,0
1913.0,0.9,3754.3,569935.1,151.8086194,25.4,699.3,128.82,1.23,875.48,661.271,168.64,46.293,8.68,14.289,8.4,10.2797,0.2874,,,,,895.0629,0.3877,6,0,0,6,0,0
1914.0,0.744552846,4102.121788,50980.29159,12.42778597,21.2,82.1,55.9,1.96,488.781,620.483,177.406,62.244,8.8,9.457,7.23,,0.4765,0.3378,0.8202,,,38.6221,2.3559,6,6,0,6,0,0
1916.0,0.438428571,419.1234796,1016.919413,2.426300274,14.6,35.2,43.76,0.58,10.33,12.7,5.803,2.591,,,7.44,0.1363,0.2434,0.044,0.2715,0.1955,0.2129,2.3583,0.228,6,6,6,6,0,0
1917.0,0.898323208,1162.972296,587.0632889,0.504795592,12.1,12.0,27.9,0.38,9.474,13.769,9.376,5.658,,0.408,7.32,0.0572,0.2272,0.0117,0.4117,0.0392,0.3277,0.9565,0.2287,6,6,6,6,0,0
1918.0,1.025456238,232.193093,290.4987346,1.251108424,14.3,18.9,28.79,0.06,2.687,3.636,1.561,0.82,,,10.39,,0.4401,0.0141,0.8417,0.0231,0.7343,,0.667,6,6,6,6,0,0
1920.0,0.502929293,91.95189713,1307.999367,14.22482197,18.1,122.2,48.03,0.1,30.294,25.263,8.304,,,,3.83,1.179,0.2333,0.3402,0.2655,0.7001,0.223,25.691,0.1646,6,6,6,6,0,0
1921.0,0.600916031,603.62603,21313.27959,35.30874836,21.3,221.2,53.15,0.45,103.405,67.973,23.118,7.974,1.29,0.67,7.38,2.6638,0.199,0.8854,0.2593,6.7722,0.1375,114.1267,0.1338,6,6,6,6,0,0
1923.0,0.416699029,586.9254139,8604.233291,14.65984108,21.1,95.0,44.75,0.92,37.738,43.931,10.934,3.388,0.79,0.348,10.73,0.1326,0.5668,0.034,0.9488,0.4299,0.7617,15.6734,0.5734,6,6,6,6,1,0
1924.0,0.02915009,0.342766482,0.24511378,0.715104286,12.2,16.4,35.97,0.11,1.642,3.702,1.865,0.834,,,0.31,0.0372,0.2383,0.0092,0.4285,0.0188,0.3294,,0.3347,6,6,6,6,0,0
1926.0,0.682455662,462.0884865,258.0483099,0.558439168,12.0,13.6,32.38,0.26,4.079,8.215,4.342,2.453,0.103,,6.76,0.0885,0.2074,0.0239,0.4831,0.0413,0.3642,0.6916,0.4656,6,6,6,6,0,0
1928.0,0.552467192,642.518268,717.4734391,1.116658428,12.3,25.5,42.95,0.55,6.462,10.38,5.436,4.259,,,6.79,0.1777,0.124,0.0421,0.4464,0.1416,0.2646,3.1904,0.2704,6,6,6,6,0,0
1929.0,0.278580528,53.68279841,2371.067213,44.16810008,25.4,197.2,47.68,0.19,21.355,15.654,3.976,0.924,,,7.12,0.3409,0.3905,0.1018,0.2065,0.5023,0.1346,16.1546,0.1046,6,6,6,6,1,0
1930.0,0.668367347,348.7019585,480.6546705,1.378411158,13.5,24.1,41.42,0.21,6.948,14.102,5.104,,,,6.55,0.141,0.1501,0.0358,0.4544,0.1058,0.2978,1.2928,0.349,6,6,6,6,0,0
1931.0,0.39389313,101.1395781,668.0254589,6.604985618,16.8,68.7,46.96,0.17,21.356,20.083,7.803,3.545,,,3.87,0.3639,0.1839,0.0909,0.4882,0.7946,0.2528,7.807,0.2526,6,6,6,6,0,0
1933.0,0.170164706,268.7481268,7962.794351,29.62920875,25.9,135.8,44.68,2.38,184.762,157.168,37.243,11.032,2.66,1.376,4.52,,0.4491,0.0064,1.0797,,0.8954,33.8948,1.0505,6,6,6,6,1,0
1936.0,0.302107728,43.50492791,438.9028624,10.08857809,17.9,90.5,45.92,0.12,10.507,8.725,3.437,1.411,,,4.3,0.3614,0.1186,0.1064,0.2324,0.2193,0.1679,5.2094,0.0546,6,6,6,6,0,0
1937.0,0.77223545,73.38486605,318.8610651,4.345052083,16.5,47.0,42.87,0.03,4.013,3.717,1.256,,,,7.39,0.1063,0.2522,0.0316,0.3784,0.0399,0.3014,0.7627,0.2211,6,6,6,6,0,0
1938.0,0.429672727,201.8089098,8043.03876,39.85472579,22.7,219.7,52.29,0.3,65.491,41.04,12.732,4.441,,0.641,6.33,2.1318,0.1285,0.5467,0.2642,4.7164,0.1536,64.6597,0.1554,6,6,6,6,0,0
1939.0,0.225402622,37.68022004,6.443647951,0.171008767,10.0,7.4,30.43,0.2,2.077,9.365,5.197,2.43,,,1.33,,0.2901,0.0124,0.3465,0.0204,0.2621,0.3816,0.2903,6,6,6,6,0,0
1940.0,0.79014,437.9689292,3817.143446,8.715557638,17.1,86.4,46.18,0.19,14.99,16.514,5.549,2.356,,,10.13,0.508,0.1537,0.1382,0.2035,0.3655,0.1185,9.8533,0.0904,6,6,6,6,0,0
1941.0,0.829753086,335.5961096,320.2461134,0.954260506,13.0,18.5,35.2,0.13,4.461,7.287,4.191,1.703,0.319,,7.15,0.06,0.1548,0.0072,0.3628,0.0235,0.212,0.463,0.7343,6,6,6,6,1,0
1942.0,0.457379603,771.0893374,23418.54952,30.37073446,23.4,161.4,50.73,1.0,210.313,165.298,47.214,14.769,3.24,2.704,6.59,3.2415,0.4683,1.1209,0.6042,12.0005,0.4714,188.8145,0.5722,6,6,6,6,1,0
1945.0,0.607086915,596.3630151,386.9772961,0.648895532,11.7,17.3,40.0,0.44,1.759,3.953,1.977,1.3,,,10.42,0.0344,0.156,0.0076,0.5037,0.0197,0.3194,0.4868,0.3062,6,6,6,6,0,0
1946.0,0.773975241,368.1328911,1127.201548,3.061941964,14.2,47.3,47.54,0.16,4.19,5.745,2.578,1.211,,,10.42,0.1639,0.2067,0.0379,0.3367,0.1043,0.2427,,0.1514,6,6,6,6,0,0
1948.0,0.813509934,1266.629709,234.4009473,0.185058779,11.3,5.5,17.11,0.51,2.878,6.941,3.771,3.257,,,10.36,0.0555,0.1485,0.0075,0.1779,0.0143,0.1612,0.7571,0.28,6,6,6,6,0,0
1949.0,0.736804124,1229.790105,22091.90513,17.96396396,20.3,124.5,54.22,0.62,67.239,67.088,22.11,8.749,1.35,1.167,10.21,1.2312,0.4022,0.297,0.5561,3.7271,0.3068,48.2061,0.4203,6,6,6,6,0,0
1950.0,0.914117647,913.2884114,5827.442834,6.380725696,18.2,55.4,39.0,0.29,39.261,39.487,12.414,5.579,0.69,1.252,10.36,0.3058,0.261,0.071,0.6117,0.2163,0.4017,10.9254,0.3448,6,6,6,6,0,0
1952.0,1.554734411,1327.905744,1577.061481,1.187630589,12.7,24.4,40.13,0.15,7.77,15.829,5.215,4.898,,,10.2,0.1428,0.5545,0.0301,0.6504,0.0479,0.4755,,0.482,6,6,6,6,0,0
1953.0,0.049606299,0.442941286,1.550294501,3.5,15.9,41.5,40.52,0.05,2.537,2.764,1.168,0.497,,,0.63,,0.7829,0.0229,0.4706,0.0369,0.4934,0.4343,0.6195,6,6,6,6,1,0
1954.0,0.859379043,1973.462577,8310.071829,4.210909255,15.7,51.6,45.1,0.71,83.303,61.234,40.545,16.634,3.12,2.251,7.3,1.3912,0.1697,0.2585,0.2703,1.7283,0.151,37.9631,0.1971,6,6,6,6,0,0
1956.0,0.99372381,54.91572862,324.4272264,5.907728707,19.0,45.4,35.44,0.01,5.319,7.63,1.795,,,,6.91,0.0396,1.1312,0.0087,1.209,0.0097,0.6491,0.5865,0.5483,6,6,6,6,1,0
1957.0,0.818985782,1167.486703,16015.62757,13.71803853,21.5,85.0,42.88,0.47,96.417,70.625,24.77,9.052,0.152,0.732,10.41,1.2017,0.3238,0.3522,0.5024,2.3669,0.385,48.4559,0.4535,6,6,6,6,1,0
1960.0,1.279219925,1805.469732,4449.213701,2.464297032,14.2,38.0,48.9,0.29,21.199,27.139,14.193,5.97,,0.366,10.39,0.1829,0.2775,0.0534,0.3747,0.517,0.1701,2.7586,0.2443,6,6,6,6,0,0
1962.0,1.615009346,370.6607386,7030.911727,18.9685904,21.3,118.5,46.73,0.04,32.995,26.733,6.823,,,,10.41,,0.8551,0.0981,0.652,0.5106,0.5559,,0.6586,6,6,6,6,0,0
1963.0,1.483138034,77.77174318,11791.2753,151.6138743,36.7,366.5,53.13,0.01,50.0,15.509,4.068,,,,10.16,,0.3586,0.1602,0.6863,1.7806,0.4159,15.2842,0.7567,6,6,6,6,0,0
1964.0,0.337373737,58.33328232,139.4129878,2.389939024,14.2,37.3,42.37,0.14,6.711,7.483,3.482,2.126,,,3.34,0.2291,0.141,0.0616,0.6233,0.1348,0.396,2.5546,0.3909,6,6,6,6,0,0
1966.0,0.121860465,5.83717628,14.12010661,2.418996093,14.4,36.6,40.5,0.1,4.73,4.075,3.731,,,,1.31,,0.4043,0.0214,0.7949,0.0304,0.5571,0.9147,0.5344,6,6,6,6,0,0
1968.0,0.615259327,93.12005695,362.2065094,3.889672335,16.1,44.4,41.54,0.07,4.955,5.775,2.168,0.93,,,6.83,0.1302,0.1485,0.0299,0.445,0.0818,0.2982,1.2732,0.3666,6,6,6,6,0,0
1969.0,0.051126761,1.555405673,8.489922634,5.458333333,15.3,70.0,49.75,0.15,6.787,8.937,3.454,1.158,,,0.66,0.1599,0.3872,0.0516,0.7501,0.2285,0.3597,4.7152,0.5166,6,6,6,6,0,0
1971.0,0.057548077,3.687911428,13.03612472,3.534825871,14.3,53.7,52.25,0.3,11.792,19.658,7.81,3.342,,,0.63,,0.5259,0.0201,0.5463,,,2.0414,0.9741,6,6,0,6,0,0
1972.0,0.906465296,119.8527298,209.6904078,1.749567224,13.6,30.3,39.94,0.04,2.635,4.383,1.953,,,,6.47,,1.0067,,0.8599,0.032,0.9524,,0.403,6,6,6,6,0,0
1973.0,0.360146341,272.4671297,2622.733651,9.625871766,18.4,82.4,44.97,0.55,29.885,31.512,9.597,3.12,0.62,0.339,6.42,0.4745,0.3126,0.1028,0.5942,0.3962,0.3344,14.545,0.3308,6,6,6,6,1,0
1976.0,0.643820639,262.4377126,494.8031211,1.885411651,14.0,30.2,40.19,0.17,7.201,8.113,5.004,2.12,,,6.47,0.1741,0.4125,0.0612,0.3324,0.0792,0.3854,2.3768,0.4513,6,6,6,6,1,0
1977.0,0.615294118,523.6595405,7241.447999,13.82854209,20.0,98.8,50.48,0.37,31.539,25.89,7.675,2.974,,0.334,10.46,0.7432,0.0986,0.1955,0.4362,1.1091,0.227,16.3552,0.2307,6,6,6,6,0,0
1978.0,0.625167785,361.0500653,227.7337733,0.630754001,11.9,15.7,35.74,0.25,4.367,7.831,3.881,2.733,,,5.75,0.0528,0.336,0.0148,0.6662,0.0214,0.4384,,0.2574,6,6,6,6,0,0
1979.0,0.753882017,246.9284761,520.3135746,2.107142857,14.8,29.3,36.64,0.12,3.684,3.858,2.286,0.872,,,10.29,0.0359,0.851,0.0156,0.7228,0.0308,0.5603,,0.3929,6,6,6,6,1,0
1982.0,1.381114259,1246.330299,562.8588447,0.451612903,11.3,13.2,35.48,0.17,2.996,9.374,3.746,,,,10.3,,0.5736,0.0194,0.5183,0.0286,0.4305,0.5205,0.3078,6,6,6,6,0,0
1983.0,0.504057279,90.6515684,847.1968148,9.345638798,19.8,67.7,38.54,0.09,28.081,19.837,7.149,2.978,,,4.8,0.3675,0.215,0.0859,0.4936,0.1056,0.4524,5.238,0.3487,6,6,6,6,0,0
1984.0,0.2075,8.61125,1491.4685,173.2,31.8,508.7,53.47,0.05,21.436,10.435,2.453,0.862,,,4.15,0.8269,0.046,0.2347,0.3058,1.307,0.1388,23.5812,0.1364,6,6,6,6,0,0
1986.0,0.994718019,7219.08078,3039.878425,0.421089404,11.3,12.8,38.39,1.95,23.005,71.822,24.246,,,,7.16,,0.4814,0.0762,0.3809,0.1033,0.6538,5.3178,0.3959,6,6,6,6,0,0
1987.0,0.565182186,2567.514619,1655.983043,0.644975118,12.4,14.9,37.47,2.13,20.568,33.61,27.821,12.578,3.41,3.693,6.98,0.167,0.0651,0.0364,0.558,0.2236,0.3588,4.6994,0.311,6,6,6,6,1,0
1989.0,0.654675862,533.6187259,460.0225355,0.862080945,12.9,17.2,32.09,0.33,7.199,9.668,6.687,,,,6.98,,0.4577,0.0179,0.5074,0.0232,0.3088,,0.6814,6,6,6,6,0,0
1990.0,0.21273326,29.35318121,1912.608032,65.15845824,24.9,300.6,55.37,0.17,50.521,28.745,8.632,3.049,,0.259,3.23,1.2701,0.0858,0.4143,0.1606,5.8406,0.0857,60.0471,0.1018,6,6,6,6,1,0
1992.0,0.39477304,442.7291596,801.2061968,1.809698276,14.2,28.4,40.06,0.76,25.837,34.238,13.032,9.615,0.983,4.042,4.1,0.2054,0.2216,0.0255,0.3541,0.2107,0.2156,6.447,0.2877,6,6,6,6,0,0
1994.0,1.0575,864.4751113,391.1519642,0.452473367,11.8,11.4,30.94,0.21,11.78,67.065,47.624,10.544,,1.121,4.23,0.1161,0.808,0.0202,0.9621,0.0396,0.841,1.9232,0.4803,6,6,6,6,0,0
1997.0,0.321857542,301.2566159,249.9912807,0.829828351,12.4,18.8,45.54,0.78,7.569,14.831,8.809,4.188,,,4.19,0.0746,0.1235,0.0116,0.3404,0.147,0.251,1.1242,0.1072,6,6,6,6,1,0
2000.0,0.579420579,127.6445832,1229.24029,9.630179828,17.8,87.1,45.61,0.1,5.933,3.735,1.336,1.157,,,10.0,0.1762,0.1937,0.0387,0.4846,0.0693,0.304,2.362,0.3037,7,7,7,7,0,0
2002.0,0.732723697,243.4410176,10163.83406,41.75070479,21.2,262.0,54.61,0.12,22.917,17.457,5.314,1.679,,,10.07,0.8106,0.1442,0.2181,0.3526,1.4932,0.1783,25.8953,0.2242,6,6,6,6,0,0
2004.0,0.732850242,390.1501785,711.6464795,1.824032177,14.3,27.8,39.49,0.19,4.603,7.112,2.859,1.232,,,10.25,0.024,0.9526,0.0161,0.5599,0.0616,0.3252,0.7601,0.4987,6,6,6,6,0,0
2005.0,0.5368,1278.83328,552.49408,0.432029795,11.9,0.4,30.59,1.26,15.326,52.002,23.606,9.983,1.57,0.93,4.88,,0.5348,0.0031,0.4354,,0.2316,,0.487,6,6,6,6,0,0
2009.0,0.598318386,82.15974218,91.44083193,1.112963959,12.6,23.9,42.41,0.06,1.341,2.346,1.259,,,,5.93,,0.3262,0.0082,0.7124,0.0185,0.3988,0.3181,0.4955,6,6,6,6,0,0
2010.0,1.092502434,287.2439082,168.7755243,0.587568681,13.5,10.3,20.94,0.06,2.319,4.636,1.752,0.866,,,10.2,,0.3687,0.0074,0.6316,0.0162,0.5081,0.1874,0.6267,6,6,6,6,0,0
2012.0,1.078199234,113.5199748,856.3751941,7.543828265,20.7,49.9,32.04,0.03,9.112,5.291,2.722,0.45,,,10.52,,0.6394,0.0271,0.5373,0.0217,0.5953,0.6217,0.4526,5,5,5,5,0,0
2016.0,1.463071161,2367.105586,3148.512627,1.330110768,12.2,31.1,43.59,0.29,10.041,22.053,12.706,5.522,,,10.28,0.3459,0.4805,0.0923,0.5565,0.1254,0.596,6.2106,0.4441,5,5,5,5,0,0
2017.0,0.7056,101.6064,182.89152,1.8,16.3,19.6,25.17,0.05,2.609,2.731,1.023,0.535,,,10.08,,0.7174,0.0117,0.5294,0.0271,0.54,0.3061,0.2186,5,5,5,5,1,0
2018.0,0.84921659,274.3763496,331.7314171,1.209037942,13.5,21.2,34.31,0.1,8.261,13.328,4.902,3.291,,,5.42,,0.1994,0.0115,0.6424,0.0336,0.2176,0.1071,1.5829,5,5,5,5,0,0
2019.0,0.307549669,52.22125486,745.4841033,14.27549195,19.4,107.3,48.7,0.15,12.434,11.015,3.298,1.189,,,5.16,0.2307,0.2389,0.0651,0.5796,0.5,0.36,5.2668,0.4327,5,5,5,5,1,0
2020.0,0.843672087,71.57403442,113.0468394,1.579439252,15.9,18.4,24.69,0.03,4.996,6.936,2.385,0.929,,,5.51,,0.3243,0.0161,0.7561,0.0285,0.4478,0.2288,0.7467,5,5,5,5,0,0
2022.0,0.430555556,341.9854938,1292.307716,3.778837814,15.3,49.4,48.94,0.5,18.913,23.41,9.615,4.599,0.77,,5.58,0.3938,0.3283,0.1627,0.5909,0.8373,0.4313,9.1274,0.5173,5,5,5,5,1,0
2024.0,0.836847195,128.2372874,3186.934067,24.85185185,21.6,151.1,67.92,0.05,13.57,6.488,6.127,,,,10.18,0.2432,0.1141,0.0362,0.6873,0.4048,0.3183,4.1147,0.4686,5,5,5,5,0,0
2025.0,0.452056338,47.0820615,1239.279698,26.32169576,23.6,133.7,45.32,0.06,24.123,13.815,3.999,1.439,,,5.44,0.865,0.2259,0.2274,0.5065,0.6597,0.3011,16.5316,0.3205,5,5,5,5,0,0
2026.0,1.174344106,3411.492878,9653.21179,2.829615109,13.4,51.7,58.36,0.66,25.008,52.299,21.563,10.092,,1.125,10.21,0.5282,0.2882,0.0715,0.6346,1.3132,0.3616,14.7996,0.4791,5,5,5,5,1,0
2027.0,1.443092486,4052.27588,822.8294202,0.203053653,11.4,5.8,17.37,0.52,9.947,33.029,16.736,7.709,,,10.19,,0.2589,0.3792,0.5109,1.3785,0.3959,16.3476,0.6033,5,5,5,5,0,0
2028.0,0.26,474.0,80037.3,168.8550633,35.5,451.9,55.67,1.82,771.287,526.387,114.709,31.463,6.42,11.484,5.0,2.2768,0.3356,0.7077,0.4524,,,,0.2207,5,5,0,5,1,0
2029.0,0.689635628,1448.802671,11348.61141,7.833096692,19.0,62.5,40.15,0.81,79.664,63.769,22.963,8.306,1.29,0.631,10.02,0.2226,0.271,0.0464,0.5908,0.541,0.2926,9.896,0.4108,5,5,5,5,0,0
2030.0,0.62,2033.7,7199.6,3.540148498,13.4,65.9,49.82,1.42,56.502,78.036,41.165,15.642,,2.672,5.0,,0.3823,0.1151,0.5599,1.3432,0.2102,20.3338,0.7499,5,5,5,5,0,0
2032.0,0.988485456,333.143588,3597.909212,10.79987531,18.8,87.1,43.44,0.09,18.554,13.511,5.297,2.338,,,10.16,0.4169,0.2986,0.1215,0.5117,0.1798,0.4042,6.4962,0.3655,5,5,5,5,0,0
2033.0,0.926395459,2187.891688,22660.6726,10.35731007,18.3,89.5,47.15,0.67,93.212,95.21,34.96,12.697,1.71,1.563,10.2,1.6744,0.1633,0.4474,0.2656,3.0353,0.2359,57.8198,0.1662,5,5,5,5,1,0
2034.0,0.512408759,54.03164793,632.2824871,11.70207668,18.3,100.2,47.05,0.05,12.898,10.466,4.426,1.623,,,4.5,0.2676,0.7481,0.0428,0.4352,0.2107,0.4129,,0.5132,5,5,5,5,0,0
2036.0,0.274,72.07296,768.77824,10.66666667,18.6,3.0,47.64,0.3,12.201,11.931,3.43,1.534,,,5.48,0.3419,0.1274,0.0781,0.4533,0.2333,0.3639,5.2733,0.3633,5,5,5,5,0,0
2038.0,0.4384,324.32832,69.06992,0.212962963,11.5,0.2,17.47,0.5,2.936,6.015,4.958,1.335,,,5.48,0.0726,0.1554,0.0145,0.5608,0.0416,0.3631,0.8416,0.4238,5,5,5,5,0,0
2040.0,0.554146341,10.42549335,475.7816056,45.63636364,36.5,112.0,30.57,0.01,20.796,6.932,1.81,,,,5.68,0.1775,0.4335,0.0486,0.519,0.0534,0.539,1.802,0.5297,5,5,5,5,0,0
2042.0,0.540571429,156.2216327,8552.643837,54.7468599,24.0,270.2,56.91,0.14,93.415,56.38,15.896,6.35,,,5.16,3.245,0.2976,1.0126,0.4274,6.0368,0.1995,89.5744,0.3408,5,5,5,5,1,0
2044.0,0.771640127,481.75506,6015.408912,12.48644677,18.2,107.9,47.37,0.22,74.786,60.85,24.463,10.15,,,5.57,,0.7814,0.2271,0.6421,0.8954,0.5458,,0.5454,5,5,5,5,0,0
2045.0,0.839920635,927.2294376,2036.90311,2.196762772,15.1,29.3,40.73,0.35,32.387,95.89,28.231,11.955,1.47,,5.57,0.4043,0.3647,0.0561,0.3722,0.3785,0.2253,,0.4286,5,5,5,5,0,0
2047.0,0.5973,825.5772,18487.0323,22.39285714,22.1,4.4,55.01,0.65,299.113,155.638,74.442,30.89,3.35,,5.43,2.9174,0.8508,,,,,,0.5405,5,0,0,5,0,0
2050.0,0.953053097,221.5453324,91.40188151,0.412565142,10.8,13.9,52.18,0.07,1.444,7.107,2.417,1.81,,,5.43,,0.096,0.0227,0.458,0.0569,0.1762,0.2666,0.4188,5,5,5,5,0,0
2051.0,0.611764706,277.8892734,13.14878893,0.047316648,8.9,3.1,13.76,0.2,0.605,5.043,2.147,1.578,,,4.0,0.0535,0.5899,0.0268,0.3525,0.0297,0.3432,0.3935,0.7253,5,5,5,5,1,0
2052.0,0.400905109,41.15178774,373.9445059,9.086956522,19.0,71.5,44.74,0.07,12.491,11.958,4.464,2.251,,,3.98,0.5777,0.2415,0.1794,0.4226,0.3305,0.2777,5.9749,0.3421,5,5,5,5,0,0
2055.0,1.032577904,1152.699183,9503.54866,8.244604317,16.5,89.0,54.69,0.28,22.796,27.773,8.959,3.092,,,12.15,0.4985,0.1683,0.2012,0.3591,2.7137,0.2467,20.0529,0.2723,5,5,5,5,0,0
2056.0,0.80757971,1596.43623,339.8935621,0.212907698,11.6,5.9,17.46,0.65,13.356,35.216,20.352,11.36,,1.111,5.41,,0.6555,0.0103,0.7326,0.0176,0.6694,0.1151,1.1377,5,5,5,5,0,0
2057.0,0.688275862,120.7154626,2264.534351,18.75927328,20.3,127.2,50.5,0.07,9.845,6.691,2.205,1.066,,,9.98,0.1496,0.3623,0.051,0.6732,0.3101,0.3553,6.2813,0.4331,5,5,5,5,0,0
2059.0,0.3258,403.94313,16980.35391,42.03649635,22.1,8.4,55.88,0.9,132.336,109.345,31.765,11.444,2.1,1.751,5.43,4.5347,0.1291,1.1388,0.495,,,157.8112,0.2964,5,5,0,5,1,0
2060.0,0.55221865,385.0689778,79.80621995,0.207251751,11.4,5.9,17.49,0.33,3.557,6.938,4.73,2.786,,,5.54,0.1439,0.4489,0.2683,0.4541,3.2085,0.3322,8.177,0.5765,5,5,5,5,0,0
2061.0,0.34799431,2538.034152,70147.32319,27.63844732,26.6,129.7,56.68,5.53,888.661,849.531,224.234,87.385,14.68,34.265,5.56,,0.7895,,,,,,0.4572,5,0,0,5,0,0
2062.0,0.4384,1147.16128,16231.4312,14.14921466,20.5,3.3,55.99,1.49,239.411,250.366,85.171,38.145,3.72,,5.48,1.2306,0.1792,0.2197,0.3767,,,65.914,0.3959,5,5,0,5,0,0
2064.0,0.3479,88.92324,2531.84225,28.47222222,22.8,5.2,49.54,0.18,47.517,26.688,7.816,3.14,,,4.97,1.0581,0.2235,0.3148,0.4839,1.708,0.3049,26.629,0.4272,5,5,5,5,1,0
2065.0,0.189628286,141.9805262,5899.948275,41.55463029,28.6,154.5,44.34,1.04,142.94,82.269,23.211,5.676,1.76,0.944,4.98,0.2722,0.5658,0.0665,0.7514,0.9741,0.413,65.1166,0.3257,5,5,5,5,1,0
2068.0,0.594,43.74,539.46,12.33333333,21.8,2.4,35.57,0.03,17.048,15.461,3.694,,,,5.4,1.1585,0.71,0.2955,0.89,0.4197,0.7624,10.6998,0.6617,5,5,5,5,0,0
2069.0,0.601692913,24.86396243,394.8095852,15.87878788,22.4,88.8,41.79,0.02,3.161,1.981,0.664,,,,9.86,0.0698,0.3576,0.0225,0.509,0.0331,0.4054,0.7036,0.4625,5,5,5,5,0,0
2070.0,0.813,666.84428,2250.23224,3.374449339,14.2,1.8,49.15,0.27,26.818,53.218,15.96,7.135,,0.243,5.42,0.9249,0.105,0.239,0.2945,0.6702,0.1979,16.6221,0.2191,5,5,5,5,0,0
2071.0,0.870517413,486.6723242,802.0956883,1.648122666,13.3,30.2,43.52,0.17,4.145,7.072,3.372,1.503,,,9.83,0.1026,0.2722,0.0254,0.5639,0.0479,0.1863,1.1202,0.3895,5,5,5,5,0,0
2074.0,0.9095,114.49,114.49,1.0,14.8,13.9,22.87,0.04,6.177,6.913,3.547,1.542,,,5.35,,0.72,0.0333,0.5826,0.0327,0.5895,,0.7154,5,5,5,5,0,0
2075.0,1.0794,171.7274,3915.38472,22.8,18.5,6.5,49.13,0.04,33.823,44.164,10.698,4.403,,,5.14,0.9079,0.4349,0.2593,0.6071,0.5421,0.3167,,0.3732,5,5,5,5,0,0
2077.0,0.191979301,127.5725864,680.1378343,5.331379204,15.7,65.6,50.1,0.92,31.324,41.964,16.313,6.377,1.38,,2.8,0.529,0.0628,0.0902,0.334,0.8948,0.1736,19.1181,0.1449,5,5,5,5,0,0
2078.0,0.305751295,262.3536407,126.1952544,0.481012019,11.6,13.1,42.83,0.75,9.699,18.306,13.664,,1.891,,2.81,0.0711,0.1689,0.0169,0.6735,0.0988,0.6104,1.3065,0.5179,5,5,5,5,1,0
2080.0,1.544274194,1817.397334,782.9723229,0.430820662,10.4,15.9,44.02,0.2,2.395,12.604,5.87,2.674,,,9.82,0.1288,0.5778,0.0619,0.5202,0.0738,0.5429,,0.7126,5,5,5,5,1,0
2081.0,0.501006006,2170.762118,2084.214952,0.960130516,14.0,16.1,28.92,2.32,59.204,89.781,52.885,,,,5.47,,1.2329,0.9815,0.8797,5.1561,0.6399,,0.8435,5,5,5,5,1,0
2082.0,0.9324,681.54296,42.93184,0.062992126,9.3,0.1,14.41,0.22,1.389,5.855,4.702,2.599,,,5.18,,0.3823,0.0159,0.8049,0.0167,0.5459,0.2661,0.7837,5,5,5,5,0,0
2083.0,0.4815,22.898,134.52575,5.875,17.7,1.9,40.4,0.02,3.437,2.695,1.122,,,,5.35,0.0843,0.398,0.0236,0.599,0.0508,0.5753,0.7471,0.4911,5,5,5,5,0,0
2084.0,0.5852,1109.45408,20904.15264,18.84183673,20.6,4.4,47.82,0.79,292.265,237.47,78.711,31.107,4.56,2.008,5.32,4.1899,0.3233,1.0946,0.573,,,160.0234,0.487,5,5,0,5,1,0
2089.0,0.538457944,318.5743979,18058.85219,56.68645161,23.1,301.1,68.43,0.29,43.302,31.527,7.443,2.653,0.77,,10.02,0.947,0.2967,0.6601,0.567,,,54.3236,0.384,5,5,0,5,0,0
2091.0,0.47403338,1040.143325,8613.453367,8.281025474,17.1,84.6,50.39,1.22,73.642,104.052,43.237,18.91,4.706,2.128,5.41,4.8407,0.2672,1.2924,0.455,5.2744,0.2762,127.5912,0.4351,5,5,5,5,0,0
2092.0,0.4068,160.8894,1585.9098,9.857142857,16.8,102.6,67.39,0.28,10.623,11.135,3.461,1.381,,,6.78,,1.0667,,-3.1796,,0.9409,,-32.604,5,5,5,5,0,0
2093.0,1.635044599,2745.168426,967.1835899,0.352322131,11.3,10.2,30.11,0.27,6.845,22.985,8.183,,,,9.82,,0.4491,0.008,0.6065,0.016,0.4815,,0.5244,5,5,5,5,0,0
2095.0,1.223211889,2832.179225,21266.20522,7.508778056,17.7,70.0,51.68,0.5,90.4,137.653,44.591,15.548,2.28,1.409,9.89,,0.2009,0.4462,0.7695,5.1191,0.466,,0.3685,5,5,5,5,1,0
2096.0,0.626101382,977.9727355,5582.142228,5.707871012,16.2,65.1,54.66,0.67,23.211,22.714,11.896,4.221,,,9.99,0.4175,0.4009,0.1136,0.4193,0.5546,0.4642,,0.3929,5,5,5,5,0,0
2097.0,0.578192534,1408.916622,10331.09564,7.332652254,17.8,68.3,45.67,1.13,52.234,65.738,21.756,7.544,2.1,0.722,9.81,0.4026,0.0988,0.0929,0.3587,1.236,0.2225,,0.2663,5,5,5,5,1,0
2098.0,0.323820018,41.37371579,394.2757172,9.529618254,18.0,84.8,45.16,0.1,8.599,7.386,2.528,0.996,,,4.64,0.2463,0.1355,0.0645,0.5303,0.159,0.3079,4.2692,0.2833,5,5,5,5,0,0
2099.0,0.405931034,173.2805606,425.7750917,2.457142857,14.6,35.2,40.67,0.28,2.729,3.473,1.514,0.718,,,9.81,0.0766,0.2154,0.0205,0.4439,0.0385,0.3208,0.875,0.4877,5,5,5,5,0,0
2100.0,0.610013793,1028.553372,3633.541316,3.532671629,15.2,46.6,44.34,0.73,56.71,75.644,33.028,15.282,1.98,1.058,5.46,,0.5851,0.0755,0.9469,0.4309,0.5038,,0.7968,5,5,5,5,1,0
2102.0,0.532090395,948.4893701,2150.831747,2.267639274,14.7,33.0,46.06,0.9,37.723,64.084,22.264,12.433,1.35,1.084,5.54,,0.2108,0.017,0.7637,,0.4362,1.9958,0.8081,5,5,5,5,0,0
2103.0,1.375702403,829.7039894,12759.60787,15.37850611,17.4,146.3,66.14,0.12,31.777,36.95,11.195,6.688,0.832,,9.99,,0.3583,0.8641,0.4496,2.3258,0.2654,17.9327,0.7109,5,5,5,5,0,0
2104.0,0.7059,100.24866,2456.09217,24.5,23.3,4.4,44.23,0.06,53.542,22.162,10.438,3.423,,,5.43,,0.8258,0.101,0.8455,0.2074,0.8304,,0.8378,5,5,5,5,0,0
2105.0,0.488967742,1016.108895,18450.99864,18.15848551,21.0,119.5,48.59,1.13,76.469,78.489,20.443,7.236,1.48,,10.01,0.5787,0.3675,0.1396,0.8634,1.1818,0.5275,46.4744,0.5986,5,5,5,5,1,0
2106.0,0.67154213,460.0586734,186.6588185,0.405728289,12.1,9.7,21.41,0.27,6.305,21.259,6.586,,1.031,0.667,5.28,,0.1723,0.5096,0.6201,0.713,0.4594,0.3352,2.5063,5,5,5,5,1,0
2107.0,0.558711721,495.1199544,13378.55807,27.02084202,22.1,157.8,52.96,0.42,55.027,45.23,12.02,4.832,0.82,,9.62,1.0624,0.0908,0.4548,0.3115,,,53.8963,0.1716,5,5,0,5,1,0
2108.0,0.773556582,286.2259119,1453.030484,5.07651622,16.3,56.0,45.13,0.13,10.142,11.486,4.406,1.743,,,8.7,0.3244,0.2849,0.1248,0.2044,0.3422,0.1925,4.0023,0.2448,5,5,5,5,1,0
2109.0,0.578360656,1319.968611,14846.65499,11.24773337,20.1,80.7,46.95,1.05,81.769,86.532,26.022,7.001,1.3,,10.08,0.6164,0.5402,0.263,0.561,2.6466,0.2994,37.22,0.365,5,5,5,5,1,0
2110.0,1.693611111,1563.123878,305.8970725,0.195695989,11.3,5.8,17.43,0.15,2.62,18.552,6.603,5.584,0.115,,8.71,0.2839,0.3247,0.0829,0.5888,0.0871,0.5743,2.2977,0.4737,5,5,5,5,0,0
2111.0,0.541,80.91157586,646.5305972,7.990582192,16.7,82.4,55.59,0.07,8.928,7.01,3.294,1.604,,,5.41,0.4686,0.1195,0.1118,0.3411,0.8685,0.2087,5.8448,0.3151,5,5,5,5,0,0
2112.0,1.24716763,344.4477931,126.6515821,0.367694567,12.5,8.0,19.36,0.06,2.458,4.702,2.051,1.182,,,8.7,,0.5073,0.0137,0.6261,0.0157,0.4885,,0.8039,5,5,5,5,0,0
2114.0,0.357412008,97.49827896,128.0866475,1.313732394,15.5,16.5,23.94,0.2,6.008,6.129,3.132,1.666,,,5.66,0.0522,0.4171,0.0161,0.5729,0.0218,0.4286,0.519,0.5974,5,5,5,5,0,0
2115.0,0.868764331,391.5235184,198.2211415,0.50628157,11.5,13.9,37.88,0.14,3.815,8.9,4.973,2.17,,,5.59,0.0688,0.2339,0.0273,0.4419,0.0566,0.4398,0.8076,0.4385,5,5,5,5,0,0
2116.0,0.692623574,75.81856612,1152.256207,15.1975468,19.8,110.5,46.22,0.04,17.587,13.54,4.254,2.894,,,5.52,0.7275,0.171,0.2021,0.3939,0.3174,0.2862,7.3728,0.3188,5,5,5,5,0,0
2117.0,0.119512195,8.817668055,33.3030934,3.776859504,16.1,43.0,40.76,0.16,11.484,11.317,4.495,2.327,,,1.4,0.2193,0.2451,0.0519,0.4258,0.0996,0.3344,2.9828,0.4186,5,5,5,5,0,0
2119.0,1.044328824,2491.008044,3849.143866,1.54521535,13.4,28.2,42.16,0.61,18.61,45.302,18.63,8.356,1.01,0.409,9.65,0.2796,0.0996,0.0448,0.4549,0.3294,0.3565,5.4222,0.2966,5,5,5,5,0,0
2120.0,0.589843342,132.5637509,681.1872678,5.138563622,16.1,57.8,51.51,0.1,11.407,10.423,4.196,3.214,,,5.51,0.4355,0.1382,0.1515,0.4778,0.3975,0.3094,3.6468,0.5157,5,5,5,5,1,0
2121.0,0.04733945,13.19713829,1684.502651,127.6415094,31.5,411.3,56.79,1.83,495.847,334.579,73.448,20.969,3.68,1.826,0.86,2.95,0.6546,1.4454,0.7118,,,783.4796,0.1733,5,5,0,5,1,0
2122.0,0.0785,27.46385494,3028.099219,110.2576177,34.2,307.1,55.98,1.23,381.816,234.166,61.464,15.18,3.28,,1.57,3.5299,0.3692,1.1395,0.6543,,,313.546,0.274,5,5,0,5,0,0
2123.0,0.625560976,215.6289066,313.3357549,1.453125,13.2,27.2,66.54,0.15,7.291,12.74,6.617,3.01,,,4.58,0.5132,0.1418,0.2363,0.521,0.8495,0.2582,1.4654,0.449,5,5,5,5,0,0
2124.0,0.352069409,351.6214027,930.4983353,2.646307444,15.5,33.4,37.79,0.74,20.636,29.033,11.147,3.181,0.59,,5.59,0.102,0.2448,0.0145,0.5761,0.0533,0.4663,0.5481,0.5895,5,5,5,5,0,0
2125.0,0.463,81.46022,62.16701,0.763157895,12.3,0.6,38.1,0.11,1.816,3.062,1.495,,,,4.63,,0.2174,0.0171,0.5947,0.0316,0.4772,0.2434,0.7126,5,5,5,5,0,0
2127.0,0.5379,121.95171,3692.02824,30.2745098,20.0,7.7,51.91,0.12,38.177,28.964,9.783,,,,4.89,,1.2048,0.8016,1.0141,2.4122,0.6326,,0.8307,5,5,5,5,1,0
2128.0,0.600632411,28.15080692,130.2444,4.626666667,19.0,36.8,29.28,0.02,5.914,4.316,1.607,0.659,,,5.24,,0.4147,0.0377,0.3552,0.0364,0.2796,,0.3966,5,5,5,5,0,0
2130.0,0.876806482,1017.141806,2252.769547,2.21480381,14.5,32.9,39.97,0.35,13.507,18.764,8.562,3.837,0.625,0.324,9.89,0.1576,0.1443,0.0301,0.4302,0.097,0.3241,3.5966,0.4013,5,5,5,5,1,0
2133.0,0.639093407,160.5928383,683.4583791,4.255845942,17.1,42.3,37.77,0.1,19.975,14.777,6.514,3.256,,,5.41,0.4799,0.1938,0.1857,0.3965,0.3032,0.3169,3.4011,0.5551,5,5,5,5,1,0
2134.0,0.7245,128.547,364.2165,2.833333333,14.3,43.1,46.31,0.07,1.602,2.47,0.93,0.402,,,10.35,0.0654,0.0737,0.0217,0.4707,0.0611,0.2924,0.6683,0.3381,5,5,5,5,0,0
2135.0,0.015384615,0.018934911,0.085207101,4.5,18.1,36.8,31.55,0.02,6.717,4.57,2.093,0.989,,,0.12,,0.3481,0.0462,0.2296,0.0922,0.1625,,0.5222,5,5,5,5,0,0
2136.0,0.704098613,316.7322699,731.0557382,2.3081189,13.2,43.4,46.59,0.17,8.419,12.877,6.347,3.313,,,5.44,0.4677,0.3016,0.1252,0.3231,0.2009,0.256,5.0746,0.1821,5,5,5,5,0,0
2137.0,0.630750507,247.1457685,533.1345095,2.157166245,14.6,31.5,39.17,0.16,10.359,11.279,5.912,2.274,,,5.98,0.1564,0.1968,0.0245,0.908,0.0742,0.6825,1.6508,0.6714,5,5,5,5,0,0
2140.0,0.234338462,20.87311905,569.0376483,27.26174497,19.3,208.7,56.5,0.1,4.489,3.891,1.186,,,,5.44,0.3404,0.0788,0.0721,0.5563,0.2799,0.242,3.5308,0.3673,5,5,5,5,0,0
2142.0,1.031662198,2178.936943,1723.551,0.791005451,12.2,18.6,41.33,0.54,17.724,65.19,27.015,13.545,1.068,0.973,6.06,0.2848,0.1866,0.0269,0.2036,0.1665,0.0759,6.2922,0.3056,5,5,5,5,1,0
2143.0,0.7085,160.3935,564.3475,3.518518519,15.5,1.6,40.28,0.08,11.53,10.944,5.393,,,,5.45,0.6538,0.4192,0.1422,0.5009,0.0954,0.9126,5.4133,0.4086,5,5,5,5,1,0
2145.0,0.06,2.425,18.3,7.546391753,18.9,60.2,40.59,0.18,17.76,15.978,5.739,2.331,,,0.84,,0.4427,0.0603,0.4647,,,4.2869,0.3099,5,5,0,5,0,0
2146.0,0.574025974,145.8038877,495.9952142,3.401796908,13.6,58.7,48.17,0.12,7.905,13.089,5.831,,,,4.25,0.3996,0.769,0.1559,0.5814,0.3278,0.4925,10.1836,0.4772,5,5,5,5,1,0
2147.0,0.537865613,14.1041666,1011.604949,71.72383721,30.6,245.0,46.7,0.01,22.825,9.102,2.519,,,,4.86,1.2443,0.1498,0.3305,0.2902,0.4447,0.1891,10.1135,0.2577,5,5,5,5,0,0
2148.0,0.137016575,5.573395196,17.52686121,3.144736842,15.9,36.5,37.96,0.08,5.545,5.836,2.321,0.864,,,1.55,,0.296,0.0103,0.5422,0.0344,0.3348,0.5869,0.6958,5,5,5,5,1,0
2150.0,0.431497418,169.0316787,2903.015692,17.17438834,20.2,119.5,49.19,0.24,45.973,26.779,11.833,4.66,1.276,0.693,5.45,1.7124,0.1417,0.5304,0.219,1.8297,0.1283,36.7879,0.1955,5,5,5,5,0,0
2151.0,0.083908046,3.731496895,16.19328841,4.339622642,16.2,48.0,43.56,0.14,4.734,4.937,1.772,0.81,,,1.46,0.0743,0.0603,0.0205,0.5723,0.0671,0.4029,1.4223,0.3887,5,5,5,5,0,0
2153.0,0.35465288,173.3974939,2406.715307,13.87975831,18.1,122.4,50.68,0.37,31.157,29.981,9.98,4.279,,,4.9,1.3827,0.1386,0.372,0.2655,2.1973,0.0992,34.5122,0.1601,5,5,5,5,0,0
2155.0,0.533305785,246.0834011,4028.530604,16.37059057,21.0,104.3,47.22,0.23,23.378,19.236,5.681,2.054,,,9.56,0.2958,1.0292,0.0831,1.0782,0.6994,0.4449,11.799,0.5201,5,5,5,5,0,0
2156.0,0.506491459,267.8408637,474.1395764,1.770228672,13.9,28.9,39.94,0.27,8.165,15.434,6.056,2.629,,,5.84,0.1342,0.3861,0.0356,0.5545,0.0871,0.6275,3.15,0.3608,5,5,5,5,1,0
2157.0,0.685899281,135.0091863,880.9379041,6.525021949,16.5,70.7,56.07,0.08,4.508,5.435,1.729,0.762,,,9.08,0.1475,0.2533,0.0682,0.3959,0.3286,0.2087,3.2753,0.2996,5,5,5,5,0,0
2158.0,0.506,825.24,5220.172,6.325641026,19.0,1.9,42.24,0.85,142.281,176.129,70.863,31.237,3.24,6.713,4.6,1.2088,0.1357,0.2424,0.4479,,,39.9863,0.3725,5,5,0,5,0,0
2161.0,0.6006,1532.52792,7837.66368,5.114206128,17.7,1.8,39.75,1.08,244.402,263.712,103.353,46.059,5.33,3.919,4.62,,0.4165,0.038,0.404,1.3905,0.1431,13.443,0.4918,5,5,5,5,0,0
2162.0,0.5049,583.58637,145.36989,0.249097473,10.8,0.3,38.57,0.59,3.856,16.724,8.371,4.619,0.731,,4.59,,0.529,0.0307,0.458,0.1448,0.1973,0.3622,0.3307,5,5,5,5,0,0
2163.0,0.5967,360.26451,2915.82504,8.093567251,16.6,3.2,61.12,0.26,50.496,53.277,20.058,9.252,,,4.59,3.4352,0.1375,1.375,0.1426,6.8322,0.0587,40.9575,0.3902,5,5,5,5,1,0
2164.0,0.459,151.69032,663.64515,4.375,15.5,2.0,50.36,0.2,15.123,18.163,7.0,3.311,,,4.59,0.4775,0.0731,0.1454,0.4591,0.6448,0.2284,5.6683,0.2546,5,5,5,5,0,0
2165.0,0.3248,51.67104,701.86496,13.58333333,20.4,3.4,57.28,0.13,18.969,15.21,4.776,1.81,,,4.64,,0.7534,0.0983,1.6953,,1.5117,0.5081,1.7317,5,5,5,5,1,0
2171.0,0.733184979,470.3016756,215.04949,0.457258609,10.8,15.3,40.9,0.23,2.675,7.091,4.266,,,,5.73,0.0721,0.2376,0.0158,0.6825,0.0279,0.4167,0.5903,0.559,5,5,5,5,0,0
2172.0,0.439090909,216.3831541,431.7307569,1.99521427,13.6,34.6,42.61,0.3,8.442,11.577,6.111,3.106,,,4.83,0.2841,0.2507,0.0584,0.569,0.1085,0.4637,3.1443,0.4045,5,5,5,5,0,0
2173.0,0.624265537,227.422468,1458.330144,6.412427746,15.1,86.0,50.49,0.16,12.342,13.278,7.408,2.792,,,5.74,,0.4534,0.1749,0.4875,0.4648,0.4856,,0.5186,5,5,5,5,0,0
2174.0,0.5379,74.12751,435.20022,5.870967742,16.3,2.4,53.31,0.07,8.302,9.009,2.974,1.301,,,4.89,0.433,0.1657,0.1431,0.4237,0.271,0.2881,4.9027,0.3384,5,5,5,5,0,0
2175.0,0.3426,91.29148,1496.52819,16.39285714,19.9,4.4,48.74,0.2,19.751,13.905,4.496,2.012,,,5.71,0.6162,0.0573,0.1661,0.4536,0.5465,0.2392,9.4011,0.3094,5,5,5,5,0,0
2176.0,0.500333007,3662.710037,116993.9037,31.94189617,27.3,138.2,47.78,3.89,511.363,428.26,128.196,42.254,5.01,,9.46,,0.36,0.0308,0.4987,,,,0.3012,5,5,0,5,0,0
2178.0,0.932383268,372.6710636,304.4091103,0.816830551,14.3,12.3,22.12,0.11,5.298,6.556,3.224,1.56,,,9.49,,0.6589,0.1486,0.8098,2.3034,0.4407,,0.7144,5,5,5,5,0,0
2180.0,0.7155,156.99501,141.06798,0.898550725,13.1,0.6,34.58,0.09,5.227,8.815,3.897,2.831,,,4.77,,0.6694,,1.2425,0.0212,1.3915,0.3273,0.882,5,5,5,5,0,0
2182.0,0.77612462,60.24490096,690.3094728,11.45838838,20.8,75.7,41.2,0.03,15.563,12.131,3.762,1.602,,,5.87,,0.6673,0.1072,0.6334,0.1595,0.6845,,0.6331,5,5,5,5,0,0
2183.0,0.19338,14.0105568,201.2987352,14.36764706,20.2,100.2,47.19,0.1,3.169,2.641,0.618,,,,5.86,0.1012,0.1226,0.0289,0.7259,0.0666,0.3758,1.2537,0.4943,5,5,5,5,0,0
2184.0,1.736011964,726.8258081,2118.659054,2.914947475,16.7,30.4,32.19,0.06,25.193,21.064,10.241,4.124,,,9.62,0.1725,0.4657,,0.701,0.1153,0.5689,,0.5769,5,5,5,5,1,0
2185.0,0.816067864,125.3584488,800.3583902,6.384558824,18.6,52.4,36.85,0.05,7.052,5.912,2.021,0.926,,,9.62,,0.3672,0.0204,0.5569,0.0388,0.489,,0.5554,5,5,5,5,0,0
2186.0,0.066987952,4.487385687,42.13935622,9.390625,17.8,85.6,50.06,0.29,8.651,10.242,3.261,1.37,,,1.39,0.1961,0.4172,0.0488,0.223,,,4.3751,0.2727,5,5,0,5,1,0
2188.0,0.52,832.7,5238.5,6.290981146,17.5,60.4,41.31,0.81,173.76,202.115,80.198,27.992,2.605,,4.0,12.3376,0.1261,,,,,388.9632,0.329,5,0,0,5,0,0
2189.0,0.243,7.08588,47.2392,6.666666667,20.0,1.7,31.03,0.04,2.477,1.776,0.617,0.195,,,4.86,0.1259,0.2945,0.0375,0.5797,0.0444,0.7072,0.8006,0.3772,5,5,5,5,1,0
2190.0,0.392142857,213.1209184,208.0790816,0.976342835,13.0,19.3,39.0,0.37,6.306,10.736,5.06,2.78,,,4.68,0.1034,0.4006,0.0343,0.3556,0.0964,0.2171,,0.2337,5,5,5,5,1,0
2191.0,0.634318707,232.7911376,704.1303879,3.024730216,14.2,47.3,46.54,0.15,3.573,5.592,2.263,1.045,,,8.86,0.0928,0.1356,0.0241,0.4361,0.1216,0.2337,1.7447,0.2676,5,5,5,5,0,0
2194.0,0.960964912,2036.204636,50697.05615,24.89781983,20.9,162.6,54.48,0.59,172.417,162.851,50.918,18.192,2.36,,9.39,3.3361,0.3849,1.1154,0.4132,,,102.6277,0.4222,5,5,0,5,1,0
2195.0,0.677668394,140.2344206,1253.304606,8.937211,20.2,62.0,37.81,0.08,59.273,41.301,12.626,5.46,,,4.51,2.5496,0.2467,0.8942,0.322,1.4554,0.2831,,0.2988,5,5,5,5,1,0
2197.0,0.3927,418.57893,550.76175,1.315789474,13.8,0.9,39.59,0.78,11.956,16.482,8.801,4.763,0.71,,5.61,0.4039,0.2597,0.0905,0.3564,0.3686,0.3497,6.1418,0.2751,5,5,5,5,0,0
2199.0,0.65443038,119.9496163,1799.539203,15.00245902,18.7,120.9,48.72,0.07,7.477,7.767,2.266,0.881,,,9.4,0.2318,0.3622,0.0679,0.4843,0.2649,0.3432,5.9531,0.303,5,5,5,5,0,0
2200.0,0.566522911,71.06206726,167.9142843,2.362924282,14.6,33.9,42.48,0.06,5.2,6.043,2.901,1.363,,,4.52,0.1606,0.2118,0.0429,0.5194,0.1727,0.3362,2.1839,0.3448,5,5,5,5,0,0
2201.0,0.464,90.42432,251.89632,2.785714286,15.5,1.3,37.82,0.11,8.638,9.237,4.265,1.787,,,4.64,0.2095,0.2799,0.055,0.6516,0.1067,0.5525,1.5826,0.4473,5,5,5,5,0,0
2202.0,0.7784,163.84208,1548.77136,9.452830189,17.2,3.5,45.89,0.07,20.421,10.025,8.422,3.076,,,5.56,0.3963,0.4612,0.1116,0.587,0.4567,0.3877,13.8689,0.4751,5,5,5,5,1,0
2203.0,1.202268371,734.0287591,1747.353733,2.380497646,15.8,28.2,33.76,0.13,15.489,22.106,9.112,3.504,,,9.33,0.2021,0.6758,0.0858,0.587,0.4672,0.3488,,0.5012,5,5,5,5,0,0
2204.0,0.3464,112.4934,939.31989,8.35,17.5,3.0,45.29,0.26,23.751,21.181,8.798,3.377,,,4.33,1.0461,0.1504,0.3058,0.2884,0.6414,0.1873,13.0176,0.2072,5,5,5,5,0,0
2205.0,0.34637931,66.36052319,200.3807967,3.019578313,15.8,36.0,40.66,0.15,6.132,7.064,2.92,1.106,,,4.92,0.1276,0.195,0.0385,0.6322,0.0984,0.357,1.6753,0.399,5,5,5,5,0,0
2207.0,0.635083579,146.2738063,703.6956085,4.810810811,17.8,43.6,36.79,0.1,6.938,5.784,2.292,1.021,,,9.64,0.0827,0.4858,0.0353,0.5358,0.0621,0.452,1.0461,0.5386,5,5,5,5,1,0
2208.0,0.4473,91.39333,1388.19058,15.18918919,18.6,5.0,50.2,0.13,18.84,16.2,5.705,2.29,,,4.97,0.4323,0.4091,0.1843,0.4098,1.1619,0.2057,16.5645,0.2796,5,5,5,5,0,0
2209.0,0.534220779,47.43354697,558.8264753,11.78125,19.5,87.7,44.39,0.04,17.12,19.721,4.909,,,,4.33,,0.8288,0.2793,0.731,0.3848,0.7906,7.2406,0.856,6,6,6,6,0,0
2210.0,0.2886,212.85212,3289.95342,15.45652174,18.9,4.9,57.35,0.78,45.293,48.499,12.892,5.167,1.44,,4.81,3.0299,0.0185,0.7638,0.4264,,,36.1019,0.1495,6,6,0,6,1,0
2211.0,0.242,4.68512,489.59504,104.5,35.8,11.1,48.8,0.02,11.132,2.885,1.716,,,,4.84,0.2079,0.1717,0.0636,0.345,0.2363,0.2409,5.2308,0.245,6,6,6,6,0,0
2212.0,0.308031838,12.74486063,131.2439509,10.29779412,18.3,88.0,52.15,0.04,2.821,2.08,0.609,,,,4.73,0.0966,0.7668,0.0186,0.3616,0.0689,0.2814,1.2529,0.1482,6,6,6,6,0,0
2213.0,0.504011544,15.35484801,762.5931914,49.66465257,27.4,187.3,44.89,0.02,18.356,8.42,2.528,1.143,,,4.72,0.5494,0.3858,0.1312,0.4306,0.1422,0.7303,,0.5603,6,6,6,6,0,0
2214.0,0.96096,261.3768192,71.7566976,0.274533518,11.9,6.9,18.44,0.08,3.899,8.669,5.413,1.983,,,5.04,0.071,0.3977,0.0214,0.6044,0.0328,0.5131,0.3214,0.6343,6,6,6,6,1,0
2215.0,0.434323432,185.3918461,1373.914976,7.410870567,17.0,74.5,47.68,0.26,19.049,22.633,7.7,3.081,0.518,,5.6,0.3834,0.2727,0.1272,0.4932,0.5131,0.296,10.6678,0.3549,6,6,6,6,1,0
2216.0,0.772394366,849.2653564,74151.44307,87.31245483,26.7,358.8,54.48,0.38,229.813,118.28,34.545,13.767,2.2,1.036,9.14,4.8941,0.0921,1.4784,0.4296,,,247.8693,0.0847,6,6,0,2,0,0
2217.0,0.19874092,21.82140014,314.1550176,14.39664804,20.6,96.7,44.08,0.14,8.976,6.512,2.033,0.766,0.368,,4.56,0.1817,0.2321,0.0565,0.5428,0.1339,0.3158,2.817,0.3919,6,6,6,6,1,0
2218.0,0.206537786,19.6251383,779.4524381,39.7170418,22.7,219.2,49.8,0.13,12.68,9.085,2.327,1.033,,,4.52,0.6409,0.4103,0.1067,0.4231,0.4287,0.2309,9.2265,0.1929,6,6,6,6,1,0
2219.0,0.290059524,140.4559878,958.7782226,6.826182618,17.6,64.2,47.68,0.44,26.057,26.461,9.605,3.85,0.968,,4.43,0.4541,0.0682,0.1352,0.2708,1.281,0.1841,10.8347,0.1541,6,6,6,6,0,0
2221.0,0.288581818,608.5744555,7364.8651,12.10183082,20.1,88.7,51.58,1.93,135.177,136.923,43.048,15.467,3.09,,4.96,1.9175,0.3572,0.619,0.5555,6.8646,0.1902,,0.2393,6,6,6,6,1,0
2222.0,0.5889,166.21929,1110.18069,6.679012346,16.5,2.9,47.54,0.12,23.327,21.863,6.187,2.805,,,4.53,0.7523,0.2799,0.175,0.5106,0.5833,0.264,10.0078,0.4385,6,6,6,6,0,0
2223.0,0.2295,77.95197,823.76271,10.56756757,19.2,3.2,46.61,0.33,20.768,16.088,5.165,1.874,,,4.59,0.5731,0.1812,0.1972,0.4974,0.4231,0.2191,7.8841,0.4086,6,6,6,6,0,0
2224.0,0.320790123,141.2055577,3236.470538,22.9202773,20.3,157.7,56.74,0.37,52.343,42.95,13.866,4.97,1.335,,4.48,1.666,0.0965,0.6652,0.2621,5.2771,0.1333,41.2051,0.0767,6,6,6,6,0,0
2227.0,0.798374558,139.75907,207.8575673,1.487256372,13.6,25.7,38.49,0.06,1.729,2.68,1.072,,,,8.69,0.0447,0.2517,0.0137,0.4106,0.0259,0.2848,0.461,0.3161,6,6,6,6,0,0
2228.0,0.403865031,72.92297038,293.4373781,4.02393617,15.5,49.9,43.45,0.12,7.556,8.158,3.308,1.677,,,4.54,0.2088,0.1075,0.0651,0.3522,0.1646,0.2219,3.2263,0.2302,6,6,6,6,0,0
2229.0,0.38841629,62.0241846,470.7649065,7.590021692,20.0,53.4,33.86,0.11,23.933,16.373,5.601,2.698,,,4.44,0.1929,0.2779,0.057,0.2102,0.0822,0.3607,2.1532,0.3363,6,6,6,6,1,0
2231.0,0.638928939,1043.067495,10923.34394,10.47232704,18.7,86.3,46.88,0.68,48.541,54.774,19.016,6.93,0.87,0.924,9.4,1.188,0.4128,0.3624,0.4872,1.0646,0.3225,38.329,0.3921,6,6,6,6,1,0
2232.0,0.417574819,1495.10105,29625.04915,19.81474707,24.4,100.8,46.44,2.24,194.328,168.397,41.718,17.184,3.47,2.208,9.41,1.3808,0.2525,0.496,0.3278,7.2527,0.1406,119.1116,0.1475,6,6,6,6,1,0
2233.0,0.466331361,63.0695774,597.17658,9.468536252,17.7,86.0,46.44,0.08,13.073,11.708,4.119,1.658,,,4.44,0.47,0.3658,0.1415,0.4253,0.1845,0.2839,6.5816,0.2824,6,6,6,6,0,0
2234.0,0.403795967,409.9718177,7834.201705,19.10912255,21.8,115.9,45.65,0.69,54.786,41.725,12.477,4.574,1.33,1.551,8.51,0.2957,0.0615,0.0519,0.3339,1.0888,0.2082,26.8768,0.2174,6,6,6,6,0,0
2238.0,0.604275534,644.4878465,5682.427231,8.816965691,16.7,92.9,53.41,0.46,26.092,29.789,11.187,4.372,0.757,0.682,8.48,0.584,0.0703,0.1445,0.2723,1.5532,0.1598,18.4495,0.1581,6,6,6,6,0,0
2240.0,0.939539877,64.63930709,4589.91089,71.00804598,21.5,431.1,55.29,0.02,9.46,8.716,1.95,,,,8.43,0.538,0.6566,0.1866,0.4468,1.0632,0.1707,16.241,0.3198,6,6,6,6,1,0
2241.0,0.3724,752.84384,8470.90832,11.2518797,19.9,3.4,55.19,1.61,133.73,135.265,46.953,19.097,2.61,1.538,5.32,,0.4439,,0.5728,0.6788,0.3136,24.0684,1.3528,6,6,6,6,0,0
2243.0,0.743031536,1790.429633,22401.2034,12.51163575,17.9,114.2,56.36,0.86,78.56,85.974,30.534,13.534,1.36,1.529,9.13,2.5007,0.2153,1.3781,0.1375,11.0316,0.0754,104.067,0.0813,6,6,6,6,1,0
2245.0,1.037060576,176.5092519,447.5199979,2.535391166,17.2,24.7,26.71,0.04,6.503,5.993,2.488,1.033,,,9.76,,1.3583,,0.7287,0.0558,0.8712,1.9011,0.6024,6,6,6,6,0,0
2246.0,0.329356287,96.23196646,266.8291051,2.772769953,15.5,34.8,36.99,0.24,9.901,10.516,4.847,2.128,,,4.49,0.0955,0.0985,0.0186,0.3769,0.0545,0.162,1.5387,0.2157,6,6,6,6,1,0
2248.0,0.744705882,172.3455666,1487.67067,8.631905649,17.7,79.2,45.44,0.08,10.0,9.011,3.59,1.276,,,8.44,0.2952,0.2458,0.0983,0.4975,0.1652,0.3604,3.9074,0.4029,6,6,6,6,0,0
2249.0,0.859558824,158.427862,589.9422172,3.723727693,15.7,44.6,41.22,0.06,4.96,5.604,2.481,0.918,,,8.35,,1.6885,0.0249,0.2473,0.0381,0.1439,1.0281,0.4648,6,6,6,6,0,0
2251.0,0.985731225,373.7608157,3357.68337,8.983508246,18.8,72.0,40.66,0.1,22.779,14.936,6.302,2.705,,,9.78,0.6104,0.1977,0.1932,0.297,0.2343,0.4563,7.323,0.3084,6,6,6,6,1,0
2252.0,0.415389408,130.4646034,1159.211708,8.885258359,17.5,83.4,46.46,0.2,25.822,20.702,8.568,4.888,1.021,0.807,4.52,0.6197,0.1945,0.171,0.3059,0.446,0.1963,10.9259,0.2394,6,6,6,6,1,0
2253.0,0.475247525,305.3630036,182.0935202,0.596318212,11.9,15.0,50.52,0.36,4.768,12.89,6.923,3.566,,,4.48,,0.3635,0.0055,0.3694,,0.5461,,0.1421,6,6,6,6,0,0
2254.0,0.3073,323.77128,1032.98456,3.19047619,16.3,1.5,41.77,0.96,31.727,46.32,18.102,7.441,1.41,0.676,4.39,0.9654,0.1922,,0.2023,0.4858,0.1136,10.1024,0.2428,6,6,6,6,1,0
2256.0,0.4653,392.91483,4894.06159,12.45578231,18.2,4.4,47.12,0.51,66.877,50.174,20.739,9.212,1.46,1.312,5.17,1.8101,0.3108,0.4528,0.3994,0.9568,0.3154,30.0968,0.4615,6,6,6,6,0,0
2257.0,0.685128205,62.13854189,414.8002338,6.675409836,16.9,67.6,43.95,0.04,2.868,2.998,0.996,,,,8.35,0.1024,0.2287,0.036,0.3932,0.058,0.3935,0.9994,0.3094,6,6,6,6,0,0
2260.0,0.8976,239.70816,173.12256,0.722222222,11.9,17.6,40.8,0.07,1.344,4.166,1.733,0.72,,,8.16,,0.3317,0.0221,0.4075,0.0509,0.3131,0.4776,0.47,6,6,6,6,0,0
2261.0,1.110953608,249.227675,410.4042543,1.64670418,14.3,24.6,37.62,0.05,2.368,3.141,1.408,0.673,,,11.65,,0.3491,0.0085,0.6493,0.0212,0.4401,0.2234,0.4362,6,6,6,6,0,0
2263.0,0.394485981,162.7551664,1478.754782,9.085762467,17.6,84.3,46.26,0.28,41.877,37.329,13.383,6.362,,,4.02,1.1389,0.2121,0.2891,0.4101,0.7655,0.2583,20.7274,0.3207,6,6,6,6,0,0
2264.0,0.121775148,2.648069045,662.5468751,250.2,36.3,608.0,51.13,0.05,82.482,29.701,6.634,2.535,,,1.47,2.5178,0.4333,0.6444,0.4962,2.4724,0.5772,57.1787,0.4999,6,6,6,6,0,0
2266.0,0.114662921,43.83825117,1472.121149,33.58074534,22.9,184.9,58.53,0.91,206.521,161.535,47.382,16.033,2.66,1.338,1.57,2.1404,0.1849,0.8394,0.3886,,,145.6888,0.1395,6,6,0,6,0,0
2267.0,1.077464029,350.5297283,1140.918881,3.254841998,15.3,41.4,42.1,0.08,6.067,7.456,2.832,1.699,,,10.51,0.1585,0.3284,0.0456,0.5987,0.0605,0.4013,1.8873,0.4295,6,6,6,6,0,0
2268.0,0.74878937,599.7655082,2795.881123,4.661623727,14.2,72.0,52.54,0.28,8.151,11.479,4.694,2.302,,,9.63,0.1341,0.7553,0.037,0.9402,0.1294,0.686,1.6476,0.8731,6,6,6,6,0,0
2269.0,0.63,83.5,5703.6,68.30658683,28.6,248.6,50.48,0.06,132.188,101.7,13.477,5.526,,,4.3,1.2381,0.5668,0.2441,0.6206,1.5233,0.1967,41.9895,0.5084,6,6,6,6,0,0
2270.0,0.214533965,12.50419278,5136.581501,410.7887324,38.4,926.0,72.84,0.07,40.001,11.743,3.308,,,,4.85,0.9323,0.2202,0.295,0.8483,,,30.4907,0.4666,6,6,0,6,0,0
2272.0,1.068825257,1099.036036,251.4492553,0.228790728,10.2,9.0,33.93,0.25,3.815,26.201,15.074,5.186,0.777,,5.09,0.0589,0.7012,0.0192,0.7757,0.0728,0.4431,,0.6133,6,6,6,6,1,0
2273.0,0.246796117,101.9969837,1662.858818,16.30301954,19.6,121.7,53.98,0.46,33.369,31.076,9.71,3.657,0.74,0.75,4.34,0.668,0.0887,0.2691,0.2196,3.3767,0.0714,27.8891,0.0908,6,6,6,6,0,0
2275.0,0.304713376,22.3239888,576.9791229,25.84570025,21.8,155.0,46.62,0.06,25.196,16.256,5.312,2.028,,,3.12,1.0766,0.1885,0.3561,0.3086,0.6278,0.2019,14.3273,0.2484,6,6,6,6,0,0
2276.0,0.5412,52.88426,553.25072,10.46153846,18.4,3.7,44.27,0.05,13.04,10.305,3.832,1.651,,,4.51,0.1967,0.1901,0.0629,0.6269,0.1067,0.4,4.9294,0.308,6,6,6,6,1,0
2277.0,0.433473054,226.3577253,878.1916347,3.879662749,15.8,46.2,43.39,0.32,19.718,17.899,8.783,4.483,,1.262,5.08,0.4148,0.2354,0.1086,0.5532,0.2513,0.4326,8.3612,0.3271,6,6,6,6,1,0
2278.0,0.39253112,109.2996562,929.3654264,8.502912621,17.5,79.3,45.26,0.19,24.34,18.629,8.424,3.48,,,4.3,1.2221,0.2049,0.3566,0.3856,0.682,0.2606,15.3658,0.2955,6,6,6,6,1,0
2279.0,0.484609572,76.72088713,513.1782024,6.688898181,16.1,75.5,45.84,0.09,19.257,19.206,8.824,3.505,,,3.18,0.7663,0.3039,0.2589,0.4501,0.3622,0.4383,9.5656,0.3753,6,6,6,6,1,0
2280.0,0.106548673,2.432704205,9.730816822,4.0,15.3,50.8,43.66,0.06,6.245,6.841,2.857,1.468,0.071,,0.86,0.0554,0.4477,0.0189,0.5098,,,1.7618,0.6762,6,6,0,6,0,0
2281.0,0.194651163,101.2872363,285.2128718,2.815881666,15.1,37.9,41.75,0.71,8.344,13.898,5.668,2.03,0.506,,4.32,0.1312,1.3766,0.0186,2.1493,0.0466,1.0226,1.3619,0.9991,6,6,6,6,0,0
2282.0,0.372140575,402.924125,1269.007854,3.149495835,14.4,48.1,49.78,0.75,27.474,44.218,18.738,8.534,1.31,0.744,4.16,0.7167,0.7677,,0.8124,0.5795,0.6986,15.0324,0.8348,6,6,6,6,1,0
2284.0,0.970783784,1191.812683,10572.49689,8.870938394,17.1,88.7,58.93,0.34,46.477,41.731,17.767,6.597,,,9.21,1.4416,0.6611,0.4521,0.6182,4.6337,0.1714,45.0311,0.5065,6,6,6,6,0,0
2286.0,0.686445367,186.9442606,6967.616462,37.27109053,21.7,223.4,49.91,0.11,39.82,27.986,8.521,3.368,0.493,,7.09,1.4647,0.2337,0.3931,0.5538,1.3153,0.252,,0.3116,6,6,6,6,0,0
2288.0,0.940689655,199.8154578,587.9362663,2.942396313,15.5,36.7,43.29,0.06,3.553,3.815,1.573,0.721,0.161,,10.56,,0.446,0.0758,0.679,0.0563,0.4803,0.8217,0.5772,6,6,6,6,0,0
2289.0,0.263212121,46.68667034,467.2039265,10.00722311,19.0,78.3,49.51,0.18,16.589,13.873,5.052,2.407,,,4.04,0.5258,0.2202,0.1198,0.237,0.3221,0.1278,6.3486,0.1858,6,6,6,6,1,0
2291.0,1.782786885,1738.653924,462.7452298,0.266151431,10.6,9.5,32.47,0.15,3.413,14.306,7.064,3.349,,,8.75,,0.1911,0.039,0.4976,0.0492,0.4931,0.8265,0.6096,6,6,6,6,0,0
2292.0,0.512535014,377.7171015,1648.152251,4.36345679,16.7,46.3,42.31,0.38,33.073,31.758,15.035,6.063,1.436,0.445,5.63,0.5984,0.4248,0.1514,0.6793,0.2475,0.3527,7.3402,0.5449,6,6,6,6,0,0
2293.0,0.636913408,157.1687834,1989.835938,12.66050354,19.0,99.2,45.31,0.1,28.732,23.126,10.639,3.23,0.709,,5.63,0.4829,0.3138,,0.3822,0.1764,0.6321,10.185,0.4706,6,6,6,6,0,0
2294.0,0.639733146,177.5618881,1515.35976,8.534262485,17.1,84.4,49.78,0.12,12.117,10.953,4.621,1.99,,,7.23,0.4001,0.0707,0.1321,0.3028,0.4452,0.1569,7.8304,0.1835,6,6,6,6,0,0
2295.0,0.684767064,116.2169711,136.1117408,1.171186441,15.2,15.5,23.49,0.06,2.346,3.429,1.202,0.417,,,9.16,,0.4572,0.0191,0.3955,0.0274,0.4319,,0.677,6,6,6,6,0,0
2297.0,0.216,24.26112,231.41376,9.538461538,18.8,73.6,46.02,0.13,7.492,7.174,2.124,0.836,,,4.32,0.1284,0.3244,0.047,0.4457,0.3019,0.2095,2.5109,0.2776,6,6,6,6,0,0
2299.0,0.910841035,213.1935274,7516.474431,35.25657895,24.5,168.2,48.75,0.07,31.686,15.063,5.779,1.873,,,10.83,1.584,0.1851,0.3759,0.4482,0.6773,0.2705,14.8752,0.4791,6,6,6,6,1,0
2300.0,0.711158537,165.8286511,536.8006841,3.237080448,15.2,42.2,42.81,0.09,16.47,20.684,8.584,3.593,,,4.36,0.4908,0.4087,0.1826,0.6844,0.3012,0.5118,4.2344,0.4527,6,6,6,6,1,0
2301.0,0.432087312,112.306058,360.7840637,3.21250759,14.6,46.5,45.79,0.16,8.628,14.635,4.59,2.26,,,4.28,0.2054,0.3929,0.0688,0.7691,0.1528,0.676,2.4772,0.7537,6,6,6,6,1,0
2302.0,0.381315436,42.36692185,189.7442112,4.478593272,16.2,49.7,43.54,0.08,6.431,7.004,2.967,0.822,,,4.24,0.2426,0.1023,0.0848,0.3827,0.2052,0.2576,2.7836,0.289,6,6,6,6,0,0
2303.0,1.112328767,370.8669544,1000.157159,2.696808511,14.9,37.2,39.92,0.08,11.3,19.268,7.131,2.524,,,7.25,0.2801,0.3342,0.0852,0.4471,0.1263,0.2649,4.1449,0.2498,6,6,6,6,0,0
2304.0,0.302272727,620.1144628,13885.96942,22.39259081,21.9,138.2,54.81,1.85,202.992,157.012,47.343,16.201,2.75,3.204,4.94,3.7543,0.1209,1.1456,0.3476,,,165.3202,0.1709,6,6,0,6,0,0
2305.0,0.349243827,99.34860159,116.1961791,1.16958042,12.7,24.5,40.84,0.22,3.381,5.508,3.106,1.216,,,4.27,0.0787,0.4055,0.0246,0.7753,0.0443,0.5336,1.2687,0.4342,6,6,6,6,0,0
2306.0,0.25875,17.95243144,141.9874123,7.909090909,18.4,66.8,42.91,0.07,5.043,4.234,1.477,0.702,,,4.14,,0.2726,0.0369,0.6321,0.0866,0.3791,1.7883,0.4964,6,6,6,6,0,0
2307.0,0.019444444,0.287345679,0.196604938,0.684210526,11.7,18.0,40.68,0.18,2.132,6.179,2.827,1.282,,,0.21,0.0526,0.2997,0.0227,0.5912,0.081,0.4159,0.7938,0.5972,6,6,6,6,1,0
2309.0,0.414013986,484.958033,9652.459486,19.90370059,19.6,149.4,58.1,0.77,53.903,49.74,15.353,5.051,0.88,0.488,7.22,1.3629,0.087,0.4048,0.2327,6.3434,0.1405,47.5729,0.0924,6,6,6,6,0,0
2310.0,0.371757755,19.84538443,171.6839912,8.651079137,17.4,83.4,48.06,0.04,2.369,1.906,0.679,,,,5.72,,0.716,0.0325,0.8984,0.0196,0.9573,,0.5611,6,6,6,6,1,0
2312.0,0.620585774,122.4206463,68.16817863,0.556835637,13.4,10.0,20.75,0.08,1.862,1.244,0.799,0.526,,,9.27,0.1087,0.266,0.0233,0.3983,0.0265,0.3823,0.7086,0.4282,6,6,6,6,0,0
2313.0,0.817226277,368.5717293,529.7627039,1.437339497,14.0,22.9,37.46,0.15,4.691,7.213,3.437,1.273,,,9.33,0.0564,0.1432,0.0193,0.3607,0.0593,0.2924,1.0055,0.2477,6,6,6,6,1,0
2314.0,1.023694969,1400.789983,27.47964133,0.019617246,7.7,2.2,11.84,0.36,0.454,16.262,3.981,3.026,,,4.97,0.0656,0.466,0.0251,0.5119,0.0305,0.426,,0.4086,6,6,6,6,0,0
2315.0,0.547012579,121.6432123,2037.645938,16.75100402,19.7,122.7,46.94,0.11,33.223,23.826,8.9,3.728,0.679,,4.97,1.2671,0.2096,0.4264,0.3855,0.7544,0.2471,18.715,0.2756,5,5,5,5,1,0
2316.0,0.573973799,103.8731679,442.3846617,4.258892556,13.3,77.7,50.12,0.08,4.936,7.043,3.914,,,,4.24,0.2309,0.3704,0.059,0.5344,0.0898,0.6323,2.7134,0.3882,5,5,5,5,0,0
2317.0,0.376477438,131.3746081,1470.641416,11.19425921,16.9,114.1,59.82,0.24,24.387,24.691,8.875,3.541,0.68,,4.24,2.5433,0.1006,0.8588,0.321,2.8237,0.1366,23.7574,0.1862,5,5,5,5,1,0
2319.0,0.6566,1671.7036,325.54228,0.194736842,10.1,0.4,31.05,0.97,9.854,21.211,16.617,13.668,,1.145,4.35,,0.5899,,-21.3204,,0.3964,1.1076,0.4045,5,5,5,5,1,0
2320.0,1.88,1546.5,589.8,0.381377304,10.6,13.6,39.36,0.12,1.949,4.778,5.645,1.828,0.093,,10.85,,0.1383,0.0249,0.3903,0.0462,0.2766,0.556,0.3801,5,5,5,5,0,0
2322.0,1.77,3196.4,1396.0,0.436741334,11.0,14.1,37.27,0.27,8.497,41.789,11.88,8.064,,,8.81,0.0575,0.346,0.0071,0.6213,0.0182,0.4052,0.7578,0.5115,5,5,5,5,0,0
2324.0,0.502941176,482.7768166,1731.643599,3.586840832,16.2,40.5,39.71,0.51,18.494,26.448,8.738,3.61,0.652,,7.95,0.4568,0.4779,0.1389,0.6803,0.3227,0.6548,8.6171,0.8434,5,5,5,5,1,0
2325.0,0.324666667,540.8689472,2671.485931,4.93924812,16.3,56.3,56.98,1.34,46.57,68.106,28.483,10.588,2.34,0.866,4.87,2.179,0.0588,0.765,0.2266,4.1155,0.1005,31.3119,0.142,5,5,5,5,1,0
2326.0,0.405837563,96.09365096,268.3605246,2.792697769,17.2,27.4,25.37,0.16,24.448,23.279,8.381,4.015,,,3.69,0.4301,0.3765,0.0768,0.6893,0.1929,0.4061,27.6838,1.7668,5,5,5,5,1,0
2327.0,0.182949757,21.80222491,643.0063889,29.49269588,20.8,191.6,63.81,0.18,18.059,12.525,3.933,1.564,,,3.32,1.1917,0.0393,0.5842,0.2069,2.5024,0.0896,10.9495,0.1625,5,5,5,5,0,0
2328.0,0.348,473.0625,1328.3595,2.808,14.9,1.8,41.84,0.95,35.155,46.262,20.797,9.693,2.03,2.473,4.35,0.2502,0.289,0.0808,0.2568,0.417,0.1637,12.4559,0.1266,5,5,5,5,1,0
2329.0,0.602,116.487,42.527,0.365079365,12.4,0.4,19.27,0.08,3.146,6.129,3.303,1.38,,,4.3,,0.4409,0.0069,0.4319,0.0081,0.5772,,0.721,5,5,5,5,0,0
2331.0,0.2961,41.15367,1785.71142,43.39130435,24.0,10.1,49.79,0.13,34.206,22.247,6.864,2.192,,,4.23,1.7356,0.1667,0.705,0.3448,1.7085,0.1767,27.3743,0.3798,5,5,5,5,1,0
2332.0,0.678525499,493.8556451,1102.979731,2.23340513,14.2,34.6,40.71,0.29,7.462,10.442,4.63,2.242,0.321,,8.87,0.1833,0.3321,0.0674,0.4792,0.1247,0.3821,2.97,0.4206,5,5,5,5,0,0
2333.0,0.370510708,149.1702124,4771.984663,31.99019821,21.6,194.1,61.31,0.29,122.77,73.259,27.969,10.651,1.24,2.099,3.46,,0.2057,,0.6761,5.2439,0.4593,66.7276,0.493,5,5,5,5,1,0
2334.0,0.629355372,181.0375357,41.4877686,0.229166667,11.6,6.3,17.9,0.12,2.262,4.76,2.608,1.664,0.051,,5.01,,0.6184,0.0327,0.7736,0.033,0.55,0.7645,0.6128,5,5,5,5,0,0
2336.0,0.511034483,496.9122473,7578.434245,15.25105144,20.6,103.1,61.05,0.51,53.671,44.052,13.187,4.963,0.96,,8.58,2.2706,0.7665,0.3647,2.1379,0.4521,0.9886,22.4216,0.8764,5,5,5,5,0,0
2337.0,0.751251462,142.3314584,3860.985587,27.12671977,21.2,170.7,52.27,0.07,18.915,10.948,4.304,1.825,,,8.68,0.4653,0.2359,0.1421,0.5171,0.5017,0.9733,11.6144,0.3502,5,5,5,5,0,0
2338.0,0.392895879,37.76220056,188.138928,4.982202447,16.4,54.7,43.78,0.06,8.058,10.888,3.364,,,,3.45,0.1478,0.1817,0.0572,0.4046,0.1596,0.3058,1.9755,0.2961,5,5,5,5,1,0
2340.0,0.428050542,54.44841194,60.15495445,1.104806409,13.5,19.5,34.33,0.08,4.303,6.364,3.203,1.53,,,3.34,,0.3275,0.0306,0.5778,0.0557,0.4712,0.6745,0.4594,5,5,5,5,0,0
2342.0,0.212418033,6.802674012,41.84539606,6.151315789,18.5,51.0,38.39,0.04,4.231,2.871,1.357,,,,2.92,0.054,0.2329,0.0121,0.4725,0.0255,0.2956,0.5651,0.3656,5,5,5,5,0,0
2344.0,1.652248244,1362.465628,251.2104513,0.184379295,11.1,5.7,17.26,0.13,3.766,9.717,6.67,3.085,,,8.71,,0.2364,0.0229,0.2506,0.0364,0.3053,0.5432,0.338,5,5,5,5,0,0
2345.0,0.396386037,79.49126572,90.27519111,1.135661765,13.5,20.3,38.17,0.13,5.755,14.144,5.892,2.61,,,3.04,,0.2308,0.0939,0.4218,0.0987,0.3249,2.2114,0.2906,5,5,5,5,0,0
2346.0,0.275409836,128.2941414,1136.480911,8.858400693,18.1,77.7,52.63,0.44,31.124,34.976,11.209,4.013,1.077,,4.2,0.5949,0.0296,0.2413,0.0777,3.2457,0.0605,19.295,0.0604,5,5,5,5,1,0
2347.0,0.906726457,662.4928115,1199.632686,1.810785966,13.3,33.1,46.58,0.21,11.921,17.733,7.741,4.757,,,6.74,0.3617,0.4517,0.0763,0.4296,0.1004,0.9398,5.4636,0.4185,5,5,5,5,1,0
2350.0,0.385125786,144.58403,114.3020994,0.790558262,11.8,20.0,42.56,0.26,4.555,10.432,5.058,2.058,0.32,,3.31,0.2245,0.1722,0.0464,0.275,0.0952,0.1693,1.9249,0.1769,5,5,5,5,0,0
2351.0,0.695181102,172.5421906,423.5459289,2.454738331,13.5,42.6,54.62,0.09,6.495,21.239,4.647,,,,4.96,0.2885,0.1227,0.088,0.416,0.2477,0.2772,3.8051,0.26,5,5,5,5,0,0
2353.0,0.179664179,213.1862971,1973.336148,9.256393001,19.2,74.3,46.32,1.65,93.784,109.627,35.289,11.979,2.02,1.112,3.21,0.8907,0.1109,0.2397,0.3228,2.761,0.1947,51.0987,0.166,5,5,5,5,1,0
2354.0,0.771732673,83.53476865,160.7879448,1.924802659,14.5,28.1,36.74,0.04,3.293,4.671,1.835,0.895,0.073,,5.95,0.1134,0.4081,0.0422,0.3525,0.0426,0.2887,1.1986,0.4221,5,5,5,5,0,0
2355.0,0.375728988,18.71159114,113.4390213,6.0625,18.3,51.8,38.6,0.03,7.165,6.568,2.698,0.982,0.317,,3.37,,0.3119,0.0267,0.5284,0.0418,0.6021,1.0923,0.548,5,5,5,5,0,0
2357.0,0.867367788,206.0698819,217.0033521,1.0530571,14.0,16.9,29.77,0.07,2.752,3.957,1.883,0.895,0.215,,8.49,,0.5867,0.002,0.9957,0.0125,0.2211,0.2426,0.7681,5,5,5,5,0,0
2359.0,0.222663043,4.224493812,71.36606805,16.89340102,22.0,97.7,41.84,0.02,9.057,4.217,2.76,1.246,,,2.41,0.5494,0.9815,0.252,0.2682,0.2346,0.27,8.7305,0.47,5,5,5,5,1,0
2360.0,0.855491803,688.2011539,294.2248539,0.427527406,10.8,14.3,38.85,0.25,1.83,4.683,2.665,1.728,,,8.52,0.0357,0.2059,0.0139,0.4003,0.0276,0.3185,0.7389,0.2584,5,5,5,5,1,0
2362.0,0.537919075,76.00695312,78.82323833,1.037052994,12.9,20.9,37.0,0.07,1.467,3.219,0.9,,,,5.94,,0.5788,0.0159,0.3548,0.0309,0.3489,0.4141,0.2702,5,5,5,5,0,0
2366.0,0.429,552.123,62021.817,112.3333333,26.9,403.2,69.1,0.43,189.081,107.886,30.572,10.392,1.57,,8.58,5.0009,0.5357,1.1436,0.8654,,,190.3256,0.2141,5,5,0,5,1,0
2367.0,0.554545455,327.9735146,1844.978395,5.625388371,15.9,65.3,46.69,0.28,29.69,32.854,12.021,4.829,,,4.88,2.7018,0.1678,0.7389,0.2768,2.0155,0.1317,52.297,0.138,5,5,5,5,1,0
2368.0,0.171639344,159.8310791,2054.737207,12.85568,19.8,96.1,48.12,1.49,73.915,83.282,22.474,9.664,1.49,0.931,3.49,0.9629,0.064,0.2689,0.2984,2.7438,0.1279,50.2314,0.304,5,5,5,5,0,0
2373.0,1.949147982,574.94392,1183.997718,2.059327312,13.5,36.2,45.64,0.04,7.212,24.08,4.926,,,,8.44,0.1661,0.468,0.0445,0.4127,0.099,0.2343,3.7663,0.4502,5,5,5,5,0,0
2374.0,1.161105033,2611.341479,1960.080766,0.750603007,12.3,17.2,40.37,0.52,17.325,25.445,17.978,9.16,,1.39,8.49,0.208,1.1774,0.1208,0.3888,0.2608,0.4982,10.6431,0.4514,5,5,5,5,1,0
2375.0,0.193024602,14.51497002,57.22935803,3.94278169,15.9,45.5,41.45,0.1,5.652,6.532,2.481,1.131,,,2.47,0.124,0.0878,0.0454,0.4266,0.0783,0.2822,1.5474,0.4476,5,5,5,5,0,0
2376.0,0.620267559,125.5059574,973.134862,7.753694581,17.6,72.6,44.23,0.09,7.353,7.495,2.457,0.969,,,8.43,0.2567,0.1122,0.0666,0.309,0.1427,0.2315,3.3614,0.2267,5,5,5,5,0,0
2377.0,0.397763578,23.26124795,14.40115955,0.6191052,13.6,10.5,21.12,0.04,1.88,3.371,1.514,0.621,,,3.32,,0.206,0.0177,0.3513,0.0325,0.2706,0.2402,0.6697,5,5,5,5,0,0
2380.0,0.56,59.9,1247.7,20.82971619,20.5,141.1,46.57,0.05,25.568,18.487,6.08,2.471,,,4.4,0.5914,0.2602,0.1628,0.1787,0.2582,0.1936,8.5214,0.3364,5,5,5,5,1,0
2382.0,0.475679825,40.79396641,15.44533462,0.378618114,12.6,8.1,19.46,0.05,0.84,2.886,1.449,0.525,,,3.98,0.0303,0.4165,0.012,0.4956,0.023,0.2974,0.2849,0.5375,5,5,5,5,1,0
2383.0,1.144224236,1081.48751,533.5004534,0.493302464,10.5,18.1,43.1,0.22,1.696,10.674,4.283,2.513,,,8.35,0.383,0.2605,0.0716,0.3269,0.1024,0.5257,4.4671,0.2674,5,5,5,5,0,0
2384.0,0.351192661,908.9963471,4829.368706,5.312858211,18.6,46.1,43.23,2.01,122.284,162.591,54.0,22.096,1.868,2.727,4.64,,0.4423,0.1357,1.2167,2.1507,0.7129,21.9376,1.3774,5,5,5,5,0,0
2388.0,0.272314189,25.31140032,95.53878687,3.774535809,16.8,38.7,38.25,0.09,6.894,6.337,2.492,1.415,,,3.43,0.0591,0.0776,0.0157,0.4844,0.0554,0.2448,1.1999,0.4497,5,5,5,5,0,0
2389.0,0.710795455,131.4047557,405.3517856,3.084757348,16.7,32.5,33.51,0.07,5.241,5.538,2.242,0.833,,,8.34,,0.6752,0.0091,0.8482,0.0189,0.7532,0.5507,0.5168,5,5,5,5,1,0
2390.0,0.524046693,38.626241,42.28249015,1.094657131,15.0,14.8,23.23,0.04,1.411,2.849,1.334,0.585,,,5.18,0.0938,0.2223,0.0358,0.4249,0.0546,0.407,1.1492,0.3621,5,5,5,5,0,0
2391.0,0.334554455,27.77785021,97.83393785,3.522012579,16.0,40.8,51.43,0.07,6.596,5.774,2.849,1.363,,,3.27,0.2254,0.5769,0.0791,0.6978,0.1668,0.4842,1.4492,0.5916,5,5,5,5,0,0
2392.0,1.38,344.8524781,479.3387755,1.389982111,13.7,23.6,35.66,0.05,4.835,10.894,3.504,1.654,,,8.28,,0.2945,0.0167,0.5177,0.0282,0.3035,1.0153,0.7836,5,5,5,5,0,0
2393.0,0.659904762,119.8281109,34.94386898,0.291616623,12.0,7.1,18.63,0.07,3.282,16.591,5.271,2.351,,,3.38,0.019,0.3915,0.0051,0.595,0.0109,0.2815,0.1335,0.5732,5,5,5,5,1,0
2394.0,0.22,292.7,9958.1,34.02152374,23.2,186.1,56.68,1.67,289.719,231.179,70.027,24.181,3.44,,3.3,3.8543,0.1373,0.9201,0.3514,,,263.287,0.0703,5,5,0,5,1,0
2395.0,0.66662037,72.75037147,807.0774367,11.09379128,19.8,80.3,41.52,0.04,7.315,5.816,2.032,0.618,,,8.47,0.1854,0.1929,0.0585,0.4465,0.0823,0.3034,2.2071,0.4571,5,5,5,5,0,0
2396.0,0.327179487,16.54015816,166.8883374,10.08988764,19.0,77.6,43.23,0.04,9.456,7.453,2.456,1.089,,,3.19,0.2435,0.1903,0.0971,0.5066,0.1547,0.4096,2.9219,0.6052,5,5,5,5,1,0
2398.0,0.387173252,60.37549767,417.7310804,6.918884258,17.5,65.2,42.63,0.11,7.104,6.12,2.353,1.051,,,5.79,0.1352,0.1626,0.0385,0.2473,0.0937,0.2071,2.6396,0.2905,5,5,5,5,1,0
2400.0,0.2877,67.5684,106.42023,1.575,14.2,1.3,38.01,0.23,4.489,6.771,2.812,1.28,0.389,,4.11,0.0733,0.1476,0.0123,0.4236,0.0426,0.2161,1.0837,0.7272,5,5,5,5,0,0
2401.0,0.27,207.0,3619.4,17.48502415,16.7,185.2,74.7,0.74,85.272,165.688,60.414,22.262,2.87,2.137,2.16,16.6131,0.2044,4.0662,0.3999,,,440.1919,0.225,5,5,0,5,0,0
2403.0,0.756726422,153.2505151,933.7465743,6.092942484,16.9,61.8,43.42,0.07,13.006,15.209,5.275,2.25,,,5.92,0.2082,0.2828,0.1202,0.5518,0.336,0.3229,9.1457,0.3137,5,5,5,5,0,0
2405.0,0.09,1.7,39.3,23.11764706,20.9,145.8,47.52,0.06,3.446,3.371,0.752,0.258,,,2.16,0.1358,0.158,0.0259,0.3567,0.0738,0.1762,1.8884,0.3113,5,5,5,5,0,0
2406.0,0.323210526,112.3860443,214.6130222,1.909605623,14.0,30.9,41.36,0.29,6.163,10.126,3.994,2.176,,,4.45,0.1232,0.1052,0.0389,0.3532,0.1402,0.2519,2.9218,0.151,5,5,5,5,0,0
2407.0,0.21,21.4,108.8,5.08411215,17.0,51.2,40.17,0.13,14.142,16.426,5.698,2.34,,,2.16,0.1348,0.4128,0.0597,0.3656,0.1695,0.3768,,0.5845,5,5,5,5,0,0
2408.0,0.38,6.5,23.0,3.538461538,18.3,30.6,28.29,0.01,5.261,6.467,2.076,0.826,,,2.16,,1.8713,0.0182,0.4216,0.0359,0.3803,,0.675,5,5,5,5,0,0
2409.0,0.440254777,99.57090348,56.59854761,0.568424566,12.1,13.2,33.0,0.14,2.921,6.571,3.153,1.509,,,3.84,0.1083,0.1708,0.0301,0.3811,0.0463,0.2693,0.6503,0.2767,5,5,5,5,1,0
2410.0,0.509316517,170.2545308,552.6979033,3.246303642,15.0,44.0,48.1,0.18,3.204,3.102,1.104,,,,9.63,,0.2097,0.0207,0.4865,0.05,0.2967,0.8185,0.4334,5,5,5,5,0,0
2411.0,0.07910828,7.689561443,258.0735121,33.56153846,23.1,180.5,47.91,0.33,21.557,18.389,4.55,1.59,,,2.16,0.0555,0.4081,0.0599,0.2786,0.0588,0.4191,17.2969,0.0822,5,5,5,5,1,0
2412.0,0.451,23.534,144.566,6.142857143,15.5,4.2,46.33,0.03,2.996,3.217,1.337,0.657,,,4.1,,0.2391,0.0065,0.3396,,0.4076,,0.4895,5,5,5,5,0,0
2414.0,0.2045,3.34562,35.12901,10.5,21.0,4.7,40.73,0.02,1.492,1.218,0.26,,,,4.09,0.0191,0.1357,0.0067,0.409,0.0102,0.3552,0.3091,0.3494,5,5,5,5,0,0
2416.0,0.205,391.673,17776.575,45.38626609,29.4,9.4,46.12,2.38,480.958,343.827,93.736,27.907,4.58,,4.1,,0.7744,0.1132,1.0375,,,183.6085,1.0555,5,5,0,5,1,0
2425.0,0.424862605,588.1893468,6998.916291,11.89908714,18.8,97.2,51.18,0.85,42.216,41.806,13.0,4.989,1.23,0.584,8.27,0.4807,0.0898,0.1725,0.1241,3.5325,0.0474,27.8431,0.1059,5,5,5,5,1,0
2426.0,0.464940191,605.9397061,2335.1969,3.853843669,16.1,44.6,50.47,0.74,19.288,25.864,10.299,3.771,0.99,0.764,8.27,0.2385,0.1074,0.0851,0.1698,0.6177,0.1303,6.9868,0.0933,5,5,5,5,1,0
2427.0,0.483847981,136.8289363,166.2916171,1.215324927,13.1,23.3,38.71,0.16,4.303,6.033,3.591,1.724,,,4.85,0.1877,0.375,0.0695,0.4568,0.0596,0.2064,0.7672,0.3354,5,5,5,5,1,0
2430.0,1.064072345,303.1688151,3461.391596,11.4173735,18.4,95.9,45.25,0.07,22.683,22.126,6.64,3.02,,,8.07,0.5967,0.2092,0.1513,0.2571,0.4068,0.1492,12.5463,0.1703,5,5,5,5,0,0
2431.0,0.211034483,150.0956005,1473.525803,9.81724846,16.2,111.8,63.49,0.94,73.303,91.363,35.577,14.32,2.943,2.838,2.16,2.3774,0.1305,0.8218,0.1226,,,74.938,0.0621,5,5,0,5,0,0
2432.0,0.167448819,12.23864393,1301.161706,106.3158397,40.0,222.5,48.58,0.12,233.968,53.274,25.988,,,,2.17,3.5904,0.291,1.0621,0.2384,,,53.0981,0.2353,5,5,0,5,0,0
2439.0,0.17,150.6,19075.0,126.6600266,36.2,324.6,48.92,1.32,319.108,240.047,57.862,14.227,2.98,,4.0,0.4263,0.1525,0.1798,0.1047,5.0034,0.0786,291.0764,0.0368,5,5,5,5,1,0
2441.0,0.804437401,395.7393366,9366.145353,23.6674611,21.3,147.4,48.53,0.16,41.129,29.169,9.284,3.609,0.429,,9.4,1.5268,0.2003,0.6314,0.0872,2.5794,0.0853,52.1702,0.0756,5,5,5,5,0,0
2442.0,0.37182716,325.2890895,3084.33843,9.481837939,18.2,82.7,44.85,0.63,20.731,23.597,7.077,2.504,0.64,,8.14,0.0456,0.5689,0.0294,0.6885,0.2933,0.3191,12.8265,0.291,5,5,5,5,1,0
2443.0,0.967138194,328.7661391,2666.151925,8.109569715,19.8,58.8,39.41,0.09,35.284,27.234,9.211,3.792,,,8.08,0.9209,0.2974,0.2613,0.3627,0.7323,0.2067,20.7087,0.1289,5,5,5,5,1,0
2444.0,0.21861678,6.266342728,36.55366591,5.833333333,16.5,61.9,51.4,0.03,1.907,1.833,0.659,0.587,,,3.11,0.0827,0.0786,0.0305,0.3521,0.0528,0.3473,0.9621,0.3561,5,5,5,5,0,0
2446.0,0.117623762,47.90918537,475.5472601,9.92601432,18.3,86.2,59.58,0.88,44.609,46.22,15.427,6.214,1.52,1.766,2.16,0.9684,0.0548,0.3687,0.1514,2.78,0.1198,24.1388,0.0804,5,5,5,5,0,0
2447.0,0.829659574,73.74234133,461.1091046,6.25297619,16.8,64.6,43.0,0.03,3.829,3.007,1.125,0.726,,,8.04,0.212,0.1657,0.0671,0.2803,0.0784,0.3254,1.5422,0.3267,5,5,5,5,0,0
2449.0,0.563309693,143.1887623,1724.156393,12.04114322,18.4,100.5,48.45,0.12,9.805,9.119,2.957,1.07,,,8.51,0.3332,0.247,0.1261,0.2954,0.3182,0.1394,7.3537,0.1585,5,5,5,5,0,0
2450.0,0.678033946,104.7739867,406.9482384,3.884057971,15.9,44.7,43.55,0.06,1.952,2.322,0.777,0.418,,,11.02,0.0254,0.113,0.0088,0.3199,0.0519,0.2535,0.4973,0.2487,5,5,5,5,0,0
2452.0,1.314556962,560.963163,193.3413235,0.344659572,11.2,10.3,31.99,0.09,1.838,6.351,1.307,,,,8.04,,0.4005,0.01,0.2722,0.0129,0.4212,,0.5641,5,5,5,5,0,0
2453.0,0.578603774,351.3720328,14219.43883,40.46832845,22.0,236.4,57.6,0.28,60.537,42.765,13.628,4.665,,,8.07,1.8941,0.0592,0.6702,0.2115,4.9677,0.097,62.8993,0.1319,5,5,5,5,1,0
2454.0,0.37415212,106.7562895,965.5104262,9.044061303,17.4,86.7,49.43,0.2,6.296,6.905,2.324,0.769,,,8.11,0.1643,0.0899,0.0521,0.2761,0.176,0.1786,2.5975,0.1795,5,5,5,5,0,0
2458.0,0.627738288,251.5368459,1306.554517,5.194286795,16.4,56.2,46.24,0.17,9.825,10.874,3.947,1.787,,,8.54,0.4683,0.3056,0.182,0.3115,0.3109,0.2039,5.4883,0.0987,5,5,5,5,1,0
2460.0,0.764441592,90.69437101,117.3936303,1.294387171,15.4,15.8,23.88,0.04,3.691,2.714,1.643,0.409,,,7.94,,0.4752,0.0387,0.4301,0.0494,0.7047,,0.3632,5,5,5,5,0,0
2461.0,0.413187856,239.447447,27.30674506,0.114040661,9.3,6.3,36.17,0.37,1.175,6.249,3.544,,,,3.25,,0.3475,0.0183,0.3258,0.0229,0.2717,0.1967,0.5516,5,5,5,5,1,0
2462.0,0.455534351,168.1722,77.66370695,0.461810614,11.7,12.3,31.25,0.22,5.701,13.991,7.21,3.921,,,3.1,,0.3744,0.0132,0.4685,0.0297,0.4014,0.2027,0.6741,5,5,5,5,0,0
2463.0,0.3390301,22.12711826,60.58046163,2.737837838,14.9,37.4,44.55,0.05,0.877,0.926,0.408,,,,6.54,,0.2641,0.0064,0.2779,0.0117,0.2269,0.1749,0.2835,5,5,5,5,0,0
2464.0,0.367856226,291.2056081,37878.44678,130.0745787,28.9,470.2,64.11,0.57,127.347,83.052,19.981,5.954,,0.678,7.96,4.9596,0.0401,1.6128,0.2212,,,225.4989,0.0714,5,5,0,5,1,0
2465.0,0.547138103,45.49739065,56.76038106,1.247552448,13.2,23.3,42.75,0.04,0.717,1.381,0.579,0.261,,,6.78,,0.0802,0.014,0.4765,0.0191,0.3349,0.1271,0.3709,5,5,5,5,0,0
2466.0,0.815664105,198.6923795,563.4617421,2.835849787,14.7,40.4,52.66,0.08,4.575,6.237,2.593,1.226,,,7.99,0.2038,0.1582,0.0899,0.1671,0.2176,0.1743,1.6699,0.2055,5,5,5,5,1,0
2468.0,0.320451931,16.07749062,126.1419264,7.84587156,18.1,69.5,59.46,0.04,1.714,1.615,0.448,0.257,,,6.61,,0.2119,0.0258,0.4925,0.0684,0.2815,0.64,0.4131,5,5,5,5,0,0
2469.0,0.700515118,565.7330884,342.9565286,0.606216139,11.9,15.2,43.25,0.31,3.177,6.294,3.869,1.982,,,8.02,,0.1399,,0.5609,0.0067,0.3028,0.1243,0.5796,5,5,5,5,0,0
2470.0,0.677083333,107.2387153,156.7651042,1.461833105,13.4,26.5,39.95,0.06,1.968,3.17,1.738,0.653,,,6.63,,0.193,0.0238,0.174,0.0414,0.135,0.5104,0.323,5,5,5,5,0,0
2472.0,0.719153937,302.6781173,704.9310829,2.328979344,14.2,36.2,43.85,0.16,5.483,7.469,3.463,1.556,,,8.16,0.1972,0.2796,0.0743,0.1996,0.2121,0.1394,3.0044,0.259,5,5,5,5,1,0
2473.0,0.29,127.0,3823.8,30.10866142,15.6,373.3,80.32,0.39,51.878,55.43,50.274,5.671,,,2.2,8.7187,0.3268,1.3821,0.5215,,,215.0431,0.2252,5,5,0,5,0,0
2474.0,0.22,610.1,25269.9,41.41927553,21.6,271.9,109.62,3.26,801.163,784.009,260.428,102.488,,18.593,2.2,19.5403,0.2267,,,,,1161.3998,0.3325,5,0,0,5,0,0
2476.0,0.424365482,172.1044088,42.80785385,0.248731884,10.4,9.4,34.58,0.26,2.28,5.371,1.564,,,,3.3,,0.3721,0.0211,0.5341,0.0322,0.3165,,0.4653,5,5,5,5,0,0
2477.0,0.329180064,41.69454701,54.90999079,1.316958565,13.9,21.7,35.89,0.1,1.651,2.004,1.057,0.562,,,5.25,,0.3809,0.0037,0.4933,0.0179,0.2534,0.1351,0.3018,5,5,5,5,1,0
2479.0,0.282352941,9.536049714,70.91024645,7.436018957,18.3,62.9,40.22,0.03,4.612,4.026,1.452,0.593,,,3.2,,-70.3562,0.0268,0.198,0.0508,0.1597,0.9224,0.3159,5,5,5,5,0,0
2480.0,0.77759322,75.09210508,653.6208551,8.704255319,19.9,62.6,36.74,0.03,8.965,5.652,2.152,0.959,,,7.91,,0.8762,0.061,0.458,0.0812,0.4047,,0.2784,5,5,5,5,0,0
2483.0,0.62878821,432.6937024,1416.864135,3.27451989,15.9,38.7,39.3,0.29,14.949,17.728,7.084,3.124,,,7.89,0.2586,0.1033,0.0708,0.1323,0.2231,0.1391,5.2015,0.1217,5,5,5,5,0,0
2484.0,0.883208955,390.7719417,2382.838576,6.097772949,15.6,75.1,48.14,0.13,13.27,18.22,6.549,2.285,,,7.89,0.5631,0.1826,0.2025,0.2316,0.593,0.1403,11.3162,0.1726,5,5,5,5,0,0
2485.0,0.596567506,184.8093408,6262.520239,33.88638373,21.9,199.8,50.89,0.14,32.673,23.943,6.727,2.273,,,7.9,1.2839,0.7744,0.4443,0.5919,2.0096,0.3568,,0.0988,5,5,5,5,1,0
2486.0,1.332324805,2170.919569,22451.76143,10.34205125,14.5,153.7,55.93,0.32,41.736,76.906,25.423,12.701,,1.132,7.88,,0.4655,1.2488,0.476,8.0844,0.2186,69.8595,0.4721,5,5,5,5,0,0
2489.0,0.641515152,186.3483012,1334.324885,7.160381268,17.2,69.9,44.56,0.12,10.994,12.313,4.016,1.686,,,7.83,0.4561,0.1281,0.1498,0.2605,0.275,0.2285,5.8237,0.1999,5,5,5,5,0,0
2490.0,0.435600288,665.0847369,54374.73116,81.75609534,27.2,331.7,58.37,0.94,125.289,84.152,19.604,6.721,,,10.82,1.802,0.1125,1.1856,0.1728,,,163.4049,0.0631,5,5,0,5,0,0
2492.0,0.541452894,453.0326827,3061.003957,6.756695652,16.4,74.0,58.92,0.41,19.378,27.576,8.486,3.558,,,7.82,0.0632,0.1266,0.0069,0.4909,0.0549,0.4199,0.6544,0.5559,5,5,5,5,0,0
2493.0,0.045832187,2.863779282,1208.144165,421.8705584,25.0,1960.0,92.36,0.37,14.375,4.143,2.311,0.968,,,1.96,4.4353,0.0231,,,,,34.672,0.0671,5,0,0,5,1,0
2494.0,0.595692308,116.521568,1514.780385,13.0,18.1,113.5,48.88,0.09,29.496,52.134,11.499,5.828,,,3.63,2.1774,0.4856,0.8559,0.6969,2.1833,0.494,49.9224,0.5636,5,5,5,5,0,0
2495.0,0.2611,132.17255,1670.93929,12.64210526,18.9,6.6,51.41,0.51,49.294,42.623,15.16,5.625,,,3.73,1.4052,0.0519,0.5507,0.0535,4.1091,0.0124,40.5449,0.0288,5,5,5,5,0,0
2496.0,0.138910035,13.34792537,104.6691593,7.841605069,18.4,66.0,43.74,0.18,13.247,17.429,6.187,1.354,,,2.17,0.0642,0.1226,0.0175,0.4768,0.1159,0.4864,5.1524,0.2807,5,5,5,5,1,0
2497.0,0.220103627,16.54749389,45.84309914,2.77039529,15.5,34.2,42.02,0.09,7.378,17.264,3.565,,,,2.16,0.0996,0.2601,0.0308,0.4504,0.0459,0.2458,0.678,0.4054,5,5,5,5,0,0
2498.0,0.620335484,39.13107846,131.0075898,3.347916667,17.3,32.3,32.88,0.03,8.665,7.811,3.139,1.356,,,4.04,,0.3871,0.0509,0.8746,0.0766,1.0943,,0.9412,5,5,5,5,1,0
2499.0,0.283428571,13.92469388,22.94632653,1.647887324,14.7,23.3,31.32,0.05,4.629,4.812,2.288,1.338,,,2.17,,0.2046,0.0204,0.5504,0.0415,0.5004,,0.1288,5,5,5,5,0,0
2500.0,0.412521203,37.51118012,77.52750057,2.066783831,14.4,31.0,38.26,0.06,1.241,1.778,0.808,0.364,,,6.08,,0.1336,0.1376,0.5498,0.0932,0.3099,0.1514,0.7013,5,5,5,5,0,0
2502.0,0.939292267,597.2834229,687.1365311,1.1504363,12.6,24.7,41.05,0.18,5.604,9.821,5.491,2.768,,,7.79,0.2354,0.316,0.0657,0.2894,0.1255,0.2004,2.7541,0.4569,5,5,5,5,1,0
2503.0,0.2034,2.29842,32.17788,14.0,18.5,6.4,45.98,0.02,1.249,1.12,0.382,,,,3.39,,0.3152,0.0175,0.3123,0.0254,0.2061,0.3915,0.3761,5,5,5,5,0,0
2505.0,0.219150943,29.96021716,196.9203364,6.572727273,16.3,72.5,53.6,0.16,9.205,11.731,3.614,1.736,,,3.03,0.6388,0.0665,0.2979,0.2464,0.8876,0.137,6.5761,0.1561,5,5,5,5,0,0
2506.0,0.19,51.9,831.4,16.01926782,19.9,115.8,48.19,0.38,68.784,56.169,21.917,7.234,,,2.2,2.8828,0.1999,1.0255,0.197,2.7704,0.19,49.5646,0.1762,5,5,5,5,1,0
2508.0,0.22,38.0,143.0,3.763157895,16.9,38.3,36.65,0.21,22.697,29.061,9.996,3.899,,,2.2,0.3729,0.4657,0.2002,0.5889,0.3711,0.5377,,0.4788,5,5,5,5,0,0
2510.0,0.948968825,74.68435856,1433.490079,19.19397993,19.6,141.7,53.35,0.02,8.803,7.231,1.44,0.828,,,7.61,0.3504,0.3377,0.0913,0.3345,0.3793,0.1089,10.2272,0.1899,5,5,5,5,0,0
2511.0,0.22,27.1,98.4,3.63099631,15.4,45.7,41.16,0.15,11.5,11.31,4.949,2.665,,,2.2,0.2922,0.2522,0.0965,0.3129,0.1323,0.3226,3.4499,0.2446,5,5,5,5,0,0
2512.0,0.709090909,114.214876,23961.73554,209.7952243,33.6,581.3,57.79,0.06,96.159,36.194,9.361,3.551,,,7.6,2.9321,0.146,0.9861,0.1708,8.6326,0.1453,100.708,0.1054,5,5,5,5,1,0
2513.0,0.679979036,157.3704618,188.2317067,1.196105702,13.3,35.3,40.98,0.09,4.489,7.15,4.307,1.61,,,4.99,,0.3796,0.0475,0.1519,0.0961,0.3199,1.8413,0.3213,5,5,5,5,0,0
2515.0,0.09,96.0,997.0,10.38541667,21.8,66.5,49.25,3.11,130.692,143.221,41.041,14.754,,1.575,2.2,3.9497,0.2697,1.4765,0.4616,5.9415,0.2034,94.7945,0.1957,5,5,5,5,1,0
2516.0,0.43,93.9,3433.1,36.56123536,22.2,209.5,60.03,0.14,71.664,34.54,15.73,11.21,,0.296,4.0,2.8528,0.4945,1.111,0.269,12.3552,0.2353,77.4592,0.314,5,5,5,5,0,0
2517.0,0.549512761,86.56728161,1817.205922,20.99183303,21.8,124.6,48.43,0.08,16.176,9.702,2.361,1.255,,,7.64,0.4388,0.1595,0.1372,0.3451,0.1763,0.2468,5.9286,0.2248,5,5,5,5,0,0
2518.0,0.35,16.1,7784.5,483.5093168,39.0,1071.7,55.68,0.03,78.569,26.843,7.495,3.39,,,4.0,2.0012,0.5247,0.7961,0.3554,9.6879,0.0687,81.3805,0.1704,5,5,5,5,0,0
2519.0,0.609988166,123.760293,541.3909306,4.374512354,16.0,51.0,44.07,0.09,5.323,5.429,2.263,0.996,,,7.58,0.1571,0.1606,0.0585,0.4015,0.0901,0.2716,1.3417,0.3967,5,5,5,5,0,0
2523.0,0.2025,45.672859,133.124481,2.914739386,15.1,38.8,51.83,0.3,13.868,23.301,9.209,3.987,,,2.16,1.3209,0.0688,0.585,0.3626,0.7014,0.2747,5.4354,0.3719,5,5,5,5,0,0
2524.0,0.639352428,232.6744509,688.5643229,2.959346505,15.0,40.0,41.52,0.15,6.443,8.448,3.233,1.8,,,7.55,0.2092,0.2595,0.063,0.5456,0.1325,0.4747,2.6243,0.2268,5,5,5,5,1,0
2528.0,1.020440098,290.4748967,181.5362462,0.624963631,12.4,13.7,33.47,0.07,2.568,7.388,3.189,1.169,,,7.52,,0.5169,0.0111,0.8143,0.0284,1.1036,,0.6772,5,5,5,5,0,0
2529.0,0.427058824,142.6476955,466.1673633,3.267962806,16.1,37.0,36.65,0.21,22.889,23.479,10.093,4.404,,,3.96,,0.6778,0.1232,0.6885,0.1893,0.7677,4.9572,0.6193,5,5,5,5,1,0
2530.0,0.137007435,4.850110211,88.2646011,18.19847328,18.1,160.2,54.96,0.07,6.519,4.188,1.364,0.91,,,1.89,0.5444,0.1665,0.1334,0.1956,0.4842,0.0958,8.3242,0.1563,5,5,5,5,0,0
2531.0,0.555954631,27.60647341,147.2568061,5.334140436,16.9,54.7,48.11,0.02,1.1,1.264,0.402,,,,8.65,0.0656,0.2579,0.0261,0.2141,0.046,0.2898,0.7814,0.3904,5,5,5,5,0,0
2532.0,0.664850374,228.948609,194.0495104,0.847567982,12.7,17.5,37.8,0.14,2.281,3.887,2.219,0.844,,,7.51,,0.7894,0.0479,0.822,0.0543,0.6513,0.9374,0.6906,5,5,5,5,0,0
2535.0,0.228579545,61.44049345,1020.62174,16.61154856,18.8,135.2,64.48,0.33,15.941,16.278,4.883,1.693,,,4.47,0.26,0.2201,0.1264,0.1777,2.471,0.0423,13.5979,0.0658,5,5,5,5,1,0
2539.0,0.446159292,47.08345274,498.0450942,10.57792208,20.9,68.6,36.82,0.06,14.716,9.172,3.307,1.398,,,5.48,,0.4359,0.0726,0.6391,0.1723,0.5356,3.5408,0.4786,5,5,5,5,1,0
2540.0,0.238,45.3152,125.18324,2.7625,14.1,3.5,49.38,0.2,10.196,8.79,6.757,2.893,,,2.38,0.3181,0.0718,0.0872,0.3066,0.1379,0.1896,3.6725,0.2927,5,5,5,5,0,0
2541.0,0.2618,6.79728,117.81952,17.33333333,19.9,10.0,48.28,0.03,8.857,6.727,2.604,0.615,,,2.38,0.163,0.4903,0.0594,0.5988,0.0637,0.5831,2.1989,0.5575,5,5,5,5,1,0
2542.0,0.2856,13.59456,145.57508,10.70833333,19.6,6.6,43.51,0.04,16.634,14.211,4.119,1.822,,,2.38,0.833,0.2719,0.2819,0.247,0.4194,0.3123,9.002,0.2478,5,5,5,5,0,0
2543.0,0.329043478,65.11401134,392.7335198,6.03147482,16.9,60.9,42.37,0.16,10.783,9.747,4.064,1.811,,,4.4,,0.2756,0.353,0.2305,0.3791,0.3628,7.9092,0.2357,5,5,5,5,1,0
2544.0,0.2142,58.34332,271.32476,4.650485437,15.9,4.5,47.4,0.36,23.569,29.315,10.437,4.775,,,2.38,0.9271,0.0511,0.2872,0.3297,0.925,0.3333,12.6574,0.2563,5,5,5,5,1,0
2546.0,0.536765957,247.4644084,217.2236817,0.877797672,13.1,16.9,33.2,0.22,3.134,5.345,2.601,1.298,,,7.42,,0.278,0.0115,0.5723,0.0291,0.4144,0.448,0.5548,5,5,5,5,1,0
2547.0,0.608320988,994.397387,127845.8386,128.566145,16.1,1482.8,134.88,0.71,151.144,451.624,84.191,,,,3.47,14.5981,1.4914,,,,,,0.4264,6,0,0,6,1,0
2548.0,0.408064516,510.3012812,8042.16929,15.75964942,17.4,152.3,51.62,0.82,120.087,147.478,54.568,23.026,,,3.45,2.0899,0.4871,0.6115,0.3157,7.7585,0.1972,,0.2493,6,6,6,6,0,0
2550.0,0.4169163,427.9521842,32.86823536,0.076803523,9.7,3.7,14.78,0.65,2.432,8.229,7.133,4.847,,,3.38,0.0833,0.0986,0.0419,0.2785,0.1184,0.1552,2.2642,0.1558,6,6,6,6,0,0
2552.0,0.040722892,0.323820584,1.638728408,5.060606061,17.7,46.7,37.25,0.05,20.877,14.318,7.747,2.74,,,0.26,0.3859,0.5497,0.1538,0.2873,0.1433,0.2669,3.0241,0.4108,7,7,6,6,0,0
2561.0,0.26053012,403.2042433,1805.464872,4.47779234,15.4,59.2,50.74,1.62,57.667,88.436,31.822,17.032,,4.67,3.18,0.7937,0.0631,0.3593,0.217,2.7558,0.1526,29.9691,0.101,6,6,6,6,1,0
2562.0,0.455730858,450.7684519,20320.63735,45.07999009,19.9,326.1,59.9,0.58,289.203,282.959,84.269,49.788,,12.446,3.22,7.6217,0.2174,1.7152,0.4101,,,,0.1656,6,6,0,6,0,0
2570.0,0.417,234.94336,600.49668,2.555921053,14.6,36.8,40.03,0.35,43.355,63.346,24.236,17.223,,,2.78,3.562,0.532,1.2587,0.6224,2.9915,0.254,40.8096,0.4075,5,5,5,5,1,0
2571.0,0.474798928,80.18744043,23.47494771,0.292750929,12.0,7.1,18.65,0.1,3.842,6.446,3.277,2.043,,,3.22,0.2105,0.7432,0.0841,1.0232,0.0851,0.9071,0.8989,1.1892,5,5,5,5,1,0
2574.0,0.301,24.46227,48.01853,1.962962963,14.1,31.2,41.58,0.07,3.125,4.328,2.021,0.996,,,3.01,0.1533,0.2184,0.0557,0.4475,0.0748,0.362,1.1348,0.4521,5,5,5,5,0,0
2575.0,0.2214,11.49804,120.42684,10.47368421,18.5,86.9,45.64,0.07,10.072,7.662,2.852,1.374,,,2.46,0.3481,0.0999,0.1384,0.3752,0.2388,0.2614,4.5798,0.2365,5,5,5,5,0,0
2579.0,0.805747573,317.0489901,51.35190122,0.161968348,10.9,5.3,16.89,0.13,0.665,1.61,1.306,0.578,,,9.12,,0.8808,0.0049,1.1317,0.0049,0.7249,,-6.0871,5,5,5,4,0,0
2584.0,0.162321429,48.87271059,145.7816795,2.982885086,15.4,38.1,42.19,0.49,9.797,15.043,4.961,2.36,,,3.03,0.0607,1.4473,0.0294,1.8421,0.4044,0.2942,4.0556,0.3744,5,5,5,5,0,0
2587.0,0.287,15.65011,172.15121,11.0,18.8,88.7,46.65,0.06,10.513,9.847,2.893,1.33,,,2.87,0.3724,0.5355,0.1822,0.5945,0.3943,0.4266,,0.354,5,5,5,5,1,0
2589.0,0.343,12.005,2965.235,247.0,34.2,669.4,54.19,0.03,133.994,50.652,11.372,2.179,,,2.45,9.1098,0.504,3.0085,0.5845,26.4016,0.1534,,0.3003,5,5,5,5,0,0
2590.0,0.244,34.53088,1664.0312,48.18965517,22.2,277.8,62.55,0.16,72.659,29.207,21.178,7.406,,,2.44,5.7464,0.2439,1.4135,0.3532,14.9643,0.0963,114.1799,0.2362,5,5,5,5,1,0
2600.0,0.876923077,101.5976331,274.6153846,2.702970297,14.7,38.1,43.25,0.04,1.801,2.301,1.008,0.535,,,9.1,,0.1744,0.0262,0.2588,0.0406,0.187,0.4245,0.36,5,5,5,5,0,0
2601.0,1.149755579,513.0163895,68.1493272,0.132840448,10.6,4.7,16.34,0.1,1.519,3.548,2.41,1.627,,,7.36,,0.1904,0.0069,0.611,,0.515,0.0269,1.0736,5,5,5,5,1,0
2603.0,0.412937685,16.12139933,11.57615899,0.718061674,14.0,11.6,21.65,0.03,1.843,3.438,1.375,0.659,,,2.84,,0.3787,0.0328,0.3116,0.059,0.3387,0.5272,0.5998,5,5,5,5,0,0
2607.0,0.299598997,18.34998021,15.04892557,0.82010582,14.3,12.7,22.14,0.05,4.136,4.103,1.893,0.785,,,2.78,0.0379,1.0416,0.0242,0.8299,0.038,0.7911,,0.9093,5,5,5,4,0,0
2614.0,1.057692308,115.3846154,759.3380178,6.580929487,16.9,67.0,46.4,0.03,4.75,4.879,1.874,1.057,,,9.0,,0.1298,0.0828,0.2992,0.169,0.2205,2.588,0.2432,5,5,5,5,0,0
2615.0,0.517122905,60.59221525,649.8775994,10.7254306,19.6,80.0,41.56,0.06,13.56,8.2,2.971,1.654,,,5.61,,0.263,0.1984,0.302,0.3208,0.2622,3.6953,0.3841,5,5,5,5,0,0
2618.0,0.416453488,22.3490911,243.9015605,10.91326531,19.3,84.1,44.36,0.03,4.65,3.293,1.288,0.738,,,5.51,0.1181,0.0914,0.0522,0.2841,0.0983,0.1831,1.7018,0.2173,5,5,5,5,0,0
2621.0,0.122518382,0.64134644,12.49407811,19.48101266,22.6,108.3,42.8,0.01,3.808,1.933,0.639,,,,1.55,,0.3149,0.0512,0.1528,0.0923,0.0779,1.1145,0.1844,5,5,5,5,0,0
2626.0,1.37772344,689.7396438,139.4344366,0.202155172,11.3,5.9,17.52,0.1,3.03,11.831,5.479,2.529,,,7.23,0.2675,0.7046,0.1492,1.1194,0.2894,0.7611,3.1924,0.3824,5,5,5,5,1,0
2627.0,0.2349,399.87027,621.94473,1.555366269,14.2,25.0,44.63,1.86,50.606,87.36,46.24,19.075,,,2.61,,0.8842,2.1906,0.8178,5.9007,0.5448,110.0869,0.6887,5,5,5,5,1,0
2628.0,0.521062215,383.976792,1344.19176,3.500710949,17.5,33.3,29.9,0.38,42.134,33.165,16.431,6.437,,0.679,5.82,4.7121,0.3012,1.9862,0.3683,5.1509,0.1668,118.1882,0.2686,5,5,5,5,1,0
2631.0,0.448113208,104.9810876,8.514150943,0.08110176,9.7,3.8,15.05,0.14,0.999,3.057,2.64,1.631,,,2.85,,0.0169,0.462,0.1264,0.2117,0.0553,0.0742,2.4085,5,5,5,4,0,0
2633.0,0.219230769,4.35256536,38.25353218,8.788732394,18.0,77.2,47.66,0.02,2.371,2.664,0.692,,,,2.85,,0.3135,0.0343,0.2358,0.0958,0.136,0.8391,0.8724,5,5,5,5,0,0
2634.0,0.196866485,58.04160399,652.2239218,11.23717949,18.2,97.7,55.04,0.41,30.602,32.27,10.127,4.293,,,2.89,0.2108,0.4655,0.4429,0.201,3.6162,0.0479,26.8442,0.1156,5,5,5,5,0,0
2636.0,0.195050847,41.58188107,222.9202919,5.360995851,16.5,158.1,42.1,0.29,20.69,9.384,7.651,,,,2.74,0.9764,1.0186,0.5444,0.9289,4.105,0.5297,,0.8818,5,5,5,5,1,0
2637.0,0.612162162,534.1227978,9520.907123,17.82531501,22.1,104.5,45.61,0.38,53.551,40.002,15.83,5.555,,0.933,9.06,0.6994,0.5628,0.321,0.543,3.0207,1.0422,48.725,1.0534,5,5,5,5,1,0
2646.0,0.998996832,103.556091,617.9872667,5.967657343,17.2,57.7,45.14,0.03,4.442,4.734,1.727,0.715,,,9.01,0.2205,0.2546,0.0743,0.5053,0.1288,0.3312,2.6139,0.3278,5,5,5,5,1,0
2647.0,0.411017964,14.04889383,189.4419162,13.48447205,21.2,85.0,40.89,0.02,17.653,6.733,3.185,2.459,,,3.12,,1.4014,,1.4155,0.3491,1.3793,,1.3554,5,5,5,5,0,0
2652.0,0.047975078,0.46032162,216.6273542,470.6,38.2,1038.5,58.68,0.06,4.754,1.674,0.174,,,,3.08,0.9297,0.1088,0.511,0.1385,0.9375,0.0608,7.239,0.1663,5,5,5,5,1,0
2654.0,0.392,42.336,228.144,5.388888889,15.5,67.4,47.24,0.07,11.184,11.577,5.182,2.728,,,2.8,,1.2202,0.2281,1.188,0.301,1.1956,,1.3579,5,5,5,5,0,0
2655.0,0.3288,393.39824,49.55016,0.125954198,8.8,8.4,38.42,0.94,1.085,13.878,4.295,,,,2.74,0.6773,0.1597,0.2156,0.2641,0.3032,0.083,7.8117,0.1798,5,5,5,5,0,0
2656.0,1.335329341,1118.204613,2675.92466,2.393054571,13.7,40.7,43.7,0.17,13.576,23.184,9.852,4.87,,0.355,8.92,0.4832,0.1552,0.1933,0.2866,0.3609,0.1989,7.9302,0.1549,5,5,5,5,1,0
2657.0,0.38806701,46.44230524,398.0985838,8.571895425,17.7,78.6,51.39,0.08,34.498,23.151,15.63,2.149,,,2.39,2.3633,0.2241,0.8715,0.3782,1.8372,0.188,25.4003,0.2081,5,5,5,5,0,0
2658.0,0.222133333,232.8999879,276.3622997,1.186613629,15.1,16.2,22.84,1.23,55.096,89.574,38.75,16.365,,,2.38,,0.2861,0.8,0.1296,7.913,0.1051,75.7284,0.3066,5,5,5,5,0,0
2660.0,0.12675,3.232125,85.176,26.35294118,23.0,141.7,40.57,0.05,8.996,1.865,0.458,,,,3.12,,0.3068,0.0395,0.3408,0.0735,0.2973,,0.3869,6,6,6,6,0,0
2661.0,0.270419753,132.0449639,9231.182232,69.90938511,22.2,404.2,61.71,0.47,163.412,120.224,37.137,13.527,,0.858,2.96,6.933,0.297,1.1756,0.7254,,,302.6598,0.3333,6,6,0,6,0,0
2663.0,0.24,213.376,613.696,2.876124775,18.4,24.8,26.31,1.0,204.286,112.017,26.128,6.065,,0.775,3.12,8.0207,0.148,,,,,665.8061,0.0521,6,0,0,6,1,0
2664.0,0.221439394,5.303460744,18.16533517,3.425185185,15.8,40.6,42.71,0.03,1.332,1.371,0.569,,,,2.96,,0.1974,0.0294,0.2603,0.0401,0.2356,0.517,0.4183,6,6,6,6,0,0
2667.0,0.599457965,203.1815139,1421.13187,6.994395516,17.4,66.9,45.53,0.15,5.694,6.803,1.996,0.782,,,11.53,0.1315,0.6457,0.0677,0.584,0.1923,0.2903,2.7616,0.2399,6,6,6,6,1,0
2668.0,0.289285714,186.2173469,1428.244898,7.669773635,13.6,133.7,57.04,0.59,30.172,47.261,19.811,13.099,,0.996,2.34,6.4192,0.192,2.518,0.3119,6.7658,0.1462,79.1765,0.2518,6,6,6,6,0,0
2673.0,0.34125,25.878125,223.1988281,8.625,16.2,101.2,51.81,0.05,7.915,14.27,3.328,1.595,,,2.73,,0.4368,0.1408,0.6786,0.3451,0.5066,,0.4474,6,6,6,6,0,0
2676.0,0.402941176,12.98892734,64.94463668,5.0,18.0,43.4,32.17,0.02,10.904,4.285,2.779,,,,2.74,,0.3595,0.1159,0.3318,0.229,0.4201,,0.487,6,6,6,6,1,0
2678.0,0.365789474,3.096243218,61.83640027,19.97142857,20.3,129.1,43.02,0.01,12.749,3.114,0.626,,,,2.78,0.2413,1.017,0.1069,0.9541,0.1731,0.8807,2.635,1.0544,6,6,6,6,1,0
2680.0,0.1715,2.401,31.213,13.0,19.7,95.4,46.26,0.02,2.672,2.095,0.639,,,,2.45,0.1342,0.2309,0.0565,0.3355,0.0943,0.2036,1.0877,0.328,6,6,6,6,0,0
2681.0,0.276290323,51.32364061,10766.36694,209.7740304,30.9,669.9,58.9,0.18,61.049,30.425,7.06,2.457,,0.601,5.71,1.7198,0.063,0.7995,0.2298,10.1593,0.0577,103.1561,0.0515,6,6,6,6,0,0
2683.0,1.036897321,465.4639019,312.9209399,0.672277568,11.4,18.9,42.75,0.12,1.101,1.716,2.536,,,,11.33,,0.0831,0.0218,0.3869,0.0397,0.3025,0.3361,0.5621,6,6,6,6,0,0
2686.0,0.255602537,5.358480572,22.18561295,4.140280561,15.9,48.6,46.5,0.02,5.151,6.724,1.993,0.987,,,1.55,,0.8301,0.1047,0.851,0.2142,0.7723,,1.0375,6,6,6,6,0,0
2687.0,0.554401154,78.63486962,653.4072429,8.309382925,19.4,61.8,37.69,0.07,17.679,9.782,5.03,1.984,,,5.65,0.2865,1.0682,0.1051,1.238,0.1921,0.8708,4.3538,1.1382,6,6,6,6,1,0
2688.0,0.441,40.817,27.01125,0.661764706,13.8,11.0,21.39,0.06,7.805,8.363,4.778,2.447,,,2.45,,0.7665,0.1553,0.8279,0.1825,0.6183,,0.6457,6,6,6,6,0,0
2689.0,0.321196319,10.32424348,46.49677538,4.503649635,17.8,40.9,34.96,0.03,6.952,3.935,1.82,,,,2.83,0.1876,0.6054,0.095,0.7512,0.1232,0.6152,,0.5612,6,6,6,6,0,0
2691.0,0.3175,19.29494629,93.71831055,4.857142857,14.4,41.3,49.54,0.05,4.043,7.49,2.481,1.071,,,2.54,0.3406,0.3471,0.1541,0.4349,0.3077,0.3574,4.8764,0.3661,6,6,6,6,0,0
2692.0,0.18035503,3.16243829,69.12186548,21.85714286,23.1,117.6,48.43,0.03,6.652,3.969,1.223,0.401,,,2.54,0.1842,0.4642,0.084,0.7185,0.1956,0.53,2.456,0.4744,6,6,6,6,0,0
2705.0,0.396578947,38.68181717,168.089133,4.345430108,16.3,47.8,43.87,0.06,14.828,11.498,6.169,2.719,,,2.74,,0.7022,0.3228,0.6454,0.5534,0.692,,0.6556,6,6,6,6,0,0
2708.0,0.315571429,4.913897959,13.79497959,2.80733945,17.5,25.0,27.17,0.01,3.413,3.222,1.226,0.549,,,2.35,,0.4062,0.1466,0.4388,0.2668,0.2976,,0.6301,6,6,6,6,0,0
2710.0,0.324638404,4.034308866,178.9539723,44.35802469,24.7,207.8,49.33,0.01,9.331,3.95,1.67,,,,2.83,0.3147,0.9752,0.1717,1.2296,0.4112,0.959,,1.0777,6,6,6,6,0,0
2712.0,0.361871345,47.89586197,202.9641633,4.237613751,14.6,61.1,48.71,0.1,12.109,14.36,6.879,3.322,,,2.38,0.4475,0.4727,0.1764,0.601,0.3103,0.5169,4.5414,0.5101,6,6,6,6,1,0
2714.0,0.789727403,95.57712434,1001.205376,10.47536618,19.3,80.2,43.69,0.04,20.336,11.997,5.994,2.117,,,5.56,,0.4355,,0.6813,0.5187,0.6672,,0.5718,6,6,6,6,0,0
2715.0,0.467416667,41.346625,36.05911111,0.8721174,11.7,23.1,49.43,0.05,2.419,6.824,2.96,1.475,,,2.37,0.1019,0.6124,0.0566,0.5491,0.1276,0.3399,2.1412,0.4873,6,6,6,6,0,0
2718.0,0.344611529,17.81356587,177.6606303,9.973333333,19.9,70.9,42.99,0.04,14.854,12.803,4.187,1.739,,,2.75,0.482,0.4473,0.2393,0.8163,0.5994,0.6164,8.1811,0.6032,6,6,6,6,0,0
2729.0,0.29968254,4.49048123,192.7539068,42.925,25.6,177.1,49.05,0.01,17.128,8.59,2.405,,,,2.36,0.6559,0.3891,0.2893,0.6073,0.6681,0.6173,9.2413,0.4131,6,6,6,6,0,0
2731.0,0.592574257,11.5953246,112.9175602,9.738197425,18.1,84.3,53.35,0.01,6.325,7.819,2.202,,,,2.85,,1.1876,0.0992,1.5762,0.2106,1.4877,,1.2734,6,6,6,6,0,0
2738.0,0.0964,7.55053,368.81435,48.84615385,25.9,209.4,52.05,0.23,31.792,13.109,4.449,1.479,,,2.41,0.8096,0.9394,0.4272,1.088,1.7332,0.9274,,0.9296,6,6,6,6,0,0
2741.0,0.23552795,4.442207091,48.26837217,10.86585366,16.5,117.5,51.25,0.02,2.24,2.764,0.935,,,,2.37,0.2173,0.2992,0.0915,0.3954,0.1852,0.2719,,0.3277,6,6,6,6,0,0
2753.0,0.18931677,1.74226303,51.77010146,29.71428571,24.3,151.0,46.21,0.01,4.311,2.341,0.723,,,,2.54,0.1129,0.4137,0.055,0.5336,0.1628,0.42,,0.3224,6,6,6,6,1,0
2754.0,0.180769231,1.934508876,112.724355,58.27027027,26.7,227.1,49.7,0.02,10.006,3.461,1.188,,,,2.35,0.345,0.3461,0.1278,0.3553,0.3292,0.3018,4.3157,0.3055,6,6,6,6,0,0
2756.0,0.1896,11.79549,77.51322,6.571428571,17.1,66.4,45.32,0.08,6.922,7.258,2.78,1.19,,,2.37,0.2961,0.1499,0.1018,0.5015,0.1468,0.3348,2.741,0.2023,6,6,6,6,0,0
2762.0,0.283695652,84.35905009,1743.428344,20.6667612,20.8,134.2,50.63,0.28,34.644,28.835,8.976,3.2,,,4.5,0.5002,0.1866,0.2386,0.2597,1.7976,0.117,43.3164,0.087,6,6,6,6,1,0
2766.0,0.813230769,106.2772227,879.9266071,8.279540851,17.9,73.6,45.16,0.04,6.05,5.727,1.98,0.854,,,8.81,0.2653,0.333,0.1127,0.3465,0.1656,0.2548,2.9522,0.1625,6,6,6,6,0,0
2769.0,0.338322511,192.4622689,6278.826166,32.62367321,21.0,210.9,53.81,0.44,31.351,29.478,7.924,2.453,,0.535,7.27,0.4853,0.2492,0.3052,0.4044,3.1717,0.1462,33.3815,0.1305,6,6,6,6,1,0
2770.0,0.480959097,80.51726642,314.4867222,3.905829596,15.4,49.3,42.9,0.09,5.214,6.252,2.742,1.068,,,5.5,0.2206,0.3593,0.0845,0.5231,0.1192,0.3954,2.5221,0.3253,6,6,6,6,1,0
2777.0,0.168230769,49.17838314,1327.204891,26.98756661,19.9,534.4,63.74,0.46,57.1,46.639,14.531,7.164,,3.111,2.43,4.528,0.0618,1.3126,0.2345,11.6406,0.022,83.3532,0.0588,6,6,6,6,0,0
2779.0,0.214904459,63.62071484,262.9656213,4.133333333,16.4,45.3,40.7,0.36,26.686,32.066,13.417,5.397,,0.245,2.41,0.4098,0.1991,0.1515,0.2609,0.4836,0.2437,7.4803,0.2377,6,6,6,6,1,0
2781.0,0.222,11.82816,434.68488,36.75,22.5,211.1,49.92,0.07,29.923,17.333,5.191,2.631,,,2.22,0.7411,0.3806,0.2809,0.5197,1.2541,0.2025,27.9142,0.2644,6,6,6,6,0,0
2782.0,0.275838323,39.51621697,822.3930555,20.81153305,20.6,138.1,48.81,0.14,55.192,38.631,11.905,5.109,,0.482,2.49,2.3416,0.4196,0.739,0.572,2.3375,0.3343,66.5733,0.3666,6,6,6,6,1,0
2784.0,0.296153846,9.428513314,15.3487426,1.627906977,16.0,18.8,24.8,0.03,3.705,4.635,2.202,0.633,,,2.31,,0.8834,,0.752,0.0899,0.8196,,1.1524,6,6,6,6,0,0
2788.0,0.1704,57.61863,790.78167,13.72440945,18.7,113.3,60.72,0.59,57.649,53.572,17.916,8.32,,,2.13,3.1803,0.1353,1.3598,0.2964,9.0178,0.0671,54.7252,0.1477,6,6,6,6,1,0
2790.0,0.362727273,20.53140496,44.14049587,2.149901381,12.0,52.8,53.73,0.04,1.206,2.757,1.56,,,,2.38,0.1039,0.4216,0.0456,0.3376,0.1461,0.3578,1.1818,0.4278,6,6,6,6,0,0
2791.0,0.250083102,59.48072222,22.24816568,0.374039939,10.0,16.2,62.04,0.25,1.034,2.334,1.912,1.717,,,2.44,0.1215,0.4504,0.0544,0.4485,0.239,0.4096,2.193,0.4547,6,6,6,6,1,0
2797.0,0.441532625,29.28777036,130.3375183,4.450236967,16.3,49.1,43.31,0.04,2.648,2.763,1.067,0.484,,,5.49,0.1002,0.1878,0.0416,0.4892,0.0681,0.3304,0.9297,0.2988,6,6,6,6,1,0
2799.0,0.575926431,1714.62392,14060.15111,8.200137035,17.9,75.7,48.6,1.37,194.625,224.966,85.674,25.446,,6.524,5.49,3.219,0.2603,,,8.0112,0.4148,,0.3878,6,0,6,6,1,0
2800.0,0.837711172,300.0829622,335.2716616,1.117263236,14.4,16.7,26.44,0.11,11.122,21.777,8.396,3.562,,,5.49,0.1894,0.2618,0.0696,0.4279,0.132,0.2675,3.1179,0.2377,6,6,6,6,1,0
2801.0,0.549742896,981.0470896,17119.42624,17.45015752,16.7,185.6,71.31,0.87,94.464,68.619,19.787,5.784,,1.825,5.49,2.4941,0.1458,0.8467,0.8177,,,127.0958,0.3627,6,6,0,6,0,0
2804.0,0.970566802,1267.673566,12889.66135,10.16796571,16.1,117.1,55.63,0.36,69.048,179.475,47.849,12.79,,,5.49,1.2797,0.234,0.6144,0.2808,7.7486,0.2466,46.3779,0.4138,6,6,6,6,0,0
2806.0,0.150625,98.0116875,8919.971078,91.00925926,23.8,127.4,87.01,0.97,217.46,165.659,44.781,15.625,,1.433,2.41,11.2088,0.3808,,,,,442.2003,0.2228,6,0,0,6,1,0
2808.0,0.52461642,349.8561918,3666.337835,10.4795568,17.1,105.0,51.34,0.34,38.275,39.328,15.171,6.324,,,5.49,1.032,0.112,0.3457,0.1991,2.6099,0.0903,34.2294,0.0995,6,6,6,6,0,0
2815.0,0.645,129.375,1012.3875,7.825217391,17.2,76.9,44.5,0.08,15.131,16.443,6.251,2.272,,,5.49,0.4827,0.4594,0.1997,0.5761,0.35,0.5301,8.7204,0.4503,6,6,6,6,1,0
2820.0,0.235048232,14.67217564,36.65654305,2.498371336,13.7,42.0,47.79,0.07,3.265,4.683,2.28,,,,2.15,0.1776,0.1815,0.0825,0.143,0.1678,0.1099,2.1666,0.2179,6,6,6,6,1,0
2829.0,0.269189189,13.51192039,131.4137188,9.725761773,18.8,77.6,48.9,0.05,12.304,8.464,4.033,1.258,,,2.49,0.4967,0.4276,0.2412,0.6276,0.6332,0.5899,7.1562,0.489,6,6,6,6,0,0
2830.0,0.668794688,130.8064038,1496.123093,11.43768997,18.8,92.2,45.53,0.08,9.802,6.848,2.696,1.19,,,8.73,0.237,0.29,0.0946,0.5131,0.1515,0.3176,5.2452,0.1619,6,6,6,6,0,0
2837.0,0.286036036,14.88312637,77.93604415,5.236537151,16.2,58.7,44.47,0.05,7.165,8.517,3.664,1.395,,,2.25,0.6243,0.2442,0.2925,0.3286,0.7061,0.3129,12.7468,0.255,6,6,6,6,0,0
2839.0,0.060759494,1.845858036,101.522192,55.0,25.7,55.6,48.2,0.2,9.185,7.282,2.149,0.321,,,2.4,0.1022,0.2723,0.0544,0.4069,0.2161,0.2367,,0.1452,6,6,6,6,0,0
2840.0,0.12885906,37.61992703,437.1694969,11.62068966,21.8,69.7,45.17,0.55,56.139,42.051,15.181,5.466,,,2.4,0.9778,0.3827,0.5601,0.5624,1.9948,0.3022,25.8012,0.3122,6,6,6,6,1,0
2842.0,0.2034,13.27976,116.45328,8.769230769,17.4,84.4,47.5,0.08,9.858,9.152,3.686,1.306,,,2.26,0.4525,0.1015,0.1774,0.2906,0.3419,0.0957,5.8822,0.1425,6,6,6,6,0,0
2843.0,0.21106383,3.741330919,41.35040742,11.05232558,20.0,78.3,44.98,0.02,9.339,11.068,2.405,,,,1.55,,0.5265,,0.5178,0.3427,0.441,,0.4697,6,6,6,6,0,0
2847.0,0.177635135,16.42906775,203.6682843,12.3968254,20.8,80.6,44.05,0.15,25.216,16.479,6.181,2.408,,,2.39,0.414,0.1331,0.1949,0.3173,0.6464,0.2767,11.7339,0.183,6,6,6,6,1,0
2850.0,0.323191489,11.18048891,126.2481666,11.29182879,19.5,84.5,42.85,0.03,15.799,16.12,4.042,2.745,,,2.17,0.3599,0.3305,0.127,0.453,0.1842,0.5135,3.9587,0.3425,6,6,6,6,0,0
2852.0,0.3825,23.2875,225.28125,9.673913043,19.1,76.0,43.2,0.04,25.317,21.283,8.258,2.419,,,2.25,1.1761,0.5097,0.5021,0.3876,0.6672,0.3959,11.7304,0.4231,6,6,6,6,0,0
2855.0,0.62,35.5,373.7,10.52676056,17.8,95.0,46.82,0.02,5.301,4.38,1.701,0.827,,,5.48,,0.3406,0.3,0.417,0.8018,0.4131,7.9004,0.3602,6,6,6,6,0,0
2856.0,0.522756233,151.8763311,145.6772972,0.959183673,13.4,17.3,33.81,0.15,4.137,7.102,3.265,1.837,,,5.47,0.0996,0.3131,0.0303,0.493,0.068,0.4841,1.2126,0.2559,6,6,6,6,1,0
2859.0,0.4039,9.98787,635.89439,63.66666667,26.8,245.1,46.61,0.02,11.754,1.783,0.72,,,,5.77,,0.6288,0.1174,0.523,0.2291,0.5009,4.2104,0.4097,6,6,6,6,0,0
2860.0,0.217532808,35.36077045,445.7600154,12.60606061,21.1,80.0,38.99,0.2,79.482,42.203,15.597,5.699,,,2.24,1.4497,0.3447,0.6833,0.4445,1.5749,0.3658,33.6875,0.3188,6,6,6,6,1,0
2861.0,0.336,5.51936,16.55808,3.0,17.9,28.2,27.65,0.01,6.269,5.771,1.813,0.484,,,2.24,0.4268,0.3395,0.1856,0.3832,0.339,0.3576,,0.3698,6,6,6,6,0,0
2864.0,0.13,42.2,2051.4,48.61137441,25.7,216.2,68.36,0.67,229.011,229.937,57.662,,,,1.6,3.1962,0.1167,0.455,0.4316,,,177.8832,0.4309,6,6,0,6,0,0
2866.0,0.4053,10.05723,482.74704,48.0,25.0,194.9,50.98,0.02,6.64,2.867,1.174,,,,5.79,0.2861,0.1979,0.127,0.2504,0.2671,0.2223,3.4462,0.2388,6,6,6,6,0,0
2867.0,0.5211,33.5241,385.52715,11.5,18.7,92.7,49.86,0.03,5.6,3.867,1.76,,,,5.79,0.2936,0.3251,0.1202,0.3262,0.1867,0.3046,3.3818,0.2899,6,6,6,6,0,0
2869.0,0.403890411,212.3006605,3523.016179,16.5944664,19.0,130.9,51.42,0.35,39.821,34.832,11.67,4.9,,0.329,5.46,0.6971,0.1827,0.2718,0.3045,3.4047,0.0481,42.4671,0.0937,6,6,6,6,1,0
2871.0,0.19862069,101.3650416,846.8090369,8.354054054,17.5,80.0,44.93,0.73,60.404,66.55,21.229,10.873,,0.856,2.4,1.3297,0.8982,,0.8652,,0.7751,,0.399,6,6,6,6,1,0
2874.0,0.381206497,1603.719268,2104.810657,1.312455801,10.6,50.4,53.63,2.91,22.574,70.191,54.54,33.045,,5.279,2.65,4.474,0.1056,1.5571,0.238,5.5398,0.082,94.3241,0.1155,6,6,6,6,0,0
2876.0,0.119166667,26.38472222,361.0673611,13.68471338,20.0,354.5,46.92,0.46,28.862,25.224,7.667,3.771,,,2.53,0.5218,0.2014,0.1728,0.2365,0.6586,0.1845,14.6796,0.0952,6,6,6,6,0,0
2879.0,0.858,19.63104,225.75696,11.5,20.0,86.5,50.56,0.01,4.255,2.718,1.109,,,,5.72,0.1121,0.1938,0.0469,0.3113,0.1302,0.2942,1.2979,0.235,6,6,6,6,0,0
2882.0,0.123472222,42.62486497,817.0284336,19.16788321,21.7,116.9,55.8,0.67,62.487,49.416,16.859,4.848,,0.352,2.54,2.6771,0.1138,1.3177,0.3875,5.4892,0.1281,37.1952,0.1896,6,6,6,6,1,0
2883.0,0.21556231,3.119319851,60.23514195,19.31034483,19.4,146.5,56.42,0.02,5.21,3.98,1.497,0.558,,,1.97,0.2171,0.1898,0.1119,0.5412,0.5541,0.3893,,0.3451,6,6,6,6,1,0
2888.0,0.28,10.8,38.8,3.592592593,13.0,69.0,57.36,0.04,1.82,3.538,1.5,0.824,,,2.0,,0.3776,0.0608,0.4079,0.2198,0.3564,1.3511,0.3899,6,6,6,6,0,0
2890.0,1.231635368,134.7718246,186.2102588,1.381670534,15.6,17.2,24.14,0.02,4.633,4.183,1.991,1.518,,,7.99,,0.7874,0.0822,0.7451,0.1228,0.8451,,0.6065,6,6,6,6,0,0
2893.0,0.529914237,180.2917141,334.4817514,1.855225312,14.3,28.2,38.33,0.17,7.794,10.133,4.661,2.254,,,5.42,0.1526,0.7038,0.0676,1.0429,0.0953,0.8478,1.1056,1.0249,6,6,6,6,1,0
2898.0,0.093488372,21.76100485,256.1377292,11.7704918,19.6,87.9,46.06,0.69,32.001,29.837,9.973,3.631,,,2.01,0.332,0.0715,0.1782,0.3193,0.88,0.1694,17.3186,0.1082,6,6,6,6,1,0
2904.0,1.208806262,499.9457244,2054.784899,4.110015944,13.2,76.3,54.31,0.09,3.97,10.324,3.326,,,,8.7,0.1757,0.2085,0.0594,0.4382,0.3131,0.3947,4.5556,0.3647,6,6,6,6,0,0
2914.0,0.215,3.23575,22.65025,7.0,19.3,53.1,37.06,0.02,4.896,2.838,1.28,0.548,,,2.15,,0.5897,0.0241,0.5488,0.0291,0.5088,0.7061,1.1306,6,6,6,6,0,0
2916.0,0.151196319,3.068659904,155.3122521,50.6124031,24.7,238.5,50.88,0.04,22.301,10.255,3.859,,,,1.59,1.0858,0.3693,0.4841,0.4195,1.4682,0.448,15.0901,0.2945,6,6,6,6,0,0
2921.0,0.192038217,72.28220617,870.3777445,12.04138322,17.2,119.2,57.81,0.5,73.786,46.419,19.057,13.628,,,2.01,1.9871,1.1857,1.6528,0.816,10.3919,0.6159,,0.7817,6,6,6,6,0,0
2922.0,0.124397394,91.17648675,679.0440652,7.447578749,17.7,70.7,47.32,1.62,73.544,69.024,23.843,12.702,,2.171,2.01,1.2473,0.3298,0.5575,0.3958,3.1892,0.6527,,0.3574,6,6,6,6,1,0
2923.0,0.513333333,212.3632068,283.9341259,1.337021277,12.4,29.9,58.35,0.22,3.462,6.379,3.313,,,,5.39,,0.7111,0.1479,0.6316,0.7449,0.5521,4.6608,0.8522,6,6,6,6,1,0
2924.0,0.293967568,36.2073011,40.60593835,1.121484814,15.1,15.0,23.32,0.11,9.704,10.942,4.372,2.567,,,2.64,0.1829,0.6506,0.0549,0.3134,0.0999,0.2658,1.9546,0.2984,6,6,6,6,0,0
2931.0,0.217560976,11.60207745,138.4391313,11.93227092,15.9,138.6,52.55,0.07,8.755,4.622,2.449,1.259,,,2.23,,0.5052,0.1483,0.4386,0.349,0.4739,,0.3786,6,6,6,6,0,0
2932.0,0.555639344,593.4340973,3352.447598,5.649233189,19.4,42.9,30.7,0.5,127.02,86.433,35.907,14.953,,2.114,5.38,4.2605,0.8951,1.4642,1.0165,6.6705,0.8131,81.4011,0.6855,6,6,6,6,1,0
2933.0,0.213924419,1.470824601,54.79872228,37.25714286,23.4,190.1,54.81,0.01,4.363,2.222,0.794,,,,2.23,0.2483,0.2173,0.1122,0.3226,0.3839,0.2386,3.6111,0.1932,6,6,6,6,0,0
2934.0,0.311712329,25.02811503,9.999685682,0.399538106,12.7,8.3,19.64,0.07,2.773,5.087,2.649,1.461,,,2.22,,0.2714,0.037,0.587,0.0726,0.5091,,0.8287,6,6,6,6,0,0
2936.0,0.447252503,140.5218964,925.3523156,6.585111212,16.8,67.4,45.68,0.18,8.346,10.025,3.495,1.358,,,7.18,0.2589,0.2139,0.0893,0.3776,0.1517,0.2734,4.4931,0.1563,6,6,6,6,0,0
2937.0,0.300318471,333.9545975,6936.111252,20.76962348,18.7,172.6,53.01,0.99,382.864,443.642,130.995,52.477,,8.246,2.05,6.6558,0.1013,1.8661,0.3416,21.0871,0.2015,,0.2948,6,6,6,6,0,0
2938.0,0.348366013,22.3059774,2110.63018,94.62173038,29.0,336.8,54.9,0.05,168.344,115.032,19.458,,,,2.05,4.1177,0.3638,1.0205,0.2776,11.0079,0.2882,91.5142,0.2668,6,6,6,6,0,0
2939.0,0.492712238,275.970501,489.478543,1.773662551,13.7,30.4,42.55,0.3,5.511,9.954,4.208,1.785,,,6.67,0.1822,0.2736,0.0741,0.2421,0.1633,0.2721,2.7859,0.2236,6,6,6,6,1,0
2942.0,0.154452055,45.9365031,447.3880243,9.739270386,17.7,90.7,48.82,0.53,40.496,46.674,16.448,6.032,,1.962,2.05,1.6581,1.0936,0.5782,1.2616,1.9148,0.6084,44.2555,0.9243,6,6,6,6,0,0
2946.0,0.2054,3.49496,4.74316,1.357142857,15.5,16.6,24.07,0.02,4.287,4.58,1.782,0.506,,,1.58,,0.4879,0.0384,0.71,0.0718,0.6702,,0.3452,6,6,6,6,0,0
2950.0,0.258,22.188,109.091,4.916666667,15.9,56.5,46.69,0.09,2.732,3.455,1.212,0.554,,,4.3,0.1002,0.1695,0.0395,0.5773,0.0963,0.2907,1.0969,0.2595,6,6,6,6,0,0
2954.0,0.261052632,260.8808864,208.4385042,0.798979592,13.2,15.4,38.47,1.02,36.225,79.79,34.918,,,,2.17,4.6339,0.2327,1.6156,0.2719,8.7676,0.1677,63.4328,0.2685,6,5,6,6,0,0
2955.0,0.277368421,703.3135734,2103.019391,2.99015897,14.8,44.0,97.97,2.57,95.788,331.816,132.306,41.565,,5.681,2.17,5.7868,0.4354,,,,,200.6779,0.5357,6,0,0,6,0,0
2958.0,0.26090776,36.06798874,1562.237738,43.31369151,23.2,228.1,54.77,0.14,17.7,12.831,3.461,1.036,,,5.4,0.7674,0.0276,0.2556,0.1662,1.6181,0.1156,16.0373,0.0892,6,6,6,5,1,0
2959.0,0.204933333,93.78314667,285.5442133,3.044728435,15.8,36.9,40.11,0.61,41.982,46.495,22.115,8.69,,1.035,2.12,0.6798,0.0905,0.221,0.1792,0.971,0.1675,16.9856,0.1583,6,6,6,6,1,0
2963.0,0.104090909,0.601939853,47.85421832,79.5,26.3,365.2,56.01,0.01,2.373,1.099,0.316,,,,2.29,0.141,0.0819,0.071,0.2594,0.2652,0.1244,2.3594,0.1565,6,6,6,6,0,0
2964.0,0.3978,16.60594,5.37251,0.323529412,12.2,7.4,18.91,0.03,1.286,4.026,1.308,0.952,,,2.21,0.0617,0.7328,0.0368,0.9885,0.0569,0.903,0.7434,0.906,6,6,6,5,1,0
2968.0,0.213358779,4.040411398,112.3234369,27.8,22.6,152.8,50.03,0.02,11.461,6.062,2.182,0.896,,,2.15,0.7941,0.115,0.308,0.3323,0.4488,0.229,6.064,0.1345,6,6,6,6,0,0
2969.0,0.4104,39.50784,197.5392,5.0,17.7,44.9,38.07,0.07,7.476,6.903,2.724,0.828,,,4.56,0.0457,0.361,0.0185,0.3321,0.0604,0.282,1.1662,0.2514,6,6,6,6,1,0
2976.0,0.275294118,8.387867647,3.552508651,0.423529412,12.8,8.7,19.83,0.03,2.032,5.503,1.529,1.074,,,1.56,0.1161,1.3123,0.081,0.7221,0.1281,0.6811,1.1767,0.9406,6,6,6,6,1,0
2979.0,0.241771218,10.43809316,73.62997781,7.053968254,19.0,55.7,39.19,0.05,23.394,21.65,7.147,2.69,,,1.56,,0.9483,0.1529,1.0951,0.2947,1.0167,,0.8899,6,6,6,6,0,0
2980.0,0.5772,51.25536,218.82096,4.269230769,16.7,43.6,37.96,0.04,8.312,8.277,3.504,1.297,,,4.44,0.515,0.9139,0.2178,0.8744,0.3019,0.6517,7.0932,0.8724,6,6,6,6,1,0
2982.0,0.596052632,126.0142986,3175.490147,25.19944309,20.0,178.7,48.48,0.09,25.203,18.97,6.439,2.676,,,6.04,0.7585,0.4554,0.2695,0.5768,0.6442,0.4082,22.8898,0.3334,6,6,6,6,0,0
2983.0,0.173956835,1.889343202,106.0551317,56.13333333,26.6,233.2,52.69,0.02,19.056,22.707,0.74,,,,1.56,0.8313,0.1712,0.2787,0.399,1.5085,0.2168,13.4708,0.2468,6,6,6,6,0,0
2985.0,0.223548387,52.75020812,1064.374265,20.17763158,18.4,169.7,64.09,0.3,46.365,39.103,22.353,2.189,,,2.31,,0.7963,1.7234,0.9774,6.1073,1.2572,,0.7797,6,6,6,6,0,0
2987.0,0.094354839,53.85665973,301.8171176,5.604081633,16.6,62.0,49.64,1.61,72.597,91.04,37.46,15.418,,2.531,1.3,2.8543,1.01,1.1218,1.1374,3.7179,0.5442,53.6097,0.7884,6,6,6,6,1,0
2988.0,0.14625,26.23020833,591.0012153,22.53131991,19.9,161.6,52.41,0.32,73.638,59.298,18.58,7.74,,3.11,1.56,5.1699,0.7056,1.7294,0.8236,10.5604,0.2672,141.6914,0.5921,6,6,6,6,1,0
2990.0,0.380645161,151.4108221,1521.352758,10.04784689,13.1,190.4,53.69,0.29,21.055,69.047,22.242,7.734,,,2.36,,0.2422,0.1675,0.3945,0.3774,0.443,4.3571,0.2912,6,6,6,6,0,0
2993.0,0.202526316,37.09198892,1134.151978,30.57673667,18.5,253.3,50.61,0.24,79.808,65.198,25.182,9.226,,1.524,1.56,3.3298,0.3607,1.0421,0.4363,10.0774,0.107,95.1749,0.2426,6,6,6,6,0,0
2994.0,0.133105802,319.3906883,775.4160724,2.427797994,19.6,20.0,31.08,4.81,295.438,511.916,142.378,,,,1.56,6.6966,0.443,1.6321,0.8016,11.3721,0.391,71.9823,0.4225,6,6,6,6,1,0
2996.0,0.082376238,174.1258308,4680.615783,26.88065155,31.0,99.8,46.77,6.52,1145.22,530.267,400.94,,,,1.56,4.4022,0.0518,1.4311,0.221,,,483.6441,0.1586,6,6,0,6,0,0
2998.0,0.272093023,13.14114386,5.264683613,0.400625978,12.7,8.4,19.64,0.05,2.955,7.308,2.779,1.614,,,1.56,,0.4945,0.1045,0.6553,0.1777,0.4398,1.889,0.5134,6,6,6,6,1,0
2999.0,0.058712121,4.205478076,243.6419594,57.93442623,27.6,224.8,51.31,0.32,50.703,7.789,4.187,1.001,,,1.55,2.0884,0.0807,0.8061,0.2174,3.7779,0.0429,40.9718,0.1483,6,6,6,6,0,0
3000.0,0.286,347.512,66.308,0.190807799,11.4,5.5,17.02,1.13,14.68,34.833,25.793,14.981,,,2.2,1.6879,0.1176,0.6883,0.228,1.2843,0.1168,21.5008,0.1325,6,6,6,5,0,0
3002.0,0.30885906,94.59919823,106.903671,1.130069525,11.7,29.3,53.95,0.27,12.899,73.646,291.52,48.787,,0.712,1.56,1.5304,0.913,0.5261,1.1949,,0.6633,,0.8629,6,6,6,6,0,0
3003.0,0.1,535.1,665.4,1.243505887,20.4,11.5,22.62,13.64,191.526,796.06,713.831,394.178,,39.997,1.3,,0.3505,,,,,,1.9627,6,0,0,6,0,0
3011.0,0.64,124.400907,249.846712,2.00839944,15.0,26.9,34.76,0.08,8.421,9.594,3.98,2.278,,,5.12,0.5603,0.4788,0.1844,0.6628,0.32,0.4857,12.7121,0.2744,6,6,6,6,1,0
3013.0,0.150789474,37.05364728,1239.051508,33.43939394,20.0,238.0,62.84,0.43,86.543,47.111,17.508,8.592,,,1.91,5.3577,0.2144,2.0417,0.31,16.0409,0.0772,107.4103,0.1885,6,6,6,6,1,0
3016.0,0.438642612,20.0340838,114.1141413,5.696,18.7,46.7,35.11,0.03,4.528,3.248,1.08,,,,5.21,0.1027,0.2282,0.0403,0.3134,0.0784,0.2041,1.0231,0.2639,6,6,6,6,0,0
3026.0,0.301090909,75.78252893,15.22733058,0.200934579,11.3,5.9,17.52,0.22,4.791,15.177,6.603,3.541,,,2.07,,0.6246,0.109,0.8288,0.1849,0.6911,3.3623,0.6277,6,6,6,6,0,0
3029.0,0.155069444,47.86432292,4672.833155,97.62664277,23.4,512.1,87.98,0.55,282.768,209.653,55.558,21.126,,0.885,1.54,9.1036,0.3539,,,,,549.2886,0.1473,6,0,0,6,1,0
3030.0,0.106666667,60.04938272,479.4469136,7.984210526,15.2,107.7,61.9,1.2,24.74,33.863,12.29,6.23,,0.847,1.92,0.8427,2.2947,1.1194,0.6222,3.0577,1.4701,20.8548,0.4186,6,6,6,6,1,0
3033.0,0.11218543,3.094386211,21.99874567,7.109243697,18.6,58.1,37.27,0.07,7.213,4.294,2.332,0.947,,,1.54,0.8293,0.158,0.2793,0.1587,0.4223,0.2045,6.4213,0.0688,6,6,6,6,1,0
3034.0,0.162105263,6.826151316,42.59929017,6.240601504,17.8,56.1,41.94,0.07,12.466,11.132,4.569,1.631,,,1.54,,1.1141,0.0934,0.3492,0.2146,0.2634,3.1151,0.3151,7,7,7,7,0,0
3044.0,0.0462,0.11858,0.77077,6.5,17.6,52.0,42.63,0.02,0.958,0.794,0.297,,,,0.77,,0.4807,0.0165,0.4532,0.0216,0.4771,0.319,0.3304,9,9,9,5,0,0
3052.0,0.0532,0.40432,2.19488,5.428571429,17.3,54.0,44.36,0.03,2.358,2.502,0.857,0.452,,,0.76,0.1316,0.0861,0.0608,0.2639,0.0854,0.1514,0.9882,0.1339,9,9,9,5,0,0
3061.0,0.195365854,23.10840608,35.83101167,1.550561798,13.5,27.0,40.78,0.16,2.973,4.682,2.209,0.98,,,2.67,0.08,0.0736,0.0355,0.1949,0.0652,0.1999,0.6951,0.0862,9,9,9,5,0,0
3069.0,0.466666667,6.669444444,28.99166667,4.346938776,15.8,52.5,44.49,0.01,1.661,2.253,0.465,,,,3.01,0.0388,0.2561,0.0103,0.3089,0.027,0.4237,0.8012,0.2144,9,9,9,5,0,0
3074.0,0.148,1.25948,2.1904,1.739130435,12.3,38.3,48.3,0.02,0.799,4.5,1.417,0.561,,,0.74,0.0646,0.6533,0.0816,0.4205,0.196,0.2189,1.5214,0.3124,7,7,7,5,1,0
3086.0,0.597931034,80.85956842,127.9297096,1.582122093,12.5,18.1,47.48,0.06,4.922,12.03,5.812,2.439,,,2.89,0.2769,0.877,0.1241,0.9669,0.1847,0.8846,4.8791,0.6138,6,6,6,5,1,0
3091.0,0.7596,32.05512,40.0689,1.25,15.5,16.8,23.97,0.01,2.458,1.591,0.697,0.341,,,6.33,,0.7863,,1.063,0.0176,1.0969,0.1999,1.8896,6,6,6,5,0,0
3092.0,0.938901345,50.27247682,52.62899918,1.046875,14.9,8.2,23.05,0.02,2.404,2.339,1.143,0.492,,,6.25,,0.6346,0.0162,0.723,0.019,0.6025,,1.9072,6,6,6,5,0,0
3094.0,0.12,26.9,98.1,3.646840149,16.1,41.8,43.59,0.5,34.434,46.312,17.14,8.248,,,1.2,1.2693,0.0387,0.5921,0.1941,1.6394,0.0931,21.1067,0.045,6,6,6,5,1,0
3096.0,0.637248322,43.71685059,437.770114,10.01376147,18.5,46.8,46.42,0.03,5.049,3.994,1.648,0.775,,,6.33,0.1661,0.2794,0.071,0.2876,0.2257,0.3479,6.0389,0.3249,6,6,6,5,1,0
3100.0,0.302815789,13.7981482,361.4311053,26.19417476,20.5,93.9,50.85,0.04,11.98,8.522,2.92,1.121,,,3.11,0.8409,0.2405,0.3658,0.2162,0.6065,0.1497,9.6457,0.1318,6,6,6,5,0,0
3102.0,0.374746988,188.7882015,784.6268823,4.156122449,15.9,26.6,48.54,0.36,13.065,17.474,6.015,2.276,,,5.76,1.2543,0.2243,0.6258,0.2525,1.8981,0.1842,26.2531,0.1289,6,6,6,5,1,0
3105.0,0.307368421,30.57171893,75.78292383,2.478857143,15.7,30.0,35.23,0.09,1.713,2.166,0.893,0.38,,,5.84,,0.411,0.0098,0.2911,0.0169,0.2313,0.45,0.251,6,6,6,5,1,0
3106.0,0.09,57.0,171.4,3.007017544,15.8,37.5,46.13,1.86,60.179,89.869,35.061,16.267,,,1.2,35.1916,0.0219,0.5409,0.2325,2.8432,0.1324,28.9073,0.1187,6,6,6,5,1,0
3109.0,0.30921659,221.2576186,3618.549821,16.35446429,18.6,75.7,68.01,0.62,27.918,26.149,8.428,4.478,,,6.1,1.7475,0.2232,1.3868,0.1781,6.9719,0.0391,23.6996,0.0505,6,6,6,5,1,0
3111.0,0.1,35.3,2690.7,76.22379603,26.5,321.7,65.13,0.88,448.839,292.329,82.422,27.808,,,1.2,,,3.4352,0.3159,,,716.0033,0.0821,0,6,0,5,0,0
3112.0,0.483248731,57.57427401,528.8752609,9.185964912,18.1,42.9,49.35,0.07,8.744,7.129,2.756,1.172,,,5.6,0.5146,0.152,0.2276,0.278,0.5451,0.0991,7.0682,0.0982,6,6,6,5,0,0
3114.0,0.418296943,26.6282036,12.5630499,0.471794872,13.0,5.1,20.19,0.04,1.654,3.615,1.083,0.692,,,3.09,,0.3441,0.0632,0.4258,0.1169,0.3089,0.9617,0.5933,6,6,6,5,1,0
3115.0,0.291968504,25.45528551,40.78107756,1.602067183,14.9,11.7,31.21,0.08,4.201,4.972,2.4,1.096,,,3.09,,0.2538,0.0294,0.423,0.0591,0.2998,0.5559,0.6344,6,6,6,5,1,0
3118.0,0.399717868,15.20755496,44.19695659,2.90625,16.6,15.0,34.22,0.03,4.862,3.779,2.035,0.81,,,3.11,,0.3505,0.0774,0.5208,0.0844,0.4491,0.9704,0.3254,6,6,6,5,1,0
3120.0,0.359590164,9.38442623,3.538390218,0.37704918,12.6,4.3,19.47,0.02,0.416,0.998,0.457,0.25,,,3.21,,1.0,0.008,0.5837,0.0107,0.506,,-8.6728,6,6,6,5,0,0
3133.0,0.276790831,86.23237248,1180.949362,13.69496545,16.9,70.1,50.26,0.29,34.204,18.406,12.205,4.439,,,3.22,0.9134,0.3499,0.2782,0.3825,0.59,0.3124,16.8913,0.2106,6,6,6,5,0,0
3135.0,0.325722543,30.48612383,619.1627819,20.30965909,19.7,74.6,48.82,0.08,21.85,10.351,6.142,,,,3.22,0.5834,0.3095,0.1697,0.2251,0.3153,0.545,14.6701,0.3407,6,6,6,5,0,0
3137.0,0.775978261,105.4993053,16.12347873,0.152830189,10.8,2.9,16.72,0.05,0.434,1.078,0.818,0.42,,,6.49,,0.4775,0.0101,0.5469,0.0161,0.6166,,8.2186,6,6,6,5,0,0
3139.0,0.109362637,12.19378384,9.717651491,0.796934866,14.2,7.0,22.03,0.29,1.859,1.624,1.011,0.532,,,3.11,0.025,0.1604,0.0162,0.285,0.1215,0.1747,1.2146,0.2294,6,6,6,5,1,0
3141.0,0.278481013,48.20051986,83.61039897,1.734636872,14.5,25.7,34.48,0.16,8.903,9.346,3.756,,,,2.75,0.2038,0.6337,0.0937,0.6614,0.2085,0.4759,2.3428,0.3373,6,6,6,5,1,0
3149.0,0.1,3.5,9.5,2.714285714,16.2,30.2,42.51,0.1,5.765,6.986,2.536,1.298,,,1.2,0.1582,0.3059,0.1066,0.3429,0.2963,0.1621,1.6227,0.2579,6,6,6,5,0,0
3154.0,0.590625,248.7744141,3784.020996,15.21065183,18.0,75.9,53.27,0.19,28.493,21.494,9.398,3.726,,,6.3,16.1655,0.4826,0.5898,0.4222,2.9801,0.3016,45.3839,0.4249,6,6,6,5,1,0
3156.0,0.604399142,121.8978177,947.5233933,7.773095624,17.1,43.6,50.76,0.09,10.121,7.737,3.73,1.627,,,6.55,0.425,0.2175,0.2046,0.2163,0.6494,0.1081,6.6489,0.1312,6,6,6,5,0,0
3159.0,0.296722689,34.60329073,25.62907281,0.740654206,11.5,10.4,59.4,0.1,1.013,2.036,1.097,0.712,,,3.21,,0.0455,0.0735,0.2196,0.2119,0.0933,0.469,0.2857,6,6,6,5,0,0
3167.0,0.50959707,35.85568034,14.34227214,0.4,12.7,3.7,19.64,0.04,2.585,4.82,2.032,1.41,,,2.96,,0.1335,0.0529,0.3217,0.0684,0.2761,0.5214,0.9567,6,6,6,5,0,0
3177.0,0.053366337,0.63933928,1.453043819,2.272727273,15.5,13.4,37.17,0.06,2.045,2.484,1.066,0.457,,,0.77,0.0855,0.0905,0.0383,0.2611,0.0504,0.1554,0.4481,0.1192,6,6,6,5,1,0
3178.0,0.169714286,56.02171592,7313.930243,130.5552699,27.3,262.9,53.68,0.52,147.509,94.735,23.918,7.226,,1.3,2.97,2.3384,0.188,0.8403,0.3449,10.6572,0.0702,206.1004,0.1048,7,7,7,6,0,0
3184.0,0.310292398,386.7219905,17098.54009,44.2140362,24.0,112.5,75.88,1.08,359.999,219.999,72.798,27.493,,8.316,3.79,0.0059,,,,,,,0.2924,1,1,1,5,0,0
3185.0,0.280838323,26.04325003,40.22378357,1.544499382,13.7,26.1,39.09,0.09,3.687,5.019,2.443,1.229,,,2.68,0.1115,0.1056,0.0506,0.3484,0.0806,0.2478,1.2001,0.4176,6,6,6,4,0,0
3187.0,0.247675906,17.3320325,53.54869272,3.089579525,14.4,25.8,47.62,0.08,3.438,3.828,1.845,1.048,,,2.64,0.2182,0.1872,0.0891,0.3673,0.1812,0.2809,2.1487,0.2788,6,6,6,4,1,0
3189.0,0.338135593,66.49731354,590.7343436,8.88358209,17.8,45.4,45.72,0.16,6.518,6.496,2.057,0.942,,,6.65,0.1027,0.395,0.0603,0.5141,0.1775,0.2517,3.1751,0.1125,6,6,6,4,0,0
3191.0,0.413157895,42.06371533,148.445296,3.529058116,14.9,24.0,46.34,0.07,7.19,9.338,4.056,1.551,,,3.14,0.5263,0.1112,0.2093,0.1902,0.2982,0.1358,4.5811,0.1342,6,6,6,4,0,0
3194.0,0.279439252,19.60833649,122.5954843,6.252212389,19.0,23.8,35.35,0.07,12.804,9.536,3.869,1.896,,,2.99,0.3895,0.1069,0.1568,0.2448,0.2996,0.1728,5.2756,0.0701,6,6,6,4,1,0
3197.0,0.3925,11.41465995,27.91175973,2.445255474,15.7,14.8,35.58,0.02,2.572,2.787,1.17,0.511,,,3.14,,0.1453,0.0435,0.1534,0.051,0.1984,0.322,0.1125,6,6,6,4,0,0
3198.0,0.350561798,31.13303876,576.2343138,18.50877193,20.1,56.5,49.84,0.07,23.866,19.041,5.665,2.403,,,3.12,1.5622,0.4462,0.6261,0.5517,1.4096,0.2512,,0.2108,6,6,6,4,0,0
3203.0,0.271768116,20.55615627,117.6389154,5.722807018,15.8,34.2,52.48,0.07,5.491,6.931,2.541,1.055,,,2.93,0.4262,0.0969,0.1749,0.1947,0.4788,0.0394,5.3361,0.061,6,6,6,4,0,0
3208.0,0.476,31.36,237.552,7.575,19.3,57.9,37.9,0.04,26.551,16.185,7.833,2.771,,,2.8,0.3035,0.6582,,0.6694,0.1822,0.5432,,0.5142,6,6,6,4,0,0
3213.0,0.114009662,6.463628089,93.07101683,14.39919122,20.3,53.4,47.76,0.13,91.883,34.068,20.722,8.291,,,0.8,2.1976,0.3199,0.7892,0.4246,3.5769,0.1331,78.8414,0.2407,6,6,6,4,1,0
3217.0,0.146483791,20.96983041,41.67365875,1.987315011,13.6,18.5,47.07,0.25,2.785,4.349,2.782,0.905,,,2.67,,0.1703,0.0033,0.2782,0.0092,0.3178,0.0721,0.6666,6,6,6,4,0,0
3218.0,0.173117207,21.45750089,40.6983178,1.896694215,14.6,14.4,36.11,0.19,4.424,5.851,2.893,1.116,,,2.67,,0.1382,0.0361,0.2627,0.0648,0.2352,0.8425,0.1394,6,6,6,4,1,0
3221.0,0.1216,2.42592,0.2888,0.119047619,10.4,4.6,16.06,0.04,0.99,1.244,0.941,0.718,,,0.76,,0.286,0.0214,0.2124,0.0229,0.2419,,-2.6725,6,6,6,4,1,0
3225.0,0.4537,28.3187325,25.57821,0.903225806,14.5,4.7,22.49,0.04,5.705,3.019,1.85,0.955,,,3.49,,0.5609,,0.6157,0.0878,0.7174,1.3603,0.9521,6,6,6,4,0,0
3228.0,0.0567,0.13122,1.70586,13.0,21.6,100.5,43.73,0.01,1.616,1.159,0.325,0.193,,,0.81,,0.1189,0.0192,0.2176,0.0307,0.1316,0.5303,0.2888,6,6,6,4,0,0
3239.0,0.0237,0.12482,0.37446,3.0,15.8,45.4,42.2,0.03,0.317,0.376,0.147,,,,0.79,,0.1435,0.0057,0.3182,0.0079,0.2812,0.153,0.3188,6,6,6,4,0,0
3244.0,0.139377163,2.869984794,2.005531543,0.698795181,12.7,6.6,33.38,0.04,2.522,5.626,2.565,1.394,,,0.76,,0.2811,0.0307,0.3223,0.043,0.3143,0.3546,0.4382,6,6,6,4,1,0
3246.0,0.438153409,194.7121715,341.9252349,1.756054756,12.7,18.2,46.61,0.27,11.491,23.316,8.08,6.255,,,2.91,1.0767,0.512,0.4624,0.5808,0.5993,0.5569,15.4658,0.6187,6,6,6,4,0,0
3249.0,0.0972,0.26244,65.15073,248.25,23.4,1306.1,99.58,0.01,5.61,2.972,1.009,0.507,,,0.81,0.5562,0.1292,2.8348,0.1334,26.3145,0.0578,20.0433,0.1454,6,6,6,4,1,0
3261.0,0.188447653,19.07153749,783.4675286,41.08045977,21.9,107.3,52.56,0.14,25.97,18.855,4.966,2.138,,0.56,2.9,4.9049,0.028,0.7504,0.1948,1.8898,0.0933,28.1955,0.058,6,6,6,4,0,0
3262.0,0.493414634,51.30768372,148.8531219,2.901185771,15.0,17.6,42.09,0.06,10.945,9.374,6.196,2.523,,,2.89,0.4581,0.7952,0.1932,0.8741,0.264,0.8357,6.0353,0.5906,6,6,6,4,1,0
3263.0,0.33,384.1,43369.8,112.9127831,22.8,632.2,66.18,0.96,307.392,58.071,43.919,22.328,,7.101,4.4,,-3.9421,,,,,,0.3915,6,0,0,4,0,0
3264.0,0.509318996,8.859341478,93.99545227,10.6097561,19.3,36.5,45.48,0.01,5.846,7.446,4.264,0.247,,,2.9,0.4308,0.3039,0.1596,0.2661,0.1734,0.3402,2.8325,0.0436,6,6,6,4,0,0
3266.0,0.102631579,2.57097066,3.301848606,1.284280936,14.4,8.4,30.48,0.07,5.414,7.429,3.559,1.451,,,0.78,,0.1968,0.0258,0.3267,0.056,0.2389,0.4624,0.2737,6,6,6,4,1,0
3271.0,0.328058824,9.340027682,10.68442561,1.143939394,15.1,7.6,23.41,0.02,3.321,1.931,0.896,0.461,,,2.86,,0.5619,,0.7894,0.0145,0.8786,,0.9248,6,6,6,4,0,0
3273.0,0.2,234.2,2940.3,12.55465414,19.4,97.5,56.53,1.54,192.045,181.514,56.574,26.314,,3.263,2.5,5.4521,0.2363,2.7976,0.1069,20.3343,0.0269,200.1462,0.0571,6,6,6,4,1,0
3275.0,0.272468354,18.80721439,21.94175012,1.166666667,13.9,9.2,32.7,0.07,2.363,3.664,1.73,0.73,,,2.87,0.0437,0.4649,0.0194,0.6423,0.0343,0.5332,0.5785,0.7931,6,6,6,4,1,0
3277.0,0.437222899,56.81272979,603.7266908,10.62660944,18.4,89.0,46.27,0.08,6.842,5.883,2.076,0.835,,,6.41,0.241,0.293,0.1167,0.3216,0.2043,0.1703,4.8542,0.0506,6,6,6,4,0,0
3279.0,0.426867089,9.403607194,47.3479871,5.035087719,18.3,20.2,34.8,0.01,5.706,3.927,1.898,,,,2.87,,0.3179,0.0437,0.3981,0.0556,0.3501,,0.2121,6,6,6,4,0,0
3281.0,0.22421875,84.54083887,538.937793,6.374881066,16.3,34.2,45.86,0.44,26.092,29.811,12.555,4.801,,1.227,2.87,3.3564,0.1538,1.6565,0.2252,8.3467,0.1087,54.6765,0.0606,6,6,6,4,1,0
3285.0,0.083111111,0.543753086,0.639358025,1.175824176,15.2,7.5,23.51,0.02,1.448,1.943,0.801,0.176,,,0.77,,0.7491,0.0317,0.8213,0.0581,0.7011,,2.3816,6,6,6,4,0,0
3288.0,0.2529,2.36883,16.58181,7.0,17.6,66.8,42.66,0.01,1.192,0.93,0.37,,,,2.81,0.0263,0.0834,0.0107,0.2542,0.0149,0.1319,0.5181,0.1329,6,6,6,4,0,0
3290.0,0.091485149,0.988069797,0.348730517,0.352941176,12.5,8.1,19.36,0.03,0.93,1.244,0.809,0.475,,,0.77,,0.7852,0.0221,1.0151,0.0293,0.8026,,0.9672,6,6,6,4,0,0
3296.0,0.61,429.1,628.7,1.465159636,13.2,27.6,41.4,0.31,18.901,23.878,14.808,8.186,,1.624,4.2,2.2115,0.3709,0.7176,0.4712,0.8046,0.4152,27.5376,0.4232,6,6,6,4,1,0
3297.0,0.5810181,351.4627229,1125.696816,3.202891069,14.5,46.7,49.81,0.27,7.026,9.086,4.575,1.568,,,8.42,0.1892,0.2498,0.0991,0.2677,0.233,0.1785,4.235,0.0582,5,5,5,5,1,0
3298.0,0.15,30.8,411.4,13.35714286,18.0,46.8,54.45,0.36,25.435,20.573,8.739,3.574,,,2.2,0.6162,0.4837,0.3218,0.346,1.8594,0.3808,33.0417,0.294,5,5,5,5,1,0
3299.0,0.185,98.568,1757.796,17.83333333,19.6,10.6,57.3,0.68,44.796,39.799,12.94,,1.35,,3.7,0.4157,0.1793,0.2142,0.0979,3.8476,0.0529,29.1922,0.0704,5,5,5,5,0,0
3300.0,0.296,158.804,2573.72,16.20689655,18.6,10.8,54.69,0.54,52.827,46.375,18.176,7.42,,,3.7,0.9083,0.2767,0.4921,0.2585,3.9041,0.094,56.3377,0.1408,5,5,5,5,1,0
3301.0,0.562738095,513.1364052,2995.978579,5.838561732,17.1,58.1,44.46,0.43,22.837,26.098,9.297,3.626,,,8.15,0.319,0.0553,0.1055,0.1782,0.6178,0.0545,14.9466,0.142,5,5,5,5,0,0
3302.0,0.056341463,5.643307555,137.9083284,24.4375,20.5,161.1,60.65,0.41,76.757,53.93,19.021,,,,0.77,0.8702,0.346,0.4696,0.3273,5.7672,0.1697,61.6649,0.1291,5,5,5,5,0,0
3303.0,0.056341463,4.937894111,323.0793575,65.42857143,24.8,300.4,62.09,0.37,143.629,86.275,26.793,8.91,1.34,,0.77,3.3807,0.1831,1.4623,0.1398,13.3465,0.1322,168.1916,0.098,5,5,5,5,1,0
3304.0,0.180954654,43.76331019,62.00510421,1.416828479,14.6,20.4,31.83,0.35,10.989,16.98,7.463,3.432,,,2.23,0.5371,0.2666,0.2046,0.3516,0.2248,0.4047,5.1349,0.065,5,5,5,5,0,0
3305.0,0.538867925,305.4716625,10744.10228,35.17217339,22.3,200.4,54.18,0.28,56.425,37.647,10.773,4.222,,,8.16,1.4559,0.2222,0.9784,0.246,10.3359,0.0711,75.2597,0.0679,5,5,5,5,1,0
3306.0,1.240166205,1491.160672,5012.694961,3.361606199,13.6,58.1,47.25,0.26,26.124,38.208,13.71,9.101,,,7.4,1.6771,0.2636,0.4019,0.5905,0.8029,0.3965,46.1919,0.3602,5,5,5,5,0,0
3307.0,0.666845992,128.5524793,652.0625761,5.072345391,16.7,53.5,42.55,0.08,5.723,5.664,2.322,0.958,,,8.21,0.1132,0.1777,0.0547,0.2308,0.0965,0.2563,1.3728,0.2402,5,5,5,5,1,0
3309.0,0.6035,69.31375,30.246,0.436363636,12.9,8.8,19.92,0.05,3.309,5.796,3.811,1.306,,,3.55,0.0862,0.1375,0.0344,0.3864,0.0379,0.1602,0.8132,0.241,5,5,5,5,1,0
3312.0,1.7168,1001.65623,2820.75605,2.816091954,13.4,50.4,46.37,0.09,7.363,16.396,5.988,2.531,,,10.73,0.6762,0.3102,0.257,0.1784,0.2595,0.2495,6.8045,0.118,5,5,5,5,0,0
3313.0,0.244173913,7.408514178,38.45371645,5.19047619,17.2,51.6,43.06,0.03,5.382,4.89,2.214,0.817,,,2.16,0.1404,0.4493,0.0431,0.4129,0.0533,0.4958,2.3499,0.0783,5,5,5,5,1,0
3314.0,0.933049645,359.279498,13579.90103,37.79759519,21.6,228.5,60.68,0.11,46.401,37.246,11.856,4.048,,,8.58,4.5556,0.2126,2.197,0.2385,9.6149,0.1318,121.8529,0.2209,5,5,5,5,1,0
3315.0,0.521978022,183.4003479,334.4459455,1.82358403,13.7,30.9,40.21,0.18,8.209,10.058,5.536,3.287,,,4.75,0.1275,0.2338,0.0413,0.2846,0.0728,0.1899,3.6452,0.177,5,5,5,5,0,0
3316.0,1.274440559,1986.922024,9485.787889,4.774111804,14.4,71.8,48.39,0.33,33.256,52.366,23.072,8.838,,,8.61,1.3106,0.0858,0.4279,0.2103,1.1937,0.1088,25.9466,0.1196,5,5,5,5,1,0
3317.0,0.288,40.176,117.936,2.935483871,16.0,33.2,33.56,0.14,9.171,6.656,2.716,2.199,,,3.6,,0.2967,0.0457,0.1739,0.0949,0.0922,1.6669,0.1657,5,5,5,5,0,0
3318.0,0.1552,3.01088,252.91392,84.0,26.9,28.1,54.25,0.03,4.449,2.664,0.527,,,,3.88,0.3159,0.0212,0.1158,0.1279,0.5036,0.0431,5.5125,0.0704,5,5,5,5,0,0
3319.0,1.080871935,216.3097387,189.8660054,0.877750611,12.8,17.8,35.19,0.05,1.975,5.308,1.852,0.747,,,8.44,0.0521,0.4258,0.0215,0.3859,0.042,0.2345,0.4619,0.1216,5,5,5,5,1,0
3320.0,0.3276,27.82416,9.27472,0.333333333,12.2,7.4,18.91,0.06,0.665,1.992,1.006,0.498,,,3.64,,0.3149,0.0021,0.9363,0.0031,1.2594,0.0679,0.7667,5,5,5,5,0,0
3322.0,0.146,34.6385,704.76025,20.34615385,21.9,121.2,45.87,0.4,25.108,23.935,5.89,2.137,,,3.65,0.4068,0.3004,0.1313,0.248,0.4346,0.3915,18.0951,0.0971,5,5,5,5,1,0
3323.0,0.227,48.43726,592.06821,12.22340426,17.8,8.1,53.29,0.23,41.897,31.538,13.719,6.182,,,2.27,0.9975,0.1509,0.2817,0.403,2.966,0.1325,36.4901,0.098,5,5,5,5,1,0
3324.0,1.6305,189.05104,791.65123,4.1875,17.7,40.0,36.24,0.02,5.685,7.024,2.094,1.222,,,10.87,,0.4098,0.064,0.4779,0.0751,0.3789,1.1631,0.1523,5,5,5,5,0,0
3325.0,0.549,52.24284,80.3736,1.538461538,14.3,23.3,36.38,0.05,4.234,7.41,2.999,1.318,,,3.66,0.0836,0.3648,0.0445,0.292,0.0557,0.3526,0.9324,0.2447,5,5,5,5,1,0
3326.0,0.201567568,41.00257414,61.63444266,1.503184713,13.8,25.3,40.17,0.27,7.89,13.058,5.726,2.612,,,2.26,0.1613,0.5837,0.0618,0.4005,0.2327,0.2391,2.6519,0.2965,5,5,5,5,1,0
3327.0,0.212837838,11.94439372,111.7152118,9.352941176,20.0,66.1,38.15,0.07,18.211,11.122,4.514,1.856,,,2.25,0.6387,0.1601,0.2534,0.2607,0.413,0.1678,8.1645,0.1712,5,5,5,5,0,0
3328.0,0.546860304,61.42948488,422.7668708,6.882149047,19.5,51.3,37.94,0.05,6.6,5.846,2.0,0.837,,,7.46,0.2029,0.4372,0.0746,0.4073,0.1294,0.3469,1.5481,0.3181,5,5,5,5,1,0
3329.0,0.741747344,270.2718658,561.8439679,2.078810409,15.0,28.0,36.84,0.13,6.166,7.637,3.205,1.648,,,8.49,0.1259,0.7303,0.0403,1.1396,0.0759,0.8338,1.4039,0.8051,5,5,5,5,1,0
3330.0,1.389972452,262.8120089,131.1970919,0.499205087,13.2,9.5,20.38,0.04,3.505,9.083,2.742,1.75,,,7.42,0.0536,0.3301,0.0233,0.7872,0.0309,0.4468,,0.1963,5,5,5,5,0,0
3331.0,0.536875,93.24601639,2096.873425,22.48753894,21.0,143.1,51.44,0.09,11.673,8.817,2.692,1.091,,,8.59,0.5678,0.0754,0.2554,0.0417,0.6743,0.0535,8.7215,0.0529,5,5,5,5,0,0
3332.0,0.966793349,1132.607423,5738.036524,5.066218362,14.9,70.2,50.83,0.32,19.582,31.268,11.677,5.763,,,8.66,0.923,0.3003,0.3485,0.3446,0.9876,0.2161,25.7408,0.1841,5,5,5,5,1,0
3333.0,0.552359882,129.8511725,2704.039476,20.82414369,19.7,151.0,48.76,0.11,16.071,13.331,4.145,1.734,,,7.49,0.9103,0.1375,0.3463,0.2969,0.7664,0.1279,19.5127,0.0384,5,5,5,2,0,0
3334.0,0.571792657,442.8751839,1509.194788,3.407720376,16.1,39.0,40.17,0.36,13.956,14.937,6.862,2.544,,,8.54,0.5383,0.5073,0.1982,0.5345,0.3815,0.413,7.457,0.3574,5,5,5,5,1,0
3336.0,0.939482353,1568.998962,2682.815121,1.709889672,13.1,33.1,46.84,0.47,14.251,24.92,14.251,3.067,,,8.68,0.4792,0.239,0.1255,0.3354,0.3815,0.2826,9.4142,0.0707,5,5,5,5,1,0
3337.0,0.561255116,126.0029221,4470.292098,35.47768595,22.1,206.6,49.38,0.11,25.658,17.289,5.363,2.121,,,7.48,0.8389,0.1887,0.3472,0.1389,1.1075,0.0469,27.305,0.08,5,5,5,5,0,0
3338.0,0.367,17.50957,28.28469,1.615384615,15.9,18.5,24.69,0.04,3.129,3.48,1.543,0.623,,,3.67,,0.4992,0.0242,0.3821,0.0383,0.4774,,1.5357,5,5,5,5,0,0
3339.0,0.97741784,125.7605061,578.7073927,4.601662404,16.0,53.0,42.46,0.03,5.406,5.934,2.096,1.212,,,7.64,0.1209,0.5362,0.0554,0.1565,0.0662,0.2379,1.8881,0.1923,5,5,5,5,0,0
3340.0,1.51057634,1018.004148,1349.003299,1.325145189,12.6,28.5,42.93,0.12,5.44,11.488,6.289,3.415,,,8.84,,0.2873,0.1349,0.3883,0.1142,0.4448,3.0163,0.3279,5,5,5,5,0,0
3341.0,1.254513274,2352.828631,21210.61467,9.014942435,16.4,99.8,50.1,0.4,83.901,71.915,33.929,15.387,,,8.86,1.5394,0.4154,0.5102,0.3701,6.2339,0.2642,61.502,0.2416,5,5,5,5,0,0
3342.0,0.6657082,550.6128936,474.5508957,0.861859396,12.6,18.6,36.72,0.33,3.656,6.488,3.043,1.958,,,8.93,0.0382,0.1106,0.014,0.4487,0.052,0.291,0.8571,0.1551,5,5,5,5,1,0
3343.0,0.1955,33.63382,484.63277,14.40909091,20.1,6.9,52.37,0.25,12.18,11.603,3.16,1.731,,,3.91,,0.4858,0.0256,0.1385,0.2704,0.4239,,-10.0491,5,5,5,5,0,0
3344.0,0.6272,245.8624,808.27264,3.2875,15.2,2.9,47.79,0.17,26.416,41.272,13.38,,,,3.92,0.7389,0.4169,0.1988,0.2234,0.4086,0.394,10.6102,0.3096,5,5,5,5,1,0
3345.0,0.58,294.6,2141.1,7.267820774,17.1,72.0,51.26,0.23,11.767,13.954,4.584,1.714,,,9.05,0.4156,0.0495,0.2374,0.3015,1.0361,0.1356,7.179,0.1612,5,5,5,5,0,0
3346.0,0.50013986,678.951102,14640.12243,21.56285244,21.5,133.8,48.23,0.71,77.256,62.665,17.382,7.527,1.05,,8.94,0.2761,0.4638,0.1884,0.2088,3.1467,0.0268,65.3894,0.078,5,5,5,5,0,0
3348.0,0.969235096,928.7994406,9069.612558,9.764877283,17.5,92.0,50.0,0.26,43.284,40.684,15.491,6.828,,,9.07,1.3741,0.324,0.6579,0.0889,2.4391,0.0782,46.7893,0.0676,5,5,5,5,0,0
3349.0,0.2292,21.8886,550.13348,25.13333333,17.7,15.3,86.26,0.1,6.501,7.083,1.292,,,,3.82,0.2918,0.11,0.1281,0.1139,2.5003,0.0334,10.0357,0.0563,5,5,5,5,0,0
3351.0,0.3056,156.13868,1774.43584,11.36448598,18.4,6.5,64.6,0.48,50.373,57.605,16.213,6.379,1.35,,3.82,0.4909,0.7354,0.3875,0.2657,4.7905,0.118,34.095,0.1803,5,5,5,5,1,0
3352.0,0.304,67.868,2103.908,31.0,20.0,14.9,52.15,0.21,35.243,23.329,9.053,3.425,,,3.8,2.1766,0.4639,1.4442,0.1624,,,78.3566,0.2753,5,5,0,5,0,0
3353.0,1.127956204,1055.67058,2470.359002,2.340085106,13.2,44.1,57.03,0.22,10.919,11.206,7.858,3.996,,,9.09,0.7393,0.3,0.2982,0.2401,0.6716,0.3084,13.7787,0.1469,5,5,5,5,0,0
3354.0,1.008888889,1118.625004,1123.418831,1.004285464,12.7,21.1,59.42,0.29,7.098,11.181,9.318,3.223,,,9.08,0.2765,0.1484,0.1187,0.1702,0.2587,0.1524,1.5297,0.2894,5,5,5,5,1,0
3356.0,0.38,739.328,11979.424,16.203125,21.1,7.1,48.74,1.42,332.568,306.882,104.865,39.428,8.29,,3.8,4.7935,0.4017,3.1189,0.1549,,,563.4967,0.0655,5,5,0,5,1,0
3358.0,1.200445104,1351.71825,13957.21245,10.32553378,15.5,127.6,57.18,0.25,35.493,34.016,17.288,7.488,,,8.99,1.2876,0.4499,1.1379,0.3129,6.0416,0.2228,,0.2636,5,5,5,5,0,0
3361.0,1.046257796,525.525048,458.3982472,0.872267172,12.7,17.9,35.78,0.13,3.781,7.046,3.444,1.687,,,9.15,,0.2786,0.0402,0.1436,0.0666,0.107,0.9453,0.0772,5,5,5,5,0,0
3363.0,0.3216,95.34636,342.60048,3.593220339,15.5,2.9,53.83,0.23,11.244,15.882,5.909,2.57,,,4.02,0.1534,0.2267,0.0656,0.2616,0.7208,0.1696,4.5834,0.1498,5,5,5,5,0,0
3364.0,0.970474138,770.3618423,140.2555291,0.182064481,9.8,8.2,33.71,0.22,0.889,6.494,3.113,2.003,,,7.11,,0.6954,0.0063,0.6204,0.0111,0.5251,0.4413,0.7073,5,5,5,5,0,0
3367.0,1.1052,347.77881,661.62798,1.902439024,16.4,1.3,25.44,0.07,10.551,11.579,4.906,2.148,,,9.21,0.1432,0.1059,0.0434,0.1762,0.1099,0.0971,1.6683,0.3748,5,5,5,5,0,0
3368.0,0.849500734,73.53742941,185.8339028,2.527065527,14.9,34.8,40.31,0.03,2.42,2.944,1.322,0.556,,,6.97,0.0413,0.6822,0.0171,0.2028,0.0399,0.2311,0.8665,0.2205,5,5,5,5,1,0
3369.0,1.152727273,289.436286,1340.630167,4.631866257,15.8,55.3,43.42,0.06,7.142,7.856,3.551,1.413,,,9.51,0.1787,0.2683,0.0618,0.3714,0.0811,0.2116,2.3628,0.4447,5,5,5,5,0,0
3371.0,0.564,50.89536,458.05824,9.0,18.9,79.2,47.2,0.04,2.148,1.733,0.577,0.379,,,11.28,0.121,0.1636,0.0508,0.328,0.1079,0.0721,0.8736,0.4974,5,5,5,5,0,0
3372.0,0.3483,181.22049,891.12555,4.917355372,15.0,4.3,54.24,0.41,19.597,27.343,10.689,4.795,,,3.87,0.5994,0.0475,0.1983,0.2005,1.409,0.0905,10.8012,0.3911,5,5,5,5,0,0
3373.0,0.619236641,38.57229765,387.4877222,10.04575163,21.8,60.0,32.08,0.03,11.399,5.603,2.818,1.465,,,6.24,0.0712,0.2909,0.0226,0.3555,0.0412,0.1561,0.5447,0.1733,5,5,5,5,0,0
3374.0,0.743221601,427.8049454,10646.3943,24.88609451,19.9,177.5,53.63,0.21,57.117,38.714,14.052,5.892,,,7.46,1.2183,0.1328,0.4102,0.2193,3.4671,0.0793,44.5991,0.4873,5,5,5,5,0,0
3376.0,0.511675127,88.36135948,128.7784998,1.457407407,12.7,30.5,46.99,0.09,2.125,3.63,1.234,,,,5.04,0.0869,0.1797,0.0416,0.2336,0.0801,0.137,0.741,0.3194,5,5,5,5,0,0
3377.0,0.798826531,3269.93196,543523.669,166.2186479,25.1,782.0,81.11,1.37,602.616,381.856,115.653,39.026,8.46,,9.21,18.0792,0.3087,,,,,1219.8978,0.481,5,0,0,5,1,0
3378.0,0.845939086,114.1760771,200.7527571,1.758273381,15.6,21.6,24.52,0.04,10.385,9.426,4.275,2.118,,,5.05,,0.6122,0.0246,0.6818,0.0378,0.7014,0.4862,1.2185,5,5,5,5,1,0
3380.0,0.817443038,63.22161256,133.4006275,2.110047847,16.7,22.0,25.9,0.03,3.793,4.322,1.69,0.654,,,6.87,0.1051,0.2792,0.0453,0.1918,0.0746,0.1875,,0.3569,5,5,5,5,0,0
3382.0,0.399,14.32809,63.6804,4.444444444,19.0,2.3,29.46,0.02,5.3,3.762,1.447,0.691,,,3.99,0.1319,0.3182,0.04,0.414,0.05,0.6693,0.9704,0.5749,5,5,5,5,0,0
3384.0,0.461161616,197.2926659,221.6150425,1.123280693,12.9,22.5,40.57,0.25,7.801,13.636,5.875,3.863,,,3.97,0.1316,0.1366,0.0501,0.1737,0.108,0.1238,1.7434,0.4338,5,5,5,5,0,0
3385.0,0.977807653,176.444347,95.5740213,0.541666667,13.3,9.9,20.66,0.05,1.637,2.595,1.216,0.713,,,9.27,,0.3866,0.0035,0.7379,0.0062,0.4279,0.1316,0.4417,5,5,5,5,0,0
3386.0,1.274984488,94.93073461,225.8855234,2.379477251,17.1,23.5,26.43,0.02,3.768,3.555,1.224,0.828,,,9.27,,0.443,0.0189,0.2019,0.0333,0.114,,0.4973,5,5,5,5,0,0
3387.0,0.945151079,362.326933,6150.692302,16.97553161,18.7,137.1,48.02,0.11,40.143,26.628,6.557,4.806,,,7.14,0.9585,0.121,0.3614,0.2891,0.9785,0.1793,19.6054,0.5415,5,5,5,5,1,0
3388.0,0.33,95.8,53.3,0.556367432,13.4,9.9,20.75,0.23,9.779,31.996,8.144,6.299,,,2.5,0.4714,0.5321,0.2657,0.841,0.3513,0.8004,11.6089,0.6557,5,5,5,5,1,0
3390.0,0.5213,85.22453,284.61777,3.339622642,15.3,2.7,40.85,0.08,9.606,11.197,4.574,2.407,,,4.01,0.2662,0.2174,0.0937,0.3391,0.0881,0.3112,3.6507,0.4176,5,5,5,5,0,0
3391.0,0.4692,50.45073,1207.7599,23.93939394,20.8,10.0,49.78,0.06,26.197,19.69,6.673,2.081,,,3.91,1.0027,0.3688,0.326,0.3707,1.2482,0.2445,34.1033,0.2484,5,5,5,5,0,0
3392.0,1.103986928,746.4306122,2861.040275,3.832962138,15.6,47.0,42.24,0.16,18.1,20.799,8.533,3.952,,,9.31,0.3744,0.6588,0.1573,0.5654,0.383,0.3809,,0.2767,5,5,5,5,1,0
3393.0,0.3136,9.21984,112.17472,12.16666667,18.6,6.1,50.46,0.02,3.395,2.259,1.013,,,,3.92,0.0931,0.6658,0.0289,0.4395,0.1343,0.2573,0.9952,0.8175,5,5,5,5,0,0
3394.0,0.3224,30.85771,238.74123,7.736842105,16.5,5.2,49.06,0.09,5.747,7.608,2.31,0.97,,,4.03,0.1544,0.124,0.0572,0.1792,0.267,0.1458,2.7361,0.5365,5,5,5,5,0,0
3395.0,0.312,27.378,15.21,0.555555556,13.3,0.6,20.66,0.07,1.321,2.164,1.096,0.508,,,3.9,,0.9875,0.0047,0.9639,0.008,1.2149,0.1435,0.9406,5,5,5,5,0,0
3396.0,0.3136,52.24576,129.07776,2.470588235,14.0,2.5,48.26,0.13,3.939,6.764,2.552,1.26,,,3.92,0.136,0.1094,0.0515,0.1317,0.156,0.0579,1.8707,0.6208,5,5,5,5,0,0
3397.0,0.376804124,203.2583165,5508.784143,27.10238005,22.7,150.2,72.49,0.39,28.79,21.831,6.244,2.096,,,9.35,0.5512,1.4157,0.0435,1.0876,2.267,0.0463,8.939,0.555,5,5,5,5,1,0
3398.0,0.393,21.62286,332.06535,15.35714286,21.1,5.9,45.98,0.04,14.182,7.338,3.544,,,,3.93,0.2522,0.1647,0.0832,0.2426,0.3356,0.1541,3.6769,0.6227,5,5,5,5,0,0
3399.0,0.48122449,71.98238544,363.7928091,5.053914328,16.5,54.8,41.95,0.08,13.219,13.648,5.957,2.262,,,3.93,0.166,0.6335,0.0673,0.682,0.1656,0.378,,0.1893,5,5,5,5,0,0
3400.0,0.814185393,886.7762953,809.6719778,0.913050994,13.4,16.6,36.8,0.36,7.6,12.604,5.227,3.097,,,9.35,0.0867,0.5141,0.0152,0.9846,0.0855,0.4863,0.2488,3.0903,5,5,5,5,0,0
3401.0,0.349981447,231.4175213,2131.135809,9.209051229,16.2,103.8,58.8,0.5,36.451,41.393,15.121,6.027,,,3.93,1.5646,0.1778,0.6304,0.3214,5.0527,0.113,46.0257,0.4043,5,5,5,5,1,0
3402.0,0.4704,6.14656,141.37088,23.0,21.6,8.5,47.26,0.01,4.459,5.465,0.971,0.761,,,3.92,0.0775,0.2709,0.0499,0.2435,0.1042,0.2887,1.9809,0.8347,5,5,5,5,1,0
3404.0,0.6321,143.77824,1984.60566,13.80324074,18.8,111.0,48.12,0.1,30.558,23.629,8.574,3.682,,,5.16,0.5381,0.3483,0.2227,0.1925,0.8586,0.2288,14.3388,0.7,5,5,5,5,1,0
3406.0,0.271150278,48.22730543,1918.619695,39.78285078,23.0,212.3,51.24,0.17,42.398,27.316,8.056,3.195,,,3.95,0.9926,0.0779,0.3342,0.4251,1.4716,0.3311,25.8896,0.5603,5,5,5,5,0,0
3408.0,1.192951807,1557.325978,10973.26324,7.046221148,17.1,70.4,44.48,0.29,58.406,54.79,22.241,9.478,,,9.43,0.9619,0.3501,0.2783,0.269,1.2239,0.1538,32.9471,0.4738,5,5,5,5,0,0
3409.0,1.203288521,1015.991874,2266.745247,2.231066315,13.4,39.8,45.93,0.19,9.786,19.458,7.242,3.212,,,9.46,0.2723,0.1943,0.089,0.2472,0.384,0.0866,5.5782,0.7741,5,5,5,5,0,0
3411.0,0.415081633,847.5797518,50267.55472,59.30716799,24.8,285.7,58.55,1.29,137.427,96.173,25.445,7.605,2.15,,9.46,1.4933,0.2522,1.0076,0.1001,,,156.0737,0.1157,5,5,0,5,0,0
3414.0,0.785102459,792.0666483,27131.97012,34.25465544,22.1,199.5,55.49,0.34,102.46,52.212,19.098,10.925,1.38,,9.46,1.7611,0.1952,1.2981,0.2527,11.2393,0.1781,97.9645,0.3261,5,5,5,5,1,0
3415.0,0.978098859,2945.802981,61872.81354,21.00371747,25.6,94.1,37.28,0.82,597.18,367.945,106.858,38.143,,,9.44,19.7671,0.0989,,,,,1430.7165,0.164,5,0,0,5,0,0
3416.0,0.934011628,544.0202474,11583.32137,21.29207768,18.6,175.4,52.02,0.17,32.652,24.789,9.625,4.283,,,9.45,1.0726,0.1958,0.3853,0.2127,2.615,0.2558,44.8276,0.0616,5,5,5,5,0,0
3419.0,0.1148,26.08912,392.81608,15.05670103,18.3,129.7,52.77,0.54,27.346,28.237,10.249,2.965,,,2.05,,0.215,0.0074,0.6005,0.067,0.3957,1.0231,0.4945,5,5,5,5,0,0
3420.0,0.497407407,188.2478128,4811.496144,25.55937342,21.5,157.4,48.91,0.2,22.124,14.863,4.265,1.887,,,9.48,0.5171,0.0571,0.1523,0.335,0.9256,0.1653,16.4699,0.0592,5,5,5,5,1,0
3421.0,0.071317829,0.980710294,139.1166396,141.8529412,27.7,543.6,70.71,0.05,6.799,3.234,0.913,,,,2.0,0.7088,0.1086,0.3816,0.3477,1.8414,0.2431,9.8022,0.0449,5,5,5,5,0,0
3422.0,0.729380531,88.84087678,353.1774619,3.975393701,17.0,39.4,40.5,0.04,3.348,5.06,0.924,,,,9.51,0.0323,0.2705,0.0113,0.6118,0.0407,0.4812,0.8082,0.285,5,5,5,5,0,0
3423.0,0.649079628,1024.729047,40731.40793,39.74846626,25.4,180.4,52.49,0.64,169.315,122.236,33.876,11.307,2.78,,9.51,0.8059,0.2152,0.1737,0.7168,,,48.3685,1.2377,5,5,0,5,1,0
3426.0,0.133486778,42.34604855,495.6843875,11.70556414,18.3,101.7,64.65,0.65,11.118,10.154,3.732,,,,4.13,0.1354,1.0351,0.247,0.6353,2.3333,0.5546,6.7926,0.1599,5,5,5,5,1,0
3427.0,0.251154599,104.5293676,1296.426713,12.40251177,19.0,98.9,55.63,0.45,32.426,30.375,10.046,2.802,,,4.14,0.6169,0.2493,0.3181,0.4444,2.4861,0.3867,24.5994,0.1555,5,5,5,5,1,0
3428.0,0.485601966,182.2245238,16193.28269,88.86445332,26.0,380.8,53.63,0.2,126.63,65.967,20.071,6.932,,,5.49,5.1228,0.2203,1.9486,0.2489,11.4793,0.1028,176.1038,0.1046,5,5,5,5,0,0
3430.0,0.32,156.8,100.8,0.642857143,11.2,1.2,42.25,0.37,2.431,3.342,3.406,2.374,,,4.0,0.0684,0.1688,0.0252,0.2782,0.0553,0.2528,1.3607,0.0619,5,5,5,5,0,0
3431.0,0.42406308,30.94019331,516.4632268,16.69230769,20.9,107.8,47.15,0.05,17.705,10.577,3.903,1.805,,,4.01,0.8006,0.1253,0.3486,0.3445,0.5054,0.2112,7.3434,0.1301,5,5,5,5,0,0
3433.0,0.561928105,62.24296104,216.7832415,3.482855537,15.9,40.8,40.2,0.05,4.886,5.251,1.878,0.874,,,5.43,0.1254,0.13,0.041,0.3792,0.0667,0.1233,1.265,0.1708,5,5,5,5,0,0
3434.0,0.365454545,79.48895811,2753.966989,34.64590623,21.3,214.3,50.86,0.16,47.475,33.913,10.207,4.183,,,4.02,2.4783,0.3866,0.8561,0.2949,2.6638,0.4189,56.8435,0.1407,5,5,5,5,0,0
3435.0,0.500946197,294.830689,5067.409455,17.1875237,18.0,152.5,52.93,0.32,82.306,64.008,23.147,11.203,1.25,,4.03,4.749,0.3445,1.5437,0.3593,6.0807,0.2571,100.1916,0.0635,5,5,5,5,1,0
3436.0,0.4728,40.36136,13.97124,0.346153846,12.3,0.5,19.08,0.04,0.384,2.688,1.042,0.391,,,3.94,,0.7439,0.0105,0.4874,0.0128,0.4598,,1.2123,5,5,5,5,0,0
3440.0,1.102455969,3384.482569,581.379151,0.171777854,9.8,8.0,37.59,0.75,2.775,8.014,4.625,,,,9.63,0.0537,0.4822,0.0053,1.3094,0.0202,1.2451,0.8541,0.7599,5,5,5,5,0,0
3441.0,0.87594702,1676.901751,2202.360014,1.313350656,13.2,24.8,39.56,0.58,20.219,40.949,16.86,9.112,1.51,,7.69,0.1273,0.3589,0.023,0.5878,0.0846,0.3677,6.9546,0.1991,5,5,5,5,0,0
3443.0,1.171324503,3241.761068,3751.450396,1.157226062,11.7,31.0,45.41,0.63,14.359,48.893,19.473,,,,7.69,0.4506,0.4259,0.1254,0.5026,0.2125,0.3103,10.6563,0.1976,5,5,5,5,0,0
3444.0,0.3272,41.82025,65.23959,1.56,14.0,24.8,36.88,0.1,2.811,3.947,1.949,0.787,,,4.09,0.0638,0.148,0.024,0.3481,0.0462,0.0961,0.5391,0.3078,5,5,5,5,0,0
3446.0,0.681646489,49.03660571,34.46630279,0.702868852,13.9,11.3,21.58,0.03,3.159,4.18,1.99,1.061,,,4.14,,0.4209,0.0051,0.2717,0.0048,0.5204,,0.7082,5,5,5,5,0,0
3447.0,0.116182573,24.31087619,644.1004804,26.49433428,21.2,168.7,49.74,0.47,52.662,48.137,14.133,4.631,,,2.0,2.2092,0.2155,0.716,0.3955,2.7287,0.1635,66.212,0.0639,5,5,5,5,0,0
3448.0,0.551700224,143.3836018,671.7453748,4.684952576,13.6,80.8,57.89,0.12,1.883,9.093,3.522,,,,5.42,1.0768,0.398,0.4244,0.4278,0.6566,0.4333,20.516,0.1829,5,5,5,5,1,0
3449.0,0.156521739,6.922915354,50.57760975,7.305825243,17.7,67.2,43.25,0.08,7.432,5.681,2.123,0.818,,,2.0,0.2319,0.1198,0.0983,0.206,0.1825,0.0211,2.9308,0.1031,5,5,5,5,0,0
3451.0,0.408,24.9696,68.25024,2.733333333,15.2,36.9,41.91,0.04,2.761,3.289,1.198,0.595,,,4.08,0.105,0.0963,0.0486,0.2353,0.0948,0.1106,1.07,0.1595,5,5,5,5,0,0
3452.0,0.5698,66.2596,34.78629,0.525,13.2,0.6,20.47,0.06,3.136,5.702,1.976,1.489,,,4.07,,0.5076,0.0418,0.3602,0.0518,0.3229,,0.7439,5,5,5,5,0,0
3455.0,0.94,412.4,4509.0,10.93355965,18.3,92.9,49.23,0.12,19.872,17.961,6.261,2.743,,,9.95,0.7928,0.3915,0.3614,0.4168,0.9252,0.3763,17.7998,0.1071,5,5,5,5,1,0
3457.0,1.2036,281.68252,1418.47269,5.035714286,17.4,2.7,37.4,0.06,10.779,9.427,3.902,1.607,,,10.03,0.2556,0.1989,0.1052,0.3426,0.1192,0.1576,3.1396,0.1436,5,5,5,5,0,0
3458.0,0.828,53.56125,396.35325,7.4,17.5,3.9,46.81,0.02,1.994,2.186,0.735,0.296,,,10.35,0.104,0.0905,0.033,0.5657,0.0519,0.2668,0.742,0.2019,5,5,5,5,1,0
3459.0,0.2045,20.07372,1490.47371,74.25,25.2,19.3,54.53,0.13,22.147,15.205,3.688,1.287,,,4.09,1.0086,0.0685,0.3947,0.1311,2.8233,0.0306,28.651,0.0757,5,5,5,5,0,0
3460.0,1.914409222,936.9389114,1754.170166,1.872235367,13.5,33.3,42.85,0.07,8.09,10.205,6.259,,,,10.22,,1.2957,0.0372,1.5551,0.0988,0.9755,1.9567,1.4719,5,5,5,5,0,0
3461.0,1.257888676,469.6439639,2806.08164,5.974912605,16.5,64.0,44.28,0.08,11.949,13.49,5.852,1.802,,,10.24,0.1294,0.599,0.0467,0.515,0.0471,0.5502,3.0105,0.342,5,5,5,5,0,0
3462.0,0.781684211,457.0243546,1214.717474,2.657883462,13.7,45.3,45.14,0.2,3.521,5.393,2.422,1.109,,,11.28,0.1096,0.0938,0.0404,0.2475,0.0651,0.3106,1.2492,0.0565,5,5,5,5,0,0
3463.0,1.001132572,1067.210855,1167.427673,1.093905358,12.0,26.5,44.95,0.28,3.495,7.027,3.938,1.719,,,11.29,,0.4367,0.027,0.2554,0.0535,0.552,0.9063,0.3767,5,5,5,5,1,0
3464.0,0.361302682,60.95139531,219.8692033,3.607287449,16.0,41.2,39.6,0.13,9.135,9.784,3.891,,,,4.1,0.2535,0.3048,0.0821,0.2025,0.2359,0.1596,5.3391,0.2169,5,5,5,5,1,0
3465.0,0.447202073,210.0672797,269.3738731,1.2823219,11.9,32.5,45.64,0.28,4.486,8.28,5.365,,,,4.11,0.075,0.3084,0.0189,0.2981,0.0191,0.3799,1.9473,0.1325,5,5,5,5,1,0
3468.0,0.2502,205.18902,3498.64668,17.05084746,19.6,7.2,49.39,0.81,81.322,61.159,17.984,6.495,1.4,,4.17,,3.4717,1.2633,0.8199,,,,0.5035,5,5,0,5,1,0
3469.0,0.5004,62.60004,59.12226,0.944444444,14.6,0.8,22.68,0.06,5.128,7.92,3.136,1.284,,,4.17,,0.4163,0.042,0.3328,0.0733,0.1359,,0.4027,5,5,5,5,0,0
3470.0,1.431423488,654.9870233,302.2129735,0.461402994,13.0,8.9,20.11,0.09,3.756,6.027,3.444,1.353,,,11.02,0.1024,0.1388,0.0268,0.4874,0.0392,0.2881,0.8856,0.1887,5,5,5,5,1,0
3471.0,1.254066852,2436.001099,15208.27921,6.243133147,14.0,100.1,66.4,0.41,26.032,45.275,17.508,12.253,3.45,,10.47,0.4572,0.3351,0.2122,0.5961,1.8733,0.3558,,0.4881,5,5,5,5,1,0
3473.0,0.3612,304.41936,7940.27164,26.08333333,18.3,12.7,55.19,0.63,135.576,157.878,53.64,20.497,2.52,,3.01,4.4131,0.1104,1.7811,0.0649,,,177.3129,0.0361,5,5,0,5,1,0
3474.0,0.164671533,4.519452288,35.02575523,7.75,19.1,58.9,39.32,0.04,7.653,6.558,2.201,1.061,,,1.88,0.0607,5.249,0.0444,1.5937,0.0714,0.2647,2.3353,0.2147,5,5,5,5,0,0
3476.0,0.808,527.90175,895.13775,1.695652174,14.0,1.5,40.66,0.23,22.48,51.319,15.426,,,,5.05,0.3992,0.1549,0.0761,0.2989,0.2119,0.2059,5.6809,0.0806,5,5,5,5,1,0
3479.0,0.399526963,385.4282349,5667.950564,14.70559251,19.9,106.5,58.0,0.66,23.142,23.989,7.011,2.24,,,10.3,0.0776,0.2129,0.052,0.3372,1.2255,0.0983,10.7253,0.1788,5,5,5,5,0,0
3480.0,0.384180418,961.9201665,127142.8278,132.1760706,36.2,342.0,55.38,1.77,490.047,340.529,76.726,21.655,5.56,,9.19,2.5628,0.182,1.3856,0.1139,,,622.6035,0.0519,5,5,0,5,1,0
3481.0,0.5395,93.0015,230.7815,2.481481481,15.2,1.8,38.94,0.08,7.913,13.646,4.929,2.26,,,4.15,0.3174,0.0459,0.1318,0.247,0.1847,0.1947,3.2018,0.1642,5,5,5,5,0,0
3483.0,0.724427481,130.5466814,1984.657351,15.20266413,19.9,107.6,44.79,0.07,9.13,7.031,2.112,0.836,,,10.22,0.3008,0.0738,0.1073,0.2306,0.1669,0.1268,5.466,0.0917,5,5,5,5,0,0
3484.0,0.5694,705.98592,4028.724,5.706521739,15.6,3.9,46.23,0.6,63.038,108.286,31.859,15.329,2.81,,4.38,3.4065,0.2432,1.0731,0.2786,1.9934,0.3977,75.7843,0.2687,5,5,5,5,0,0
3487.0,0.6688,45.42824,54.16444,1.192307692,13.2,1.2,37.7,0.03,1.865,6.072,1.334,,,,4.18,,0.3606,0.0101,0.158,0.0261,0.2212,0.322,0.4051,5,5,5,5,0,0
3492.0,0.1584,8.36352,326.17728,39.0,26.2,10.3,51.66,0.07,5.953,3.89,0.956,0.687,,,5.28,0.1493,0.0708,0.0644,0.2364,0.2521,0.1719,2.6139,0.1763,5,5,5,5,1,0
3495.0,0.3552,326.80768,21.904,0.067024129,9.5,0.2,14.4,0.73,1.807,16.458,6.243,3.823,,,2.96,0.4473,0.4771,0.1387,0.1702,0.2174,0.3175,9.7051,0.2481,5,5,5,5,1,0
3496.0,0.421,2674.56669,217010.3356,81.13850232,33.5,13.4,49.36,3.79,5583.474,791.93,680.657,308.427,34.55,,4.21,2.8712,0.2394,2.3324,0.1558,,,5991.666,0.0677,5,5,0,5,1,0
3497.0,1.246540342,163.5104513,58.3378997,0.35678392,12.4,7.9,19.27,0.03,1.073,3.064,1.184,0.605,,,8.29,,0.5477,0.0098,0.2729,0.0095,0.5583,,0.7635,5,5,5,5,0,0
3499.0,0.415175097,116.6277809,23.66174961,0.202882619,10.4,7.6,31.3,0.18,4.21,14.166,8.173,,,,1.94,0.0573,0.1555,0.0238,0.0897,0.0701,0.1797,0.4916,0.1511,5,5,5,5,0,0
3501.0,0.225728155,20.70738053,4.973032331,0.24015748,9.9,10.5,40.85,0.11,0.414,2.54,1.067,,,,1.86,,0.4503,0.0094,0.193,0.0274,0.0913,,0.187,5,5,5,5,0,0
3502.0,0.20438247,7.620990143,8.652402343,1.135338346,14.0,18.1,32.01,0.05,2.213,3.463,1.679,0.653,,,1.9,0.0486,0.2366,0.0177,0.2205,0.0232,0.4172,0.4354,0.2401,5,5,5,5,1,0
3504.0,0.342,8.748,44.712,5.111111111,19.4,2.0,29.0,0.02,17.985,13.324,4.692,2.145,,,1.8,,0.5129,0.0739,0.6384,0.0655,0.4537,1.4068,0.458,5,5,5,5,1,0
3505.0,0.647673861,32.97681164,345.3348101,10.47204969,18.1,91.6,59.91,0.02,2.19,1.846,0.571,,,,8.44,0.0849,0.0887,0.0346,0.1385,0.2091,0.0835,1.0002,0.4076,5,5,5,5,0,0
3507.0,0.283657143,149.2294008,537.9636376,3.60494403,15.2,47.8,52.12,0.48,29.406,44.435,16.615,7.026,1.22,,2.92,0.4108,0.1325,0.2107,0.167,2.9231,0.0445,14.718,0.0486,5,5,5,5,0,0
3508.0,0.172651163,27.77039264,10.50915306,0.378430121,12.6,8.2,19.46,0.25,3.758,7.053,3.704,2.081,,,1.92,,0.3967,0.0123,0.5905,0.0216,0.589,0.4697,0.3372,5,5,5,5,0,0
3509.0,0.754458716,860.3882071,7016.839284,8.155434055,16.8,84.4,50.3,0.4,22.745,25.003,9.376,3.673,,,10.68,0.4081,0.1544,0.1832,0.1052,1.7509,0.0622,19.3393,0.0779,5,5,5,5,0,0
3510.0,0.947230769,443.4443018,20310.09427,45.80077857,23.9,228.2,54.14,0.13,58.914,41.809,12.409,4.364,,,10.48,1.8037,0.2622,0.689,0.2414,3.4253,0.1797,64.285,0.2529,5,5,5,5,0,0
3513.0,0.485649203,34.16410666,184.6648118,5.405228758,11.7,143.0,56.06,0.04,1.016,2.846,1.35,,,,3.28,0.6632,0.2144,0.3433,0.2359,0.3298,0.3418,7.5462,0.2274,5,5,5,5,0,0
3514.0,0.553290323,145.1580291,536.5087612,3.69603228,15.6,45.6,42.72,0.13,2.713,3.073,1.168,0.534,,,10.72,0.075,0.0866,0.0314,0.2112,0.0679,0.1101,1.0292,0.1037,5,5,5,5,0,0
3515.0,1.051115207,143.8508696,530.8097089,3.69,14.9,50.0,43.64,0.03,3.01,3.266,1.48,0.859,,,8.98,0.0481,0.3968,0.0321,0.1778,0.0294,0.4492,2.0203,0.2313,5,5,5,5,0,0
3516.0,0.201022727,101.2896178,13364.17523,131.9402277,28.7,483.4,70.05,0.66,320.04,173.511,43.896,16.965,2.8,,3.05,17.563,0.1159,,,,,474.2535,0.0339,5,0,0,5,1,0
3517.0,0.89955122,122.3851144,633.9916693,5.180300501,16.2,58.5,43.94,0.04,3.133,2.366,1.622,,,,10.36,,0.3844,0.0292,0.2318,0.039,0.1877,,0.3254,5,5,5,5,0,0
3518.0,0.128051002,2.986444969,138.6454238,46.42490494,24.5,221.9,54.45,0.05,15.07,8.264,2.626,0.993,,,1.85,0.5136,0.3577,0.2516,0.2695,1.066,0.0663,14.5848,0.1439,5,5,5,5,0,0
3519.0,0.473,440.062,523.267,1.18907563,12.1,1.5,55.08,0.53,9.601,20.318,10.469,5.391,,,4.3,1.0336,0.0587,0.5821,0.093,1.7663,0.0478,8.2092,0.0605,5,5,5,5,0,0
3522.0,0.5172,52.01308,527.56124,10.14285714,19.6,3.8,40.69,0.05,19.655,12.634,5.62,1.996,,,4.31,0.7834,0.2423,0.2459,0.3738,0.3791,0.2396,12.6048,0.4294,5,5,5,5,0,0
3524.0,0.342081448,593.4093733,15933.69125,26.85109466,22.2,158.5,69.35,1.38,287.601,244.602,78.301,28.906,5.14,,4.32,1.7589,0.1187,0.2797,0.3817,,,103.5185,0.9207,5,5,0,5,0,0
3525.0,0.168786127,150.9904106,26658.42533,176.5570755,33.1,521.2,60.34,1.41,663.638,340.341,89.895,27.119,5.95,,2.92,10.4025,0.1369,2.3525,0.3139,,,1125.6398,0.0777,5,5,0,5,1,0
3527.0,0.2598,5.62467,131.2423,23.33333333,25.9,5.9,40.12,0.02,5.859,2.302,1.119,,,,4.33,0.0774,0.2218,0.0322,0.2266,0.0485,0.373,1.443,0.1375,5,5,5,5,0,0
3528.0,0.526809524,173.3284694,177.5856599,1.024561404,11.9,25.3,44.51,0.17,5.462,19.93,9.384,4.319,,,2.99,,2.5648,0.0792,1.1619,0.1217,0.1551,1.1051,0.817,5,5,5,5,0,0
3529.0,0.917968057,1470.019205,76587.96321,52.09997459,23.1,279.7,60.53,0.46,147.155,109.085,32.649,12.177,1.78,,10.89,6.0331,0.1133,3.0629,0.0666,,,247.8653,0.0608,5,5,0,5,1,0
3530.0,0.666837456,289.4432104,3525.341715,12.1797354,18.6,101.1,49.01,0.17,12.504,11.096,3.775,1.353,,,10.94,0.2793,0.4054,0.1181,0.4294,0.6028,0.1564,8.035,0.3879,5,5,5,5,1,0
3531.0,1.22625,519.5096062,1676.732645,3.227529626,15.2,41.5,44.74,0.09,7.896,8.592,3.917,1.769,,,10.9,0.2994,0.0742,0.1065,0.1098,0.2261,0.0562,4.6163,0.2328,5,5,5,5,0,0
3532.0,0.404619048,265.7230952,715.2136644,2.691575092,14.2,42.3,76.35,0.43,28.474,63.249,25.634,9.621,,,2.93,0.3723,0.1715,0.089,0.3178,1.6715,0.1598,7.589,0.2336,5,5,5,5,0,0
3533.0,0.530190476,130.8175238,1139.397272,8.709821429,16.8,90.4,59.74,0.13,18.79,70.041,12.347,,,,2.93,1.1155,0.48,0.2624,0.7503,1.8627,0.3877,,0.4364,5,5,5,5,0,0
3535.0,0.3906,39.55476,312.67096,7.904761905,18.5,3.3,42.65,0.07,10.935,11.615,3.195,1.63,,,4.34,0.2488,0.1971,0.1327,0.1263,0.2003,0.2651,3.6167,0.1394,5,5,5,5,0,0
3537.0,1.279700967,598.0620327,3391.919002,5.671517028,17.1,55.9,41.73,0.1,17.686,14.205,6.376,2.909,,,10.94,0.1824,0.3269,0.0905,0.3182,0.1441,0.5103,6.337,0.1514,5,5,5,5,1,0
3538.0,1.324040729,270.3024224,3694.848192,13.66931217,20.7,89.5,43.75,0.04,27.196,16.871,6.377,2.77,,,9.43,0.5024,0.519,0.1646,0.4772,0.5383,0.1178,12.725,0.2738,5,5,5,5,1,0
3540.0,0.275714286,75.76497279,85.39396599,1.127090301,13.5,20.0,34.29,0.26,15.646,28.718,13.346,5.257,,,1.93,0.6343,0.1979,0.2644,0.4974,0.9486,0.2921,7.8565,0.3461,5,5,5,5,1,0
3541.0,1.074663626,35.9415496,1285.096817,35.75518672,20.3,248.0,59.08,0.01,2.517,1.997,0.529,,,,10.71,0.121,0.1151,0.1278,0.1609,0.7411,0.0341,4.2995,0.0783,5,5,5,5,0,0
3543.0,0.4796,1159.5856,20490.44784,17.6704918,20.1,6.4,55.26,1.45,351.881,335.796,114.72,45.834,6.08,,4.36,8.5247,0.0931,2.7328,0.1097,,,366.8619,0.0625,5,5,0,5,0,0
3544.0,0.119040698,50.80239741,841.3725324,16.56166983,19.9,121.6,55.58,1.0,81.491,72.475,23.416,6.091,1.04,,1.95,1.9662,0.1061,0.628,0.1647,6.1403,0.0655,60.7086,0.0968,5,5,5,5,0,0
3545.0,0.502272727,711.0302867,37035.27477,52.08677529,25.0,244.4,54.89,0.76,94.59,76.49,17.862,5.379,1.03,,11.05,1.7132,0.2508,0.8028,0.1489,7.3661,0.0238,103.8687,0.0331,5,5,5,5,0,0
3546.0,0.141876676,135.3115512,9658.063875,71.37649219,28.5,271.1,57.07,1.71,334.31,217.426,66.699,19.717,3.96,,2.94,5.992,0.0976,1.1564,0.2563,,,351.6456,0.0789,5,5,0,5,0,0
3547.0,0.857335702,953.6145666,11170.68299,11.71404399,18.1,103.3,63.72,0.34,36.051,22.333,13.786,,,,10.97,0.7545,0.0851,0.1951,0.2015,2.5684,0.0766,19.5183,0.1613,5,5,5,5,0,0
3549.0,0.76137931,393.3259729,13502.85778,34.32994186,22.6,191.4,48.62,0.18,41.619,24.1,8.271,2.891,,,11.04,0.6886,0.1564,0.2674,0.1461,1.1749,0.0844,25.0717,0.0822,5,5,5,5,1,0
3550.0,0.209105181,22.26734916,86.74144649,3.895454545,15.6,47.8,43.8,0.13,13.374,19.521,6.524,2.83,,,1.85,0.6237,0.2514,0.2143,0.1221,0.4187,0.1085,7.67,0.0693,5,5,5,5,1,0
3551.0,0.222619048,3.964739229,319.3993923,80.56,23.1,432.6,66.49,0.02,16.136,23.231,2.872,,,,1.87,1.0788,0.1331,0.3392,0.1445,4.039,0.0424,26.5844,0.0555,5,5,5,5,0,0
3552.0,0.095086129,36.40480976,202.3052179,5.557101361,18.0,50.2,39.62,1.09,40.883,49.295,14.297,7.618,0.9,,1.84,0.2209,0.5297,0.0805,0.4955,0.4545,0.4765,18.0488,0.1443,5,5,5,5,0,0
3553.0,0.472994186,9.159203455,136.3526636,14.88695652,22.8,80.8,37.88,0.01,12.987,15.411,2.212,,,,3.07,0.1391,0.3824,0.0721,0.3091,0.1307,0.3596,,0.4226,5,5,5,5,0,0
3554.0,0.944410983,249.9099828,3544.616954,14.18357488,18.9,111.2,52.88,0.07,12.491,14.281,3.518,,,,10.88,0.385,0.1658,0.1235,0.2024,1.119,0.13,8.9233,0.1712,5,5,5,5,0,0
3555.0,0.256537102,62.15510245,515.5217321,8.294117647,18.9,65.8,42.34,0.26,9.436,8.471,2.969,0.844,,,6.05,0.1161,0.3546,0.0353,0.4951,0.1249,0.5536,2.2319,0.5528,5,5,5,5,0,0
3556.0,0.045871639,0.776507982,23.59301908,30.38348558,22.7,167.3,46.65,0.1,54.508,31.406,9.953,4.314,,,0.43,1.7081,0.0686,0.6307,0.1432,1.5518,0.0613,43.7258,0.1582,5,5,5,5,0,0
3558.0,0.217288732,31.80684961,84.63310053,2.660845118,14.6,38.4,48.65,0.18,14.371,13.25,8.438,3.192,,,1.87,0.2056,0.0547,0.0609,0.3614,0.1842,0.3107,2.9189,0.3106,5,5,5,5,0,0
3560.0,0.811851852,164.7758573,659.1034294,4.0,18.1,58.4,39.72,0.05,4.344,3.911,1.431,0.557,,,10.96,0.1273,0.2094,0.0494,0.2475,0.0698,0.2612,,0.2138,5,5,5,5,1,0
3561.0,0.252,11.82762,16.11414,1.362416107,13.8,22.6,33.21,0.05,3.413,4.996,2.43,,,,1.89,0.5179,0.6304,0.1622,0.3851,0.197,0.3198,11.3807,0.2969,5,5,5,5,1,0
3562.0,0.197617729,4.803188281,101.8136524,21.19709794,20.3,146.1,55.82,0.03,13.167,7.806,3.096,,,,1.74,0.928,0.5728,0.1918,0.6652,0.6315,0.0293,,0.2582,5,5,5,5,1,0
3563.0,0.226537396,19.9968286,63.86439944,3.193726401,14.0,51.0,50.4,0.1,7.682,10.2,4.12,2.51,,,1.74,0.2911,0.5135,0.0953,0.5811,0.1615,0.5164,2.9767,0.3224,5,5,5,5,0,0
3565.0,0.3663,98.69121,130.84902,1.325842697,13.2,1.2,37.95,0.19,7.114,8.565,5.345,2.871,,,3.33,0.2229,0.1466,0.0619,0.3268,0.075,0.3159,2.1648,0.111,5,5,5,5,0,0
3567.0,0.290666667,127.4850159,576.8616145,4.524936602,15.9,53.1,42.75,0.39,27.013,28.338,13.235,5.317,,,3.27,0.8656,0.1148,0.2563,0.1521,0.6225,0.1165,16.1657,0.0461,5,5,5,5,1,0
3569.0,0.360921861,148.301623,672.9260438,4.537550096,16.3,50.4,41.96,0.3,11.535,14.543,5.285,2.005,,,5.79,0.0227,0.2946,0.0041,0.6248,0.0524,1.5574,1.3126,1.9815,5,5,5,5,0,0
3570.0,0.489316547,689.1434061,81088.17792,117.6651727,28.3,441.6,71.26,0.78,209.109,130.11,31.369,8.32,1.76,,8.92,6.0479,0.0622,1.2704,0.3427,,,355.4308,0.0629,5,5,0,5,1,0
3571.0,1.563074866,1688.140131,1069.148974,0.633329517,13.7,11.0,21.2,0.18,14.293,16.33,8.86,4.821,,,11.03,0.2373,0.2513,0.0519,0.5437,0.2259,0.2655,3.5454,0.3425,5,5,5,5,0,0
3572.0,0.660137457,295.5472892,4604.826562,15.58067602,20.0,109.6,46.84,0.18,17.663,14.151,4.588,1.823,,,11.3,0.3235,0.1847,0.1503,0.1547,0.6584,0.0865,12.6944,0.0813,5,5,5,5,1,0
3573.0,0.273911205,28.11851839,940.8099191,33.45873016,22.3,190.1,57.02,0.1,34.013,21.029,7.338,2.43,,,3.16,1.4074,0.1751,0.4637,0.2884,2.3098,0.1159,25.1612,0.251,5,5,5,5,0,0
3576.0,0.228763251,6.320328634,65.19358214,10.31490385,19.6,76.0,46.24,0.03,4.251,3.949,1.075,0.64,,,3.12,0.1831,0.4798,0.0779,0.3952,0.1285,0.2713,1.6284,0.2228,5,5,5,5,0,0
3577.0,0.389733096,93.86488385,1509.239787,16.07885425,19.4,119.9,47.78,0.17,30.196,23.081,8.463,3.715,,,4.47,1.0491,0.2486,0.3881,0.2335,1.48,0.0559,30.8005,0.1218,5,5,5,5,1,0
3581.0,1.861012987,724.8664665,8626.858489,11.90130719,16.9,120.3,50.65,0.06,12.798,21.249,5.65,,,,12.57,0.1702,0.4217,0.0258,0.6162,0.1377,1.1571,3.2094,0.4542,5,5,5,5,1,0
3583.0,0.111294118,13.61478201,32.14316955,2.360902256,14.7,33.5,41.75,0.27,7.181,7.543,3.669,1.951,,,1.72,0.1166,0.6363,0.0395,0.2846,0.248,0.0992,2.9708,0.1767,5,5,5,5,1,0
3584.0,0.69777027,209.8732105,59.6715889,0.284322086,12.0,7.2,18.55,0.11,5.649,6.815,3.206,2.545,,,4.49,,0.2882,0.011,1.087,0.0146,1.1192,,0.7695,5,5,5,5,0,0
3585.0,0.675,40.5,60.75,1.5,13.9,1.2,37.59,0.02,2.136,5.115,1.208,,,,4.5,,0.4231,0.0088,0.522,0.0144,0.4079,0.2848,0.2691,5,5,5,5,0,0
3586.0,0.552462006,26.45289678,18.18170933,0.687323944,13.9,11.3,21.48,0.02,3.012,7.236,2.142,1.073,,,2.84,,0.4262,0.0311,0.4511,0.0391,0.3111,,2.5552,5,5,5,5,0,0
3589.0,0.015658263,0.210572072,5.407512024,25.68010076,20.4,174.5,62.31,0.23,11.499,9.324,2.908,0.703,,,0.39,0.4674,0.0988,0.2069,0.2327,1.483,0.1019,12.3106,0.1059,5,5,5,5,0,0
3590.0,0.668676599,165.9325963,1253.777415,7.555944056,17.0,75.0,54.86,0.1,4.608,4.737,1.645,0.907,,,11.22,0.0732,0.3488,0.0351,0.2913,0.3037,0.0943,2.5524,0.1061,5,5,5,5,0,0
3591.0,1.01722323,1225.599695,43824.51313,35.75760773,22.7,197.8,50.2,0.32,126.507,76.615,26.359,10.64,1.54,,10.99,3.5488,0.0801,1.4575,0.176,7.7243,0.057,130.6194,0.0698,5,5,5,5,1,0
3592.0,0.704039497,563.7555399,9199.969466,16.31907594,21.8,98.0,46.36,0.3,33.855,27.196,8.041,2.365,,,12.65,0.8167,0.2518,0.3613,0.1722,1.2513,0.0926,21.192,0.0734,5,5,5,5,1,0
3594.0,0.35940919,40.0929619,1189.602296,29.67110036,22.6,164.2,46.96,0.08,25.456,15.029,4.904,1.922,,,4.5,0.9203,0.1068,0.3207,0.1958,0.7772,0.1263,19.0417,0.0877,5,5,5,5,0,0
3595.0,0.648816143,250.7289585,2919.720553,11.64492754,17.7,107.9,70.96,0.16,10.663,10.068,3.47,1.606,,,9.91,0.2213,0.084,0.0768,0.1831,0.7661,0.109,7.6593,0.088,5,5,5,5,0,0
3596.0,0.77576779,1066.601282,23244.66058,21.79320518,21.9,129.4,53.12,0.48,94.489,64.951,20.93,8.412,1.69,,10.76,1.8908,0.1295,0.81,0.1611,7.1653,0.0686,80.3342,0.1323,5,5,5,5,1,0
3597.0,0.191040359,14.79598472,64.27142778,4.343842536,18.0,38.7,32.84,0.11,19.037,18.195,6.889,3.11,,,1.79,0.3489,0.8645,0.1081,0.745,0.1691,1.3949,6.0862,0.5267,5,5,5,5,0,0
3598.0,0.037533632,0.157833457,0.713101007,4.518059856,17.5,42.8,37.03,0.03,3.146,5.068,1.158,,,,0.45,0.0354,0.3422,0.0123,0.3136,0.0297,0.327,0.5056,0.1193,5,5,5,5,0,0
3599.0,1.296781003,312.798346,10665.93138,34.09842641,23.0,182.9,47.96,0.05,35.338,16.291,8.396,2.044,,,11.17,0.3661,0.9972,0.2028,0.8115,0.563,0.5301,13.016,0.6938,5,5,5,5,0,0
3602.0,0.871410825,135.9076138,578.244732,4.254689755,16.7,44.9,39.12,0.05,3.267,3.452,1.24,0.536,,,11.16,0.0522,0.2002,0.0273,0.0852,0.04,0.1816,0.7341,0.1261,5,5,5,5,0,0
3605.0,1.280681818,1642.183971,4877.832784,2.970332723,12.7,61.1,49.67,0.27,10.61,11.962,5.729,3.904,,,11.27,0.3647,0.3132,0.1667,0.0979,0.5051,0.1349,15.3983,0.1216,5,5,5,5,1,0
3606.0,0.834143167,1097.261213,4725.957614,4.307048821,15.6,52.9,58.21,0.42,17.841,25.506,9.057,4.228,,,11.31,,0.3431,0.0586,0.2727,0.1308,0.3606,5.3718,0.3047,5,5,5,5,1,0
3607.0,0.817486137,529.8599608,610.2251106,1.151672434,13.2,21.6,38.73,0.21,3.287,5.837,2.556,1.362,,,10.92,0.0868,0.2421,0.0373,0.3393,0.0737,0.1981,1.1281,0.1709,5,5,5,5,1,0
3609.0,0.767414796,253.5140108,1437.806322,5.671506352,17.0,57.1,42.65,0.12,6.473,5.527,2.095,1.224,,,11.54,0.1626,0.116,0.0595,0.4057,0.1119,0.267,2.2985,0.1754,5,5,5,5,1,0
3610.0,0.23245478,76.27679493,74.46329765,0.976224784,12.4,21.7,39.33,0.38,13.739,25.116,9.962,7.587,,,1.73,0.1525,0.4529,0.0667,0.4477,0.1493,0.2338,4.7695,0.3937,5,5,5,5,0,0
3612.0,1.760304679,4419.001869,910.6150087,0.20606803,9.6,10.2,43.96,0.38,1.359,6.548,2.846,,,,13.26,0.0438,0.4276,0.0152,1.2414,0.0189,0.2297,0.2024,0.3147,5,5,5,5,1,0
3613.0,0.819220779,467.4185866,4570.628976,9.778449354,16.4,106.0,62.75,0.18,10.275,9.345,3.348,,,,11.4,0.3228,0.0718,0.0776,0.3073,0.4473,0.1446,8.1038,0.1455,5,5,5,5,0,0
3614.0,0.505977213,2475.77604,51298.85124,20.72031169,24.5,105.3,45.11,2.55,202.838,186.742,46.171,15.281,5.2,,11.32,0.4456,0.2466,0.1162,0.1775,1.2705,0.0933,21.1501,0.0671,5,5,5,5,0,0
3616.0,1.094874892,3395.664886,22974.56423,6.765851462,15.8,81.4,52.33,0.75,53.871,147.389,39.281,,1.23,,11.33,0.5609,0.1609,0.1058,0.4019,2.9306,0.1994,53.3634,0.1041,5,5,5,5,1,0
3617.0,0.128547009,11.2158913,114.9164111,10.24585635,17.8,92.1,52.85,0.18,13.386,12.456,4.439,1.836,,,1.88,0.3755,0.0741,0.1482,0.1134,1.4057,0.0367,10.3259,0.0558,5,5,5,5,0,0
3618.0,0.3552,228.67776,415.95696,1.818965517,12.6,1.8,61.63,0.54,5.94,11.718,5.378,2.703,,,4.44,0.3907,0.1119,0.116,0.1024,0.6484,0.0498,5.9962,0.0263,5,5,5,5,0,0
3620.0,0.088860244,23.8441601,37.21396251,1.560716014,14.9,21.9,31.22,0.79,10.537,15.203,6.124,2.573,,,1.77,0.02,0.3164,0.0039,0.9815,0.0268,0.6006,1.6637,0.2312,5,5,5,5,1,0
3621.0,0.36994709,83.95339436,520.1650122,6.195878274,16.1,70.3,45.04,0.16,10.368,10.935,4.294,2.018,,,4.56,0.2396,0.2231,0.0925,0.1746,0.1885,0.0981,7.7267,0.1158,5,5,5,5,1,0
3623.0,0.686180258,720.078025,37262.68652,51.74812344,24.3,252.5,55.0,0.42,76.317,55.715,15.268,5.787,0.75,,11.42,1.8473,0.1922,0.7276,0.079,6.6391,0.0185,102.5906,0.0728,5,5,5,5,0,0
3625.0,0.279,74.72736,3328.48116,44.54166667,22.9,11.2,55.48,0.3,31.253,16.002,5.515,,,,5.58,1.0525,0.1184,0.1781,0.3878,1.866,0.1329,27.1549,0.2401,5,5,5,5,0,0
3626.0,0.445429234,139.0737765,260.2177701,1.871077184,13.9,30.9,42.28,0.18,13.065,19.713,8.399,4.194,,,3.31,0.2291,0.1105,0.0528,0.1698,0.1534,0.1427,2.6119,0.1145,5,5,5,5,1,0
3627.0,0.104594595,6.212856099,55.91570489,9.0,17.4,85.6,56.19,0.15,8.297,6.31,2.935,,,,1.72,0.334,0.0926,0.132,0.2918,0.4608,0.1367,5.2931,0.1642,5,5,5,5,1,0
3628.0,0.587002141,483.8687307,462.9437821,0.956754906,11.7,25.5,43.56,0.37,12.12,40.939,14.516,9.909,,,3.47,1.5266,0.3054,0.4646,0.4339,0.505,0.3581,26.4503,0.2928,5,5,5,5,1,0
3629.0,0.4113,35.50433,254.79578,7.176470588,17.7,3.1,54.05,0.06,7.167,5.262,2.518,,,,4.57,0.4017,0.2196,0.2632,0.1017,0.7938,0.0606,2.5982,0.0821,5,5,5,5,0,0
3631.0,1.008607595,1293.328424,3844.226648,2.972351473,14.5,43.8,44.18,0.34,37.269,66.585,22.677,4.39,,,6.64,1.0918,0.0907,0.2713,0.0936,0.8274,0.0715,28.7663,0.1591,5,5,5,5,1,0
3632.0,1.379283668,1229.488046,813.9843152,0.662051427,11.4,18.8,42.92,0.17,1.24,6.558,2.517,1.369,,,13.01,0.1676,0.3598,0.0769,0.4685,0.1305,0.4065,3.8126,0.2993,5,5,5,5,1,0
3633.0,0.344963145,36.36098014,4544.387953,124.979798,38.8,284.2,46.97,0.08,20.904,6.387,1.788,,,,11.7,0.7962,0.3744,0.293,0.278,0.7201,0.2384,19.6451,0.1504,5,5,5,5,1,0
3634.0,1.63125,1496.25,2639.355469,1.763980263,13.8,29.1,38.49,0.15,11.176,17.666,7.89,2.64,,,11.55,0.0468,0.3433,0.0243,0.8319,0.0505,0.7087,,0.7133,5,5,5,5,0,0
3636.0,1.723539373,281.3283064,930.5547689,3.307718234,16.3,37.0,35.78,0.03,5.818,12.062,1.439,,,,11.5,,0.1059,0.0155,0.3289,0.0343,0.2809,0.9,0.1934,5,5,5,5,0,0
3638.0,1.195876289,200.2168137,500.5420342,2.5,15.5,31.4,36.34,0.04,2.975,3.404,1.542,0.571,,,11.6,,0.3035,0.0168,0.3087,0.0308,0.2577,0.3333,0.4266,5,5,5,5,0,0
3640.0,0.465138075,619.8563305,89495.19693,144.3805484,27.6,565.3,58.34,0.76,108.079,77.511,18.058,5.664,1.09,,11.58,1.7292,0.2227,1.4648,0.23,,,129.27,0.1353,5,5,0,5,0,0
3642.0,0.619907834,484.0265484,1033.601833,2.135423846,14.9,29.3,36.58,0.33,5.937,8.235,3.399,1.323,,,11.21,0.0406,1.3041,0.0084,1.1318,0.0327,0.4928,1.4184,0.2827,5,5,5,5,0,0
3643.0,1.053,150.579,383.292,2.545454545,15.3,34.0,38.63,0.03,2.09,2.196,0.859,0.584,,,11.7,,0.5674,0.0163,0.2466,0.0226,0.1722,0.2669,0.3607,5,5,5,5,0,0
3644.0,0.126133333,56.53831111,300.1789867,5.309302326,17.8,48.8,44.46,0.91,69.616,70.269,29.469,10.734,1.54,,1.72,0.8448,0.2643,0.1781,0.5453,0.818,0.3566,18.1734,0.2041,5,5,5,5,1,0
3646.0,0.855515251,811.001388,9266.778876,11.42634157,18.4,97.0,49.57,0.3,28.313,26.405,9.32,3.771,,,11.66,0.8854,0.1,0.3532,0.1301,1.3752,0.0478,22.8316,0.0848,7,7,7,7,1,0
3647.0,0.828861512,328.6915482,509.6387079,1.550507492,12.7,32.3,45.24,0.13,1.887,3.335,1.625,0.779,,,10.49,0.0567,0.2143,0.0258,0.2514,0.0467,0.1844,0.9323,0.3373,7,7,7,7,0,0
3648.0,0.388130081,6.62304845,254.1055985,38.36686391,25.2,176.2,50.39,0.01,6.09,4.038,0.906,0.445,,,4.62,0.0868,0.3063,0.0774,0.081,0.3615,0.034,,,7,7,7,0,0,0
3649.0,0.965240385,135.4011696,915.5698132,6.761904762,19.5,50.6,35.75,0.04,6.123,4.444,1.814,0.972,,,11.81,0.1051,0.3734,0.0346,0.6963,0.0595,0.464,,,7,7,7,0,1,0
3650.0,0.408403194,866.8615006,22845.79066,26.35460295,21.4,167.6,53.56,1.35,225.607,183.817,59.685,20.401,3.49,,5.53,5.501,0.0859,1.4739,0.1998,,,238.786,0.0542,7,7,0,7,0,0
3651.0,0.613210526,287.0983961,3905.89233,13.60471665,18.4,114.1,53.25,0.2,25.751,24.383,7.2,3.332,,,7.64,0.6718,0.1637,0.2507,0.2086,1.5266,0.0605,22.1444,0.0913,7,7,7,7,0,0
3652.0,0.469443726,671.9406757,18586.21386,27.66049822,21.7,169.1,49.92,0.81,108.281,91.062,27.746,9.609,1.33,,7.56,2.0394,0.1218,0.6306,0.2062,5.8562,0.0399,103.1373,0.0535,7,7,7,7,0,0
3655.0,1.119846449,134.7275474,785.8720451,5.833046472,17.7,53.5,39.59,0.03,4.167,4.045,1.451,0.585,,,11.22,0.0667,0.7011,0.0336,0.5812,0.0546,0.4712,1.0133,0.3317,7,7,7,7,0,0
3656.0,0.671215971,808.2257015,917.1198883,1.134732398,12.3,26.2,46.51,0.48,12.057,15.562,14.162,,,,5.52,0.1799,0.3654,0.0787,0.329,0.558,0.1191,10.4034,0.1757,7,7,7,7,0,0
3657.0,0.177853403,38.89483841,75.14904471,1.932108418,13.2,36.8,55.03,0.33,9.34,17.571,5.931,3.881,,,1.72,0.3302,0.0573,0.1497,0.1811,0.8819,0.0256,6.1467,0.1217,7,7,7,7,0,0
3659.0,0.766095535,136.1335671,859.5862381,6.314285714,16.8,65.3,43.88,0.06,3.458,3.465,1.198,0.556,,,11.35,0.1189,0.4171,0.0596,0.1571,0.0924,0.1288,1.5043,0.1641,7,7,7,7,0,0
3660.0,0.724096134,239.1192994,757.2345992,3.166764879,15.5,39.8,39.16,0.12,3.695,4.407,1.598,0.822,,,11.36,0.0499,1.8793,0.0148,1.6903,0.0402,0.4394,1.1294,0.1855,7,7,7,7,1,0
3661.0,0.115857633,19.68820071,127.9367414,6.498142888,16.8,67.8,52.3,0.39,19.614,21.853,7.257,2.993,,,1.71,0.4349,0.0393,0.132,0.1535,0.7028,0.084,8.7376,0.0592,7,7,7,7,0,0
3662.0,0.287982456,65.70395522,2162.17127,32.9077795,21.6,198.2,57.09,0.21,31.197,24.005,6.713,2.745,,,4.69,1.4242,0.2468,0.8805,0.1798,4.9804,0.0646,38.557,0.0844,7,7,7,7,1,0
3664.0,0.570665083,169.0137828,4116.311618,24.35488722,19.9,175.6,54.65,0.14,21.448,12.963,4.661,2.536,,,7.75,1.4953,0.2103,0.5609,0.1209,2.5213,0.0335,24.9377,0.0793,7,7,7,7,1,0
3665.0,0.598506057,1008.781872,5600.621412,5.551865636,17.2,55.3,50.1,0.75,55.865,70.959,25.094,9.718,1.3,,7.29,1.9704,0.1596,0.6504,0.3954,4.6176,0.2047,56.5534,0.2021,7,7,7,7,1,0
3666.0,0.682829828,329.2026396,1127.279993,3.424273859,14.6,49.8,43.59,0.19,15.181,20.67,8.294,,,,5.58,0.6998,0.2611,0.2772,0.2142,0.2898,0.2576,8.3661,0.179,7,7,7,7,0,0
3669.0,0.197224335,179.0790643,204.0768639,1.139590854,13.8,19.5,37.77,1.24,19.65,38.327,17.785,7.602,,,2.73,,0.1947,0.2011,0.3465,0.3997,0.2524,5.1601,0.2026,7,7,7,7,0,0
3670.0,0.254125413,170.9221046,6112.668693,35.76289157,24.4,175.2,55.15,0.71,262.178,212.492,51.961,20.262,3.28,,2.75,,0.1685,,,,,25.5969,0.3183,7,0,0,7,0,0
3672.0,0.740813008,45.57541146,135.7767466,2.979166667,17.7,27.1,27.45,0.02,3.004,2.617,0.969,0.481,,,8.04,,0.1798,0.0103,0.1764,0.0236,0.1938,,0.2154,7,7,7,7,0,0
3673.0,1.096863905,418.9062358,958.7972795,2.288811189,14.0,36.7,41.62,0.09,4.527,3.463,2.202,1.273,,,11.69,0.1453,0.2222,0.0508,0.1738,0.0737,0.2021,1.0557,0.1885,7,7,7,7,0,0
3675.0,0.384444444,822.6032124,68065.2378,82.74370532,27.9,325.1,58.53,1.47,1562.92,787.404,245.762,79.974,13.53,,3.46,19.8122,0.2058,,,,,1982.1431,0.1725,7,0,0,7,0,0
3676.0,2.092359932,1461.050372,15623.91312,10.69361702,19.7,78.2,40.46,0.09,30.858,17.88,6.665,4.608,,,18.96,0.857,0.3374,0.2593,0.3574,0.3609,0.2241,15.7273,0.1783,7,7,7,7,1,0
3678.0,0.20648,363.3267648,14796.428,40.72485001,26.2,181.5,48.43,2.23,1730.823,1156.737,422.158,142.54,18.84,,1.78,31.9109,0.1272,,,,,1488.6212,0.1805,7,0,0,7,0,0
3680.0,0.6188,570.97152,217.51296,0.380952381,12.0,0.4,24.93,0.4,6.512,25.067,9.025,,,,4.76,0.0457,0.2116,0.0164,0.2303,0.037,0.136,0.6446,0.215,7,7,7,7,0,0
3682.0,0.201301775,110.4360597,42625.81765,385.9773499,31.6,350.5,95.61,0.71,290.706,165.199,33.751,10.887,2.78,,3.78,16.7926,0.2451,,,,,591.1472,0.1933,7,0,0,7,0,0
3685.0,0.530254777,337.7165656,92059.00525,272.5925069,35.2,711.4,70.21,0.32,783.553,1013.259,300.723,,2.54,,5.55,,0.213,,,,,,0.3194,7,0,0,7,0,0
3686.0,0.324009662,368.2376397,1625.480187,4.414215202,16.1,51.6,47.04,0.92,54.09,63.912,35.015,12.604,2.92,,3.53,2.038,0.4532,0.6564,0.6326,4.4086,0.319,56.7659,0.4041,7,7,7,7,1,0
3687.0,0.557007481,198.3798726,1586.963235,7.999618175,13.3,145.9,52.86,0.17,13.714,28.964,11.082,,,,3.49,0.8574,0.1663,0.2642,0.32,0.624,0.262,11.5708,0.3966,7,7,7,7,1,0
3688.0,0.756323529,513.3185229,10568.99231,20.58954009,22.1,119.5,47.47,0.24,153.487,150.463,33.255,14.72,1.61,,5.56,5.6324,0.8649,1.7952,1.1034,6.7265,0.4915,129.4098,0.767,7,7,7,7,0,0
3690.0,0.938969072,115.1036773,1407.598183,12.22895928,17.9,109.4,51.22,0.03,10.755,8.182,3.73,,,,6.93,0.0016,154.15,0.0297,0.9697,0.2937,0.4392,,0.4439,7,7,7,7,0,0
3691.0,0.317,97.28975837,781.9274678,8.037099494,17.2,79.9,46.0,0.26,36.036,25.93,12.977,6.45,,,3.17,1.1168,0.1023,0.3082,0.1104,0.8835,0.2523,19.5798,0.0538,7,7,7,7,1,0
3693.0,0.336206897,1256.01962,121275.8621,96.55570676,31.1,326.4,73.63,2.89,1018.994,674.19,197.983,51.395,8.15,,5.5,11.1589,0.3364,,,,,1080.7398,0.0834,5,0,0,5,1,0
3694.0,0.493909866,528.6818425,9694.354443,18.33684016,20.0,130.6,62.42,0.57,55.679,42.871,15.049,5.092,1.08,,8.11,1.5646,0.0783,0.8073,0.1421,,,50.7704,0.0543,5,5,0,5,0,0
3695.0,0.600376214,48.53164486,2329.034605,47.99001996,22.3,272.5,50.8,0.04,9.191,5.012,1.753,0.762,,,8.11,0.6931,0.1581,0.1976,0.2615,0.4957,0.1607,11.8885,0.1401,5,5,5,5,0,0
3697.0,0.802308802,115.9664726,6091.609176,52.52905464,23.5,271.8,52.08,0.05,35.792,21.729,6.229,,,,6.95,0.776,0.214,0.1952,0.1821,1.2677,0.1052,19.2166,0.1041,5,5,5,5,0,0
3700.0,0.725834522,302.7155333,3270.454787,10.80372306,18.1,94.0,45.85,0.15,29.355,27.909,9.524,3.839,,,6.97,1.4217,0.2158,0.4379,0.3363,0.77,0.1712,23.9766,0.1271,5,5,5,5,0,0
3701.0,0.49530343,1300.569848,4801.085121,3.691524241,16.7,39.8,40.9,1.43,58.29,65.862,24.843,13.067,1.45,,7.22,1.3148,0.3235,0.4139,0.4108,1.1737,0.3389,26.099,0.2222,5,5,5,5,0,0
3706.0,0.234503817,230.3746402,471.3467047,2.046000829,14.2,32.7,41.92,1.16,35.053,45.33,27.991,12.236,,,2.56,0.5715,0.2844,0.1564,0.3115,0.4414,0.3089,16.3563,0.1732,5,5,5,5,0,0
3707.0,0.944115169,1803.832614,1409.64389,0.781471561,11.4,22.2,46.28,0.54,10.114,32.817,14.671,,,,6.93,0.1716,0.1,0.0289,0.2682,0.159,0.1724,1.597,0.1511,5,5,5,5,0,0
3708.0,0.847628571,455.82152,10190.67699,22.35672636,23.4,116.5,42.35,0.17,154.341,71.496,26.044,,,,6.82,3.7042,1.7656,1.7556,1.5271,8.1811,0.8679,98.9685,1.5989,5,5,5,5,1,0
3709.0,0.357552743,2372.284632,35072.62802,14.78432543,24.4,80.0,43.21,5.01,410.781,400.295,129.301,53.303,7.29,,6.69,0.2494,0.205,0.0397,0.5267,2.1756,0.808,172.8721,0.3863,5,5,5,5,1,0
3710.0,0.59732687,537.3565649,2191.041668,4.077444682,14.9,56.1,50.41,0.4,15.916,22.418,9.669,4.279,,,7.07,0.9239,0.2075,0.3759,0.1689,1.0017,0.1301,13.0765,0.0708,5,5,5,5,1,0
3712.0,0.451289398,909.9925288,14010.74704,15.39655172,19.9,112.5,58.87,1.18,107.026,106.385,34.536,12.956,1.61,,7.0,3.3964,0.0803,1.0937,0.4391,,,91.9095,0.1646,5,5,0,5,1,0
3714.0,0.583,168.54,3556.194,21.1,19.9,6.2,53.81,0.14,43.424,34.374,10.519,4.558,,,5.3,4.5318,0.1209,1.4695,0.2183,4.6892,0.0692,43.3414,0.1353,5,5,5,5,0,0
3716.0,0.434976153,78.01755632,33.07570651,0.423952096,12.8,8.7,19.83,0.11,1.301,2.137,1.228,0.524,,,6.08,,0.4129,0.0117,0.5266,0.0248,0.4784,,0.3624,5,5,5,5,1,0
3718.0,0.380909091,359.7315757,3920.174846,10.8975,17.8,100.4,46.4,0.64,80.809,68.527,29.405,12.433,2.29,,4.19,4.4829,0.2837,1.51,0.3054,9.4581,0.1581,116.0381,0.1667,5,5,5,5,1,0
3719.0,0.781349112,471.5504639,9839.744029,20.86678899,19.9,148.3,50.61,0.2,54.117,40.94,15.239,5.513,,,7.86,3.2807,0.2761,1.169,0.345,4.1322,0.1369,73.336,0.2628,5,5,5,5,1,0
3720.0,0.220954064,14.27354599,2.469564172,0.173016864,11.0,5.5,17.07,0.08,1.028,3.103,1.856,0.595,,,1.69,,0.1559,0.0154,0.2371,0.0171,0.2989,0.1431,0.3566,5,5,5,5,0,0
3721.0,0.289834711,45.14509255,371.6374496,8.232067511,16.4,89.2,47.56,0.15,37.913,71.239,21.799,6.962,,,1.67,1.3966,0.1182,0.3503,0.1673,0.9905,0.0785,22.7981,0.0878,5,5,5,5,1,0
3724.0,0.528739003,50.55465876,799.8663367,15.8218126,19.9,113.3,50.54,0.05,10.447,6.102,2.996,,,,6.01,0.5755,0.2085,0.1937,0.261,0.2377,0.3179,5.4483,0.0681,5,5,5,5,0,0
3725.0,0.55,593.6,27.2,0.045822102,8.9,3.0,13.6,0.52,2.167,33.532,23.724,9.782,,,2.3,0.2916,0.0467,0.0952,0.3809,0.3418,0.2926,5.3641,0.2002,5,5,5,5,0,0
3726.0,0.154893617,101.5047533,531.515799,5.236363636,16.8,55.1,58.35,1.08,85.205,111.938,43.302,18.106,1.86,,1.68,0.6764,0.1416,0.2095,0.1765,3.5649,0.1436,39.0288,0.0832,5,5,5,5,1,0
3727.0,0.790860849,1614.511482,11231.37293,6.956514745,16.2,79.5,51.3,0.69,60.813,90.092,29.385,13.254,1.97,,7.89,0.9716,0.2941,0.219,0.3,1.5854,0.1657,50.8852,0.1061,5,5,5,5,1,0
3729.0,1.096614173,472.0123155,284.7249352,0.603215056,13.6,10.6,21.03,0.1,7.171,15.171,6.081,2.271,,,7.33,4.052,0.0828,1.2502,0.3624,4.4092,0.0772,11.6215,0.2364,5,5,5,5,1,0
3731.0,0.719755725,531.2024763,1941.473628,3.654865545,15.7,43.9,40.04,0.27,26.323,28.499,12.079,4.974,,,6.64,0.7552,0.1954,0.2486,0.2746,0.3818,0.2321,17.4128,0.081,5,5,5,5,1,0
3733.0,0.195365854,6.4921938,47.38254346,7.298387097,18.0,64.5,40.76,0.04,9.301,8.381,2.332,1.681,,,1.78,0.3295,0.8893,0.0976,1.3489,0.1165,1.1884,3.8629,0.1498,5,5,5,5,0,0
3734.0,0.390680787,162.5021759,3003.673525,18.48389727,20.3,127.0,52.92,0.29,41.837,35.048,10.999,3.919,,,5.38,2.4274,0.1563,0.8123,0.272,2.3376,0.1164,41.1592,0.137,5,5,5,5,1,0
3736.0,1.519352941,685.1116021,532.3797163,0.777070064,14.2,12.1,21.93,0.08,6.45,6.942,5.175,1.737,,,11.23,0.1759,0.7577,0.1052,0.499,0.2473,0.3785,2.1402,0.3323,5,5,5,5,1,0
3737.0,0.288086643,127.8783771,618.6434073,4.837748344,17.5,45.7,37.44,0.39,13.695,15.62,5.332,2.032,,,5.7,,0.9065,,1.5372,0.1214,1.0623,,1.4319,5,5,5,5,1,0
3738.0,1.7248,804.44672,3430.28224,4.264150943,14.5,62.8,46.88,0.07,5.895,9.762,4.131,1.955,,,12.32,0.3154,0.5102,0.1364,0.4445,0.1551,0.5048,3.0918,0.1689,5,5,5,5,1,0
3740.0,0.327,31.63348795,124.8936969,3.948148148,16.0,45.8,41.95,0.08,7.239,7.114,3.172,1.289,,,3.27,0.3688,0.2073,0.1568,0.3841,0.2297,0.3293,3.3754,0.1132,5,5,5,5,0,0
3741.0,0.216140351,6.387042167,7.846937519,1.228571429,15.3,15.9,23.69,0.03,5.189,5.89,2.464,1.181,,,1.54,,0.5012,0.0073,1.144,0.0124,0.5658,0.254,0.6612,5,5,5,5,0,0
3743.0,0.582836538,84.80811298,277.2572924,3.269230769,15.6,40.4,39.98,0.07,9.334,5.942,5.09,1.896,,,4.49,0.2366,0.3146,0.0792,0.4104,0.1366,0.4575,2.827,0.3301,5,5,5,5,0,0
3744.0,0.672971014,332.2240824,2879.109972,8.666168783,15.8,104.5,61.95,0.2,30.095,44.466,14.56,4.038,,,5.02,5.9536,0.1862,2.083,0.2136,5.2353,0.1399,82.3467,0.1522,5,5,5,5,0,0
3745.0,0.234722222,12.95717593,28.05555556,2.165252345,15.0,29.3,47.38,0.06,8.432,9.154,5.332,1.816,,,1.55,,0.1172,0.6103,0.1352,0.3932,0.1076,0.708,0.8643,5,5,5,5,0,0
3746.0,0.385443609,113.1016166,283.3343805,2.505131129,15.2,32.7,42.81,0.2,7.345,8.492,3.733,1.744,,,5.34,0.2795,0.0556,0.1127,0.2414,0.1906,0.2321,2.604,0.1097,5,5,5,5,1,0
3748.0,0.466248038,197.9565713,234.2951285,1.18356833,11.7,30.8,46.5,0.24,5.733,15.121,7.82,3.833,,,3.3,0.4742,0.8877,0.2078,0.977,0.234,0.6852,,0.4189,5,5,5,5,0,0
3749.0,0.6383,60.27025,151.88103,2.52,15.5,1.2,51.3,0.04,4.254,5.942,2.454,0.992,,,4.91,0.055,0.3717,0.0394,0.2383,0.4846,0.1021,0.9265,0.5742,5,5,5,5,1,0
3751.0,0.195234375,22.64515381,88.24695435,3.896946565,17.0,39.3,42.48,0.16,13.758,10.695,5.454,,,,2.38,,0.156,0.0191,0.635,0.0639,0.42,0.8299,0.4879,5,5,5,5,1,0
3752.0,0.41,31.4,73.1,2.328025478,17.0,14.5,26.34,0.05,6.773,7.458,2.462,1.345,,,4.0,,0.5681,0.0852,0.5103,0.1403,0.6088,,0.722,5,5,5,5,0,0
3753.0,0.404466403,54.30661626,214.2530656,3.945247934,14.3,60.4,49.12,0.09,5.529,5.159,2.583,1.502,,,3.79,0.4653,0.373,0.1629,0.7056,0.2507,0.511,5.7491,0.1591,5,5,5,5,0,0
3755.0,0.589346247,2734.540504,3532.721839,1.29188865,15.1,18.0,30.41,2.12,21.445,30.868,11.978,5.441,1.76,,12.17,1.3198,0.3249,0.5427,0.2925,2.7062,0.1545,51.8236,0.1822,5,5,5,5,1,0
3756.0,0.700549882,109.7698887,1434.558863,13.06878307,19.4,99.0,49.29,0.06,3.878,2.92,0.959,,,,13.72,0.166,0.1554,0.0583,0.2305,0.1234,0.185,1.8868,0.1336,5,5,5,5,0,0
3757.0,0.50700707,525.8818191,11140.4158,21.18425738,19.9,153.9,62.06,0.55,31.484,30.502,8.878,2.787,,,10.41,1.112,0.0825,0.5929,0.0738,4.0544,0.056,35.437,0.0581,5,5,5,5,0,0
3758.0,1.141168521,607.0389917,4633.226769,7.632502743,17.7,70.0,45.51,0.12,17.345,13.87,6.189,2.414,,,12.27,0.4861,0.8327,0.1809,0.7427,0.4599,0.4876,11.0457,0.4799,5,5,5,5,1,0
3760.0,1.015418994,222.5270872,5231.274505,23.50848416,23.3,122.8,43.77,0.06,30.109,19.02,5.661,2.389,,,9.94,0.4857,0.4637,0.2824,0.2829,0.7017,0.2309,,0.1292,5,5,5,5,1,0
3761.0,0.264093023,3.257990265,184.1367831,56.51851852,25.2,261.8,67.24,0.01,23.017,16.246,3.858,3.294,,,1.67,1.7043,0.167,0.6196,0.1737,4.8515,0.0949,31.7458,0.1911,5,5,5,5,0,0
3762.0,1.049601251,409.3455517,4593.567353,11.22173512,18.4,95.7,47.91,0.1,13.648,10.746,3.637,2.038,,,12.43,0.4201,0.3031,0.1584,0.2085,0.3873,0.1916,11.16,0.0255,5,5,5,5,1,0
3763.0,1.342265625,817.8690262,14170.46781,17.32608444,18.2,149.3,63.52,0.12,24.403,22.969,7.784,3.125,,,12.45,1.6752,0.1957,0.7081,0.0723,2.5974,0.0972,42.3097,0.0692,5,5,5,5,1,0
3764.0,0.84,360.0,6196.6,17.21277778,19.0,135.9,49.34,0.14,16.084,12.421,3.968,1.66,,,11.36,0.4959,0.1738,0.2251,0.1622,0.8354,0.086,13.6235,0.1338,5,5,5,5,0,0
3767.0,0.43904,2911.994266,226970.5517,77.94333746,32.1,257.2,58.1,4.03,1133.38,811.055,215.744,69.993,11.88,,7.84,14.0044,0.2303,,,,,1321.8795,0.0651,5,0,0,5,0,0
3768.0,0.180277778,21.69783951,619.4247685,28.54776248,22.1,165.5,47.0,0.17,46.061,29.329,9.843,5.354,,,2.31,0.6949,0.5076,0.2262,0.5657,1.0651,0.5995,27.3728,0.2939,5,5,5,5,1,0
3769.0,0.409782609,1520.741678,115033.6653,75.6431332,25.5,355.6,89.52,2.42,365.467,205.211,81.356,29.102,,,7.54,13.8405,0.247,,,,,369.529,0.1887,5,0,0,5,0,0
3770.0,0.82526245,1369.07109,85480.73389,62.43703086,27.3,247.7,66.82,0.53,610.396,242.898,95.041,,,,7.57,4.9842,0.3054,,,,,235.9384,0.1569,5,0,0,5,0,0
3771.0,0.39144623,64.86317922,222.2839288,3.426966292,16.9,35.1,35.96,0.11,1.701,1.642,0.561,,,,10.92,,0.2282,0.0097,0.208,0.0221,0.1687,0.174,0.5727,5,5,5,5,0,0
3773.0,1.119066667,606.4907271,1157.300224,1.908191126,13.8,31.6,40.05,0.13,10.687,14.644,8.261,3.253,,,7.63,,0.6507,0.183,0.59,0.1988,0.5604,,0.5484,5,5,5,5,0,0
3774.0,0.271604938,44.74927602,327.0477061,7.308446866,16.2,82.7,56.54,0.16,7.416,8.164,2.923,1.261,,,4.0,0.1365,0.2827,0.0742,0.1099,1.14,0.058,5.3143,0.0991,5,5,5,5,0,0
3775.0,0.0245,0.098,0.94325,9.625,18.0,3.4,48.73,0.04,3.507,2.874,1.102,,,,0.35,0.0633,0.2397,0.0327,0.2507,0.0904,0.2534,,0.2213,5,5,5,5,0,0
3776.0,0.25,645.0,3425.4,5.310697674,17.7,51.9,49.86,2.71,109.248,148.06,54.755,20.975,4.21,,4.0,2.9148,0.2093,0.9591,0.2511,7.859,0.1071,80.4204,0.151,5,5,5,5,1,0
3777.0,1.02,242.3,36.4,0.150226991,9.8,2.6,38.9,0.06,1.023,12.858,5.446,0.442,,,4.0,,0.3333,0.0422,0.5362,0.0571,0.2172,0.444,0.3876,5,5,5,5,1,0
3778.0,0.989333333,749.1899698,459.1809492,0.612903226,12.0,15.1,42.1,0.19,1.394,2.608,1.366,,,,14.84,0.0257,0.3185,0.0079,0.3843,0.0187,0.1805,0.1927,0.1678,5,5,5,5,1,0
3779.0,0.482663102,1473.463677,20952.95233,14.22020282,20.6,98.7,48.64,1.67,111.101,113.435,35.215,11.569,2.33,,9.21,0.1498,0.5469,,1.0756,0.335,1.8132,3.3038,1.2918,5,5,5,5,1,0
3781.0,0.53,79.9,689.4,8.628285357,16.8,87.7,47.56,0.07,15.198,17.905,5.959,2.97,,,4.0,0.9314,0.0803,0.3105,0.0811,0.3864,0.2321,9.5805,0.0867,5,5,5,5,1,0
3782.0,3.225317919,1900.261153,7979.491552,4.199155227,14.4,62.1,52.35,0.05,15.821,111.524,10.486,,,,12.13,2.359,0.328,0.6642,0.7064,1.9067,0.3264,49.4595,0.2926,5,5,5,5,1,0
3783.0,0.666425,789.1775875,28072.8938,35.57234043,21.8,214.5,56.04,0.48,57.731,42.704,12.693,4.043,0.92,,11.59,1.2969,0.2792,0.4174,0.1139,4.8241,0.0638,67.5781,0.0346,5,5,5,5,0,0
3784.0,0.839791356,1452.160759,134787.4819,92.81856782,25.2,425.6,62.65,0.55,171.103,107.243,30.755,9.674,1.9,,12.25,5.3343,0.0365,1.9152,0.1373,,,312.4762,0.0365,5,5,0,5,0,0
3786.0,0.042222222,0.594238683,12.82565158,21.58333333,20.0,157.1,51.26,0.08,11.489,10.392,2.503,,,,0.57,0.4842,0.0736,0.1221,0.1109,0.7614,0.0558,9.6879,0.0589,5,5,5,5,0,0
3787.0,0.503035714,1486.553836,5276.682393,3.54960733,15.4,46.5,48.77,1.55,25.498,33.076,18.872,9.882,0.98,,9.39,0.182,1.1097,0.033,0.2283,0.4529,0.2215,8.9627,0.2375,5,5,5,5,1,0
3788.0,0.308641975,249.8785437,2925.3115,11.70693352,17.9,107.0,73.62,0.69,38.554,39.078,12.811,4.968,0.75,,5.0,1.1268,0.0829,0.4769,0.1064,4.9338,0.0544,28.0202,0.0399,5,5,5,5,0,0
3789.0,0.708505263,3600.790763,18779.17937,5.215293142,17.2,53.0,45.65,1.93,106.787,129.314,44.395,18.777,2.81,,9.48,4.0344,0.1353,2.2454,0.2255,16.5669,0.2296,,0.4375,5,5,5,5,1,0
3790.0,0.852972769,342.6093029,919.5339763,2.683914209,15.3,34.7,38.45,0.13,4.224,4.408,1.951,,,,12.67,0.0854,0.5791,0.0357,0.2074,0.0611,0.2767,1.1991,0.0954,5,5,5,5,1,0
3792.0,0.31,12.3,91.5,7.43902439,17.8,40.4,42.47,0.03,3.212,2.644,1.151,,,,4.0,0.0758,0.3417,0.0089,0.3515,0.0282,0.2176,,0.1488,5,5,5,5,0,0
3793.0,0.877136259,845.7349156,30808.62983,36.4282345,23.1,194.1,62.22,0.29,68.173,48.228,12.879,5.101,,,12.66,1.3991,0.1884,0.8909,0.1786,,,86.8879,0.0823,5,5,0,5,0,0
3794.0,0.2912,2.1632,133.68576,61.8,36.4,146.4,37.49,0.01,9.475,3.182,0.638,,,,3.64,0.1813,0.3366,0.0499,0.4324,0.1961,0.291,,0.117,5,5,5,5,0,0
3795.0,1.307229572,1763.431085,10010.80911,5.676892736,15.9,66.7,52.42,0.27,26.365,24.911,11.806,4.745,,,12.63,0.5073,0.2574,0.2161,0.2915,1.6108,0.1644,19.2644,0.2527,5,5,5,5,0,0
3797.0,1.205793103,896.796214,423.5291272,0.472269085,13.0,9.2,20.19,0.16,3.665,5.714,3.392,1.61,,,12.69,0.1683,0.4499,0.0541,0.4459,0.1584,0.261,3.6479,0.1306,5,5,5,5,1,0
3798.0,0.2962249,236.2068071,897.9057857,3.801354402,16.7,40.3,41.93,0.73,30.281,36.689,12.831,5.69,,,4.61,,1.1977,0.0272,1.6587,0.1418,1.5042,2.2242,1.6255,5,5,5,5,1,0
3799.0,1.051717089,294.4607195,1128.582158,3.832708688,15.7,46.4,47.12,0.07,4.402,5.663,2.006,0.827,,,12.25,0.3558,0.206,0.0941,0.355,0.085,0.3177,1.7243,0.3005,5,5,5,5,1,0
3801.0,0.116296296,9.204397196,323.750583,35.17346939,22.5,195.4,61.16,0.2,44.86,30.36,9.277,3.771,,,1.57,1.2279,0.0975,0.5578,0.1256,6.7685,0.0321,61.086,0.0765,5,5,5,5,1,0
3804.0,1.203610832,2336.90037,2338.308808,1.000602695,12.3,22.8,40.92,0.43,10.423,22.571,11.29,5.064,,,10.0,0.1379,0.2621,0.0232,0.1141,0.0811,0.0992,3.3177,0.1042,5,5,5,5,1,0
3805.0,0.706198675,608.7040789,624.5053515,1.025958874,12.5,22.5,39.83,0.33,11.015,32.675,11.367,6.402,,,5.03,1.4088,0.1943,0.4553,0.2944,0.6048,0.2381,,0.303,5,5,5,5,0,0
3806.0,0.32,644.7,11015.4,17.08608655,21.7,111.1,53.43,1.68,299.043,243.464,89.244,34.546,4.54,,4.0,3.0391,0.2461,0.7675,0.1582,,,,0.0699,5,5,0,5,1,0
3807.0,0.493438114,3395.15854,69042.44635,20.33555887,26.3,93.0,47.54,3.63,275.199,247.68,61.442,19.222,3.55,,10.92,1.4185,0.0643,0.5336,0.058,6.7122,0.0183,195.1552,0.0541,5,5,5,5,1,0
3808.0,0.826820988,177.0144138,1134.583853,6.409556314,16.7,66.9,44.89,0.07,6.659,7.129,2.789,1.103,,,9.03,0.287,0.1436,0.1209,0.1084,0.2066,0.1257,4.7221,0.0443,5,5,5,5,0,0
3810.0,0.343489531,18.18123744,38.8611254,2.137430168,13.8,35.1,42.49,0.04,2.786,4.954,1.832,,,,2.61,0.1289,0.336,0.0435,0.123,0.0458,0.2534,1.4927,0.1522,5,5,5,5,0,0
3811.0,0.919090909,294.7627894,17100.12024,58.01315789,26.3,246.4,63.49,0.09,64.977,40.188,8.238,2.348,,,10.11,5.1321,0.1739,1.1546,0.2791,10.3433,0.07,101.1916,0.0493,5,5,5,5,1,0
3812.0,1.154287245,1052.091129,1776.003591,1.688070113,14.2,26.2,40.3,0.21,9.552,20.035,13.828,3.112,,,9.05,0.1281,0.0736,0.0263,0.4135,0.1052,0.1969,2.7801,0.1933,5,5,5,5,0,0
3814.0,0.94855615,1238.620438,1956.816057,1.579835111,13.7,27.0,40.75,0.37,13.842,21.093,11.331,4.306,,,9.05,0.2003,0.235,0.0707,0.2922,0.2473,0.1935,5.51,0.0871,5,5,5,5,0,0
3815.0,0.827898158,155.5821718,4525.638722,29.08841463,22.8,158.0,45.98,0.06,25.089,16.284,4.803,2.107,,,8.99,0.5368,0.9347,0.1149,1.0202,0.3149,0.4895,14.9527,0.2866,5,5,5,5,1,0
3816.0,0.490957684,361.6836747,5985.771438,16.54974182,20.7,110.2,46.93,0.4,114.741,81.616,30.094,11.878,1.62,,5.01,4.3939,0.117,1.5903,0.1433,7.3462,0.0862,99.6645,0.0875,5,5,5,5,1,0
3817.0,0.524174528,174.5268762,2366.443765,13.55919395,19.1,105.5,49.06,0.17,13.613,12.131,2.905,2.07,,,8.89,0.3398,0.1492,0.1664,0.049,0.7565,0.0605,7.5733,0.1347,5,5,5,5,0,0
3819.0,0.756796247,112.0192553,226.2720815,2.019939169,12.7,41.7,49.57,0.05,3.284,6.115,2.581,1.549,,,4.59,0.2081,0.5976,0.0867,0.3694,0.5018,0.1485,5.2017,0.2358,5,5,5,5,1,0
3821.0,0.585956739,208.8950673,604.9579353,2.895989566,16.8,29.7,30.32,0.16,26.844,24.309,9.111,4.012,,,4.96,,0.5778,0.0975,1.3004,0.1966,0.9879,8.219,0.9974,5,5,5,5,1,0
3823.0,0.457973568,574.603761,5890.555858,10.2515094,18.3,89.3,49.89,0.73,29.926,33.549,10.452,3.81,,,9.04,0.6537,0.194,0.2598,0.1642,2.1383,0.0536,22.1565,0.1071,5,5,5,5,0,0
3824.0,0.012640449,0.031189244,0.187135463,6.0,21.0,32.3,24.23,0.05,33.341,21.449,9.093,3.939,,,0.09,0.3379,0.4165,0.1263,0.3157,0.1817,0.4375,4.4606,0.1723,5,5,5,5,1,0
3825.0,0.382006472,69.29466177,679.3467308,9.803738318,18.0,87.3,45.67,0.12,15.088,14.264,4.962,2.427,,,4.54,0.6107,0.2442,0.2036,0.1806,0.4146,0.1668,8.8652,0.1114,5,5,5,5,1,0
3826.0,0.576462585,116.9065297,1385.848665,11.85433071,19.0,93.5,44.39,0.09,35.183,22.971,9.848,4.688,,,4.46,1.1874,0.2617,0.4106,0.156,0.7385,0.145,18.5245,0.1024,5,5,5,5,0,0
3828.0,0.351097923,91.16825366,4383.566525,48.08215962,22.3,274.0,56.54,0.2,45.115,28.519,9.03,3.199,,,4.93,4.3461,0.1162,1.3326,0.0358,5.7461,0.1056,52.8849,0.0997,5,5,5,5,0,0
3830.0,0.462801205,74.13422122,561.9513845,7.580188679,17.9,67.6,64.82,0.09,17.441,12.427,6.043,2.27,,,4.39,1.1436,0.1788,0.6786,0.0651,1.8344,0.0865,5.4988,0.1897,5,5,5,5,0,0
3831.0,1.077845304,904.2423102,3688.755411,4.079388201,15.4,51.6,43.58,0.21,20.549,25.435,9.469,4.208,,,9.29,0.3392,0.1049,0.0919,0.1326,0.3861,0.0867,10.5006,0.081,5,5,5,5,0,0
3832.0,0.712479339,1218.823462,11173.4445,9.167401886,19.1,72.0,42.67,0.64,75.705,67.876,23.382,10.115,2.06,,9.32,0.3778,0.4107,0.0786,0.3335,1.0499,0.1386,43.0883,0.1474,5,5,5,5,0,0
3833.0,0.170738255,16.62549435,87.11303545,5.239726027,14.5,77.4,48.65,0.15,8.937,12.969,5.401,2.652,,,1.59,0.2929,0.0803,0.112,0.2579,0.2192,0.2207,5.3765,0.4254,5,5,5,5,1,0
3834.0,0.35,906.8,1185.4,1.30723423,13.0,45.1,45.87,2.01,28.617,49.916,25.008,16.022,1.79,,4.0,0.5547,0.1996,0.1856,0.2068,1.0629,0.1306,18.6548,0.1393,5,5,5,5,0,0
3835.0,0.746345339,1228.494203,49577.38864,40.35622515,24.4,197.3,54.31,0.59,233.473,122.046,43.882,15.615,,,9.15,5.9759,0.2233,3.0363,0.0859,,,256.0868,0.0578,5,5,0,5,1,0
3836.0,0.37,532.5,5532.6,10.38985915,18.0,94.4,55.5,1.01,127.537,131.858,44.385,22.999,2.76,,4.0,3.4574,0.0646,1.0548,0.1607,,,90.8651,0.065,5,5,0,5,1,0
3837.0,0.37,1269.6,1457.7,1.1481569,14.2,18.8,34.28,2.5,62.356,136.974,62.672,31.744,4.32,,4.0,,0.3473,0.0272,0.6435,0.1688,0.2565,4.0195,0.6647,5,5,5,5,0,0
3838.0,1.718505647,1462.056188,346.4971343,0.236993036,10.4,8.9,31.62,0.13,1.363,5.764,2.763,1.521,,,11.5,,0.1934,0.0148,0.105,0.0228,0.2395,0.3536,0.1162,5,5,5,5,0,0
3839.0,0.028965517,0.256837099,5.239476813,20.4,20.7,134.9,46.18,0.07,39.403,26.607,8.795,,,,0.24,0.6583,0.1642,0.2273,0.2894,0.7669,0.1509,22.5816,0.1384,5,5,5,5,0,0
3840.0,1.215971223,1231.316812,838.6663559,0.68111338,11.5,18.7,39.61,0.22,4.299,9.932,5.433,2.855,,,9.39,0.0809,0.404,0.0365,0.1678,0.0647,0.1702,1.6793,0.1688,5,5,5,5,0,0
3841.0,0.323473054,244.867636,4011.357983,16.38174015,19.9,118.3,45.59,0.62,85.193,76.568,24.662,9.137,1.55,,4.38,,1.8746,,1.8106,0.3754,1.6641,,1.7528,5,5,5,5,1,0
3843.0,1.182383838,850.6752797,20319.10098,23.88584865,18.8,192.5,49.08,0.16,52.669,44.467,15.349,6.144,,,9.44,1.1605,0.1058,0.3731,0.2058,0.7,0.1819,37.7182,0.1321,5,5,5,5,1,0
3846.0,0.41,60.0,669.7,11.16166667,16.3,186.6,49.12,0.1,10.326,10.392,4.454,,,,4.0,0.7403,0.3855,0.2558,0.3915,1.0759,0.251,9.994,0.5243,5,5,5,5,0,0
3849.0,0.448738532,179.5851701,1767.862988,9.844147968,16.5,103.9,49.41,0.24,25.18,22.393,16.883,2.471,,,4.55,1.8373,0.2872,0.5612,0.3212,2.0011,0.1668,34.0382,0.3303,5,5,5,5,0,0
3850.0,1.1021093,380.3545092,3777.445284,9.931380311,19.3,75.6,41.4,0.08,21.183,17.655,6.296,2.26,,,10.45,0.4788,0.2192,0.2108,0.1927,0.2605,0.1996,10.777,0.0939,5,5,5,5,0,0
3851.0,0.377801047,139.3883117,2619.385154,18.792,20.5,127.1,46.71,0.27,54.725,37.368,12.851,5.166,,,4.51,1.8076,0.2717,0.4923,0.2725,2.0874,0.216,50.3132,0.2766,5,5,5,5,0,0
3852.0,0.51463964,316.5534514,1006.868809,3.180722892,14.2,49.9,45.06,0.33,16.89,27.817,11.51,5.445,,,4.57,0.8579,0.2794,0.2481,0.2826,0.3899,0.2475,20.4144,0.1524,5,5,5,5,1,0
3857.0,0.211077258,34.19348786,42.17087078,1.233301234,12.7,25.5,41.35,0.2,7.302,16.449,6.631,3.198,,,1.59,0.1624,0.1971,0.0641,0.1855,0.126,0.2156,3.8535,0.0981,5,5,5,5,0,0
3860.0,0.682010243,368.4630493,451.87496,1.226377953,13.0,24.2,38.22,0.21,4.145,5.746,3.458,1.402,,,7.95,0.0636,0.2628,0.0256,0.1449,0.0499,0.2391,1.4544,0.1436,5,5,5,5,0,0
3862.0,0.4374,630.64332,40339.91484,63.96629213,26.0,9.7,72.83,0.85,504.214,244.544,91.907,29.694,4.72,,4.86,22.6221,0.1848,,-1.1859,,,496.942,0.137,5,5,0,5,0,0
3866.0,0.225217391,181.056647,3633.813659,20.0700373,20.6,136.9,57.08,0.97,198.697,136.787,55.391,21.042,,,2.59,6.7195,0.0282,1.7068,0.2074,,,180.3245,0.0784,5,5,0,5,1,0
3868.0,0.499124579,435.7538482,4195.477704,9.628090999,16.5,104.7,55.11,0.47,56.997,53.727,25.261,,,,4.36,5.3564,0.3903,1.7259,0.06,6.9879,0.1678,154.2309,0.1155,5,5,5,5,1,0
3869.0,0.329928571,246.2498673,714.3964643,2.901103956,15.5,36.8,43.59,0.61,20.739,25.299,12.804,4.858,,,4.47,0.4838,0.2796,0.1777,0.0636,0.5291,0.0497,10.1706,0.0645,5,5,5,5,0,0
3871.0,1.2161875,2338.416104,1239.715308,0.530151715,11.4,15.0,42.47,0.42,1.584,11.68,5.154,1.969,,,12.76,0.1314,0.1189,0.0276,0.2085,0.1757,0.3909,3.2535,0.1682,5,5,5,5,1,0
3872.0,2.625303571,2512.70197,1449.907854,0.577031368,12.2,13.2,31.42,0.1,8.934,19.912,10.511,3.243,,,11.18,0.1384,0.2884,0.0375,0.0784,0.0885,0.1415,1.5749,0.2335,5,5,5,5,1,0
3874.0,0.650304114,1308.436018,39722.23016,30.35855756,23.5,158.9,47.08,0.81,133.788,114.665,31.589,3.522,0.91,,11.36,,1.0251,,1.4829,0.1876,0.5657,7.0669,1.232,5,5,5,5,0,0
3876.0,0.480422164,294.5173778,12240.20233,41.56020408,23.2,220.4,54.19,0.34,32.637,14.04,6.463,2.258,,,11.38,0.8892,0.328,0.2702,0.3777,3.0423,0.135,30.0328,0.2426,5,5,5,5,1,0
3877.0,0.282195122,21.20434265,86.23099346,4.066666667,15.3,53.3,46.32,0.07,2.044,2.511,0.662,,,,4.45,0.0833,0.2916,0.0286,0.3198,0.0464,0.189,1.3901,0.2951,5,5,5,5,1,0
3878.0,0.713342541,259.621215,77.99233235,0.300408163,12.1,7.2,18.73,0.14,3.628,7.773,4.02,2.14,,,5.27,,1.01,,0.8999,,0.528,,1.3024,5,5,5,5,0,0
3879.0,0.373924612,235.2628881,490.3244522,2.084155543,13.7,35.4,43.76,0.44,7.836,13.27,4.987,2.801,,,5.27,0.2441,0.297,0.0852,0.1316,0.2185,0.088,4.4614,0.0613,5,5,5,5,0,0
3881.0,0.367570093,199.4183325,96.92917091,0.48605948,10.6,17.3,47.1,0.4,1.604,4.416,2.155,2.025,,,4.37,,0.1097,0.0931,0.0914,0.1622,0.0801,1.1306,0.0516,5,5,5,5,0,0
3882.0,1.316288,336.10351,5258.823528,15.64644037,20.2,108.3,43.58,0.05,18.008,9.777,4.347,1.884,,,12.56,0.2336,0.4277,0.1098,0.1466,0.1284,0.2666,7.4778,0.0877,5,5,5,5,1,0
3883.0,0.417018044,358.94658,7324.989442,20.40690691,24.1,101.8,40.85,0.56,52.263,38.113,9.644,3.345,,,9.98,0.4542,0.3358,0.1483,0.5919,0.6726,0.465,19.8466,0.7268,5,5,5,5,1,0
3884.0,1.165563549,766.0961119,4305.302649,5.619794412,16.0,65.2,45.98,0.15,11.806,12.389,5.046,1.972,,,12.57,0.2565,0.3802,0.1377,0.1974,0.2713,0.187,9.9382,0.1042,5,5,5,5,0,0
3885.0,0.263126492,829.1649541,939.2771737,1.132798931,15.8,14.5,21.17,3.25,55.869,95.483,36.904,19.199,4.14,,4.41,2.3809,0.1261,0.7938,0.1927,4.818,0.022,38.5672,0.188,5,5,5,5,0,0
3886.0,0.235135135,79.96275257,302.0307397,3.777142857,14.3,57.4,46.66,0.4,5.123,8.54,3.053,1.718,,,4.35,0.0347,0.4215,0.0127,0.6404,0.0362,0.7807,1.7768,0.878,5,5,5,5,0,0
3887.0,0.464833006,108.4343989,437.7329677,4.036845984,16.2,45.1,41.43,0.13,14.337,14.678,5.123,2.668,,,4.55,0.2503,0.1377,0.0561,0.321,0.1631,0.1094,4.3452,0.1081,5,5,5,5,0,0
3889.0,0.305206349,113.7441965,765.9930663,6.734348562,17.5,63.8,52.97,0.32,23.022,20.428,6.753,3.375,,,4.37,0.3084,0.1617,0.1497,0.1489,1.291,0.0645,9.5632,0.0895,5,5,5,5,0,0
3890.0,0.504237288,63.36084419,668.7304698,10.55431755,20.3,72.1,38.52,0.07,29.57,16.275,6.608,2.965,,,4.25,0.3908,0.1923,0.1914,0.1652,0.3119,0.2316,19.959,0.1471,5,5,5,5,1,0
3892.0,0.560225352,58.1299266,220.1317643,3.786892178,16.4,41.5,37.05,0.05,12.899,14.005,4.96,,,,3.52,0.1395,1.3784,0.0736,0.2242,0.1009,0.2561,,0.2166,5,5,5,5,0,0
3893.0,0.577534247,64.55725277,1298.173466,20.10887097,20.3,138.2,46.34,0.05,29.453,23.17,8.016,2.82,,,4.08,1.276,0.2151,0.4075,0.1869,0.4796,0.2709,18.101,0.2441,5,5,5,5,0,0
3895.0,1.164643715,2498.988408,46597.5505,18.64656529,20.1,132.1,56.75,0.49,104.978,84.78,28.536,12.238,1.11,,12.54,2.1447,0.298,1.7814,0.1401,12.5054,0.1188,163.1857,0.154,5,5,5,5,0,0
3897.0,0.435647841,39.49823953,1333.658058,33.765,26.9,135.9,41.99,0.06,57.168,19.328,13.783,4.711,,,4.23,2.0288,0.4007,0.7554,0.2696,0.9055,0.2423,,0.2341,5,5,5,5,0,0
3899.0,0.38328928,223.4234629,1000.628311,4.478617858,15.8,54.0,44.91,0.4,25.4,35.026,13.55,5.008,,,4.21,0.4959,0.146,0.1106,0.181,0.2596,0.223,3.5149,0.3389,5,5,5,5,0,0
3900.0,0.147393939,32.50259688,353.0308173,10.8616188,17.8,99.2,50.06,0.4,54.633,60.305,24.063,7.639,1.9,,1.52,0.5654,0.5077,0.1614,0.3718,2.6989,0.2148,31.3994,0.2217,5,5,5,5,0,0
3903.0,0.657636103,184.3039136,200.3582614,1.087108014,13.0,21.0,37.11,0.11,6.465,12.138,5.844,2.624,,,4.29,0.1121,2.6154,0.0798,0.1813,0.1349,0.2287,2.0985,0.3447,5,5,5,5,0,0
3904.0,0.321023622,76.90336661,557.9735073,7.255514706,16.5,78.3,45.18,0.2,11.098,11.056,4.191,2.04,,,4.53,0.159,0.1001,0.0369,0.4413,0.1872,0.3199,7.4823,0.1003,5,5,5,5,1,0
3905.0,0.530951157,86.73102279,172.4961471,1.988863287,14.7,28.3,36.75,0.08,6.034,9.415,4.106,1.306,,,4.49,0.1243,0.3333,0.0622,0.3228,0.0714,0.247,1.463,0.2188,5,5,5,5,0,0
3906.0,0.562971014,73.95912917,262.8049483,3.553380783,15.9,41.8,39.96,0.06,8.692,8.269,2.92,,,,4.57,0.2056,0.1746,0.0755,0.1083,0.1313,0.107,2.8326,0.1021,5,5,5,5,0,0
3907.0,0.456997167,169.4874816,235.3908048,1.388838884,14.2,21.5,31.5,0.21,10.911,14.681,7.283,3.147,,,4.36,,0.172,0.0333,0.4349,0.0471,0.1244,2.0007,0.13,5,5,5,5,0,0
3909.0,0.573381818,75.08869289,2993.907951,39.87162162,20.0,280.5,53.0,0.06,28.746,25.668,5.688,2.244,,,4.38,2.8735,0.2515,0.9093,0.395,2.9783,0.2644,51.5859,0.2987,5,5,5,5,0,0
3910.0,0.414246575,56.73313567,1596.372381,28.1382716,21.9,164.7,49.21,0.09,33.915,20.543,7.074,2.791,,,4.32,1.4709,0.1014,0.4744,0.157,1.1899,0.0606,29.9762,0.0845,5,5,5,5,0,0
3911.0,0.649876543,1439.408693,27353.97923,19.00362237,21.8,115.5,46.02,0.89,75.831,69.544,20.314,5.91,1.05,,13.16,0.5603,0.1881,0.2688,0.3102,2.0523,0.1771,60.6332,0.1138,5,5,5,5,1,0
3912.0,0.503191489,69.70235401,4233.356722,60.73477407,22.8,332.5,51.67,0.07,46.774,33.947,9.257,4.123,,,4.4,0.8127,0.2484,0.2793,0.3546,1.7512,0.2033,48.2785,0.1832,5,5,5,5,0,0
3914.0,0.326621438,106.7122107,334.0196396,3.130097645,14.1,48.9,48.12,0.27,7.676,10.821,5.526,1.974,,,4.08,0.1566,0.1208,0.0563,0.1124,0.4601,0.0645,7.0358,0.0627,5,5,5,5,0,0
3915.0,0.761768902,439.3695933,110.6181357,0.251765569,11.7,6.6,18.18,0.2,6.805,27.969,10.745,4.528,,,4.45,,0.2741,0.0185,0.2,0.0348,0.3327,0.6255,0.2331,5,5,5,5,0,0
3916.0,0.972,498.96,18893.088,37.86493506,20.5,253.8,54.71,0.14,24.62,19.207,6.127,2.075,,,13.14,0.4179,0.1502,0.1919,0.1311,3.3651,0.0435,36.2309,0.0463,5,5,5,5,0,0
3917.0,0.422887701,143.0469298,2919.231995,20.4075124,20.0,147.7,56.34,0.21,6.297,5.752,1.26,0.469,,,13.18,0.0755,0.1496,0.0374,0.1505,0.4638,0.0855,4.7098,0.0813,5,5,5,5,0,0
3919.0,0.428852459,342.8982403,389.898595,1.137067938,11.0,36.7,79.22,0.48,3.572,8.887,6.63,3.126,,,4.36,0.1837,0.3372,0.1573,0.0902,2.0444,0.0994,5.3164,0.122,5,5,5,5,1,0
3920.0,1.276624347,781.6796125,4440.710935,5.680986,17.4,54.6,40.78,0.13,17.442,17.73,3.327,,,,12.95,0.1541,0.1434,0.0495,0.4299,0.119,0.5134,5.1356,0.2517,5,5,5,5,1,0
3921.0,0.263995434,151.9415326,313.7782817,2.065125159,14.3,31.6,39.5,0.58,13.154,18.879,8.103,2.807,,,3.73,0.058,0.1277,0.0241,0.3383,0.1631,0.1257,5.746,0.0426,5,5,5,5,0,0
3922.0,0.6162,265.11768,7030.11204,26.51694915,20.1,6.2,59.55,0.19,90.987,89.09,48.156,,0.81,,4.74,2.9639,1.1704,1.8452,0.5459,11.9867,0.4286,153.4772,0.853,5,5,5,5,1,0
3923.0,1.077505774,4013.597026,205514.5426,51.20457815,22.0,305.5,55.1,0.91,227.997,161.527,55.003,19.611,3.52,,12.96,3.0627,0.2166,2.0302,0.2328,20.0642,0.149,312.3011,0.1232,5,5,5,5,0,0
3924.0,0.195728155,8.3557734,15.4899425,1.85380117,14.6,26.7,34.67,0.06,5.679,8.078,3.036,1.675,,,1.44,,0.5363,0.0368,0.2702,0.0683,0.3224,1.2625,0.1325,5,5,5,5,0,0
3925.0,0.310659898,29.16733747,533.2690046,18.28308824,19.4,138.0,47.54,0.08,11.788,8.465,3.166,1.423,,,4.08,0.2325,0.1655,0.086,0.1296,0.2889,0.0556,8.1178,0.0448,5,5,5,5,0,0
3926.0,0.760112888,233.997499,1308.833233,5.593364198,17.6,51.8,40.17,0.11,8.52,9.478,3.231,1.177,,,10.1,0.1875,0.367,0.0447,0.3907,0.094,0.6252,3.1399,0.767,5,5,5,5,1,0
3928.0,0.276,27.84656,54.08496,1.94224924,14.8,27.5,36.19,0.1,3.207,4.009,1.714,,,,3.68,0.0695,0.0676,0.0186,0.3606,0.0367,0.2021,0.7535,0.1924,5,5,5,5,1,0
3929.0,0.220526316,41.00638094,1787.240159,43.58444023,22.9,236.7,52.64,0.23,31.389,21.537,4.818,1.521,,,4.19,0.3759,0.3474,0.1383,0.5026,1.4604,0.4077,24.7021,0.0975,5,5,5,5,0,0
3930.0,0.458926488,43.81281273,1182.529917,26.99050445,20.8,175.3,49.57,0.06,20.138,17.219,4.672,3.38,,,4.37,0.2226,0.2806,0.0643,0.2099,0.1856,0.037,,0.0742,5,5,5,5,0,0
3931.0,0.390805687,513.5039532,2182.841315,4.250875386,15.1,57.5,59.56,0.91,41.346,61.793,26.444,10.244,1.87,,4.34,1.8825,0.166,0.8855,0.2192,,,31.2289,0.1297,5,5,0,5,1,0
3932.0,0.382608696,471.2287335,1680.453686,3.566110398,15.2,47.7,45.01,0.84,37.108,47.196,22.52,10.986,,,4.4,0.6541,0.2153,0.1945,0.2504,1.1769,0.0383,27.6236,0.1233,5,5,5,5,0,0
3933.0,0.173809524,286.0602307,572.5866612,2.001629726,15.9,24.9,40.3,2.5,33.397,55.113,21.261,8.298,2.21,,3.65,0.6877,0.0933,0.1731,0.1628,0.5995,0.0647,7.003,0.1176,5,5,5,5,0,0
3934.0,0.641170213,903.403272,1236.819361,1.369066728,13.9,22.8,36.42,0.58,11.437,15.936,8.792,4.269,,,8.61,0.1081,0.2445,0.018,0.3604,0.0737,0.2216,2.2552,0.1354,5,5,5,5,0,0
3935.0,0.505219207,167.6610545,684.9042673,4.085052843,14.6,58.4,67.92,0.17,13.105,14.542,7.084,3.659,,,4.4,1.4222,0.0719,0.7576,0.2994,3.673,0.0503,9.2978,0.1302,5,5,5,5,1,0
3937.0,0.850318237,152.0810801,470.4122851,3.093167702,15.5,38.8,39.57,0.06,4.542,5.071,2.094,,,,8.37,0.1041,0.3734,0.0544,0.2456,0.0628,0.3226,1.4824,0.2864,5,5,5,5,0,0
3938.0,0.498660907,715.4570297,135.6425603,0.189588689,9.9,8.5,33.05,0.76,3.055,9.984,7.722,,,,4.44,0.0582,0.0815,0.0077,0.2785,0.0277,0.2098,1.4087,0.1444,5,5,5,5,0,0
3939.0,1.583665428,2684.090977,32634.52512,12.15850186,16.7,127.7,64.83,0.28,45.544,79.669,18.126,7.377,,,13.23,1.2597,0.1404,0.8711,0.295,,,80.8277,0.3061,5,5,0,5,1,0
3940.0,0.830645914,640.9964965,25307.84371,39.48203125,23.4,204.0,49.13,0.25,55.318,36.025,10.161,3.123,,,12.86,1.2759,0.0702,0.3689,0.2211,1.8146,0.1205,47.6188,0.0916,5,5,5,5,1,0
3941.0,0.557535817,621.8330917,5279.882198,8.490835031,15.7,103.6,68.02,0.54,67.081,113.802,38.984,16.151,1.37,,4.14,3.7716,0.1191,1.3446,0.317,9.9871,0.2377,86.5845,0.1854,5,5,5,5,1,0
3942.0,0.11,50.0,1175.5,23.51,20.8,5.2,59.11,1.13,155.041,139.339,45.723,16.682,2.91,,1.5,3.9296,0.0434,1.0183,0.3044,,,143.4031,0.174,5,5,0,5,1,0
3944.0,0.504285714,210.795694,786.6707577,3.731910946,13.8,61.8,48.68,0.22,16.485,31.61,14.347,5.128,,,3.53,0.8454,0.5082,0.1468,0.543,0.2778,0.6929,,0.3681,5,5,5,5,1,0
3945.0,0.283183183,31.53135117,349.1187584,11.07211538,18.3,95.0,49.39,0.1,9.499,8.565,2.903,,,,4.1,0.1417,0.3277,0.0496,0.1733,0.3254,0.0864,6.8897,0.0617,5,5,5,5,0,0
3947.0,0.483,54.487,665.2175,12.20873786,19.5,90.2,43.76,0.06,24.256,20.19,6.14,,,,3.91,0.3548,0.1184,0.11,0.2976,0.1663,0.0919,5.5425,0.2262,5,5,5,5,0,0
3948.0,0.15,11.7,18.1,1.547008547,13.1,1.0,44.19,0.14,3.798,7.742,2.671,,,,1.5,0.2035,0.2549,0.0573,0.2978,0.1161,0.1737,2.4248,0.145,5,5,5,5,1,0
3949.0,0.33136,158.4640256,1054.196378,6.652591171,16.5,71.8,47.36,0.4,23.485,24.824,8.061,4.604,,,4.36,0.6096,0.058,0.1525,0.3239,0.4342,0.2163,12.9792,0.1884,5,5,5,5,1,0
3950.0,1.326193503,2991.789559,39163.168,13.09021481,17.9,119.0,54.67,0.45,65.879,70.753,23.852,9.946,1.13,,13.51,1.4362,0.2668,0.5086,0.2456,5.9384,0.0968,86.6373,0.1337,5,5,5,5,1,0
3951.0,0.897333333,1682.882862,5725.02256,3.401913876,16.8,1.1,34.53,0.61,26.78,30.332,11.872,4.552,,,13.46,0.1827,0.4615,0.0561,0.4723,0.2069,0.4271,5.0881,0.6742,5,5,5,5,0,0
3952.0,1.220217835,1310.259778,18887.75204,14.41527273,19.5,107.4,46.54,0.24,40.965,31.654,11.542,4.547,,,14.34,0.3646,0.5139,0.126,1.2477,0.7694,0.7786,18.1076,0.8787,5,5,5,5,1,0
3953.0,0.546308725,662.9114725,24052.27123,36.28278018,23.1,196.4,49.68,0.59,149.541,111.58,32.602,10.716,1.65,,7.4,2.2417,0.1112,0.5158,0.124,6.1728,0.0256,122.5217,0.0577,5,5,5,5,0,0
3957.0,0.527891247,498.3108695,32986.33433,66.19629703,26.4,278.1,58.39,0.48,187.746,103.856,31.536,9.552,0.94,,7.51,7.6441,0.1049,2.0566,0.211,,,248.6074,0.1204,5,5,0,5,0,0
3958.0,0.160807175,3.846785578,96.43677733,25.06944444,20.0,176.2,52.28,0.04,10.794,9.546,2.524,2.41,,,1.63,0.4363,0.0809,0.137,0.1735,0.9398,0.0809,11.3675,0.0974,5,5,5,5,0,0
3959.0,0.915732575,218.3249144,16424.91824,75.23153409,28.0,282.3,48.33,0.07,41.444,17.05,4.692,2.481,,,12.38,0.708,0.3264,0.2881,0.1304,1.3414,0.0381,41.4082,0.0701,5,5,5,5,1,0
3960.0,0.467116564,315.1747224,584.5548271,1.854700855,14.8,26.2,34.51,0.39,26.274,26.832,16.947,6.674,,,4.23,0.2515,0.4743,0.0697,0.4276,0.1216,0.4323,5.6876,0.2833,5,5,5,5,1,0
3962.0,0.766300485,929.723607,14847.80396,15.97012687,19.6,118.3,68.19,0.42,92.556,142.836,59.355,21.959,1.63,,6.41,,0.5688,1.4391,0.42,14.7167,0.3314,,0.822,5,5,5,5,1,0
3963.0,1.2416,237.2305806,2919.135141,12.30505415,17.6,115.1,47.1,0.04,16.098,23.738,5.043,,,,7.76,0.171,0.2587,0.0673,0.2855,0.1187,0.3411,,0.3873,5,5,5,5,0,0
3964.0,0.722222222,1081.080816,3579.942006,3.311447167,15.8,39.7,42.76,0.56,55.436,81.914,22.144,15.006,,,6.5,0.3425,0.2079,0.0954,0.1744,0.591,0.1203,13.7758,0.0877,5,5,5,5,0,0
3965.0,1.026818182,692.1615341,29025.99155,41.93528551,20.9,273.7,53.2,0.17,112.091,83.303,24.985,9.297,,,7.53,3.4713,0.4839,1.2034,0.4526,7.4985,0.4503,122.4782,0.3472,5,5,5,5,0,0
3966.0,0.506776156,72.07824723,238.8891427,3.314302885,16.7,34.5,33.94,0.07,7.826,6.306,2.696,1.35,,,5.41,0.0643,0.1767,0.031,0.2726,0.0779,0.1684,1.0852,0.098,5,5,5,5,0,0
3967.0,0.252415966,59.16907572,882.8165935,14.92023634,19.4,112.0,45.72,0.24,20.131,19.329,5.935,1.665,,,4.45,0.1451,0.5517,0.0545,0.3652,0.1953,0.1669,9.3432,0.071,5,5,5,5,0,0
3968.0,0.467038704,1782.128893,29113.73364,16.33649158,25.5,76.5,39.86,2.21,162.962,157.16,41.969,12.814,2.11,,11.04,0.1485,0.6207,0.0648,0.1703,1.3502,0.0819,43.9579,0.0817,5,5,5,5,0,0
3969.0,0.332786885,212.3883484,2382.539514,11.21784473,18.0,100.0,51.27,0.51,53.406,56.395,19.28,7.294,0.78,,4.06,1.7499,0.0557,0.5187,0.13,4.227,0.0482,41.966,0.0422,5,5,5,5,1,0
3970.0,0.990704483,1369.155612,5254.073579,3.837455388,14.8,54.3,45.24,0.37,19.73,23.208,12.812,4.845,,,10.12,0.5552,0.181,0.1759,0.2976,0.3444,0.2378,16.6361,0.3182,5,5,5,5,1,0
3971.0,0.249455782,65.15860058,2702.530529,41.47619048,23.7,211.1,55.82,0.29,65.774,44.318,11.824,5.663,,,3.86,1.4633,0.1415,0.6617,0.0704,5.1913,0.0328,80.0457,0.0447,5,5,5,5,0,0
3976.0,0.634098837,3050.685981,254052.0826,83.2770348,30.4,286.5,52.37,2.05,1832.643,1123.56,341.509,127.635,13.1,,6.61,3.2322,0.5608,0.6161,0.5016,,,1580.0448,0.0496,5,5,0,5,1,0
3977.0,1.307013678,797.1530977,6354.628159,7.971653347,16.7,83.6,46.29,0.13,13.558,13.036,4.044,1.964,,,13.13,0.3605,0.311,0.1162,0.2895,0.3039,0.2,11.4321,0.1888,5,5,5,5,0,0
3978.0,0.445774278,569.0466613,46490.5169,81.69895382,26.9,335.9,56.72,0.75,213.752,102.915,24.402,13.717,2.48,,7.72,3.6341,0.0508,1.2257,0.3388,,,189.4955,0.1227,5,5,0,5,1,0
3979.0,0.32272838,29.46752972,149.153391,5.061618411,16.4,54.9,43.52,0.08,5.606,6.467,2.172,1.251,,,3.84,0.1113,0.1109,0.0464,0.275,0.1449,0.167,2.3381,0.2215,5,5,5,5,0,0
3981.0,0.606364964,584.5253224,4705.038035,8.049331406,17.1,80.0,52.44,0.42,37.539,39.878,14.918,6.214,,,7.04,1.2894,0.1293,0.493,0.2839,1.7113,0.228,20.2086,0.162,5,5,5,5,1,0
3983.0,0.32926045,398.3945575,2663.410014,6.685357428,19.3,52.2,37.76,0.97,50.617,53.825,17.394,5.975,,,6.4,0.3524,0.261,0.1172,0.3421,0.36,0.2692,18.181,0.1681,5,5,5,5,1,0
3984.0,0.11,7.9,57.9,7.329113924,16.8,74.8,45.06,0.16,11.563,10.966,4.264,2.029,,,1.5,0.2531,0.2411,0.0893,0.1547,0.2392,0.1232,7.679,0.0926,5,5,5,5,0,0
3985.0,0.09,3.2,212.1,66.28125,26.6,273.7,54.96,0.11,31.564,16.526,4.795,1.196,,,1.5,0.516,0.1587,0.205,0.171,1.7832,0.0519,31.8664,0.0571,5,5,5,5,0,0
3986.0,0.287727273,197.299591,2586.107674,13.10751665,22.2,76.6,39.95,0.64,124.435,62.111,26.443,10.763,,,4.22,6.0672,0.2229,1.9973,0.4134,5.1998,0.2593,142.5532,0.2874,5,5,5,5,1,0
3987.0,0.985624161,1171.651737,18226.06079,15.55586888,18.4,131.5,48.58,0.32,94.183,92.444,31.404,12.207,,,7.57,1.7359,0.1599,0.7018,0.2106,3.5177,0.1585,80.1716,0.1162,5,5,5,5,0,0
3988.0,0.291107492,39.75624357,456.0343378,11.47076023,17.5,107.3,49.81,0.13,14.973,11.0,3.822,3.404,,,3.31,0.3378,0.2321,0.1028,0.2282,0.2787,0.1547,11.2803,0.0419,5,5,5,5,0,0
3989.0,0.897578534,274.0153993,6833.604638,24.93876131,23.5,128.7,43.83,0.09,39.094,17.734,6.736,2.572,,,10.55,1.5093,0.185,0.5264,0.0957,0.9326,0.1319,22.5077,0.1744,5,5,5,5,1,0
3991.0,0.435661972,9.150393969,370.3136711,40.46969697,24.4,195.6,47.59,0.01,9.233,4.14,1.705,,,,4.18,0.4522,0.1803,0.1153,0.1647,0.3049,0.0968,10.7771,0.1374,5,5,5,5,1,0
3992.0,1.4168,1858.01728,29296.95104,15.76785714,18.9,4.1,49.28,0.26,65.13,48.841,19.614,7.203,,,12.88,0.6287,0.3711,0.4172,0.3262,2.7477,0.3056,57.2724,0.2433,5,5,5,5,1,0
3994.0,0.32407629,53.09442248,2166.987543,40.81384526,22.0,237.9,49.71,0.14,33.26,20.716,6.814,2.226,,,4.29,0.6883,0.2111,0.2635,0.2357,1.2296,0.1129,35.5162,0.0997,5,5,5,5,0,0
3995.0,0.944348497,2942.436022,10229.28991,3.476469781,14.7,50.3,54.04,0.88,22.954,36.794,13.726,5.928,0.81,,13.03,0.2431,0.0969,0.0883,0.2389,1.6856,0.1241,16.6029,0.101,5,5,5,5,0,0
3997.0,0.413413333,604.6164786,4760.902212,7.874251497,21.1,51.0,32.37,0.93,279.492,271.055,84.19,28.306,3.17,,4.19,6.9604,0.2211,,,,,210.4734,0.2838,5,0,0,5,0,0
3998.0,1.111688213,894.1135449,4827.651437,5.399371775,16.6,57.3,49.95,0.19,15.39,15.761,5.964,2.008,,,13.17,0.2166,0.6882,0.0358,0.259,0.6611,0.1142,9.4276,0.0512,5,5,5,5,0,0
3999.0,0.445276316,696.8973565,22247.09967,31.92306509,21.4,201.1,57.01,0.95,99.283,67.894,19.895,,,,7.87,5.067,0.3144,1.4101,0.0851,8.699,0.3423,191.9524,0.3628,5,5,5,5,0,0
4000.0,0.569372129,599.821925,7152.102163,11.92370913,17.4,114.3,50.33,0.48,45.656,54.29,17.73,7.562,,,6.76,1.3736,0.123,0.3734,0.1788,2.8583,0.054,39.1838,0.0888,5,5,5,5,0,0
4001.0,0.685581395,364.9251367,4031.980362,11.0487877,18.2,95.2,46.3,0.21,36.147,38.096,12.685,4.89,,,6.7,1.0115,0.1107,0.244,0.1549,0.7646,0.057,27.8322,0.1416,5,5,5,5,1,0
4003.0,0.585910194,2909.677079,19782.06376,6.798714504,19.3,54.4,41.84,2.28,163.171,204.295,70.535,25.325,3.42,,8.47,0.5389,0.1947,0.1054,0.2766,1.3046,0.2953,49.0905,0.0838,5,5,5,5,0,0
4005.0,0.837862595,3323.720612,324342.3812,97.58412907,25.6,442.4,71.19,1.25,918.598,482.38,175.928,61.905,9.18,,7.84,15.6791,0.3041,,,,,1293.9039,0.0502,5,0,0,5,1,0
4007.0,0.995826408,416.8022272,1746.42517,4.190057193,14.6,60.5,47.19,0.11,4.806,7.123,3.274,,,,10.37,0.2004,0.2354,0.0676,0.2993,0.0796,0.1918,6.2156,0.3317,5,5,5,5,1,0
4008.0,0.30775076,136.9893109,93.04362487,0.67920354,11.8,17.6,41.51,0.38,2.875,8.944,3.669,2.516,,,4.05,0.0606,0.0925,0.0139,0.3089,0.0456,0.3068,1.1516,0.2266,5,5,5,5,1,0
4009.0,0.14,11.9,18.5,1.554621849,13.6,0.6,39.76,0.17,5.099,6.896,3.233,1.791,,,1.5,0.1409,0.1252,0.0658,0.1152,0.133,0.1175,1.7447,0.1628,5,5,5,5,0,0
4010.0,0.14,3.6,53.1,14.75,19.7,2.5,45.26,0.05,11.593,7.08,3.187,,,,1.5,0.2492,0.2239,0.0615,0.3158,0.063,0.2429,3.7116,0.2049,5,5,5,5,0,0
4011.0,0.500475285,1002.202615,65840.79436,65.69609117,26.5,278.6,52.78,1.05,176.425,128.569,31.05,10.834,1.88,,10.53,0.7276,0.0817,0.6945,0.0893,,,216.9805,0.0344,5,5,0,5,0,0
4013.0,0.2,63.1,458.1,7.259904913,15.5,2.2,53.47,0.4,54.037,80.735,28.328,11.522,,,1.5,2.2061,0.1568,0.7932,0.0471,7.5008,0.0143,94.5366,0.042,5,5,5,5,1,0
4014.0,0.741229773,251.9350216,67.10091327,0.266342142,11.8,6.8,18.35,0.12,5.456,12.675,5.742,3.488,,,4.09,0.0888,0.3214,0.0338,0.2983,0.0763,0.7453,1.6787,0.2725,5,5,5,5,1,0
4016.0,0.454209115,23.71011795,1157.695324,48.82705882,26.3,203.8,45.52,0.03,34.347,16.844,5.393,1.858,,,3.94,,0.4758,0.0243,0.7162,0.0531,0.375,,0.3587,5,5,5,5,1,0
4017.0,0.21,47.7,349.0,7.316561845,15.3,2.2,47.78,0.29,40.823,49.44,16.627,7.374,,,1.5,0.8567,0.4447,0.2609,0.221,1.0626,0.1299,37.1821,0.3774,5,5,5,5,0,0
4018.0,0.12,41.9,1480.9,35.34367542,20.6,5.9,56.67,0.83,135.848,119.915,38.337,12.834,1.83,,1.5,3.948,0.1436,1.5563,0.1365,,,211.2597,0.0534,5,5,0,5,1,0
4019.0,0.296885813,5.827516433,63.73846099,10.9375,22.2,64.1,33.28,0.02,4.613,2.319,0.87,0.47,,,3.9,,0.266,0.022,0.483,0.0298,0.1844,,0.0745,5,5,5,5,0,0
4020.0,0.449814324,255.4038571,1099.590547,4.305301256,16.6,45.9,39.75,0.34,22.584,25.489,10.069,3.872,,,5.56,0.7044,0.3821,0.2297,0.3409,0.2945,0.4323,10.0478,0.3349,5,5,5,5,1,0
4021.0,1.232547529,2053.350535,619.0186576,0.3014676,11.0,9.7,30.68,0.36,3.534,13.555,7.033,3.458,,,10.13,0.0567,0.1769,0.0194,0.5113,0.0417,0.6055,2.383,0.1909,5,5,5,5,1,0
4023.0,0.772421384,943.5061271,70863.58945,75.10665529,26.3,318.9,51.85,0.42,116.726,68.727,19.776,6.19,,,12.76,0.8752,1.1549,0.4181,0.0837,4.3925,0.0369,149.0196,0.0513,5,5,5,5,0,0
4024.0,0.359281437,34.13532217,193.911578,5.680672269,18.5,45.7,37.22,0.07,11.362,8.19,3.316,1.502,,,4.0,0.0626,0.1169,0.0279,0.2592,0.1201,0.1925,2.0089,0.1538,5,5,5,5,0,0
4025.0,0.12,14.3,320.5,22.41258741,20.2,3.9,54.64,0.26,49.108,39.71,13.39,3.86,,,1.5,1.781,0.1348,0.6267,0.1006,2.422,0.0417,44.8631,0.0817,5,5,5,5,1,0
4026.0,0.111547389,1.188258402,43.05642357,36.23489933,31.7,112.4,33.63,0.03,24.706,7.858,3.343,,,,1.46,0.1693,0.363,0.0661,0.2225,0.2971,0.1489,8.3269,0.414,5,5,5,5,1,0
4027.0,0.11,50.0,784.6,15.692,19.5,2.9,50.8,1.08,125.289,116.711,38.392,15.347,2.63,,1.5,1.0968,0.1545,0.3402,0.143,7.4635,0.0131,119.1556,0.051,5,5,5,5,1,0
4028.0,0.287260677,221.1082691,7234.114184,32.71751985,22.2,190.4,50.43,0.7,123.82,104.726,31.243,10.748,1.21,,4.15,2.5664,0.2468,0.7798,0.2824,7.1938,0.1187,119.4726,0.1447,5,5,5,5,1,0
4030.0,0.2616,781.29456,44505.27552,56.96350365,29.9,6.5,51.48,3.51,807.114,681.182,175.15,54.283,7.95,,4.36,4.7945,0.0677,1.2812,0.2331,,,948.8251,0.0468,5,5,0,5,0,0
4031.0,0.339425134,132.7419209,2925.982586,22.04264159,16.8,229.5,50.71,0.3,25.85,15.933,10.278,4.818,,,4.03,2.0901,0.1379,0.6953,0.1623,1.6628,0.0861,75.6531,0.0984,5,5,5,5,1,0
4032.0,0.337559242,12.76662993,269.2851997,21.09289617,22.3,120.4,44.26,0.03,9.453,5.984,1.705,,,,4.07,0.3058,0.0661,0.1142,0.0649,0.1893,0.0099,4.3169,0.0278,5,5,5,5,0,0
4033.0,0.482378378,72.90772243,2205.486095,30.25037707,22.8,165.9,48.73,0.08,56.784,39.243,12.691,4.456,,,3.88,4.7672,0.0818,1.4861,0.2281,2.753,0.0563,82.2179,0.0962,5,5,5,5,1,0
4034.0,0.5778,276.14988,5626.0386,20.37313433,20.2,4.4,57.15,0.23,53.718,36.69,11.598,4.345,,,6.42,1.0652,0.1834,0.349,0.1686,2.6283,0.0621,42.9269,0.1284,5,5,5,5,0,0
4035.0,0.138396226,3.960757832,25.71536801,6.492537313,17.8,58.7,40.71,0.06,6.293,5.752,1.753,,,,1.63,0.1424,0.1919,0.0326,0.3492,0.0727,0.1536,2.2006,0.0491,5,5,5,5,0,0
4036.0,0.575,1851.5,489.325,0.264285714,7.6,1.0,42.25,1.53,14.051,4.269,3.316,3.298,,,5.75,0.2312,0.1893,0.1253,0.4283,0.6601,0.1512,,0.2796,5,5,5,5,1,0
4037.0,0.649,138.99633,745.52577,5.363636364,15.1,2.2,50.62,0.09,5.889,6.635,2.951,,,,6.49,0.2952,0.0996,0.0942,0.1165,0.2842,0.0368,5.1806,0.0483,5,5,5,5,0,0
4039.0,1.611492537,178.6312096,2502.660548,14.01020882,23.6,72.2,34.45,0.02,18.735,11.671,3.819,1.667,,,11.59,0.1537,0.4261,0.0517,0.2948,0.0782,0.2573,3.1838,0.22,5,5,5,5,0,0
4040.0,0.149104972,17.69009359,413.7165122,23.38690353,20.4,159.1,47.54,0.21,51.878,22.388,11.808,5.213,,,1.73,1.3363,0.1755,0.4596,0.1969,1.9965,0.1216,36.808,0.155,5,5,5,5,1,0
4041.0,0.436694561,198.1681956,1038.099526,5.238476954,17.2,50.6,39.44,0.27,39.451,38.447,13.867,5.928,,,4.26,0.6545,0.1995,0.3131,0.1023,0.5231,0.1116,12.6197,0.0843,5,5,5,5,0,0
4043.0,0.281372931,33.68799995,68.96224139,2.047086247,15.2,26.8,37.06,0.11,3.554,6.198,1.855,0.859,,,4.07,0.071,0.4709,0.0373,0.3517,0.0765,0.3004,1.1222,0.3356,5,5,5,5,0,0
4045.0,0.729383886,718.8868423,4132.960942,5.749111959,16.8,59.5,44.82,0.36,20.705,23.513,8.168,3.515,,,10.26,0.3256,0.075,0.079,0.4892,0.502,0.1717,9.1001,0.2321,5,5,5,5,0,0
4046.0,0.364989733,50.28275548,628.5892655,12.50109027,18.8,100.8,45.54,0.1,18.39,12.867,5.37,2.159,,,3.95,0.3849,0.291,0.1888,0.1223,0.561,0.0644,16.8768,0.0735,5,5,5,5,0,0
4049.0,0.326394928,29.35581072,228.5086267,7.784102061,16.3,85.3,46.88,0.07,4.709,4.917,1.762,0.749,,,4.19,0.1157,0.2619,0.0371,0.1621,0.12,0.0702,3.6073,0.0395,5,5,5,5,0,0
4050.0,0.962488658,621.9119349,10019.94917,16.11152416,19.6,120.3,47.73,0.18,17.462,13.007,4.711,1.948,,,15.47,0.2883,0.1308,0.1227,0.0747,0.403,0.0571,11.2774,0.023,5,5,5,5,0,0
4051.0,0.44,64.78895428,251.5529199,3.882651336,15.6,47.7,41.68,0.09,9.234,8.303,3.917,2.083,,,3.96,0.1227,0.4557,0.0489,0.1942,0.1494,0.1448,4.2743,0.0539,5,5,5,5,0,0
4053.0,1.58257586,1498.432883,5777.210377,3.855501599,14.9,52.8,44.44,0.16,12.977,15.007,7.16,,,,13.97,0.2426,0.5786,0.0679,0.2677,0.2336,0.3914,,0.1503,5,5,5,5,1,0
4054.0,1.372774566,608.6076158,6198.378754,10.18452381,19.3,77.2,54.04,0.09,20.072,24.588,4.677,4.028,,,13.97,0.0984,0.1602,0.0289,0.1612,0.4691,0.0508,4.7459,0.111,5,5,5,5,0,0
4055.0,0.118959108,3.17505286,35.07759705,11.04787813,18.5,91.5,45.94,0.06,7.043,6.605,2.174,0.868,,,1.5,0.0968,0.3101,0.0274,0.1418,0.143,0.1236,4.4142,0.0754,5,5,5,5,0,0
4056.0,0.469107262,216.3038028,3168.300786,14.64745763,20.3,100.7,46.0,0.26,8.466,5.905,1.432,,,,14.37,0.0635,0.2737,0.0282,0.1733,0.1234,0.1073,4.032,0.096,5,5,5,5,1,0
4060.0,0.336203576,33.18954986,95.56953658,2.879506862,15.5,35.4,38.82,0.08,3.996,5.739,1.992,0.765,,,4.04,0.0704,0.5076,0.0272,0.2377,0.0727,0.2113,1.4712,0.1584,5,5,5,5,0,0
4061.0,0.528,138.77248,1281.16736,9.232142857,18.9,73.7,43.95,0.14,7.141,6.635,2.114,0.684,,,10.56,0.1051,0.2268,0.0482,0.0852,0.2241,0.074,3.6468,0.0542,5,5,5,5,0,0
4062.0,0.10137457,4.130206304,27.96672217,6.771265189,17.9,60.2,40.46,0.11,8.102,7.858,2.354,1.329,,,1.5,0.0536,0.5642,0.0377,0.1355,0.1011,0.168,3.2292,0.104,5,5,5,5,0,0
4063.0,1.277508803,1970.434042,1219.835145,0.61906926,11.6,16.7,38.08,0.32,5.179,10.235,7.11,3.568,,,10.75,0.1056,0.056,0.0307,0.1528,0.0444,0.1598,2.127,0.1304,5,5,5,5,0,0
4065.0,0.78449827,591.3622341,30527.17865,51.62179268,26.2,217.4,55.6,0.26,176.459,76.295,29.68,9.332,1.04,,8.72,1.9784,2.2691,2.0153,0.242,13.2065,0.127,177.1367,0.2435,5,5,5,5,1,0
4066.0,1.686861811,3387.191891,565.8489658,0.16705548,11.0,5.3,16.88,0.32,3.216,10.988,5.888,2.468,,,14.0,0.0566,0.4286,0.0237,0.1949,0.0702,0.1039,3.0455,0.0569,5,5,5,5,0,0
4067.0,0.393724559,69.0935648,3228.744491,46.73003195,25.0,212.3,52.38,0.12,10.756,6.468,1.339,,,,10.95,0.2083,0.1455,0.0572,0.2441,0.4634,0.1332,10.0218,0.0854,5,5,5,5,1,0
4070.0,0.17,25.4,14.5,0.570866142,11.7,15.2,37.17,0.23,3.829,7.965,4.131,2.913,,,1.5,0.11,0.3266,0.0276,0.2014,0.0776,0.1487,1.3752,0.1402,5,5,5,5,1,0
4071.0,0.779972875,4302.361932,278781.6482,64.79734914,25.5,300.6,55.72,1.89,545.889,416.164,124.682,37.994,6.56,,10.65,6.4934,0.164,1.8311,0.3483,,,647.6508,0.0567,5,5,0,5,1,0
4072.0,0.78796875,1014.909906,5967.20116,5.879537804,17.9,53.1,42.57,0.44,25.177,35.024,8.541,4.102,,,11.07,0.3502,0.4345,0.0786,0.5314,0.2743,0.2816,9.4386,0.3882,5,5,5,5,1,0
4073.0,1.176216216,1003.962085,3715.955383,3.701290554,16.0,42.8,38.73,0.19,19.878,19.204,9.814,,,,10.88,,0.4188,0.0384,0.3293,0.1575,0.137,2.9969,0.3417,5,5,5,5,0,0
4076.0,0.361779359,80.67326486,277.4084668,3.438666667,13.3,62.8,50.3,0.16,4.359,8.133,3.782,1.458,,,3.91,0.1946,0.1665,0.0499,0.0843,0.317,0.0163,3.8995,0.043,5,5,5,5,1,0
4078.0,0.218354115,123.6292187,365.3957606,2.955577689,15.4,38.2,41.41,0.7,13.329,18.632,6.877,3.199,,,3.98,0.298,0.5035,0.152,0.4522,0.391,0.4627,,0.7098,5,5,5,5,1,0
4079.0,0.031372549,0.787389466,1.614148404,2.05,15.7,26.3,33.61,0.17,10.808,15.282,6.328,2.968,,,0.32,0.1676,0.3888,0.0486,0.1354,0.0741,0.0533,,0.0681,5,5,5,5,1,0
4080.0,0.165745856,314.3147531,12570.55121,39.99351314,27.3,169.5,49.59,3.07,357.434,313.863,77.299,27.826,3.61,,3.75,1.4984,0.1683,0.8458,0.2144,,,344.7311,0.0653,5,5,0,5,1,0
4081.0,0.272727273,84.44214876,431.446281,5.109371177,15.9,59.9,48.85,0.3,12.801,17.469,5.045,2.285,,,3.9,0.2361,0.0647,0.0868,0.5175,0.3525,0.5147,6.5103,0.0977,5,5,5,5,1,0
4082.0,0.162083333,67.86676794,2401.425447,35.3844086,20.3,246.9,52.46,0.63,34.194,21.433,8.686,3.779,,,3.89,,0.3512,0.5701,0.097,4.6805,0.2623,,0.2127,5,5,5,5,0,0
4083.0,1.358090615,2172.35753,643.5673877,0.296252978,11.1,9.2,26.97,0.31,3.173,8.928,5.612,2.665,,,11.99,0.0174,0.1285,0.0024,0.238,0.007,0.045,0.267,0.1973,5,5,5,5,0,0
4085.0,1.080846366,1635.837058,5773.065948,3.52912041,16.3,39.3,36.96,0.37,38.078,35.309,16.234,7.597,,,10.49,0.3298,0.3508,0.1311,0.1074,0.4234,0.1313,14.3955,0.0927,5,5,5,5,1,0
4086.0,0.695892019,717.4548701,704.7540239,0.982297359,12.4,22.1,42.33,0.4,23.273,49.813,25.014,,,,3.85,0.6313,0.4168,0.2296,0.2095,0.313,0.229,13.2096,0.1173,5,5,5,5,0,0
4088.0,0.465953177,530.7191105,259.6637062,0.489267677,11.3,14.6,40.53,0.67,8.389,12.826,18.096,,,,3.87,0.2923,0.0605,0.0925,0.1322,0.2189,0.0693,3.5744,0.05,5,5,5,5,0,0
4089.0,0.43301908,16.46945877,410.8174147,24.94419643,25.5,111.7,38.31,0.02,23.234,10.74,3.659,1.286,,,3.82,2.6931,0.4934,1.452,0.4389,6.9374,0.3588,33.272,0.5202,5,5,5,5,1,0
4091.0,0.558711162,1339.313801,45416.82281,33.91051654,23.4,180.8,48.26,1.16,212.73,160.225,45.857,16.888,3.8,,8.67,1.1945,0.445,0.4621,0.9351,4.1194,0.7645,161.6967,0.8323,5,5,5,5,1,0
4093.0,0.405472313,117.0442222,1012.61716,8.651577503,16.7,91.4,48.76,0.19,24.822,24.69,5.776,,1.29,,3.89,0.494,0.0998,0.1383,0.308,0.3014,0.2191,13.4685,0.2515,5,5,5,5,0,0
4094.0,1.117457435,268.7755118,5093.196402,18.94962963,21.3,117.2,46.41,0.06,32.016,27.011,4.013,,,,8.79,1.4006,0.1008,0.3852,0.211,0.7683,0.1625,28.0633,0.1384,5,5,5,5,0,0
4095.0,0.400277778,247.4271164,2479.648839,10.02173438,17.5,94.5,48.93,0.41,53.286,58.856,21.037,8.588,1.31,,3.93,1.9976,0.1634,0.5503,0.1727,1.7418,0.1247,,0.1238,5,5,5,5,0,0
4099.0,1.003929024,387.0661713,1098.850577,2.838921762,15.9,33.0,33.79,0.1,12.111,10.514,5.499,,,,8.9,,0.7153,0.0215,0.5696,0.0353,0.6582,,0.2307,5,5,5,5,1,0
4100.0,1.326101695,2094.379086,36777.57153,17.5601312,16.6,187.6,54.88,0.32,46.275,49.583,20.314,8.723,,,11.41,,0.3802,,0.5973,3.852,1.327,,0.38,5,5,5,5,0,0
4102.0,0.376585366,94.06198934,889.4284646,9.455769231,17.4,89.5,45.87,0.18,28.193,21.277,8.641,3.953,,,3.86,0.3239,0.286,0.082,0.4667,0.3789,0.7277,13.638,0.1934,5,5,5,5,1,0
4103.0,1.489051095,638.7127711,1037.668496,1.624624625,14.2,25.1,34.88,0.08,5.779,6.365,3.18,1.931,,,12.0,,0.1966,0.0433,0.2291,0.0883,0.2478,1.1047,0.344,5,5,5,5,1,0
4104.0,0.491788321,269.4525362,2322.912079,8.620858097,16.7,91.1,57.65,0.3,51.517,58.502,22.745,8.718,,,3.85,2.4338,0.0907,0.7064,0.0423,5.2784,0.0139,50.5441,0.0438,5,5,5,5,0,0
4106.0,0.98,596.3,7595.7,12.73805132,18.1,112.0,47.31,0.16,15.509,12.63,4.813,2.029,,,13.43,0.4578,0.0859,0.1716,0.1422,0.45,0.0694,12.3563,0.1028,5,5,5,5,0,0
4109.0,0.353110048,305.5417687,433.3994185,1.418462099,14.0,23.1,35.17,0.66,23.07,41.688,17.363,7.79,0.99,,3.6,0.3145,0.1447,0.0578,0.2874,0.1403,0.302,6.0045,0.142,5,5,5,5,1,0
4110.0,0.777920792,919.3167631,1061.54476,1.154710545,13.6,20.1,33.78,0.4,7.093,14.581,5.911,2.364,,,10.67,0.1107,0.2447,0.0165,0.2303,0.0384,0.2158,2.5466,0.0752,5,5,5,5,0,0
4116.0,1.056491863,764.6282954,3023.659134,3.954417005,16.8,40.7,36.07,0.18,21.41,18.306,8.567,5.063,,,10.72,0.1293,0.4267,0.0267,0.4396,0.0801,0.3645,4.2794,0.1344,5,5,5,5,1,0
4117.0,0.682590604,356.1266593,5390.146783,15.13547678,18.2,130.4,55.81,0.2,31.058,26.264,11.537,3.476,,,7.37,1.2609,0.0544,0.4093,0.1636,3.0048,0.0564,35.1835,0.1069,5,5,5,5,0,0
4118.0,1.088297872,411.8784509,4450.736625,10.80594679,15.4,137.7,64.13,0.09,17.746,36.987,7.909,,,,6.82,0.7284,0.6185,0.5989,0.0973,4.726,0.0214,,0.16,5,5,5,5,0,0
4121.0,0.723057065,1314.435868,12546.4954,9.545155993,17.4,92.6,50.55,0.66,85.59,70.416,30.904,13.772,,,7.29,1.361,0.0401,0.2418,0.2884,1.764,0.1537,43.189,0.2868,5,5,5,5,0,0
4122.0,0.276158192,731.9476268,6693.913754,9.145345253,19.0,76.6,49.84,2.47,208.132,232.637,83.91,33.176,5.84,,3.76,1.3259,0.0424,0.3953,0.2827,,,99.8266,0.1726,5,5,0,5,0,0
4123.0,0.377155172,509.1827066,7078.858873,13.90239453,17.5,133.8,51.6,0.95,122.204,97.237,58.221,,2.79,,3.75,3.5094,0.0748,0.7628,0.1723,7.4158,0.1059,126.618,0.0925,5,5,5,5,1,0
4124.0,0.741689751,271.0910966,6305.997475,23.26154401,22.3,132.1,61.56,0.13,67.368,29.494,15.99,5.333,,,7.14,,0.467,0.9171,0.5918,,,,0.7736,5,5,0,5,0,0
4125.0,0.962485066,2906.002598,14133.38998,4.863515948,14.8,69.7,55.9,0.83,47.067,116.611,41.124,15.244,1.55,,8.48,1.6189,0.0408,0.4267,0.2846,3.0209,0.4366,39.8737,0.1464,5,5,5,5,1,0
4128.0,0.952679831,3812.216907,3257.802223,0.854568956,10.2,35.2,51.49,1.13,7.478,27.105,16.959,,,,7.11,1.2483,0.3801,0.4415,0.3535,1.0916,0.3226,33.6302,0.5233,5,5,5,5,0,0
4129.0,0.725209974,1684.671921,283.3446447,0.168189807,9.8,7.7,33.01,0.85,2.189,9.137,6.254,3.34,,,7.57,,0.1218,0.0089,0.5162,0.0232,0.4419,0.674,0.2631,5,5,5,5,0,0
4130.0,0.609194188,44.55704626,66.84803638,1.500279799,13.4,27.1,42.19,0.03,2.607,4.773,2.4,0.866,,,3.78,,0.2039,0.027,0.2764,0.1083,0.1504,,0.2859,5,5,5,5,0,0
4132.0,0.427806604,65.62911957,266.6207297,4.062537048,15.3,52.3,42.74,0.09,9.438,8.947,3.746,2.333,,,3.74,0.3553,0.4577,0.1741,0.2127,0.1755,0.3024,,0.0792,5,5,5,5,0,0
4136.0,0.412834741,187.7093549,610.7903737,3.253915469,14.6,47.4,44.68,0.3,18.557,30.52,11.479,5.203,,,3.72,0.5534,0.151,0.2006,0.282,0.3599,0.267,14.4617,0.3409,5,5,5,5,1,0
4139.0,0.588196721,174.9497447,55.75501209,0.318691589,12.2,7.4,18.91,0.13,4.915,10.779,5.91,2.451,,,3.9,0.2757,0.272,0.0825,0.3067,0.0756,0.3036,3.6587,0.2741,5,5,5,5,1,0
4140.0,0.498043231,31.22856191,94.46951728,3.025099829,15.4,38.5,39.66,0.03,4.576,3.975,2.541,,,,3.71,,0.897,0.0191,1.0203,0.0694,0.9374,,1.3409,5,5,5,5,0,0
4143.0,1.976687117,2253.68741,1479.947126,0.656678082,12.0,15.7,35.25,0.15,4.537,11.917,4.92,2.608,,,14.32,0.0743,0.1868,0.0357,0.1989,0.0793,0.1598,2.5468,0.2238,5,5,5,5,0,0
4144.0,0.241352941,36.82826471,441.9391765,12.0,20.0,85.1,55.68,0.16,18.881,15.843,5.017,2.139,,,3.73,,0.2934,0.0954,0.6994,0.153,0.543,4.1421,0.3045,5,5,5,5,0,0
4145.0,0.855339506,80.69573141,2081.522343,25.79470199,24.6,120.3,43.97,0.03,20.537,19.865,4.297,2.612,,,7.49,0.1894,0.5068,0.1302,0.3524,0.5021,0.1368,14.3642,0.1025,5,5,5,5,1,0
4146.0,0.222801303,159.4928328,1394.068478,8.740634006,19.1,69.5,44.01,0.87,56.819,52.785,18.724,7.231,1.22,,3.8,0.5396,0.0763,0.1683,0.096,1.7071,0.0439,26.8179,0.0333,5,5,5,5,0,0
4148.0,0.753402854,199.4491844,989.3349575,4.960335939,15.1,65.2,45.17,0.09,24.864,30.367,14.697,5.672,,,3.71,,0.3865,,0.3789,0.0875,0.4801,,0.3547,5,5,5,5,0,0
4149.0,1.919242424,830.3919479,4059.184011,4.888274773,16.3,54.2,41.33,0.06,11.133,10.048,4.51,2.005,,,14.34,0.1,0.4136,0.0596,0.338,0.1676,0.2975,,0.2824,5,5,5,5,1,0
4152.0,0.61648583,274.1654269,1129.486418,4.119725929,17.7,37.9,32.52,0.19,7.474,9.832,3.391,1.049,,,12.28,0.0785,0.2619,0.0203,0.3265,0.092,0.2346,1.489,0.1722,5,5,5,5,1,0
4153.0,0.768138598,882.8162236,10362.3179,11.73779732,18.7,96.1,49.3,0.4,28.448,27.341,8.676,3.122,,,12.38,0.4659,1.0327,0.2793,0.1231,1.5395,0.0599,20.3378,0.0273,5,5,5,5,0,0
4154.0,0.947783826,341.1029536,1126.426065,3.302305223,15.8,39.0,39.09,0.1,4.717,6.248,2.253,0.819,,,12.83,0.1067,0.0711,0.0475,0.1695,0.0897,0.0648,2.2535,0.0619,5,5,5,5,0,0
4155.0,0.569556075,697.3125732,22827.90094,32.73697022,23.1,177.0,62.92,0.58,49.015,34.3,11.003,3.387,1.0,,12.83,,0.6406,0.0864,1.2007,1.8504,1.1948,18.2411,1.0485,5,5,5,5,0,0
4156.0,0.004310494,0.003070312,0.022011886,7.169267707,18.6,59.4,39.43,0.04,3.33,2.767,0.907,,,,0.07,0.1153,0.2934,0.0262,0.4116,0.0369,0.3861,1.2304,0.1949,5,5,5,5,0,0
4158.0,0.732224168,2461.34605,6464.374542,2.626357453,16.2,30.1,35.81,1.23,36.007,61.928,21.241,8.357,1.17,,11.3,0.4883,0.2301,0.1036,0.2398,0.2041,0.0702,11.0004,0.1693,5,5,5,5,0,0
4159.0,1.14586165,238.1602983,152.2192483,0.639146194,13.2,11.8,21.65,0.05,2.331,4.501,1.323,0.936,,,8.07,0.128,0.4045,0.1054,0.2929,0.7732,0.0734,3.3896,0.29,5,5,5,5,0,0
4160.0,0.970695341,1521.579132,8728.099963,5.736211662,15.6,70.4,53.09,0.43,15.682,22.119,7.083,3.053,,,13.96,0.1797,0.2653,0.0592,0.2329,1.0,0.0997,12.4831,0.086,5,5,5,5,0,0
4161.0,0.913271028,832.9560485,14528.68731,17.44232164,18.4,146.0,57.28,0.27,20.293,19.78,5.356,2.418,,,13.96,0.6404,0.1434,0.2112,0.155,1.9975,0.0628,24.4301,0.0564,5,5,5,5,0,0
4162.0,0.814927048,130.7407155,403.3339254,3.084990958,15.3,39.6,41.28,0.05,1.349,1.78,0.543,,,,13.7,,0.4038,0.0175,0.1738,0.0421,0.1221,0.4446,0.2061,5,5,5,5,0,0
4163.0,0.170791717,20.66701046,305.4761144,14.78085642,18.8,117.8,61.23,0.19,9.922,9.116,2.687,1.094,,,3.42,0.0976,0.404,0.0904,0.1361,1.1309,0.0207,8.2073,0.0612,5,5,5,5,0,0
4164.0,0.181317495,5.158243496,72.97671597,14.14759036,19.1,108.8,54.61,0.04,2.423,1.976,0.511,,,,3.65,0.0415,0.1539,0.0181,0.1278,0.1303,0.1066,1.1058,0.1938,5,5,5,5,0,0
4166.0,1.697100494,5508.865067,950.305195,0.172504714,9.0,10.7,43.88,0.51,1.478,8.286,5.339,,,,11.64,0.0581,0.3895,0.0101,0.399,0.0213,0.3389,0.8459,0.2065,5,5,5,5,0,0
4170.0,0.354187082,46.08045446,82.18188699,1.7834435,15.4,22.4,28.23,0.1,7.885,8.282,3.818,1.685,,,3.42,0.082,0.2103,0.0204,0.1356,0.0291,0.2404,0.8297,0.1659,5,5,5,5,0,0
4171.0,0.288476821,42.8936801,500.4209168,11.66654192,18.4,97.5,49.7,0.14,16.492,15.672,5.176,2.263,,,3.63,0.3861,0.3881,0.181,0.2418,0.7326,0.1147,19.7842,0.1484,5,5,5,5,0,0
4172.0,0.856699029,360.2376284,955.3263072,2.651933702,15.3,33.8,37.55,0.13,5.601,6.991,2.639,1.356,,,11.03,0.0734,0.3285,0.0279,0.4132,0.0581,0.2482,1.6548,0.1037,5,5,5,5,1,0
4174.0,0.674724602,158.7666613,136.0556129,0.856953291,12.6,18.1,34.8,0.09,6.182,11.953,6.303,3.002,,,3.75,0.1342,0.2209,0.0465,0.2173,0.0436,0.2259,1.6154,0.1539,5,5,5,5,1,0
4175.0,0.020837642,0.472746444,18.54933723,39.2373913,22.2,224.3,54.81,0.29,41.492,36.1,11.907,4.154,,,0.31,0.5396,0.2254,0.2493,0.1623,2.8847,0.0792,28.2727,0.069,5,5,5,5,1,0
4176.0,0.305601415,60.61994857,254.0114295,4.19022839,15.9,49.5,47.74,0.17,11.85,12.949,4.739,2.312,,,3.55,0.4509,0.1169,0.2165,0.1184,0.5274,0.0877,6.9253,0.0997,6,6,6,6,1,0
4178.0,0.498925184,116.0689948,386.1601948,3.326988361,15.5,41.0,39.65,0.12,19.042,21.591,8.938,3.497,,,3.56,0.2973,0.3419,0.1089,0.2778,0.1894,0.2669,3.6132,0.393,5,5,5,5,1,0
4179.0,0.631099874,4945.624432,39440.23904,7.974774385,20.9,56.0,38.82,3.33,424.704,415.649,146.025,51.479,11.12,,7.8,23.7046,0.3246,,,,,1132.3073,0.4406,5,0,0,5,0,0
4180.0,1.007018256,384.452159,676.3758024,1.75932372,13.4,32.6,52.18,0.1,1.601,1.959,1.115,,,,14.46,,0.549,0.0182,0.1579,0.1136,0.1102,0.5221,0.5489,5,5,5,5,0,0
4181.0,1.143100962,952.7123671,10965.49137,11.50976071,18.4,96.9,46.95,0.19,21.92,17.811,7.335,3.612,,,14.41,0.2096,0.4021,0.0953,0.3742,0.491,0.1764,,0.3898,5,5,5,5,1,0
4182.0,1.755936473,1345.392052,360.5805788,0.268011527,10.6,9.4,32.09,0.12,1.697,10.039,2.469,2.097,,,11.37,,0.3348,,0.5499,0.0089,0.2387,0.2894,0.2426,5,5,5,5,0,0
4184.0,0.145,19.90975436,182.8684741,9.184868421,18.1,80.2,52.5,0.25,39.5,43.215,12.24,,,,1.45,,0.1044,0.1054,0.1582,0.7888,0.1224,12.3084,0.1485,5,5,5,5,0,0
4185.0,0.155160681,16.05544863,301.3541204,18.76958579,21.6,113.4,45.4,0.18,83.932,45.156,16.42,7.523,,,1.44,1.8195,0.7578,0.4727,0.9728,1.3886,0.9915,51.1687,0.7865,5,5,5,5,1,0
4186.0,0.847022587,144.1271836,478.1706294,3.317699115,16.1,38.2,36.68,0.05,3.135,2.521,1.502,,,,11.0,,0.3135,0.008,0.4934,0.0193,0.3577,0.5369,0.2739,5,5,5,5,0,0
4187.0,1.938259386,3053.32032,11850.46601,3.881173531,15.1,51.8,44.88,0.22,29.054,47.028,18.179,9.476,,,11.59,1.1275,0.5203,0.3338,0.4768,1.3732,0.2055,37.9733,0.2991,5,5,5,5,1,0
4188.0,0.340459016,84.50943725,444.7447589,5.262663833,15.5,64.6,45.42,0.19,14.437,16.109,5.91,3.505,,,3.54,0.4234,0.1364,0.1428,0.1875,0.3193,0.1504,13.9016,0.0719,5,5,5,5,0,0
4191.0,0.638689218,353.0306308,16703.09754,47.31345125,23.2,248.5,51.64,0.23,38.985,20.717,5.891,2.367,,,11.4,0.6555,0.145,0.2111,0.2158,1.6805,0.0615,42.6097,0.069,5,5,5,5,0,0
4192.0,0.829927007,432.2087205,8742.325394,20.22709163,20.5,136.8,46.43,0.17,29.027,15.398,7.474,2.849,,,11.37,0.5647,0.3203,0.2178,0.3937,0.9028,0.378,28.828,0.2476,5,5,5,5,0,0
4194.0,0.644159703,1120.626303,8343.408274,7.445308263,18.4,63.5,43.83,0.72,40.698,41.36,14.111,6.868,,,10.84,0.6801,0.0726,0.2049,0.2007,1.4024,0.0704,27.3627,0.1484,5,5,5,5,1,0
4197.0,0.342222222,51.2382716,268.4407407,5.239067055,15.8,61.9,45.4,0.12,9.705,11.962,4.173,1.928,,,3.52,0.1821,0.1471,0.0409,0.1127,0.2008,0.0889,3.5816,0.1046,5,5,5,5,0,0
4198.0,0.865679265,831.601507,19428.19362,23.36238385,21.6,142.5,46.83,0.29,62.675,40.847,14.529,5.436,0.76,,11.3,0.6024,0.093,0.2301,0.1635,1.5857,0.0533,49.1102,0.0918,5,5,5,5,0,0
4199.0,0.361025641,279.6314562,1718.021087,6.143876338,16.2,69.3,46.82,0.56,50.884,67.5,27.543,10.926,1.34,,3.52,0.9988,0.26,0.288,0.3111,1.0451,0.2187,21.75,0.1854,5,5,5,5,0,0
4200.0,0.014723183,0.151257543,1.596893296,10.55744569,19.7,76.7,42.34,0.18,19.971,13.92,4.907,1.782,,,0.23,0.28,0.4604,0.0865,0.123,0.1853,0.2497,5.7917,0.082,5,5,5,5,1,0
4201.0,0.049069172,1.484030014,4.314399584,2.90721855,14.6,41.9,41.21,0.16,31.993,36.975,18.208,8.446,,,0.26,0.2055,0.3808,0.0951,0.5537,0.125,0.6848,,0.2507,5,5,5,5,0,0
4202.0,0.546341463,206.0995439,146.875537,0.712643678,12.0,17.2,35.46,0.18,8.5,15.777,8.908,4.873,,,3.2,0.0629,0.2842,0.0308,0.3455,0.0513,0.1899,3.2772,0.1458,5,5,5,5,0,0
4204.0,0.076823105,14.63920421,102.4744295,7.0,18.3,60.8,43.52,0.64,35.785,33.821,12.564,4.177,,,1.33,0.485,0.2105,0.134,0.1907,0.6264,0.0937,16.0982,0.0914,5,5,5,5,0,0
4205.0,0.13681382,9.28739284,168.3781595,18.1297553,20.6,121.6,46.46,0.13,34.268,29.539,9.292,3.302,,,1.44,1.0223,0.2491,0.3157,0.1493,1.013,0.1297,22.8972,0.2015,5,5,5,5,0,0
4207.0,1.328235294,435.8326959,10976.72047,25.18562874,22.9,135.8,47.0,0.07,47.068,37.373,8.962,,,,11.29,0.7475,0.5169,0.2262,0.4402,0.7473,0.4869,34.1301,0.4893,5,5,5,5,1,0
4208.0,1.220341034,1755.930876,3294.258684,1.876075379,13.9,30.7,41.52,0.32,12.354,15.442,9.024,3.963,,,12.19,0.104,0.356,0.0421,0.3472,0.1237,0.2437,,0.0937,5,5,5,5,0,0
4209.0,0.334746434,60.94548122,320.1813823,5.253570501,15.7,63.6,45.49,0.14,10.709,13.785,5.278,1.952,,,3.55,0.2644,0.0755,0.0602,0.3848,0.1998,0.1675,7.796,0.0918,5,5,5,5,0,0
4210.0,0.45669145,1089.145806,18736.64494,17.20306394,14.6,256.8,57.19,1.36,101.321,176.664,53.852,,,,3.51,12.5119,0.1894,,,,,340.4604,0.1528,5,0,0,5,0,0
4211.0,0.405179283,1499.60404,38630.537,25.76049142,22.4,154.8,58.08,2.45,1006.966,1030.858,265.904,,17.13,,3.39,12.9206,0.4737,,,,,1492.048,0.0645,5,0,0,5,1,0
4214.0,1.6511,180.24008,630.84028,3.5,15.9,38.6,38.47,0.02,1.959,1.984,0.813,0.363,,,15.01,0.041,0.3102,0.0152,0.1574,,,0.5246,0.3936,5,5,0,5,0,0
4215.0,0.603121748,3786.49624,36008.393,9.509686716,19.8,73.3,48.28,2.79,159.685,199.536,65.976,26.206,3.5,,9.66,6.3825,0.1502,0.8091,0.1291,,,98.9074,0.0488,5,5,0,5,1,0
4217.0,0.19985348,48.99063989,668.0825477,13.63694268,20.6,91.6,45.29,0.34,32.581,24.005,8.44,3.049,0.74,,3.41,0.8759,0.0949,0.3121,0.2653,0.7487,0.3036,18.8711,0.0635,5,5,5,5,1,0
4218.0,1.53659292,186.5717137,17469.04606,93.63180363,28.1,353.9,50.98,0.02,66.174,65.619,7.213,,,,9.02,2.0072,0.1269,0.6628,0.2665,2.226,0.1622,34.6006,0.2058,5,5,5,5,0,0
4219.0,0.507740864,957.5599314,22294.76252,23.28288997,24.8,111.3,43.75,0.98,177.142,119.25,36.955,12.204,1.61,,8.99,0.9458,0.2744,0.4884,0.1406,5.9706,0.0519,100.5157,0.0415,5,5,5,5,1,0
4220.0,1.945361446,961.970061,12294.79608,12.78085106,17.0,127.9,52.51,0.07,15.122,17.206,5.4,2.362,,,15.02,,0.2571,0.2295,0.3768,1.3036,0.343,12.0551,0.3732,5,5,5,5,1,0
4223.0,0.452736156,79.37863638,597.9613407,7.533026114,18.0,65.9,42.69,0.1,33.561,21.437,13.033,,,,3.39,,0.3891,0.1121,0.1267,0.2785,0.2514,8.0111,0.293,5,5,5,5,0,0
4224.0,0.419099284,49.34789912,232.8383236,4.718302658,16.0,54.3,42.55,0.07,10.029,9.587,4.713,1.908,,,3.47,0.23,0.2244,0.101,0.2445,0.11,0.2031,,0.1459,5,5,5,5,0,0
4226.0,0.79,102.8,1363.7,13.2655642,18.5,111.3,55.17,0.04,6.416,5.292,1.923,0.939,,,9.21,0.2133,0.1148,0.1444,0.0664,0.8281,0.0473,5.0758,0.0788,5,5,5,5,0,0
4227.0,0.637315855,442.2684704,31254.98147,70.66970304,24.5,339.5,62.12,0.29,32.178,23.728,5.915,1.763,,,14.38,0.4046,0.2297,0.4342,0.0996,7.1717,0.0301,49.247,0.0318,5,5,5,5,0,0
4228.0,0.266902655,20.2330018,95.47447725,4.71875,15.8,56.0,44.49,0.08,3.904,4.837,1.569,1.18,,,3.48,0.1148,0.0495,0.0454,0.1391,0.0822,0.1408,2.0715,0.074,5,5,5,5,0,0
4229.0,0.335,221.1139417,1118.647057,5.05914303,12.7,106.6,52.5,0.53,38.905,36.758,11.016,5.908,,,3.35,2.1351,0.077,0.8587,0.1164,3.4119,0.0572,31.4369,0.07,5,5,5,5,0,0
4230.0,1.696209677,1466.064646,10438.38028,7.12,17.1,70.6,50.16,0.14,19.798,17.754,8.364,2.631,,,15.99,0.4459,0.6528,0.2002,0.4681,,,,0.2731,5,5,0,5,1,0
4231.0,0.32,1253.511111,4311.466667,3.439512126,18.3,31.5,33.76,3.17,288.888,527.999,203.454,82.256,9.62,,3.4,9.7589,0.1584,,,,,412.5705,0.1977,5,0,0,5,1,0
4232.0,0.748954704,2840.565463,371938.3665,130.9381429,31.5,416.7,58.18,1.34,453.087,259.972,65.036,19.794,4.39,,14.33,9.7327,0.1139,,,,,776.4207,0.0497,5,0,0,5,1,0
4233.0,1.086554149,2053.598339,46200.75516,22.49746422,20.8,149.0,52.0,0.46,80.413,56.201,18.65,8.243,1.34,,14.44,1.3358,0.3353,0.7787,0.2398,5.9037,0.0818,,0.1855,5,5,5,5,0,0
4234.0,1.284591195,316.528882,3710.587167,11.72274436,18.9,92.5,46.41,0.05,20.321,15.061,5.733,,,,9.5,0.7789,0.0982,0.2876,0.2108,0.9114,0.1154,14.5197,0.1507,5,5,5,5,0,0
4235.0,0.961916667,2328.501097,34358.61795,14.75568038,18.7,121.4,56.35,0.67,56.386,51.205,18.258,7.031,1.24,,14.28,0.7189,0.209,0.2867,0.07,4.124,0.0207,46.5569,0.0226,5,5,5,5,1,0
4236.0,1.182447257,121.8714095,6211.171458,50.96495957,27.6,196.4,46.79,0.02,14.455,6.656,1.999,0.879,,,14.88,0.2658,0.3474,0.1345,0.1878,0.3163,0.1437,8.8857,0.1011,5,5,5,5,0,0
4237.0,0.697219464,535.8177572,22935.1032,42.8039252,22.3,245.1,60.61,0.29,60.724,42.23,13.807,4.764,0.8,,10.03,2.7687,0.0814,0.9121,0.2546,,,74.7927,0.1514,5,5,0,5,0,0
4238.0,0.260346021,218.1845428,98.5891644,0.451861361,10.8,15.5,41.94,0.88,2.769,7.447,4.761,,,,3.42,,0.2416,,0.1421,0.0924,0.3534,2.1254,0.2343,5,5,5,5,0,0
4240.0,0.154826389,60.28263045,710.3421489,11.78352941,19.7,87.5,50.3,0.72,31.808,26.545,9.784,2.96,,,3.43,1.2369,0.0699,0.5037,0.1884,2.5688,0.043,23.0353,0.0787,5,5,5,5,0,0
4241.0,1.258682008,2229.229013,232.1136436,0.104122835,10.2,4.2,15.6,0.37,2.428,8.227,5.357,3.696,,,9.55,,0.5488,0.0225,0.4139,0.0291,0.4143,0.3581,0.6367,5,5,5,5,1,0
4243.0,0.244082397,721.0207479,7151.951511,9.919203479,20.3,73.6,46.71,3.22,287.447,332.657,109.18,40.888,7.02,,3.43,2.8348,0.079,0.9099,0.1222,8.0909,0.1014,225.6229,0.037,5,5,5,5,1,0
4246.0,1.076126255,1746.801401,33740.45098,19.31556212,19.9,139.3,56.59,0.4,60.304,59.264,16.967,5.881,1.16,,13.89,0.871,0.4178,0.5376,0.1049,3.9396,0.0311,77.3086,0.0439,5,5,5,5,0,0
4248.0,0.130074389,2.964018878,24.5434967,8.280479211,18.0,73.5,44.74,0.05,6.762,6.699,2.368,1.008,,,1.36,0.1482,0.0871,0.0552,0.3457,0.1612,0.1014,2.7379,0.4076,5,5,5,5,1,0
4249.0,0.967188406,580.420557,13565.71493,23.37221651,20.5,156.7,47.84,0.16,26.224,17.317,6.344,2.7,,,13.76,0.7315,0.1331,0.3199,0.2814,0.7195,0.216,15.8742,0.345,5,5,5,5,1,0
4250.0,1.204401851,558.4960714,3441.928955,6.162852581,17.0,61.5,44.83,0.1,8.151,8.945,3.236,1.295,,,15.06,,0.5576,0.0426,0.2103,0.2799,0.0675,2.7476,0.1153,5,5,5,5,1,0
4251.0,0.888715729,1519.405482,10908.05106,7.17915737,16.5,77.6,47.77,0.51,20.416,23.41,8.144,3.445,0.72,,13.84,0.5308,0.2523,0.1436,0.1244,0.5306,0.0727,13.8618,0.0402,5,5,5,5,1,0
4252.0,1.358838951,295.5556636,3630.171966,12.28253224,19.4,93.2,43.91,0.04,8.98,5.839,2.345,,,,14.91,0.1824,0.1095,0.0669,0.1719,0.0929,0.1181,4.9348,0.1514,5,5,5,5,0,0
4253.0,1.12594697,1458.427168,1620.70001,1.111265647,12.7,23.1,41.41,0.31,6.096,11.617,5.721,,,,11.89,0.0829,0.0619,0.0215,0.1838,0.184,0.1481,2.5227,0.0825,5,5,5,5,0,0
4254.0,1.234925373,879.2779968,1169.930039,1.330557621,12.7,27.5,43.88,0.15,2.833,5.389,2.357,1.366,,,13.79,0.1171,0.1586,0.0475,0.1472,0.1192,0.1152,2.062,0.1094,5,5,5,5,0,0
4255.0,1.045024272,664.106316,32225.47174,48.52456747,24.0,240.5,51.11,0.16,73.997,43.012,12.682,4.778,0.56,,11.85,2.3878,0.0821,0.8337,0.2235,4.0641,0.039,72.4247,0.0657,5,5,5,5,1,0
4256.0,0.784724026,683.7450262,48589.85582,71.06429145,27.8,274.0,51.62,0.29,170.534,46.492,17.099,7.478,2.03,,11.79,1.6987,0.4417,1.0606,0.2412,7.7491,0.0904,92.4973,0.2227,5,5,5,5,1,0
4259.0,0.954674923,4333.21468,9948.597115,2.295892968,14.0,38.0,43.87,1.29,28.33,61.361,23.014,9.659,1.94,,11.86,0.1637,0.0795,0.0509,0.1171,0.4184,0.1353,16.5758,0.0546,5,5,5,5,1,0
4261.0,1.150843109,5355.74437,184155.8265,34.38473045,19.0,278.4,54.46,1.08,136.046,161.622,46.284,17.361,3.08,,13.65,1.0798,0.5162,0.7186,0.21,,,208.7357,0.0573,5,5,0,5,1,0
4262.0,0.602719735,26.10110971,936.6377092,35.88497653,23.2,191.0,49.25,0.02,4.232,2.124,0.766,,,,9.44,0.1012,0.3048,0.0529,0.2553,0.1143,0.1751,2.004,0.1594,5,5,5,5,0,0
4263.0,0.292173913,68.52476371,1009.482042,14.73163842,19.3,113.8,49.7,0.22,35.648,23.23,7.918,,,,3.52,1.9268,0.1382,0.6557,0.2388,0.8566,0.0356,30.5122,0.1366,5,5,5,5,0,0
4264.0,0.274877049,29.92993651,88.74330825,2.965034965,15.6,36.1,38.42,0.1,5.262,5.595,2.641,0.943,,,3.53,0.0836,0.45,0.0509,0.1526,0.0997,0.0876,1.8009,0.1909,5,5,5,5,0,0
4265.0,1.349488342,483.2501429,2240.840433,4.6370197,16.2,52.0,42.57,0.07,5.67,5.705,2.098,1.274,,,14.99,0.0862,0.3608,0.0239,0.1563,0.0603,0.1079,1.9481,0.0699,5,5,5,5,1,0
4267.0,0.344177778,63.38989827,185.0299733,2.918918919,14.8,40.9,40.76,0.15,8.128,8.384,4.254,2.276,,,3.52,0.1049,0.3022,0.0329,0.2305,0.0705,0.2394,3.2121,0.0827,5,5,5,5,0,0
4269.0,2.395067638,5119.57524,13099.77224,2.558761543,14.2,39.2,42.53,0.24,29.54,59.725,21.804,9.117,,,13.46,1.1779,0.1889,0.3749,0.1034,0.6714,0.2104,31.8422,0.0605,5,5,5,5,1,0
4271.0,0.252464503,50.03141578,93.28114074,1.864451351,14.0,30.3,39.68,0.21,4.894,6.541,2.899,1.434,,,3.41,0.0771,0.2029,0.0366,0.1746,0.0966,0.0794,2.1445,0.0374,5,5,5,5,0,0
4272.0,0.392880795,96.9052142,215.7509344,2.226412028,14.2,34.0,43.72,0.17,10.154,17.708,6.137,3.06,,,3.39,0.1912,0.5079,0.0554,0.887,0.1552,0.8364,3.7415,0.8396,5,5,5,5,1,0
4274.0,0.15486413,21.81430839,30.19698863,1.384274399,13.2,26.1,39.91,0.24,8.619,15.079,8.765,2.948,,,1.39,0.1839,0.1452,0.0826,0.1406,0.1835,0.1105,4.5625,0.0462,5,5,5,5,0,0
4276.0,0.416376812,91.78393195,29.24488028,0.318627451,10.7,11.1,33.06,0.14,1.413,4.707,2.233,,,,3.38,,0.1057,0.0078,0.2479,0.0169,0.1916,0.3126,0.0789,5,5,5,5,0,0
4277.0,0.37166113,351.1013433,645.1233496,1.837427746,12.6,40.0,51.54,0.67,14.237,39.248,14.882,6.377,,,3.39,0.5829,0.3543,0.7422,0.2265,4.0395,0.1471,,0.189,5,5,5,5,0,0
4278.0,0.155524476,6.330417135,89.28722676,14.10447761,20.2,96.4,46.41,0.07,21.1,20.139,6.526,2.271,,,1.39,2.4542,0.1855,0.7775,0.2598,0.8999,0.2097,44.1533,0.1761,5,5,5,5,1,1
4279.0,0.332059925,30.50196664,142.0706575,4.657754011,16.9,47.3,38.06,0.07,8.8,8.328,3.108,1.499,,,3.41,0.0866,0.4436,0.0531,0.2175,0.087,0.2196,,0.1572,5,5,5,5,0,0
4281.0,0.813702011,541.0115639,3086.92459,5.705838463,17.1,56.8,40.94,0.22,15.451,15.048,5.824,2.152,,,10.99,0.3108,0.2135,0.0841,0.2511,0.1333,0.3757,5.8021,0.2784,5,5,5,5,1,0
4283.0,1.30782475,2024.52965,1471.180463,0.726677657,11.8,18.8,39.25,0.31,4.003,9.013,4.907,2.154,,,12.89,0.0592,0.4064,0.0087,0.2817,0.0421,0.1728,1.1683,0.2407,5,5,5,5,0,0
4284.0,1.107491694,1001.352842,1052.287547,1.050865891,12.2,24.6,41.05,0.22,3.879,6.237,4.052,1.982,,,11.02,0.0616,0.251,0.0218,0.1868,0.0629,0.207,1.8803,0.0769,5,5,5,5,0,0
4285.0,0.43732342,107.5377621,403.3493291,3.750769231,16.4,40.8,38.38,0.15,25.363,25.973,12.895,1.935,,,3.46,1.2692,0.2698,0.4706,0.1275,1.4417,0.1591,32.7312,0.0918,5,5,5,5,0,0
4286.0,1.183979779,684.5706238,1608.971375,2.350336574,15.1,31.5,36.75,0.13,9.84,11.544,5.313,2.154,,,11.01,0.1741,0.1277,0.0576,0.1117,0.1177,0.0452,2.5633,0.0815,5,5,5,5,0,0
4288.0,0.1940625,18.93691406,83.08037109,4.387218045,15.8,52.4,47.01,0.14,12.525,12.263,5.045,2.491,,,1.89,2.0796,0.2212,0.9185,0.3046,,,16.1226,0.2766,5,5,0,5,1,0
4289.0,0.22578125,34.2199707,217.4908447,6.355670103,16.5,68.3,46.33,0.18,8.557,11.044,3.671,1.34,,,3.4,0.1611,0.0868,0.0644,0.0722,0.3209,0.0598,5.6971,0.0401,5,5,5,5,1,0
4291.0,0.81460076,689.4952739,45965.48756,66.66541353,23.1,355.1,51.23,0.27,59.15,22.015,10.97,3.929,,,13.39,2.5075,0.2065,1.0972,0.189,6.4271,0.0954,134.2992,0.1352,5,5,5,5,0,0
4296.0,0.987854251,209.6565671,2386.272927,11.38181818,19.8,82.6,42.4,0.06,6.446,4.568,1.673,,,,15.25,0.134,0.3029,0.0577,0.1409,0.1019,0.1104,2.5588,0.1445,5,5,5,5,0,0
4298.0,1.505915493,825.9204126,2271.281135,2.75,15.4,34.6,37.65,0.1,7.652,7.327,4.118,1.365,,,14.85,0.0635,0.4304,0.0284,0.1996,0.0561,0.2132,,0.0934,5,5,5,5,0,0
4299.0,0.396739812,15.2977113,147.5286131,9.643835616,19.6,70.8,39.36,0.03,9.495,6.091,2.378,1.146,,,3.36,0.3492,0.4739,0.1375,0.3866,0.1753,0.4234,2.6648,0.3404,5,5,5,5,1,0
4300.0,0.136380952,7.919430839,45.4095805,5.733944954,17.1,57.5,42.08,0.11,8.815,6.959,2.753,,,,1.79,0.3298,0.0375,0.1272,0.1476,0.1936,0.1053,4.7105,0.0743,5,5,5,5,0,0
4301.0,0.021218075,0.181333251,3.55944666,19.62931034,18.9,156.9,51.55,0.11,11.992,7.937,3.18,1.672,,,0.3,0.233,0.0638,0.1078,0.0477,0.509,0.0384,10.4164,0.0473,5,5,5,5,0,0
4302.0,0.74635214,82.49165932,183.5018544,2.224489796,15.2,29.1,38.19,0.04,1.445,1.851,0.673,0.301,,,10.23,,0.1306,0.0119,0.2176,0.0184,0.3454,0.2778,0.4927,5,5,5,5,1,0
4303.0,0.285058366,16.57903791,119.7887954,7.225316456,17.6,66.8,43.79,0.05,6.174,5.978,2.129,0.475,,,3.33,0.222,0.1306,0.0738,0.5197,0.0857,0.626,3.1434,0.1443,5,5,5,5,0,0
4305.0,1.001298701,3993.686372,2661.343582,0.666387727,11.4,19.5,41.91,1.07,8.817,24.897,13.444,5.94,,,10.28,0.2033,0.1196,0.0879,0.1374,0.1593,0.3989,3.1909,0.3238,5,5,5,5,0,0
4306.0,0.224054316,136.9137344,1582.697089,11.55981243,17.7,107.3,52.04,0.73,101.462,105.58,38.763,14.812,,,2.2,3.1389,0.1403,1.085,0.1275,7.2822,0.0248,93.6885,0.0626,5,5,5,5,1,0
4307.0,0.618250676,1402.688494,72735.58751,51.8544123,25.6,233.2,51.27,0.99,190.83,131.585,36.346,11.282,1.87,,11.24,3.0925,0.1976,1.3241,0.0462,10.7063,0.0114,196.8242,0.0408,5,5,5,5,0,0
4308.0,0.323734644,134.2398445,1426.581384,10.62710843,17.6,99.4,48.5,0.34,39.034,32.586,12.762,7.506,,,3.66,1.0968,0.0549,0.332,0.0745,1.2891,0.0266,34.7336,0.0193,5,5,5,5,1,0
4309.0,0.265891473,502.1345006,9339.242173,18.59908483,19.6,142.9,59.22,1.84,207.318,218.18,69.158,32.046,3.31,,3.43,7.9045,0.2216,2.7742,0.1322,,,358.9177,0.1002,5,5,0,5,0,0
4310.0,0.965983972,5122.163879,565722.3402,110.4459665,28.2,426.4,66.71,1.47,885.111,539.469,153.556,48.614,7.66,,11.3,12.9404,0.0971,,,,,1482.844,0.0357,5,0,0,5,0,0
4311.0,1.395036735,1089.306711,7686.621152,7.05643422,16.7,73.2,46.78,0.15,20.493,25.075,9.753,3.561,,,12.12,0.8334,0.3071,0.3191,0.1187,0.5222,0.0798,20.8734,0.0145,5,5,5,5,1,0
4313.0,1.181257143,408.8259055,2017.524805,4.934924078,16.7,52.0,41.82,0.08,8.62,7.662,3.616,,,,12.16,0.1586,0.1617,0.0447,0.1968,0.0681,0.2377,2.7174,0.1537,5,5,5,5,0,0
4315.0,0.498073218,5795.07709,269448.7578,46.49614726,32.9,155.8,52.38,6.31,1018.183,724.839,218.897,72.618,12.63,,10.34,8.0514,0.1465,1.9403,0.4818,,,1048.214,0.131,5,5,0,5,1,0
4318.0,0.893452958,897.9270876,42557.71286,47.39551066,23.0,256.6,57.75,0.3,93.141,78.461,22.45,7.751,1.06,,10.35,5.6768,0.0772,2.0587,0.1367,,,167.4724,0.0779,5,5,0,5,1,0
4319.0,0.884641275,7269.744826,331433.6128,45.59081794,23.8,243.0,61.99,2.49,580.566,496.385,160.883,46.207,,,11.48,6.8209,0.1129,,,,,878.8403,0.0393,5,0,0,5,1,0
4320.0,1.62,336.3,4000.3,11.8950342,19.4,90.2,45.01,0.03,17.048,12.43,4.015,1.903,,,11.53,0.5628,0.3165,0.1859,0.1289,0.6897,0.1599,11.3389,0.0976,5,5,5,5,0,0
4321.0,0.218203883,18.96591338,6.623916015,0.349253731,12.4,7.7,19.19,0.11,4.169,9.318,3.707,2.675,,,1.55,,0.676,0.0198,0.6661,0.0309,0.5771,,0.1872,5,5,5,5,1,0
4322.0,0.785365434,346.9240166,15433.55662,44.4868498,22.7,245.4,51.33,0.15,32.401,21.692,6.765,2.087,,,11.71,1.1213,0.1212,0.1768,0.3719,1.802,0.1061,34.8394,0.0115,5,5,5,5,0,0
4323.0,0.625822898,677.2114389,95409.8714,140.8863848,30.2,471.4,58.83,0.46,170.499,87.235,22.05,6.507,0.73,,11.47,4.0789,0.1575,1.1476,0.1133,,,226.2462,0.0396,5,5,0,5,0,0
4324.0,1.807428977,1067.560683,5802.081627,5.43489632,15.9,63.5,43.96,0.09,12.762,16.935,5.708,2.563,,,14.06,0.3941,0.3011,0.1209,0.4789,0.1895,0.2999,9.1526,0.1842,5,5,5,5,1,0
4325.0,1.148322148,2085.958009,54338.58875,26.04970403,17.7,240.1,60.21,0.42,72.812,35.153,27.268,,,,11.8,,0.2839,0.7067,0.2447,,,,0.2789,5,5,0,5,0,0
4329.0,0.618931955,785.486749,82709.80142,105.2975133,28.2,395.6,73.44,0.54,152.403,93.219,23.778,6.377,0.99,,11.59,2.7036,0.0626,1.2054,0.3763,,,185.448,0.0469,5,5,0,5,0,0
4330.0,0.184029851,15.4701047,10.03466251,0.648648649,12.2,15.4,28.94,0.13,6.666,4.444,3.889,2.576,,,1.37,,0.6149,0.0978,0.2445,0.2839,0.1823,,0.1859,5,5,5,5,0,0
4331.0,1.909953488,702.6913402,10948.10458,15.58024691,20.0,109.9,45.21,0.05,27.096,19.943,6.701,2.79,,,14.16,0.9044,0.1268,0.2963,0.1131,0.5279,0.1055,13.5406,0.0947,5,5,5,5,1,1
4332.0,0.357692308,115.8282937,754.8161212,6.516681695,17.3,62.6,42.95,0.24,19.919,18.637,6.687,3.205,,,4.65,0.4114,0.2551,0.1566,0.2476,0.3636,0.1276,7.79,0.1297,5,5,5,5,1,0
4333.0,0.026666667,0.933333333,12.8,13.71428571,18.6,111.4,48.18,0.32,27.098,25.275,9.194,3.425,,,0.4,0.5527,0.6792,0.2467,0.2904,1.0856,0.1008,23.5557,0.1213,5,5,5,5,1,0
4335.0,0.154594595,14.27330574,16.43089847,1.151162791,13.1,21.8,37.23,0.15,4.778,9.519,3.479,1.838,,,1.43,0.0716,0.2021,0.0166,0.1798,0.0568,0.1077,1.8461,0.0855,5,5,5,5,0,0
4337.0,0.227088608,10.06973241,18.30860439,1.818181818,14.6,26.2,36.02,0.05,7.874,12.097,4.548,1.976,,,1.38,0.0689,0.2322,0.0242,0.1637,0.17,0.0591,2.0056,0.1939,5,5,5,5,0,0
4338.0,0.250011013,17.5530062,32.40151031,1.84592371,14.9,25.5,34.5,0.07,2.446,3.444,1.317,0.592,,,3.29,,0.9514,0.0299,0.328,0.0421,0.3889,0.9009,0.4178,5,5,5,5,0,0
4339.0,0.770415722,723.3001056,3460.082687,4.783744203,16.4,52.8,43.66,0.32,11.838,13.213,5.22,2.29,,,12.43,0.2155,0.1991,0.0773,0.1088,0.2608,0.0868,4.9522,0.0276,5,5,5,5,1,0
4340.0,0.164331492,29.50167089,147.6896886,5.006146572,17.0,50.5,41.98,0.29,7.673,9.301,3.168,1.238,,,3.38,0.0882,0.0549,0.0354,0.0837,0.1913,0.1333,3.2313,0.0266,5,5,5,5,1,0
4341.0,0.770915493,462.7032273,12139.17605,26.23533906,21.4,160.4,54.05,0.21,73.041,46.992,15.248,5.604,,,8.01,3.4127,0.2786,1.3916,0.2439,5.7041,0.0735,105.3839,0.1436,5,5,5,5,0,0
4343.0,0.333219373,68.69887095,250.4145908,3.645104895,15.9,43.0,39.49,0.16,23.107,20.411,9.709,4.904,,,2.72,0.2742,0.5652,0.1071,0.2542,0.1422,0.2738,6.093,0.1688,5,5,5,5,1,0
4344.0,0.965383784,305.4807753,3124.940817,10.22958258,19.6,75.6,41.42,0.09,17.284,13.14,4.494,1.84,,,10.89,0.1993,0.3809,0.1188,0.2696,0.267,0.2101,8.2409,0.1205,5,5,5,5,1,0
4346.0,1.921869231,1609.685074,5316.522751,3.3028341,15.6,39.8,42.35,0.12,17.164,24.11,9.329,,,,12.43,1.1821,0.2648,0.4756,0.2808,0.897,0.167,25.0624,0.1642,5,5,5,5,0,0
4347.0,1.11187905,553.3607863,3360.726799,6.073301329,16.7,62.8,43.86,0.12,19.126,19.635,8.647,3.139,,,9.36,0.2237,0.2104,0.0877,0.5463,0.2474,0.5621,6.5832,0.4101,5,5,5,5,1,0
4348.0,0.166324786,5.504558405,50.38788078,9.153846154,20.0,65.0,38.06,0.05,21.421,16.388,5.116,2.128,,,1.39,0.2888,0.4596,0.0571,0.1686,0.1611,0.0638,4.1449,0.1139,5,5,5,5,0,0
4349.0,1.151278195,282.5034315,1893.994415,6.70432357,17.1,65.7,46.79,0.06,5.804,5.442,2.133,0.821,,,13.2,0.1485,0.2076,0.0546,0.1066,0.2732,0.042,3.0167,0.0345,5,5,5,5,0,0
4350.0,0.400752056,12.69232382,416.6560477,32.82740448,20.7,219.1,56.54,0.02,9.224,6.381,2.223,0.781,,,3.48,0.5624,0.2879,0.2367,0.1356,1.3999,0.0549,13.0102,0.0898,5,5,5,5,1,0
4352.0,0.15627907,43.79582958,1035.119332,23.63511188,21.6,145.0,57.64,0.5,86.536,89.966,25.403,7.175,1.48,,2.24,0.6616,0.2042,0.1283,0.7102,1.6698,0.6993,30.3206,1.1708,5,5,5,5,1,0
4355.0,1.230035253,940.4066923,1537.821101,1.635272392,12.7,34.1,46.85,0.17,8.65,18.807,9.069,3.753,,,7.93,0.3595,0.1746,0.0697,0.1273,0.129,0.203,4.7416,0.0882,5,5,5,5,0,0
4356.0,1.365714286,989.0530293,19056.11932,19.26703499,18.7,156.9,52.63,0.14,26.162,28.102,6.534,3.228,,,14.34,0.534,0.6592,0.216,0.3,1.2214,0.2324,15.4918,0.2443,5,5,5,5,1,0
4357.0,0.433515464,98.9342538,105.5050477,1.066415763,12.9,21.1,37.06,0.14,6.186,11.639,5.089,2.528,,,3.21,0.2184,0.3486,0.0955,0.2641,0.1194,0.2758,2.3157,0.2605,5,5,5,5,0,0
4358.0,0.117380952,13.39688209,385.0769274,28.74377224,21.9,169.7,50.39,0.26,27.642,23.803,5.334,2.496,,,2.32,0.61,0.0964,0.2563,0.1749,1.7834,0.1097,23.3034,0.0607,5,5,5,5,1,0
4359.0,0.0182,0.0676,0.48672,7.2,16.5,74.8,45.66,0.06,12.744,10.086,4.748,2.792,,,0.13,0.4097,0.3444,0.1527,0.2499,0.2113,0.2693,6.6564,0.2554,5,5,5,5,1,0
4360.0,0.029365079,2.242000504,87.92091207,39.21538462,25.4,177.5,46.26,0.64,297.811,151.516,53.042,18.035,,,0.37,1.0575,0.075,0.3807,0.1518,4.3104,0.1267,85.2655,0.1139,5,5,5,5,1,0
4363.0,0.280601504,239.2189355,14080.01645,58.85828571,22.3,340.1,66.07,0.82,256.29,181.196,58.78,23.394,3.02,,3.11,16.5262,0.1953,,,,,434.5965,0.1503,5,0,0,5,1,0
4364.0,1.096408163,2308.411895,24552.0972,10.63592561,18.4,90.9,49.48,0.51,67.876,61.167,25.922,9.356,1.52,,12.1,1.1577,0.0827,0.4113,0.1765,3.6035,0.0594,35.1014,0.0855,5,5,5,5,0,0
4365.0,0.591184834,50.33943532,3054.405166,60.67619048,23.4,313.0,49.64,0.04,34.53,22.387,6.448,2.369,,,4.62,0.8029,0.0353,0.3414,0.2097,0.7457,0.1726,26.007,0.1504,5,5,5,5,1,0
4367.0,0.434032258,2774.924824,44836.28253,16.15765665,25.0,81.6,47.5,3.98,391.314,347.871,106.891,33.84,,,8.19,2.2428,0.1939,0.8327,0.2316,,,191.8911,0.1269,5,5,0,5,1,0
4368.0,0.632360406,631.3068368,2579.297396,4.085647812,15.2,53.7,49.08,0.42,17.578,22.366,9.473,4.715,0.72,,7.55,,0.6298,,0.9928,0.2725,1.4303,8.1045,0.4123,5,5,5,5,1,0
4369.0,0.718617464,880.3892796,1970.192014,2.237864612,15.0,30.5,39.48,0.45,15.433,18.735,7.663,3.321,,,9.47,0.2067,0.1014,0.0687,0.1865,0.1935,0.0984,4.4253,0.0948,5,5,5,5,1,0
4371.0,1.210999174,8378.520237,234175.2684,27.94947816,20.5,194.5,61.96,1.52,409.929,448.822,110.614,59.135,6.96,,12.12,7.6994,0.2306,,,,,390.2984,0.1467,5,0,0,5,0,0
4372.0,2.08616145,44561.14651,368172.2585,8.26218101,12.7,181.3,55.03,2.74,104.228,233.856,142.407,74.539,,,12.06,1.7749,0.2367,,,,,,0.368,5,0,0,5,0,0
4374.0,0.727823129,1359.317922,77936.40422,57.33493467,25.1,265.0,60.72,0.69,337.402,217.701,64.901,21.448,2.87,,8.23,6.803,0.3707,1.6002,0.5115,,,356.1598,0.1614,5,5,0,5,0,0
4376.0,1.048284839,106.8991154,10035.09484,93.87444232,24.6,445.9,62.71,0.03,16.501,8.26,2.595,,,,10.78,0.7063,0.2207,0.3776,0.0474,3.4207,0.031,23.9734,0.0136,5,5,5,5,0,0
4377.0,0.161038961,98.15847529,552.125215,5.624834875,17.0,58.0,44.29,0.96,28.684,35.531,13.144,4.64,0.81,,3.1,0.402,0.158,0.2391,0.1575,1.2855,0.0656,14.1753,0.0735,5,5,5,5,1,0
4378.0,1.084057971,1491.898005,78219.51019,52.42952933,24.2,257.8,54.62,0.34,152.853,149.206,33.113,12.772,0.87,,12.24,3.4563,0.1926,1.5412,0.1796,,,175.2086,0.1314,5,5,0,5,1,0
4381.0,0.693014354,3403.516366,102531.1687,30.12506998,24.0,155.9,50.65,1.87,273.829,188.507,53.547,19.513,3.44,,12.24,1.2944,0.3369,0.5471,0.4532,8.3756,0.3396,167.675,0.0769,5,5,5,5,1,0
4382.0,1.035823322,375.3080457,14944.46096,39.8191862,22.5,222.3,50.41,0.09,23.08,15.777,4.475,1.673,,,14.23,0.7779,0.2177,0.3155,0.0942,1.313,0.0301,24.9236,0.0358,5,5,5,5,0,0
4384.0,0.123758594,5.352262441,54.35645333,10.15578999,17.7,94.1,45.14,0.09,9.983,8.664,3.136,1.401,,,1.5,0.2173,0.1975,0.0567,0.2297,0.111,0.1664,6.175,0.1146,5,5,5,5,0,0
4385.0,0.580137773,829.4046097,2246.650721,2.708751188,14.6,39.7,51.42,0.65,16.298,27.734,11.42,4.03,0.84,,8.15,0.2909,0.0923,0.0889,0.0973,0.462,0.0795,7.2982,0.0583,5,5,5,5,0,0
4386.0,0.64162069,158.3240469,1258.810199,7.950846532,18.3,67.2,43.56,0.1,11.879,12.849,3.687,1.493,,,8.09,0.2991,0.1522,0.1083,0.118,0.3406,0.0679,6.2962,0.0883,5,5,5,5,0,0
4387.0,1.098507638,141.1320892,2607.109017,18.47282948,23.4,95.8,39.07,0.03,33.016,16.563,6.412,,,,7.99,0.6631,0.5184,0.2277,0.2164,0.2222,0.3414,14.1843,0.155,5,5,5,5,1,0
4388.0,0.874385965,648.1452755,1009.137581,1.556962025,12.9,30.8,41.63,0.23,4.925,8.64,4.048,1.986,,,9.52,0.0743,0.1373,0.0196,0.3085,0.0522,0.1461,2.2048,0.0618,5,5,5,5,0,0
4389.0,0.005185185,0.006721536,0.047050754,7.0,17.9,55.3,39.92,0.08,6.535,5.851,2.304,0.859,,,0.07,0.0746,0.3499,0.0445,0.1433,0.0833,0.2292,1.7422,0.0573,5,5,5,5,0,0
4390.0,0.71385466,1383.988368,15975.77563,11.5432875,19.2,90.3,50.91,0.71,48.316,53.439,15.609,5.964,0.8,,12.38,1.1652,0.1128,0.4559,0.0462,3.3798,0.0339,34.0093,0.0306,5,5,5,5,0,0
4391.0,0.270712401,501.1079399,10224.8331,20.40445239,19.0,168.0,66.1,1.76,192.647,159.343,57.98,27.442,5.41,,3.42,4.3919,0.0412,1.1597,0.1942,,,217.3004,0.026,5,5,0,5,1,0
4392.0,0.070470829,3.60288425,5.598122215,1.553789083,13.5,27.0,39.9,0.19,1.828,2.346,1.022,,,,1.35,,1.0322,0.0052,0.3594,0.0161,0.2479,0.4362,0.2615,5,5,5,5,0,0
4393.0,0.73625,345.359375,3187.817188,9.230434783,18.3,78.6,47.79,0.17,8.964,8.11,2.626,1.435,,,13.64,0.0901,0.2089,0.0624,0.1674,0.4648,0.0524,,0.0694,5,5,5,5,1,0
4394.0,1.012723642,817.2777801,9524.85339,11.6543648,17.3,112.3,49.96,0.21,20.246,21.473,7.418,2.994,,,12.31,0.8312,0.0413,0.2693,0.2414,1.1012,0.1661,18.3151,0.1479,5,5,5,5,0,0
4397.0,1.11527027,338.3781912,4128.69968,12.20143552,19.0,96.2,45.09,0.07,31.967,30.915,8.672,4.696,,,7.86,1.1623,0.1918,0.371,0.3682,0.7422,0.2921,24.4435,0.1999,5,5,5,5,0,0
4398.0,0.383465046,114.8665219,561.9091028,4.891843972,16.1,55.2,42.11,0.21,27.215,25.426,11.361,5.899,,,3.32,0.7099,0.3729,0.2885,0.4949,0.6862,0.4002,15.8303,0.0933,5,5,5,5,1,0
4399.0,1.227010475,5773.51247,59502.70232,10.30615291,18.6,87.3,50.77,1.01,162.906,196.822,58.417,24.519,3.76,,12.28,2.1819,0.2476,0.8164,0.1097,,,117.0507,0.0838,5,5,0,5,0,0
4401.0,1.564758842,14331.65229,7094.129631,0.494997331,11.1,15.6,79.24,1.55,14.984,47.956,32.286,15.995,,,12.32,0.527,0.3704,0.3978,0.0491,3.601,0.07,17.2537,0.1897,5,5,5,5,1,0
4402.0,1.24,2957.1,10604.9,3.586250042,14.0,58.3,48.6,0.51,16.215,37.463,12.767,5.425,0.8,,13.64,0.4912,0.1738,0.1811,0.165,0.9139,0.0935,20.6773,0.0968,5,5,5,5,0,0
4404.0,1.413180593,2215.897437,31171.36039,14.06714944,18.9,112.3,52.49,0.3,57.602,49.708,21.219,6.75,0.87,,14.17,2.6975,0.3144,0.8185,0.2003,2.6925,0.1332,51.0799,0.1474,5,5,5,5,0,0
4405.0,0.265702703,287.4284178,10932.3533,38.03504673,23.8,195.8,58.6,1.06,331.877,247.3,74.194,24.803,3.37,,3.39,9.3973,0.1086,0.7799,0.3687,,,313.7488,0.072,5,5,0,5,1,0
4406.0,0.883127221,1982.414908,65382.02567,32.9809998,24.5,159.8,47.02,0.68,143.998,97.965,30.155,10.067,1.87,,14.12,1.4136,0.1386,0.6039,0.0905,,,127.4972,0.0374,5,5,0,5,0,0
4408.0,0.308255269,2.946222899,228.8607956,77.67938931,28.9,276.0,47.67,0.01,5.795,2.546,0.622,,,,4.05,0.1501,0.3447,0.0639,0.2713,0.1683,0.1268,3.5716,0.0821,5,5,5,5,0,0
4409.0,0.508457584,203.8632166,202.8287819,0.994925839,12.9,19.8,38.42,0.21,11.354,15.687,5.788,5.065,,,3.47,1.2372,1.035,0.6141,0.5961,0.445,0.7797,12.1254,0.7518,5,5,5,5,1,0
4410.0,0.714473684,402.9330748,5070.604194,12.58423423,20.2,87.1,55.07,0.21,15.551,22.733,20.671,,0.5,,9.05,0.9029,0.0412,0.1351,0.1161,1.1459,0.024,12.7093,0.0706,5,5,5,5,0,0
4412.0,0.596285414,2579.821164,31180.28941,12.08622127,20.3,86.5,56.84,1.95,187.523,190.303,55.231,22.999,4.48,,9.02,2.7157,0.1064,1.3927,0.2153,,,126.5308,0.1472,5,5,0,5,1,0
4413.0,0.552115385,44.21936945,108.1963295,2.446808511,15.9,28.6,36.07,0.04,2.563,2.696,1.213,0.459,,,6.38,,0.0822,0.0197,0.3432,0.0381,0.1972,0.501,0.2989,5,5,5,5,0,0
4414.0,0.658246014,93.60254513,1703.669465,18.20110193,20.3,124.4,45.39,0.06,11.745,6.737,2.822,1.147,,,8.14,0.3271,0.1758,0.1328,0.1743,0.1514,0.2024,7.4445,0.075,5,5,5,5,0,0
4415.0,0.422320442,10.37763194,176.9181038,17.0480226,19.4,126.0,58.07,0.02,5.966,3.864,1.47,,,,3.43,0.1727,0.32,0.1016,0.201,0.3521,0.1155,3.5763,0.1322,5,5,5,5,0,0
4417.0,0.687780749,507.9158733,641.2226972,1.262458472,13.5,22.0,38.05,0.28,5.33,9.624,4.118,1.922,,,8.87,,0.3058,,0.5954,,0.8274,0.289,0.7779,5,5,5,5,0,0
4419.0,0.94869863,252.8059552,1362.559276,5.38974359,16.6,56.6,43.91,0.07,3.542,4.23,1.383,0.555,,,14.58,0.0915,0.1384,0.032,0.2066,0.0918,0.0959,2.0378,0.0973,5,5,5,5,0,0
4420.0,0.627058824,63.07789312,112.7129566,1.786885246,13.5,31.3,41.22,0.04,5.122,9.661,3.538,,,,3.28,0.1284,0.4872,0.0723,0.3645,0.1073,0.3548,,0.1909,5,5,5,5,0,0
4421.0,0.834161491,234.5100112,8135.426766,34.69117043,23.1,184.4,48.42,0.09,20.019,12.785,4.169,1.379,,,12.64,0.6555,0.2545,0.2343,0.2119,0.7405,0.0877,14.2039,0.114,5,5,5,5,0,0
4422.0,0.070296084,9.789666022,2.858433018,0.291984733,12.2,6.9,18.43,0.51,0.504,0.597,0.399,0.317,,,3.2,,0.2603,0.0113,0.3388,0.0216,0.2348,0.3656,0.3874,5,5,5,5,0,0
4425.0,0.098548387,23.90593132,376.8632154,15.76442308,19.9,114.8,48.92,0.69,77.969,65.938,22.17,8.498,1.4,,1.41,1.2378,0.1669,0.2851,0.5482,2.6169,0.2275,44.2471,0.2775,5,5,5,5,1,0
4426.0,1.124315569,324.5074484,981.168744,3.023563092,13.2,56.7,47.69,0.07,3.725,6.467,3.354,1.387,,,8.09,0.4075,0.3804,0.1525,0.7259,0.2269,0.5447,7.7659,0.3686,5,5,5,5,0,0
4427.0,0.302803738,103.8390427,10.77358721,0.103752759,10.1,4.2,15.67,0.29,2.041,0.921,2.566,1.457,,,3.24,,0.2486,0.003,0.7391,0.0054,0.0939,0.2578,0.4695,5,5,5,5,0,0
4428.0,0.077777778,8.892592593,84.14691358,9.462585034,18.7,77.8,45.98,0.4,21.97,21.717,7.731,2.589,,,1.4,0.3859,0.1355,0.1505,0.068,0.4725,0.0804,11.5261,0.0427,5,5,5,5,1,0
4429.0,1.286455787,511.40947,2597.165461,5.078446163,17.6,46.9,36.86,0.08,10.906,10.756,3.798,1.547,,,13.66,0.133,0.5047,0.0396,0.8341,0.0694,0.7206,3.3153,0.112,5,5,5,5,1,0
4431.0,1.097767654,2953.892082,83617.80028,28.30766932,22.9,155.0,49.19,0.66,131.874,97.102,32.842,12.439,,,15.06,3.4886,0.0738,0.9426,0.2087,4.7057,0.0526,93.2247,0.1917,5,5,5,5,0,0
4432.0,1.378750908,534.7258213,384.4520274,0.718970381,12.5,15.5,33.73,0.07,1.599,2.733,1.368,0.9,,,13.37,,0.2053,0.014,0.3671,0.0265,0.2404,0.4865,0.2275,5,5,5,5,0,0
4433.0,0.941745112,1273.869854,22984.09877,18.04273702,18.3,155.5,51.77,0.38,31.419,34.428,10.501,3.634,0.55,,13.69,1.1123,0.3156,0.4439,0.2431,2.9257,0.0516,40.0659,0.0891,5,5,5,5,1,0
4434.0,0.008168744,0.050089305,0.760367294,15.18023256,20.5,101.8,45.25,0.2,29.358,17.753,5.819,2.878,0.47,,0.12,,0.1231,0.1654,0.0772,0.3863,0.2014,12.4031,0.2232,5,5,5,5,0,0
4435.0,0.005117967,0.055825903,1.249252802,22.37765506,18.4,189.8,58.33,0.56,18.062,17.275,4.914,2.36,,,0.12,0.658,0.0935,0.157,0.1441,1.246,0.148,18.7935,0.072,5,5,5,5,1,0
4436.0,1.81,1092.033333,5460.166667,5.0,14.2,81.9,48.06,0.1,8.82,7.368,5.274,2.88,,,12.67,0.1888,0.2662,0.0335,0.2848,0.0462,0.1421,3.0995,0.2328,5,5,5,5,0,0
4438.0,0.292166998,84.63404148,135.5269002,1.601328471,14.2,24.9,34.74,0.26,9.491,9.561,6.475,2.703,,,3.34,,0.1836,0.0426,0.2438,0.0693,0.1538,,0.2153,5,5,5,5,0,0
4441.0,0.964565217,251.9795575,2500.412532,9.923076923,17.9,89.6,45.77,0.07,5.158,4.709,1.669,0.539,,,14.79,0.0963,0.9784,0.0428,0.1943,0.1249,0.1289,3.6581,0.0807,5,5,5,5,0,0
4442.0,0.552898551,76.61136316,321.1688091,4.19218241,14.6,61.5,53.34,0.07,10.149,16.47,4.952,,,,3.27,1.045,0.1228,0.4424,0.0518,0.9569,0.0782,8.6216,0.1201,5,5,5,5,0,0
4445.0,0.138169014,537.6028764,7873.843444,14.6462078,28.2,65.5,40.31,7.84,509.781,506.733,144.033,49.34,11.84,,3.27,0.8724,0.1705,0.1248,0.2565,3.7458,0.4296,211.7282,0.0764,5,5,5,5,1,0
4446.0,0.278613281,66.9398942,165.9936875,2.479742305,14.2,38.6,42.68,0.23,8.129,10.816,5.389,2.331,,,3.17,0.2865,0.1162,0.1092,0.1934,0.1727,0.22,3.774,0.0758,5,5,5,5,1,0
4448.0,0.94476584,375.5275042,7997.440235,21.29654991,21.1,135.3,47.6,0.11,16.197,12.592,3.978,1.433,,,14.44,0.1442,0.3854,0.0933,0.1758,0.6027,0.1096,13.9329,0.0799,5,5,5,5,1,0
4449.0,0.153668478,13.27414269,112.9932287,8.512280702,17.0,85.6,48.55,0.15,21.536,20.626,7.358,3.417,,,1.45,1.27,0.1705,0.5752,0.0767,1.2641,0.0917,17.8643,0.0991,5,5,5,5,0,0
4451.0,1.57,1872.2,2309.6,1.233628886,11.7,32.1,47.29,0.2,5.435,20.736,8.111,2.861,,,10.75,0.5708,0.2988,0.1968,0.2906,0.3352,0.2875,8.2338,0.2185,5,5,5,5,1,0
4453.0,0.716660482,243.029767,964.6884797,3.969425194,15.6,48.0,47.98,0.13,4.647,4.651,2.036,1.066,,,10.73,,0.6286,0.0655,0.133,0.1459,0.1304,2.3137,0.1825,5,5,5,5,1,0
4456.0,0.119308469,17.75336293,501.1709061,28.22963222,20.7,187.7,59.63,0.34,42.43,35.175,10.909,3.501,0.85,,1.85,1.0117,0.1332,0.3523,0.1137,3.2657,0.016,39.9104,0.0436,5,5,5,5,0,0
4457.0,0.133789564,16.4757964,287.8344504,17.47013883,19.0,137.8,48.88,0.25,50.787,44.29,14.742,6.795,,,1.36,1.5743,0.17,0.5554,0.1091,2.5263,0.0622,59.7778,0.0563,5,5,5,5,0,0
4458.0,0.110872247,4.563711696,100.1127545,21.93669565,21.3,136.1,45.2,0.1,21.613,15.535,5.166,1.802,,,1.43,0.5037,0.1822,0.1937,0.1717,0.2857,0.218,12.94,0.0626,5,5,5,5,0,0
4459.0,0.57356962,703.9895812,1466.668588,2.083366895,14.1,33.2,41.26,0.57,12.671,19.726,8.455,3.318,,,7.68,0.0911,0.0846,0.036,0.1118,0.2187,0.0437,4.4885,0.0455,5,5,5,5,1,0
4461.0,0.475660949,64.45534493,2691.387582,41.75584795,23.9,208.4,51.17,0.07,11.279,7.35,1.948,0.866,,,9.62,0.5509,0.1288,0.2235,0.0868,0.7996,0.0469,8.6594,0.0703,5,5,5,5,0,0
4462.0,0.735785191,1818.506376,40305.70988,22.16418397,23.5,116.9,46.38,0.89,152.443,123.911,32.814,10.762,2.18,,12.22,2.7698,0.55,2.2475,0.2845,12.4717,0.1122,143.3708,0.1398,5,5,5,5,1,0
4465.0,0.007857143,0.020578231,0.089172336,4.333333333,17.0,42.4,39.6,0.11,4.716,5.383,2.17,0.909,,,0.11,0.1253,0.1866,0.0545,0.3448,,,1.4939,0.1307,5,5,0,5,0,0
4467.0,0.120192926,5.863706951,339.1450171,57.83798883,23.2,304.2,56.48,0.1,26.297,16.694,4.789,1.715,,,1.78,1.1321,0.1145,0.4466,0.0484,2.6555,0.0135,36.3573,0.019,5,5,5,5,0,0
4468.0,0.150722892,15.28372657,36.44426852,2.384514559,15.1,31.4,36.77,0.18,13.76,16.125,7.195,3.323,,,1.39,0.2998,0.585,0.0987,0.426,0.1435,0.4223,5.6544,0.2322,5,5,5,5,1,0
4469.0,0.005151515,0.008999082,0.086042241,9.56122449,18.1,84.4,46.85,0.09,11.928,9.75,3.936,1.05,,,0.06,0.3758,0.2216,0.1552,0.1644,0.2784,0.1125,8.3488,0.0531,5,5,5,5,0,0
4470.0,0.524571063,211.401644,10239.65693,48.43697868,24.2,236.9,58.02,0.2,57.503,35.24,10.263,3.75,,,7.73,1.9139,0.0698,0.7533,0.1242,4.9295,0.0284,60.0185,0.0459,5,5,5,5,1,0
4471.0,0.843755739,328.815162,1907.167354,5.800119868,16.9,58.2,44.33,0.12,9.437,9.135,3.479,1.457,,,10.81,0.4261,0.2205,0.1607,0.2549,0.2593,0.1513,5.1995,0.1082,5,5,5,5,1,0
4473.0,1.114171067,576.217418,6214.26236,10.78457916,18.9,86.0,48.24,0.12,44.372,30.059,12.554,5.331,,,8.72,4.9726,0.0922,1.9941,0.1036,2.6788,0.0891,60.3706,0.0367,5,5,5,5,1,0
4474.0,0.311449704,64.28129413,272.4754902,4.238799076,16.0,48.8,41.8,0.18,15.781,15.148,6.745,3.187,,,3.19,0.7667,0.4552,0.2499,0.467,0.3897,0.3689,11.5261,0.2722,5,5,5,5,0,0
4475.0,0.268229075,17.9648216,74.07722564,4.123460133,16.2,46.5,40.2,0.07,14.064,14.6,5.506,1.791,,,1.77,0.3854,0.7262,0.1028,0.6197,0.1851,0.3336,6.6787,0.1371,5,5,5,5,1,0
4476.0,0.44969697,246.1135114,519.6119784,2.111269615,14.5,31.4,38.29,0.32,23.347,40.881,17.633,7.718,0.94,,3.71,0.425,0.5009,0.03,0.4816,0.091,0.5312,3.4834,0.2235,5,5,5,5,0,0
4477.0,0.254846939,44.9016035,544.6992139,12.13095238,22.2,69.8,35.36,0.18,38.762,24.224,7.592,5.195,,,3.7,0.169,0.2024,0.0344,0.2918,0.1869,0.1441,4.7553,0.2016,5,5,5,5,0,0
4479.0,0.570687023,78.85664265,1742.64154,22.09885536,18.0,194.4,64.57,0.06,26.966,29.189,10.898,2.566,,,3.56,1.9072,0.2506,0.7079,0.1685,3.6453,0.0842,50.1014,0.164,5,5,5,5,0,0
4480.0,0.215813953,297.4858722,4926.831801,16.56156564,22.0,100.7,63.16,1.63,206.385,176.271,60.096,19.12,3.69,,3.48,5.8748,0.1222,2.5183,0.284,,,156.7013,0.2324,5,5,0,5,1,0
4481.0,0.349693252,129.0844367,1134.025609,8.785145889,16.9,88.4,69.39,0.29,13.032,18.052,5.195,1.98,,,5.7,,1.81,,-2.6594,,1.5442,0.2108,0.7081,5,5,5,5,0,0
4483.0,0.211513353,16.82292879,423.4386637,25.17032967,21.8,149.5,47.54,0.1,17.861,13.614,3.116,1.477,,,3.24,0.6774,0.0991,0.2138,0.0497,0.6116,0.0648,16.4989,0.0145,5,5,5,5,0,0
4484.0,0.30015625,59.70505078,850.6099277,14.24686717,20.2,98.5,45.93,0.18,41.573,24.837,11.37,3.699,,,3.39,,0.3197,0.2205,0.3309,0.5666,0.2753,13.308,0.1692,5,5,5,5,0,0
4488.0,0.544225352,698.8025987,124.951458,0.178807947,10.0,7.7,34.44,0.62,2.71,10.174,6.458,4.231,,,4.83,0.082,0.3008,0.0198,0.3121,0.0255,0.2531,0.7451,0.2178,5,5,5,5,0,0
4489.0,0.410943396,183.9897828,6564.442721,35.67830028,21.4,220.0,54.81,0.29,77.539,55.782,17.164,6.076,0.77,,4.84,2.7513,0.2062,0.5907,0.2351,5.2869,0.1269,66.0587,0.1333,5,5,5,5,0,0
4491.0,0.402696078,274.1265679,7361.002859,26.85257002,22.0,158.6,53.78,0.45,91.967,69.965,23.24,8.895,1.21,,5.3,3.177,0.1988,1.2237,0.0872,7.6761,0.0433,101.261,0.0843,5,5,5,5,0,0
4492.0,0.295909091,34.89731405,600.7258264,17.21409922,20.9,111.7,45.6,0.11,26.877,22.304,7.094,2.104,,,3.36,0.4551,0.6984,0.1493,0.4825,0.7486,0.2445,16.9167,0.3578,5,5,5,5,1,0
4493.0,0.208692098,109.6631113,431.1604459,3.931681682,16.1,45.7,42.65,0.66,22.232,30.35,11.64,4.574,0.63,,3.33,0.22,0.6552,0.0333,1.4337,0.2326,1.2899,3.3027,1.2083,5,5,5,5,1,0
4494.0,0.253107536,29.91926144,215.5056321,7.202906146,15.2,93.7,51.06,0.12,4.514,80.961,13.153,,1.02,,1.41,2.2995,0.428,0.8434,0.241,3.0655,0.1374,65.0442,0.1613,5,5,5,5,0,0
4495.0,0.270694864,4.953587499,354.9759495,71.66037736,30.2,234.7,46.97,0.02,17.646,6.9,2.224,0.698,,,3.2,0.5421,0.2179,0.1544,0.1609,0.5283,0.0763,12.993,0.1115,5,5,5,5,0,0
4496.0,0.298928571,264.8204082,4224.201658,15.95119382,17.7,149.6,65.7,0.8,90.27,84.682,23.227,11.465,1.81,,3.24,3.2557,0.1805,1.4933,0.0367,,,119.3449,0.0229,5,5,0,5,0,0
4497.0,0.319908257,362.3765153,479.754178,1.323910788,13.0,26.5,41.21,0.94,24.038,31.913,21.027,11.722,,,3.17,4.152,0.4469,1.3273,0.4448,1.8227,0.265,63.562,0.26,5,5,5,5,1,0
4499.0,0.286495468,256.8771077,686.1117277,2.670972644,13.4,49.0,54.52,0.83,17.788,24.298,7.626,,0.79,,3.27,0.4549,0.1778,0.1647,0.0706,1.0869,0.0113,14.8678,0.0122,5,5,5,5,0,0
4501.0,0.318,57.97776,1087.53244,18.75775194,21.5,115.3,43.69,0.16,38.575,11.676,8.963,2.872,,,4.24,1.4673,0.1521,0.3415,0.1552,0.552,0.1609,25.4516,0.0958,5,5,5,5,0,0
4503.0,0.679365079,370.8307794,742.1325147,2.001270003,14.3,30.3,38.1,0.21,24.383,34.396,19.071,2.918,,,4.28,0.696,0.3193,0.1704,0.4257,0.204,0.2924,9.7547,0.1914,5,5,5,5,0,0
4504.0,1.34887218,1315.580304,4143.64803,3.149673203,15.4,39.6,40.99,0.19,18.835,18.747,10.032,3.924,,,11.7,1.3582,0.1058,0.4527,0.1625,0.6525,0.1372,15.565,0.1331,5,5,5,5,1,0
4505.0,1.37504931,174.2096935,3888.140379,22.31873727,21.0,141.7,52.65,0.02,18.169,20.388,2.006,,,,9.55,0.7296,0.1859,0.2567,0.1731,1.0208,0.0609,15.0928,0.219,5,5,5,5,0,0
4506.0,0.923766082,3708.753673,10820.25852,2.917491824,13.5,52.7,62.54,1.15,41.909,74.008,39.262,,,,7.82,,1.4039,1.7027,0.9524,,,,1.3405,5,5,0,5,0,0
4507.0,0.343384615,302.8933642,6380.950633,21.06665707,19.8,154.3,60.52,0.68,60.378,52.559,18.867,6.624,,,5.58,4.4848,0.0749,1.3081,0.2147,7.5177,0.0428,65.9649,0.0483,5,5,5,5,1,0
4509.0,0.582725451,2264.970839,7592.952556,3.352340094,16.3,38.7,43.19,1.8,51.062,72.126,27.566,12.384,2.02,,9.38,0.7667,0.2391,0.1788,0.0683,1.1747,0.0418,21.1993,0.0734,5,5,5,5,0,0
4511.0,0.291333333,54.78088889,869.676,15.87553648,18.5,132.5,48.74,0.18,26.496,23.11,8.525,3.303,,,3.22,1.1557,0.1666,0.3792,0.1657,1.1521,0.0799,36.3716,0.1154,5,5,5,5,0,0
4512.0,0.858367844,38062.04373,569626.1173,14.965726,8.5,1493.1,75.69,13.65,1726.793,1226.988,11.326,,17.12,,7.66,17.806,0.2776,,,,,3406.9389,0.129,5,0,0,5,0,0
4513.0,0.32,39.0,259.3,6.648717949,17.3,63.8,42.04,0.1,15.174,12.227,4.779,2.302,,,3.11,0.3685,0.2065,0.1212,0.2358,0.1858,0.1666,5.9539,0.1165,5,5,5,5,0,0
4516.0,0.384839034,107.0451011,44.88356548,0.419295839,11.4,12.0,34.22,0.19,2.728,8.939,4.215,1.955,,,3.11,,6.7747,0.0288,0.3463,0.0553,0.3064,0.6744,0.3863,5,5,5,5,0,0
4517.0,0.895060241,246.95308,1151.855919,4.664270309,16.4,51.4,41.15,0.08,11.441,10.25,4.39,2.498,,,7.82,0.308,0.0908,0.1244,0.2608,0.1517,0.2461,4.7669,0.1094,5,5,5,5,0,0
4518.0,1.398672087,2391.390595,16676.68449,6.973634724,15.0,94.8,51.66,0.32,17.587,27.194,9.628,,,,14.14,0.7858,0.3166,0.2176,0.3377,0.894,0.2113,23.5598,0.1824,5,5,5,5,1,0
4519.0,0.513697881,93.00343819,2207.2816,23.73333333,23.0,128.7,44.7,0.09,5.749,3.895,1.001,0.387,,,14.18,0.1315,0.1427,0.0459,0.4044,0.0904,0.2616,2.4079,0.392,5,5,5,5,0,0
4520.0,1.8984,538.0179061,2450.960038,4.555536181,16.4,49.5,40.32,0.04,14.62,25.168,4.547,,,,10.17,0.2312,0.4822,0.0951,0.3551,0.1576,0.3954,2.9443,0.1874,5,5,5,5,1,0
4521.0,1.318366337,349.9322205,3905.61466,11.16106043,18.7,90.0,43.54,0.05,7.865,4.534,1.961,1.107,,,16.14,0.1139,0.336,0.0496,0.0979,0.0654,0.1659,3.3716,0.0865,5,5,5,5,1,0
4523.0,0.786021661,403.0349975,1772.03565,4.396728972,16.2,49.0,42.15,0.17,5.965,5.167,2.921,0.984,,,13.44,0.0952,0.191,0.0347,0.1185,0.0573,0.193,2.0288,0.1396,5,5,5,5,0,0
4524.0,0.336104147,48.50175521,2179.342478,44.93327032,25.9,195.5,52.21,0.11,106.985,48.438,15.357,6.187,,,3.14,,0.3031,1.7821,0.4442,11.6031,0.271,,0.4803,5,5,5,5,0,0
4526.0,1.419350412,269.9275998,2221.418842,8.229683973,19.0,64.4,38.69,0.04,9.064,6.036,2.392,1.051,,,13.49,0.1212,0.7225,0.054,0.3137,0.0541,0.3276,3.1708,0.1098,5,5,5,5,0,0
4527.0,1.109687825,726.6840052,701.6961032,0.965613799,12.8,19.8,40.98,0.16,6.31,8.794,5.716,2.697,,,8.67,0.0871,0.4686,0.0309,0.5109,0.0747,0.3497,1.5964,0.2003,5,5,5,5,1,0
4528.0,0.309526066,48.66356102,809.9006941,16.64285714,19.6,123.3,47.08,0.13,30.412,26.511,9.289,3.862,,,3.11,0.7117,0.3093,0.3015,0.1265,0.9827,0.0943,21.546,0.1184,5,5,5,5,0,0
4529.0,0.30084507,48.87418845,1931.548656,39.52083333,22.1,227.7,71.05,0.14,8.873,6.317,1.689,0.81,,,8.01,0.437,0.1173,0.1965,0.0931,1.0394,0.0268,8.7087,0.0163,5,5,5,5,0,0
4530.0,0.381262136,96.85132435,15.64822321,0.161569533,10.9,5.2,16.89,0.18,1.548,5.093,2.972,1.966,,,3.08,0.0492,0.5227,0.0146,0.5818,0.0295,0.3472,1.137,0.1946,5,5,5,5,1,0
4531.0,0.750063966,1145.535612,23271.07326,20.31457862,19.5,152.5,49.15,0.54,38.958,38.712,11.119,4.276,0.49,,13.53,0.1591,0.1556,0.0705,0.1869,1.3785,0.0278,38.6145,0.0842,5,5,5,5,1,0
4532.0,0.131903485,8.660601312,208.7823531,24.10714286,23.4,124.1,46.46,0.13,11.938,7.177,2.133,0.671,,,3.28,0.2068,0.3374,0.0586,0.1648,0.1735,0.1145,4.2828,0.0976,5,5,5,5,1,0
4533.0,0.686758242,159.8293835,1284.243117,8.035087719,17.3,78.2,70.72,0.09,8.139,8.768,2.405,,,,8.62,,0.753,0.0665,0.7252,0.4301,0.5097,3.2533,0.6073,5,5,5,5,0,0
4534.0,0.513987976,82.64162955,381.2592813,4.613404689,16.9,47.3,46.14,0.08,13.23,15.393,4.856,,,,4.58,0.1607,0.1086,0.0477,0.1089,0.1628,0.0522,3.2445,0.0687,5,5,5,5,1,0
4535.0,1.695,1994.589444,1969.546936,0.98744478,13.3,18.1,33.15,0.19,8.081,13.939,7.319,3.081,,,13.56,0.0792,0.3651,0.0332,0.6229,0.0912,0.5303,2.8229,0.2512,5,5,5,5,0,0
4536.0,1.507605042,394.2307639,7694.377582,19.51744584,21.1,123.6,45.47,0.05,20.382,12.514,4.328,1.713,,,13.54,0.4713,0.2776,0.1911,0.1792,0.4647,0.1277,14.9579,0.096,5,5,5,5,0,0
4537.0,1.224458728,390.8830701,2367.700994,6.057312723,16.4,66.4,45.04,0.07,5.63,5.316,1.92,1.274,,,14.25,0.1739,0.2381,0.0527,0.2457,0.0547,0.4374,2.1405,0.0997,5,5,5,5,1,0
4538.0,1.252031587,941.1527365,2567.893464,2.72845561,15.3,34.6,40.09,0.16,9.693,11.31,5.131,1.927,,,13.52,0.183,0.1747,0.0803,0.2798,0.1382,0.2083,4.6385,0.0715,5,5,5,5,1,0
4540.0,1.888283379,425.780873,6580.659891,15.45550847,20.0,108.6,44.35,0.03,17.641,11.371,4.887,1.689,,,13.5,0.8594,0.3735,0.3136,0.2096,0.2924,0.3407,8.6604,0.1843,5,5,5,5,0,0
4541.0,1.14030837,292.8557432,1008.969643,3.44527866,15.8,40.6,39.45,0.06,9.697,11.078,3.927,2.115,,,8.35,0.233,0.2571,0.0857,0.176,0.1052,0.1705,3.0315,0.0839,5,5,5,5,0,0
4542.0,0.555950249,2176.794579,19860.54241,9.123755915,17.3,91.9,50.42,1.87,69.786,73.097,26.384,9.951,3.7,,9.47,6.314,0.2292,2.1699,0.1318,11.8748,0.0884,175.4288,0.408,5,5,5,5,1,0
4544.0,0.956555024,701.0231817,7579.071102,10.81144148,17.1,106.5,52.18,0.2,13.459,10.652,4.814,2.02,,,13.72,0.4902,0.2703,0.1621,0.2001,0.7476,0.0878,14.683,0.0843,5,5,5,5,0,0
4545.0,0.493037849,325.3487979,856.1442933,2.63146598,14.5,39.2,43.15,0.36,5.35,7.189,3.406,,,,8.39,0.9351,0.1385,0.1852,0.1836,0.2269,0.3411,12.4809,0.043,5,5,5,5,0,0
4546.0,0.917943107,1838.932902,2084.640762,1.13361437,14.1,18.1,30.5,0.57,25.534,39.555,21.638,10.015,1.2,,8.39,0.131,0.2631,0.0182,0.2144,0.1104,0.2212,2.404,0.1588,5,5,5,5,0,0
4547.0,0.61235732,43.33633789,78.05684599,1.801186944,14.0,28.7,38.34,0.03,2.409,2.886,1.59,0.728,,,4.57,0.0823,0.344,0.0264,0.3032,0.0318,0.2027,0.6106,0.2777,5,5,5,5,0,0
4549.0,0.5760401,80.13309715,222.1147103,2.771822358,14.2,43.0,46.58,0.07,5.059,8.299,2.946,,,,4.42,0.1072,0.2174,0.0585,0.183,0.1746,0.1528,3.2702,0.0902,5,5,5,5,0,0
4552.0,0.47746336,137.1756888,917.4282,6.68797954,17.2,65.2,44.61,0.16,9.2,8.703,3.275,1.38,,,7.43,0.1579,0.1768,0.0462,0.3274,0.1154,0.1688,5.0495,0.0671,5,5,5,5,0,0
4554.0,0.661546317,120.9837027,5900.615434,48.77198582,24.3,235.9,53.52,0.07,26.211,11.425,4.891,2.842,,,8.98,0.7692,0.4875,0.2173,0.4985,0.6738,0.4954,19.684,0.0822,5,5,5,5,0,0
4555.0,1.634561798,498.6675916,4569.76972,9.163959713,16.7,96.0,52.93,0.05,19.79,33.301,5.08,3.866,,,8.98,0.4705,0.3445,0.158,0.2957,0.8324,0.1447,15.3224,0.221,5,5,5,5,0,0
4556.0,0.888738318,196.6770504,5145.174651,26.16052376,21.6,159.2,46.16,0.07,19.078,10.622,3.919,1.462,,,10.45,0.1873,0.3053,0.0949,0.2813,0.2141,0.1107,12.0166,0.0949,5,5,5,5,1,0
4557.0,1.209463327,489.6309736,9523.051709,19.44944708,19.4,146.3,55.59,0.09,11.713,9.496,2.797,1.566,,,16.49,0.2998,0.0724,0.0901,0.4231,0.4419,0.0969,13.2769,0.0447,5,5,5,5,0,0
4558.0,1.973780761,3256.303001,26795.28867,8.2287455,17.2,80.1,47.15,0.22,41.798,37.748,14.96,6.724,,,16.44,0.8682,0.2487,0.5717,0.1822,3.0784,0.1216,,0.1324,5,5,5,5,1,0
4560.0,0.241415525,24.4741781,133.4221839,5.45154911,18.1,47.5,36.37,0.11,12.874,3.991,3.62,2.105,,,3.11,0.315,0.4405,0.0772,0.3313,0.1027,0.2132,5.1168,0.2619,5,5,5,5,1,0
4561.0,0.422004197,66.02138252,85.12628118,1.289374411,13.1,24.5,44.93,0.1,4.88,12.765,3.734,1.839,,,3.07,0.1827,0.1151,0.1427,0.1148,0.3422,0.0616,1.7895,0.1372,5,5,5,5,0,0
4562.0,0.224893617,86.24491726,2612.808118,30.29521277,20.7,200.7,54.82,0.45,77.197,61.763,19.176,6.456,0.61,,3.02,3.2927,0.0482,1.278,0.0793,7.648,0.0219,86.253,0.0303,5,5,5,5,1,0
4563.0,0.767751479,194.2801933,7476.01501,38.48058252,22.9,206.7,51.27,0.09,13.44,8.652,2.523,0.984,,,13.84,0.4703,0.1647,0.2071,0.158,0.937,0.0727,13.9355,0.0857,5,5,5,5,0,0
4565.0,1.071025281,481.8898229,3802.702824,7.891228748,17.2,76.4,45.35,0.11,9.333,9.424,3.246,1.425,,,13.74,0.2062,0.2189,0.0803,0.1938,0.1589,0.1696,5.3965,0.1274,5,5,5,5,0,0
4566.0,0.343829787,50.21995247,126.1848461,2.512643678,15.1,33.7,36.78,0.11,9.786,9.6,2.618,,,,3.03,0.0719,1.1112,0.0537,0.4302,0.0682,0.3784,4.1669,0.1002,5,5,5,5,1,0
4568.0,0.451811024,196.782144,698.3504247,3.548850575,14.7,51.0,44.63,0.25,8.327,11.099,4.302,1.452,,,6.04,0.2593,0.0957,0.0891,0.155,0.2176,0.1033,5.1738,0.0929,5,5,5,5,0,0
4569.0,0.334871001,983.4447622,10641.53418,10.820673,22.0,67.0,39.0,2.37,96.562,102.31,25.342,12.116,1.99,,8.77,,0.0564,0.1798,0.2427,0.3495,0.0925,4.0546,0.5408,5,5,5,5,0,0
4571.0,0.181944444,10.0759633,89.64917655,8.897330595,16.5,94.6,48.76,0.08,17.665,15.734,6.537,3.046,,,1.31,0.393,0.2219,0.1341,0.2294,0.9415,0.0464,18.1692,0.1595,5,5,5,5,0,0
4572.0,0.1,58.0,1086.3,18.72931034,27.5,58.6,31.89,1.53,241.901,88.993,45.905,13.825,,,2.3,18.2675,0.1672,,,,,,0.1289,5,0,0,5,0,0
4576.0,0.242211838,635.3824681,21837.48248,34.36903531,27.5,143.2,60.89,2.83,989.418,783.004,239.344,83.209,11.24,,3.11,9.9569,0.035,,,,,848.6658,0.03,5,0,0,5,1,0
4577.0,1.078924303,3293.17601,2195.394938,0.666649742,12.5,14.8,34.51,0.76,16.394,44.803,19.504,10.602,1.5,,9.18,,0.3059,0.1333,0.2762,0.3572,0.4688,11.7337,0.1485,5,5,5,5,0,0
4578.0,0.326334107,1294.895511,8231.184519,6.356639937,18.8,55.3,43.72,3.29,183.177,242.255,86.31,32.609,5.46,,4.85,1.5672,0.1427,0.5709,0.2493,4.6337,0.0761,116.7625,0.0775,5,5,5,5,1,0
4580.0,0.797750294,369.0204027,5590.904151,15.15066405,20.0,106.5,48.28,0.15,47.813,33.354,12.21,4.693,,,7.61,1.7004,0.1982,0.544,0.1749,1.6936,0.1575,60.7531,0.147,5,5,5,4,0,0
4582.0,0.217016129,486.0772373,13726.88514,28.24013158,23.7,153.8,67.83,2.85,543.854,431.764,134.522,48.129,8.28,,2.99,16.0705,0.1267,,,,,593.197,0.04,5,0,0,5,1,0
4584.0,0.843209607,137.4443495,7111.233601,51.73900293,22.7,286.0,51.18,0.05,49.049,23.708,9.774,5.577,,,6.13,1.2584,0.3858,0.4379,0.2161,3.5558,0.0714,58.2886,0.1616,5,5,5,5,1,0
4586.0,0.951829268,698.8980518,2669.700165,3.819870664,15.9,44.7,40.32,0.2,20.647,27.341,9.252,5.194,,,8.92,,0.1711,0.0472,0.3614,0.1332,0.1061,2.8914,0.36,5,5,5,5,0,0
4588.0,0.270234987,634.8476028,6889.118867,10.85161043,19.4,85.7,50.83,2.26,244.513,264.076,94.131,34.541,5.54,,3.45,,0.084,0.0545,0.3215,0.5147,0.3299,5.1167,2.0646,5,5,5,5,0,0
4589.0,0.326647564,229.948851,2358.97078,10.25867609,14.6,150.3,56.45,0.57,32.08,62.521,24.767,7.845,0.92,,3.0,2.744,1.8588,2.7048,0.6037,22.1584,0.43,108.1083,0.8556,5,5,5,5,1,0
4590.0,0.378181818,23.7388203,461.8279586,19.45454545,21.3,121.2,44.81,0.04,13.584,16.049,1.69,,,,4.16,0.4617,0.5029,0.1247,0.4743,0.2125,0.4751,,0.0928,5,5,5,5,1,0
4591.0,0.11627907,196.0218737,1906.135449,9.724095647,23.1,56.6,36.71,3.77,169.709,174.591,57.163,16.335,3.55,,3.0,0.1143,0.16,0.019,0.461,0.1679,0.6622,28.1778,0.8869,5,5,5,5,1,0
4592.0,0.278474576,83.92301063,4112.06613,48.99807692,23.9,246.2,53.71,0.3,125.229,70.51,24.314,8.453,1.11,,3.18,6.0107,0.0994,1.8046,0.1657,,,152.9477,0.0866,5,5,0,5,1,0
4593.0,0.41204947,279.2909164,15232.40602,54.53956835,18.3,467.9,62.52,0.43,97.444,145.758,36.094,9.779,2.48,,2.99,10.1364,0.3246,2.6468,0.2901,,,278.7643,0.2229,5,5,0,5,0,0
4595.0,0.262562724,85.64997334,64.05802565,0.747904794,12.6,16.2,33.53,0.33,4.934,9.659,4.802,1.989,,,2.99,0.061,0.134,0.018,0.1353,0.0433,0.1817,1.131,0.1515,5,5,5,5,0,0
4596.0,0.368333333,172.4034722,1591.886111,9.233492172,15.8,111.1,52.66,0.33,34.336,53.627,17.476,6.995,,,3.25,2.8129,0.2382,0.7618,0.3099,2.2209,0.1593,41.4814,0.2344,5,5,5,5,1,0
4598.0,0.340505618,261.4362265,487.2220585,1.863636364,16.8,19.5,24.83,0.61,65.558,87.192,34.778,14.606,1.52,,3.19,3.0372,0.1131,0.9771,0.0916,4.2386,0.0343,63.2835,0.0555,5,5,5,5,0,0
4599.0,0.317094017,326.0237563,2771.776492,8.501762336,16.1,99.2,54.37,0.86,71.253,80.855,23.762,,,,3.18,2.4037,0.0543,0.62,0.2557,,,73.5674,0.1234,5,5,0,5,0,0
4601.0,0.398219178,661.9576183,4256.952104,6.430852952,14.0,104.8,52.3,1.11,62.194,78.466,48.048,22.779,,,3.23,5.3227,0.197,1.1345,0.1932,5.0905,0.1359,203.4117,0.1322,5,5,5,5,1,0
4602.0,0.356631579,787.7750249,3140.555335,3.986614498,15.6,50.4,49.94,1.66,34.006,45.091,19.284,8.871,,,6.05,0.7708,0.1312,0.2434,0.0806,1.8558,0.0161,23.7328,0.051,5,5,5,5,0,0
4603.0,0.322393617,523.1432124,5815.109657,11.11571271,17.4,108.8,49.86,1.32,143.856,166.237,67.935,27.244,,,3.19,5.3983,0.4642,2.5074,0.3807,15.2518,0.2683,155.8227,0.2891,5,5,5,5,0,0
4605.0,0.70862069,412.132355,2576.535537,6.251718667,16.5,67.1,43.69,0.21,25.957,22.393,10.529,4.542,,,6.85,0.6736,0.1093,0.2041,0.216,0.3447,0.1428,13.7731,0.0613,5,5,5,5,0,0
4607.0,0.432,133.996032,378.9960192,2.828412256,13.9,46.1,49.62,0.19,13.947,37.034,14.483,4.304,,,3.24,0.7298,0.1249,0.2542,0.0925,0.7083,0.0647,9.6304,0.0457,5,5,5,5,0,0
4610.0,0.581974742,129.5772803,551.151859,4.253460621,15.3,54.3,44.15,0.1,5.367,6.06,2.638,,,,6.85,0.168,0.4616,0.0542,0.2092,0.0759,0.1693,2.7362,0.155,5,5,5,5,1,0
4611.0,1.049609544,1489.238844,651.7597141,0.437646195,13.0,8.6,19.76,0.36,15.126,25.379,14.935,7.516,,,7.62,0.125,0.1527,0.0457,0.2489,0.0893,0.2035,2.935,0.1584,5,5,5,5,0,0
4614.0,0.209197861,134.3683734,5960.416931,44.35877863,24.8,210.2,49.33,0.82,89.377,68.216,17.261,5.099,1.29,,4.89,1.3712,0.2731,0.5758,0.2597,3.9521,0.1018,91.185,0.112,5,5,5,5,1,0
4615.0,0.986229508,2580.490885,1028.44085,0.398544655,12.0,9.8,28.32,0.7,12.335,36.618,12.371,7.671,,,7.52,,2.553,0.015,0.1386,0.0012,50.0864,1.0641,0.2274,5,5,5,5,0,0
4616.0,0.524961832,209.8144208,384.7248907,1.8336437,13.9,30.3,40.22,0.21,6.147,9.141,3.738,1.957,,,5.98,0.1701,0.6073,0.0477,0.6463,0.0886,0.5124,2.6909,0.0628,5,5,5,5,0,0
4617.0,0.696486486,754.3147773,1934.323785,2.564345607,14.4,38.6,43.67,0.41,11.152,18.881,8.172,4.156,,,8.59,0.5326,0.172,0.1973,0.1588,0.293,0.1728,8.1443,0.0888,5,5,5,5,1,0
4618.0,1.49218573,697.2613829,4188.791229,6.007490637,16.9,61.0,41.55,0.08,46.618,29.079,17.471,9.551,,,7.32,0.2122,0.2712,0.0418,0.5378,0.1729,0.2723,5.0716,0.2781,5,5,5,5,0,0
4619.0,0.159371555,23.85481232,193.8216724,8.125055432,16.8,83.2,46.6,0.25,8.948,7.652,3.16,,,,2.95,0.2263,0.3061,0.0261,0.3915,0.0905,0.2088,6.1329,0.1827,5,5,5,5,0,0
4621.0,0.187410359,72.57764797,946.6649736,13.04347826,18.1,114.7,50.74,0.53,36.393,36.255,10.638,5.422,0.64,,2.94,0.7693,0.1325,0.2276,0.254,1.4466,0.1373,36.5615,0.1317,5,5,5,5,0,0
4622.0,1.6856,1020.05632,717.11616,0.703016241,13.9,11.4,21.58,0.1,13.335,31.322,9.847,4.693,,,8.6,,0.2965,0.0156,0.1128,0.0481,0.1635,1.1342,0.2242,5,5,5,5,0,0
4623.0,0.81462585,1090.452622,17380.58548,15.93887266,17.0,161.4,49.76,0.44,137.908,141.388,72.069,27.114,3.0,,4.79,2.5414,0.5479,1.1195,0.4428,,,147.5123,0.2664,5,5,0,5,1,0
4624.0,0.392243902,216.0096175,2001.050277,9.263709181,19.1,72.7,48.37,0.37,54.591,45.843,16.1,6.73,0.95,,4.73,0.7204,0.1211,0.1796,0.0768,0.7611,0.1135,14.5026,0.1196,5,5,5,5,1,0
4626.0,0.28917364,70.39948508,128.2905068,1.822321664,14.9,24.8,31.7,0.22,12.726,19.086,7.411,3.216,,,2.91,0.4013,0.3087,0.064,0.3707,0.0866,0.2301,10.3839,0.2522,5,5,5,5,0,0
4627.0,0.203372093,187.2698317,4167.679253,22.25494206,22.5,127.7,48.51,1.16,55.068,47.929,14.194,3.939,0.63,,5.83,0.8209,0.0818,0.2783,0.2131,2.7824,0.0941,41.5273,0.0886,5,5,5,5,1,0
4631.0,0.708709677,110.6247543,2046.06262,18.49552239,20.0,130.1,48.66,0.06,31.529,25.261,8.359,2.455,,,5.07,1.6149,0.2568,0.332,0.2975,0.4114,0.2178,25.0992,0.1504,5,5,5,5,0,0
4632.0,0.626031746,70.73479363,7686.472583,108.6660777,29.1,381.3,51.43,0.05,94.665,114.0,11.846,,,,4.93,,0.2605,0.4526,0.5367,3.2703,0.0989,46.4162,0.3663,5,4,5,5,0,0
4633.0,0.600022779,351.1836593,77780.25939,221.480292,25.8,968.8,146.37,0.26,260.136,152.093,41.511,,,,4.97,,0.5569,,,,,,0.5098,5,0,0,5,0,0
4636.0,0.66391504,1112.849288,1881.190353,1.690426882,13.1,32.8,50.67,0.67,13.187,24.04,12.947,4.207,,,7.51,0.1447,0.1237,0.0156,0.0969,0.2608,0.2209,1.7723,0.552,5,5,5,5,0,0
4637.0,0.207773852,155.7356791,171.4927193,1.101178101,15.5,14.1,22.62,0.96,23.808,37.754,17.633,7.127,0.98,,2.94,3.6401,0.3188,0.9848,0.3628,2.305,0.2591,51.1613,0.2832,5,5,5,5,0,0
4639.0,0.604368601,1964.924237,42742.66707,21.75283213,22.2,129.5,57.02,1.41,213.325,166.344,54.152,15.522,3.58,,9.32,6.2559,0.1626,0.5929,0.3353,,,164.6641,0.1065,5,5,0,5,1,0
4641.0,0.331575092,25.51204498,44.04545881,1.726457399,13.9,27.9,37.45,0.06,3.335,8.409,1.999,,,,2.92,,-8.3348,0.0114,0.2071,0.0195,0.3425,0.9863,0.118,5,5,5,5,0,0
4642.0,0.746219402,611.2166078,34252.42445,56.03974763,24.4,271.7,53.65,0.29,79.15,53.531,15.078,5.864,0.76,,10.83,2.1104,0.0822,0.9856,0.2163,6.6413,0.061,98.5095,0.1202,5,5,5,5,0,0
4644.0,0.891946188,3193.645325,5365.854275,1.680165995,14.0,27.7,41.95,1.07,25.376,56.252,20.793,10.301,1.28,,10.81,,0.495,0.0094,0.5932,0.0432,1.1142,2.265,0.7192,5,5,5,5,0,0
4645.0,0.469175627,91.87067227,6671.993872,72.62376238,22.7,404.0,62.48,0.11,34.521,17.367,6.76,,,,5.95,2.0855,0.1857,0.8358,0.1562,,,62.8505,0.0704,5,5,0,5,0,0
4646.0,0.341722973,22.29573809,62.57635186,2.806650831,16.2,31.5,32.59,0.05,6.985,7.233,2.938,,,,2.89,,0.9689,0.0221,0.1978,0.0312,0.2778,,0.392,5,5,5,5,0,0
4648.0,0.626993318,3756.789272,14778.19586,3.933730319,16.2,46.6,46.13,2.57,110.616,142.436,63.648,,,,7.82,0.9078,0.1515,0.2483,0.4936,5.3773,0.3422,69.8628,0.0363,5,5,5,5,1,0
4650.0,0.351236749,325.3811322,152.0501405,0.467298578,11.6,12.9,35.1,0.69,3.753,6.75,5.389,,,,4.97,,1.0747,0.1218,0.7688,0.1915,0.5081,,1.2183,5,5,5,5,0,0
4651.0,0.335891648,113.7007129,767.1977539,6.747519294,16.9,68.3,44.34,0.27,15.027,14.672,5.965,2.458,,,4.96,0.2767,0.436,0.1111,0.3402,0.2838,0.2531,9.9544,0.2416,5,5,5,5,0,0
4653.0,0.259469697,268.9749369,645.88455,2.401281538,14.2,37.9,48.96,1.07,36.031,54.753,25.826,14.251,1.84,,2.74,2.3206,0.0323,0.9109,0.0352,1.8941,0.0722,27.7354,0.0472,5,5,5,5,0,0
4654.0,0.163265306,57.99666805,648.3756768,11.17953321,19.1,88.2,50.09,0.57,35.374,33.376,11.366,3.693,0.8,,3.0,0.3604,0.3022,0.1302,0.3458,1.4512,0.2021,20.4394,0.0568,5,5,5,5,1,0
4655.0,0.852909305,260.8448834,2859.35958,10.96191554,19.9,78.9,42.17,0.09,6.686,4.831,1.719,0.734,,,16.84,0.0599,0.1242,0.0182,0.2251,0.1054,0.175,2.5442,0.1427,5,5,5,5,0,0
4657.0,0.612176279,1283.28556,8754.876051,6.822235303,17.1,68.8,48.32,0.92,46.266,50.847,20.567,8.774,1.46,,8.93,0.8127,0.1313,0.2818,0.1792,1.9566,0.0675,28.6147,0.0498,5,5,5,5,0,0
4659.0,0.588204518,524.7775614,13954.44255,26.59115705,18.3,228.2,62.66,0.4,58.331,127.614,27.681,,0.63,,5.96,2.1144,0.1733,0.5458,0.282,6.2157,0.2003,127.6306,0.3079,5,5,5,5,0,0
4660.0,0.358916372,543.3205118,1520.375582,2.798303301,14.8,39.9,45.13,1.13,77.688,126.813,52.221,27.249,3.4,,2.93,1.0495,0.3869,0.1273,0.4993,1.402,0.2458,51.7884,0.4238,5,5,5,5,1,0
4661.0,0.72,561.6,1129.077551,2.010465725,13.5,35.6,43.26,0.29,13.834,20.868,9.694,,,,5.88,0.8674,0.4242,0.1996,0.5423,0.4922,0.283,10.5154,0.249,5,5,5,5,1,0
4662.0,0.237434679,41.69817311,181.8692306,4.361563518,15.2,57.6,43.78,0.2,14.092,12.72,5.918,3.411,,,2.38,0.584,0.1415,0.133,0.2043,0.2216,0.1824,11.9394,0.0601,5,5,5,5,0,0
4664.0,0.4832,665.9098003,193.5484555,0.290652661,10.2,11.7,38.37,0.76,7.317,32.382,17.373,9.774,,,3.02,0.3054,0.2851,0.0688,0.1747,0.1588,0.1069,5.0989,0.182,5,5,5,5,0,0
4668.0,1.316507592,647.2345044,6848.459487,10.58111,17.8,95.8,49.2,0.1,33.949,56.844,7.112,,,,8.86,1.099,0.1194,0.2955,0.2168,0.6325,0.0401,31.3857,0.0781,5,5,5,5,1,0
4669.0,0.422513426,273.2167539,4048.181549,14.81673979,19.7,108.6,47.07,0.41,22.566,21.884,5.807,2.281,,,8.94,0.4238,0.1682,0.1567,0.0763,0.7901,0.0545,14.5132,0.0362,5,5,5,5,0,0
4672.0,0.224545455,142.8818182,1359.681818,9.516129032,15.9,112.8,54.99,0.77,37.695,39.212,19.338,,,,2.86,3.6028,0.3107,1.4178,0.1395,6.2209,0.1142,57.049,0.1343,5,5,5,5,0,0
4673.0,1.518275058,268.6154542,1354.041167,5.040816327,19.3,38.6,32.56,0.03,8.633,11.016,3.616,1.48,,,11.23,,0.6583,0.057,0.2956,0.526,0.1456,,0.6667,5,5,5,5,0,0
4674.0,0.307862319,85.87604757,198.9123674,2.316272966,14.1,36.5,42.35,0.23,11.648,18.059,7.881,3.284,,,2.93,0.2017,0.1412,0.074,0.3051,0.1697,0.1277,5.9765,0.143,5,5,5,5,0,0
4675.0,0.175515734,1115.49768,10576.22814,9.481174485,24.9,55.0,41.78,9.62,719.497,699.916,271.331,86.446,19.94,,2.91,,0.1337,0.1835,0.4317,3.7781,0.5729,191.0635,1.3639,5,5,5,5,0,0
4677.0,0.877854671,2925.388705,224443.8736,76.72275253,27.9,297.9,49.57,1.02,1946.119,2215.541,470.569,188.54,14.95,,5.9,,0.4752,0.4428,1.4183,,,664.5907,2.3207,5,5,0,5,1,0
4679.0,0.944662921,5715.436365,1157992.872,202.6079547,33.3,596.2,102.67,1.71,2737.243,1031.009,454.442,119.29,16.69,,8.85,18.8026,0.1896,,,,,4949.0812,0.0888,5,0,0,5,1,0
4680.0,0.510576271,3553.316504,7120.464212,2.003892477,16.1,24.7,33.81,3.63,66.945,100.41,42.325,,3.73,,8.86,,0.2629,,,,,66.2125,0.8385,5,0,0,5,0,0
4683.0,0.16109589,15.42548321,736.881291,47.77038627,27.2,190.1,46.51,0.16,44.935,24.132,6.727,2.223,,,2.94,1.254,0.2826,0.3352,0.4147,1.2411,0.5112,33.1681,0.4083,5,5,5,5,1,0
4685.0,0.55540724,268.391868,181.7972682,0.677357587,12.3,15.4,32.94,0.23,5.102,9.911,4.947,,,,5.01,,0.4815,0.0162,0.1392,0.0539,0.1952,1.5347,0.1384,5,5,5,5,0,0
4686.0,0.666125908,271.8866148,894.8408585,3.29122807,14.8,46.5,45.0,0.17,21.071,24.579,12.647,4.981,,,4.51,0.4708,0.1789,0.0604,0.2528,0.1913,0.2811,9.2637,0.1518,5,5,5,5,0,0
4687.0,1.167431034,2157.380076,25940.91703,12.02426838,22.1,70.5,36.93,0.42,78.55,51.238,17.034,5.824,1.06,,17.07,0.3908,0.2977,0.2399,0.1901,2.4342,0.0837,53.0941,0.1436,5,5,5,5,1,0
4690.0,0.282036554,295.005348,1028.327834,3.485793872,15.2,46.3,44.65,1.0,19.413,20.99,9.128,5.014,0.63,,4.91,0.2371,0.1107,0.0733,0.2329,0.6375,0.051,12.2943,0.0546,5,5,5,5,0,0
4692.0,0.578642202,128.9473573,1052.936123,8.165627783,17.0,81.7,45.38,0.1,12.954,11.992,4.813,,,,5.84,0.4469,0.2101,0.1245,0.2628,0.2617,0.166,10.1461,0.106,5,5,5,5,0,0
4693.0,0.119189189,729.0472516,2482.509478,3.405142084,25.7,20.3,27.61,13.56,1263.528,401.47,262.429,85.761,,,2.94,23.9263,0.2824,,,,,963.1455,0.0735,5,0,0,5,0,0
4694.0,0.498624339,1945.090197,451656.985,232.20362,28.8,877.1,68.97,2.08,1074.697,678.098,270.83,,10.1,,5.89,20.9869,1.2368,,,,,,0.7019,5,0,0,5,0,0
4695.0,0.981,605.931,1877.198,3.098039216,15.5,0.6,39.29,0.16,9.714,12.234,5.538,1.769,,,10.9,0.244,0.2082,0.0797,0.2477,0.2523,0.1668,5.7406,0.1446,5,5,5,5,1,0
4696.0,0.072115385,3.467085799,114.4138314,33.0,25.0,148.2,45.22,0.18,43.317,21.381,6.704,2.83,,,1.25,0.5429,0.4202,0.2606,0.1209,1.3549,0.0421,30.2711,0.1457,5,5,5,5,0,0
4698.0,0.275188917,316.9710511,1521.000614,4.798547401,16.9,50.1,41.74,1.16,45.286,46.735,20.721,8.232,1.56,,4.37,0.1808,0.1347,0.047,0.1466,0.3327,0.0702,17.5578,0.036,5,5,5,5,1,0
4699.0,0.739079903,378.3675445,606.3880282,1.602642819,13.5,28.6,39.96,0.18,9.746,13.419,6.624,3.63,,,5.87,0.2614,0.2469,0.0833,0.1274,0.1504,0.1139,5.181,0.118,5,5,5,5,1,0
4702.0,0.095238095,4.535147392,15.87301587,3.5,16.1,53.4,42.97,0.13,9.083,7.887,3.436,2.247,,,1.0,0.144,0.3302,0.0554,0.2056,0.1664,0.134,4.9078,0.1359,5,5,5,5,1,0
4703.0,0.796058824,391.8500502,9066.922692,23.13875598,20.8,150.0,50.51,0.16,17.791,13.772,3.972,1.372,,,13.88,0.6054,0.0767,0.212,0.1702,0.6253,0.064,13.0892,0.0774,5,5,5,5,0,0
4705.0,0.725384615,288.0135437,3289.499277,11.42133538,19.3,86.6,43.82,0.15,63.586,56.505,17.085,7.169,,,5.33,2.1548,0.1214,0.5286,0.0791,1.3474,0.0779,51.4091,0.0656,5,5,5,5,0,0
4706.0,0.458903592,315.6499927,1534.436216,4.861195159,16.8,50.8,41.13,0.4,25.875,29.796,11.476,4.797,0.83,,5.78,0.289,0.1663,0.0933,0.1138,0.3124,0.0935,11.1376,0.0136,5,5,5,5,0,0
4708.0,0.359268739,68.55661962,686.7944093,10.01791531,17.1,100.1,49.68,0.14,7.456,5.275,3.18,,,,5.78,0.2553,0.3786,0.0734,0.4693,0.0952,0.3673,6.1837,0.0787,5,5,5,5,0,0
4710.0,0.484145078,279.5666067,4084.134435,14.6088064,19.7,106.8,47.39,0.32,53.989,45.688,14.763,5.907,0.72,,5.84,1.4106,0.2045,0.439,0.1948,1.5766,0.1582,46.8954,0.0905,5,5,5,5,1,0
4711.0,0.298322581,178.8866609,2051.45696,11.46791465,16.9,118.0,58.24,0.53,59.425,69.188,24.41,10.241,1.65,,2.89,3.6248,0.1618,1.1255,0.1772,,,70.8121,0.0956,5,5,0,5,0,0
4713.0,0.302743363,80.88067542,350.1182203,4.328824142,14.6,61.7,52.01,0.23,12.333,20.584,7.178,2.988,,,3.11,0.7999,0.1246,0.277,0.0643,1.3737,0.0283,11.9342,0.0531,5,5,5,5,0,0
4714.0,0.2312,18.37462,231.35317,12.59090909,19.7,1.8,44.53,0.1,15.558,13.192,3.673,1.64,,,2.89,0.3862,0.1559,0.1503,0.0993,0.267,0.1336,8.0541,0.1413,5,5,5,5,1,0
4715.0,0.447410926,28.22558437,434.2930405,15.38650307,21.6,92.5,41.15,0.04,9.516,5.827,1.646,,,,5.54,0.2028,0.1516,0.0555,0.1294,0.0966,0.2383,3.8114,0.1224,5,5,5,5,0,0
4716.0,0.422906574,124.9110906,905.1998515,7.246753247,17.9,65.2,44.56,0.19,15.226,16.729,5.59,2.028,,,5.82,0.2272,0.4575,0.0622,0.5213,0.3533,0.0944,4.8355,0.3325,5,5,5,5,1,0
4720.0,1.63409205,1176.384364,44053.45876,37.44818454,19.7,273.2,51.31,0.12,53.617,45.262,13.815,6.185,,,11.98,3.0241,1.102,0.636,0.2038,5.4223,0.0645,,0.2737,5,5,5,5,0,0
4722.0,0.744430693,474.474081,14692.04657,30.96490864,21.1,198.1,50.69,0.23,31.926,25.14,7.174,1.353,,,12.03,0.6509,0.0843,0.1543,0.1662,0.7577,0.1021,29.2488,0.0819,5,5,5,5,0,0
4723.0,1.102450331,1926.486028,88227.00523,45.79685705,24.9,213.9,53.93,0.42,293.561,147.065,50.925,19.421,2.83,,10.74,5.0166,0.0983,2.2009,0.1852,,,279.8209,0.0966,5,5,0,5,1,0
4724.0,0.726978477,567.0763523,6891.19752,12.1521511,18.1,105.2,55.66,0.28,18.567,18.744,5.599,2.448,,,12.03,0.4854,0.1242,0.1338,0.1733,0.9401,0.088,16.1885,0.0781,5,5,5,5,0,0
4725.0,0.590447154,1254.78133,1115.330193,0.888864192,13.4,16.3,30.67,0.96,26.125,44.738,24.454,11.649,1.77,,5.81,0.1356,0.3015,0.0511,0.1189,0.1367,0.237,4.8746,0.0287,5,5,5,5,1,0
4727.0,0.21452732,24.21806698,178.8264104,7.384008417,16.6,77.8,46.4,0.14,8.64,8.593,2.85,1.761,,,2.91,0.2172,0.4854,0.0829,0.545,0.1841,0.5031,3.3086,0.5323,5,5,5,5,1,0
4729.0,0.546929825,129.4698369,4672.296091,36.08791209,22.6,200.2,50.25,0.12,21.544,16.313,4.413,1.237,,,8.6,0.4987,0.0793,0.2498,0.155,1.2302,0.0451,19.2579,0.0642,5,5,5,5,0,0
4730.0,0.184026258,16.02679448,76.59035954,4.778894472,15.6,57.6,45.77,0.12,4.097,5.408,2.0,0.82,,,2.9,0.1161,0.0363,0.035,0.3164,,,2.1818,0.2167,5,5,0,5,0,0
4732.0,0.459599555,323.2095511,1944.648096,6.016678931,17.1,60.3,44.99,0.41,33.179,29.554,11.602,6.766,,,5.66,0.7504,0.4143,0.0862,0.8188,0.2778,0.5194,23.6333,0.3095,5,5,5,5,1,0
4734.0,0.623692992,3640.303625,88506.62765,24.31297957,22.6,143.3,65.61,2.49,360.434,352.049,107.741,38.25,5.56,,8.9,7.5733,0.3305,0.9015,0.4467,,,,0.1645,5,5,0,5,1,0
4735.0,1.374814815,736.4701109,5935.927878,8.059971193,16.1,91.5,62.4,0.1,22.232,16.359,14.633,2.994,,,9.28,,0.7432,0.2876,0.3871,3.2283,0.2475,,0.294,5,5,5,5,0,0
4736.0,0.210342246,317.8870029,3195.159774,10.05124382,20.5,71.0,43.21,1.9,242.116,244.477,82.013,27.672,3.66,,2.77,0.9357,0.1086,0.2455,0.2302,4.4984,0.046,138.9418,0.0676,5,5,5,5,1,0
4738.0,0.585393258,352.965825,188.4768969,0.533980583,11.1,16.0,40.05,0.27,3.161,10.11,4.395,2.653,,,5.21,0.1627,0.0546,0.0324,0.5248,0.0477,0.1468,2.0162,0.1053,5,5,5,5,1,0
4740.0,0.194576271,45.69811297,803.4881805,17.58252427,19.0,139.0,51.69,0.32,31.144,29.325,9.354,3.448,,,2.87,0.6592,0.05,0.2443,0.1239,2.6164,0.0289,29.5463,0.0609,5,5,5,5,0,0
4741.0,0.333134328,31.87311205,624.8746714,19.60507246,20.9,127.4,46.37,0.08,35.279,24.138,7.384,,,,2.88,1.5891,0.1682,0.5098,0.2175,1.3161,0.1017,29.7423,0.1871,5,5,5,5,0,0
4742.0,0.495873016,394.3639456,7905.822273,20.04702093,20.3,138.3,49.53,0.42,121.578,79.614,32.902,11.166,1.96,,4.97,4.653,0.1565,1.8045,0.0613,4.9095,0.0436,107.816,0.0433,5,5,5,5,0,0
4743.0,0.505911824,112.2373998,266.0582508,2.370495495,15.8,28.1,33.26,0.12,7.374,9.528,3.714,1.529,,,5.61,0.0647,0.4572,0.0336,0.2764,0.0605,0.3123,1.6615,0.169,5,5,5,5,1,0
4745.0,0.214045455,201.4928905,17658.60864,87.63886703,29.6,308.1,60.6,1.17,184.127,120.515,26.349,7.702,1.8,,5.54,4.0569,0.1208,0.7193,0.3437,,,182.6132,0.0812,5,5,0,5,1,0
4746.0,0.449884527,268.9338009,2544.877802,9.462841016,18.4,80.0,45.66,0.35,55.754,41.191,17.245,10.677,,,4.87,1.8849,0.2593,0.6271,0.1998,1.8662,0.1456,52.3437,0.2858,5,5,5,5,0,0
4747.0,0.231864407,110.417264,167.782297,1.519529564,12.9,30.9,44.03,0.55,7.672,14.003,6.99,3.546,,,2.88,0.155,0.2872,0.0505,0.2026,0.1361,0.1129,5.5542,0.0492,5,5,5,5,0,0
4748.0,1.928195122,11023.19134,1107358.125,100.4571263,26.2,431.8,72.14,0.79,2177.594,2970.27,425.16,176.611,17.8,,9.76,24.4517,0.1666,,,,,,0.0258,5,0,0,5,1,0
4749.0,0.10351585,27.6073756,594.6375699,21.53908356,24.1,107.4,41.08,0.67,5.133,4.983,0.688,,,,8.98,0.0871,0.0713,0.0114,0.2562,0.0314,0.19,1.3546,0.0878,5,5,5,5,0,0
4752.0,0.688265193,1567.419407,8007.566702,5.10875817,16.8,54.0,47.08,0.88,51.578,63.139,23.157,9.362,1.5,,9.16,0.462,0.195,0.1466,0.1584,1.3842,0.0679,20.1803,0.106,5,5,5,5,0,0
4753.0,0.440206897,2325.003128,74816.45772,32.17907831,26.4,144.2,47.79,3.15,1226.324,1215.551,408.296,146.089,14.81,,4.91,2.9383,0.2853,0.7858,0.3612,,,1089.1303,0.1367,5,5,0,5,1,0
4754.0,0.658127854,3844.370802,22968.24216,5.974512693,14.8,88.5,60.95,2.32,162.655,489.114,114.961,,,,4.97,12.4324,0.1409,,,,,383.0486,0.2853,5,0,0,5,0,0
4756.0,0.701235431,2252.608367,50557.49661,22.44397977,19.7,168.8,58.22,1.21,170.724,91.492,52.54,22.902,,,8.98,2.1081,0.9745,1.0776,0.9777,,,151.1882,0.1257,5,5,0,5,0,0
4759.0,0.388758422,1866.993526,52047.9481,27.87794782,28.2,111.9,43.11,3.24,394.378,302.709,78.526,24.733,5.7,,9.18,0.0007,276.4682,0.0043,10.9134,,0.957,,0.1604,5,5,5,5,1,0
4760.0,0.903499434,1706.607062,534.6088983,0.313258342,12.3,7.2,18.63,0.56,6.875,19.477,10.562,4.749,,,9.17,0.4078,0.2077,0.0852,0.1496,0.2943,0.102,11.5735,0.178,5,5,5,5,0,0
4761.0,1.254066438,3831.699463,343910.5193,89.75404324,21.8,544.6,57.36,0.64,395.361,284.756,114.016,35.475,5.1,,9.2,9.4914,0.2807,,,,,446.1138,0.1216,5,0,0,5,0,0
4763.0,0.319316239,430.2553916,17265.08045,40.12751678,23.3,216.0,68.13,1.16,225.379,168.047,53.121,17.795,3.48,,4.67,11.5005,0.1735,2.7734,0.354,,,334.0007,0.1961,5,5,0,5,1,0
4766.0,0.2725,1047.54777,18545.64695,17.70386753,23.8,97.6,44.23,3.71,309.122,306.236,89.071,30.868,5.11,,5.45,,0.776,0.0082,0.3552,0.2032,0.1334,2.3306,0.3568,5,5,5,5,0,0
4767.0,0.45223847,437.358858,25563.11782,58.44883978,24.5,282.6,54.78,0.57,88.368,49.697,16.931,6.409,,,8.74,2.9642,0.0564,0.8192,0.0373,8.1981,0.0124,93.7512,0.0152,5,5,5,5,1,0
4769.0,0.38839548,481.4231069,10396.7116,21.59578851,23.1,117.4,43.3,0.84,67.407,61.825,14.701,4.88,1.02,,9.29,0.9266,0.3049,0.1779,0.3307,0.5441,0.5263,50.0671,0.1963,5,5,5,5,1,0
4771.0,0.909442105,649.312841,3655.851239,5.630338733,17.0,57.1,40.94,0.21,25.463,23.625,10.034,3.806,,,9.29,,2.6595,0.0153,1.5891,0.0664,0.8276,1.5799,1.3075,5,5,5,5,0,0
4772.0,1.316077098,350.8361655,4774.572009,13.60912152,17.0,137.5,54.74,0.05,15.516,9.574,6.671,,,,9.14,,0.6429,0.0402,0.223,1.4509,0.0737,,0.3754,5,5,5,5,0,0
4773.0,1.471683849,3639.523665,76405.84172,20.99336308,16.0,244.9,58.35,0.45,82.166,206.787,53.782,,3.38,,8.74,7.8779,0.2057,3.3283,0.2376,,,314.1485,0.2413,5,5,0,5,1,0
4775.0,0.517882038,151.5236996,6122.747313,40.40785256,22.6,223.3,50.33,0.15,110.633,73.577,22.579,7.621,,,4.11,4.4691,0.25,1.3991,0.1963,6.4275,0.0874,108.668,0.111,5,5,5,5,1,0
4776.0,0.578650628,414.7071589,1261.5228,3.041960508,14.8,42.6,42.25,0.33,22.85,26.016,12.32,5.85,,,5.17,0.6746,0.1136,0.2358,0.2549,0.3116,0.2615,,0.0647,5,5,5,5,1,0
4777.0,0.404195402,596.0731424,1342.179616,2.251702887,14.2,35.8,42.72,0.97,21.274,36.206,14.95,7.283,1.32,,5.41,0.2294,0.1146,0.0625,0.2364,0.4389,0.1159,12.4641,0.0737,5,5,5,5,0,0
4778.0,0.884516129,561.3296431,2636.752443,4.697333333,17.1,46.8,39.6,0.19,10.365,10.301,4.039,1.5,,,13.71,0.1587,0.3766,0.0493,0.0731,0.109,0.2009,3.2849,0.0329,5,5,5,5,1,0
4780.0,0.531433418,48.1696019,435.772668,9.046632124,18.2,77.1,43.61,0.05,4.612,4.116,1.434,0.52,,,7.04,0.1408,0.5706,0.0253,0.0238,0.0622,0.0636,1.7851,0.1051,5,5,5,5,1,0
4783.0,0.143175258,51.46359783,95.71065661,1.859773911,14.1,29.7,45.65,0.66,34.906,54.739,24.147,13.86,1.85,,1.24,0.3558,0.4075,,0.4956,,1.3174,4.0487,0.4309,5,5,5,5,0,0
4784.0,0.255852713,190.1946292,2512.623257,13.21080026,17.0,135.4,50.06,0.79,69.442,91.099,31.492,11.156,2.17,,2.87,0.6726,0.3483,0.5462,0.14,3.0674,0.2483,66.758,0.1082,5,5,5,5,1,0
4785.0,0.604598698,266.8547127,1472.837941,5.519250253,16.7,57.5,42.36,0.2,28.99,25.004,11.699,5.109,,,5.36,0.4335,0.2262,0.1168,0.2304,0.2337,0.1222,11.011,0.1479,5,5,5,5,1,0
4786.0,0.3654,198.91332,858.3246,4.315068493,16.7,0.9,42.2,0.42,18.732,24.389,8.872,3.867,,,5.22,0.2722,0.4816,0.0353,0.7172,0.0454,2.3217,3.5349,0.6102,5,5,5,5,1,0
4787.0,0.55049676,251.2235958,899.0121869,3.578534031,14.0,57.0,46.36,0.22,10.344,7.438,7.155,,,,5.31,1.5386,0.1215,0.5113,0.3823,0.7062,0.5135,20.6551,0.4784,5,5,5,5,1,0
4789.0,0.603557047,197.463365,728.1289251,3.687412727,16.7,39.0,36.34,0.15,21.769,18.571,9.021,3.126,,,5.29,0.1269,2.6548,0.0935,0.1098,0.2088,0.1203,5.2023,0.0838,5,5,5,5,1,0
4791.0,0.348451243,824.9300016,21746.05392,26.36108989,23.0,147.7,52.06,1.84,282.624,257.796,73.096,23.244,4.37,,5.36,2.0254,0.0736,0.9699,0.1175,,,263.9241,0.0394,5,5,0,5,1,0
4792.0,1.005617978,209.2312492,656.1103649,3.135814403,16.4,34.0,34.38,0.06,20.486,23.417,5.762,,,,5.37,0.3457,0.2454,0.1494,0.165,0.1833,0.1494,5.3738,0.2002,5,5,5,5,0,0
4793.0,0.510873984,4050.167975,376320.1629,92.91470507,32.0,309.9,61.14,4.15,1189.75,727.97,209.49,57.169,10.9,,9.14,11.555,0.0815,,,,,1467.2059,0.0326,5,0,0,5,1,0
4797.0,0.350302041,67.9912799,431.057308,6.339891066,15.6,76.8,47.14,0.15,16.906,20.53,7.907,2.742,,,2.88,0.512,0.4021,0.2042,0.2359,0.505,0.1065,17.5705,0.1283,5,5,5,5,1,0
4798.0,0.41819407,269.0878081,1644.055805,6.109737249,15.5,76.3,58.97,0.41,18.501,26.433,8.91,4.162,,,5.35,,1.0038,0.0081,0.4781,,1.047,0.8311,0.4547,5,5,5,5,0,0
4799.0,0.771965443,864.3873242,933.1052246,1.079498968,12.0,26.4,44.36,0.39,12.169,27.381,15.568,8.396,0.88,,5.18,0.4111,0.2229,0.1434,0.2357,0.2443,0.193,11.2439,0.065,5,5,5,5,0,0
4801.0,0.862875817,1492.540073,2407.663217,1.613131373,13.3,29.8,48.9,0.54,15.54,21.154,12.013,,,,8.61,0.2289,0.1078,0.09,0.268,0.4779,0.1336,9.6078,0.1638,5,5,5,5,0,0
4802.0,0.91368,562.7133504,4289.791752,7.62340497,18.3,65.1,42.67,0.18,28.876,23.247,9.764,4.013,0.4,,9.72,0.3523,0.5621,0.0592,0.9404,0.1607,0.8271,10.0995,0.0919,5,5,5,5,0,0
4803.0,0.365194805,223.5102041,647.255996,2.895867769,14.9,40.3,41.43,0.44,35.719,66.514,22.47,9.802,1.55,,2.96,0.9161,0.37,0.4234,0.3234,1.2974,0.2338,60.7312,0.2353,5,5,5,5,0,0
4804.0,0.274410876,62.76416699,134.3043473,2.139825218,14.2,33.5,43.55,0.23,8.653,10.898,5.653,3.211,,,2.93,0.0952,0.1569,0.0323,0.1823,0.126,0.1249,3.7591,0.1065,5,5,5,5,0,0
4806.0,0.158888889,17.29329012,161.5092315,9.339416058,18.5,78.1,46.62,0.18,10.957,10.604,3.08,,,,2.86,0.142,0.3802,0.0334,0.3771,0.1718,0.1619,5.8848,0.058,5,5,5,5,1,0
4808.0,0.02714653,0.647820197,13.47581895,20.80178886,18.4,175.5,53.44,0.23,43.005,42.46,15.29,5.596,0.65,,0.24,2.4949,0.1124,0.911,0.2496,4.054,0.0823,64.5006,0.2331,5,5,5,5,1,0
4810.0,0.338674464,126.4085641,2770.074013,21.91365777,19.9,156.0,54.52,0.29,35.7,31.071,9.011,2.568,,,5.11,0.9702,0.1406,0.2974,0.1316,4.1436,0.0328,44.3633,0.0449,5,5,5,5,0,0
4811.0,0.408795812,1296.276001,7085.536339,5.466070754,19.5,42.7,37.09,2.03,243.951,295.523,108.299,33.782,5.44,,4.88,,0.2122,0.072,0.2552,3.1994,0.1323,20.9516,0.2896,5,4,5,5,0,0
4812.0,0.901511858,222.7965922,2163.128449,9.708983551,17.8,87.9,44.44,0.07,10.142,8.572,2.929,,,,9.81,0.3243,0.2676,0.1191,0.1439,0.1424,0.1486,7.0017,0.0813,5,5,5,5,0,0
4813.0,0.967629428,1127.461955,12262.25498,10.87598116,17.8,99.4,47.51,0.33,19.128,19.233,6.75,2.338,0.75,,15.44,0.2238,0.095,0.0826,0.2574,0.3853,0.0954,16.9699,0.0526,5,5,5,5,0,0
4814.0,0.475068493,62.865228,1474.013886,23.44720497,20.2,161.5,49.17,0.08,19.58,14.561,5.088,,,,5.1,0.4266,0.4478,0.1766,0.2594,0.4391,0.1485,19.8124,0.1208,5,5,5,5,1,0
4815.0,0.251052632,31.51371191,252.1096953,8.0,17.8,89.4,59.33,0.11,4.794,5.533,1.683,0.599,,,4.77,0.2806,0.1933,0.2304,0.1724,,,2.0408,0.1876,5,5,0,5,0,0
4816.0,0.247966102,354.0623025,3422.247415,9.665664462,20.8,65.3,40.4,1.56,49.235,53.955,14.835,5.064,1.19,,6.93,0.2153,0.3308,0.0616,0.6563,0.2587,0.7674,12.2868,0.8417,5,5,5,5,1,0
4817.0,0.593436893,386.7669533,690.4746159,1.785247188,13.6,30.8,40.99,0.29,13.933,17.909,9.875,,,,5.18,0.4097,0.0892,0.14,0.167,0.306,0.0815,6.0035,0.1412,5,5,5,5,0,0
4820.0,0.26544,152.1006592,811.7893376,5.337184874,15.6,65.8,49.83,0.57,13.161,14.626,5.106,2.277,,,4.74,0.4074,0.119,0.1316,0.1505,0.9975,0.0577,12.4971,0.1119,5,5,5,5,0,0
4823.0,0.32884097,2161.516548,25824.87165,11.94757064,21.2,84.6,56.38,5.16,423.107,485.652,167.34,73.925,11.28,,4.88,3.0718,0.185,0.4571,0.5618,,,246.335,0.1618,5,5,0,5,0,0
4824.0,0.217399464,2537.458017,7785.070342,3.068058778,25.1,19.1,27.05,13.64,2530.43,406.768,522.875,169.767,,,4.77,,0.1893,0.0352,0.5984,,,597.0619,2.4579,5,5,0,5,0,0
4826.0,0.394073107,261.4772812,357.5530803,1.367434596,12.6,29.2,41.92,0.44,9.031,21.212,6.467,,,,3.87,0.8965,0.3584,0.2137,0.2385,2.3608,0.1175,15.3375,0.0688,5,5,5,5,0,0
4829.0,0.288033898,126.0729928,812.7663442,6.446791862,16.5,70.1,45.27,0.4,39.495,41.606,16.626,7.48,1.33,,2.93,0.7923,0.1651,0.2662,0.1318,0.9454,0.0519,35.1308,0.0867,5,5,5,5,1,0
4830.0,0.617921811,1456.56006,12156.72075,8.346185707,15.5,106.9,49.88,1.01,96.261,123.69,59.026,20.014,,,5.09,1.8406,0.3105,0.543,0.2347,3.9919,0.0901,101.6,0.0834,5,5,5,5,1,0
4831.0,0.352515337,1080.134473,9947.492405,9.209494427,20.0,68.5,43.71,2.34,207.107,203.602,78.213,31.599,3.92,,5.07,1.0396,0.195,0.2455,0.1872,4.638,0.048,102.2655,0.0381,5,5,5,5,1,0
4833.0,0.841149013,8190.843372,3492.783425,0.426425371,11.4,12.8,37.74,3.07,18.15,42.904,32.341,,,,9.01,0.3638,0.2811,0.0777,0.1615,0.2402,0.0656,8.4425,0.1124,5,5,5,5,0,0
4834.0,0.383988439,82.88447659,1293.288658,15.60350877,17.4,149.3,56.68,0.15,12.395,10.403,3.801,,,,5.11,0.6715,0.0492,0.153,0.1653,1.7071,0.1328,15.1883,0.1,5,5,5,5,0,0
4837.0,0.345772059,13.50383191,269.3081274,19.94308943,21.3,123.8,46.18,0.03,15.703,11.93,2.934,,,,2.85,0.6693,0.3751,0.2545,0.2046,0.258,0.2125,8.4543,0.1972,5,5,5,5,1,0
4839.0,0.42309795,217.9786676,914.9350553,4.197360528,14.0,67.2,48.21,0.33,9.827,10.578,6.378,3.32,,,5.02,0.4135,0.2608,0.1125,0.2477,0.264,0.1304,10.0371,0.1405,5,5,5,5,0,0
4840.0,0.510067873,496.5699233,302.8241421,0.609831824,11.9,15.6,36.24,0.51,6.92,13.274,6.787,4.691,,,5.01,0.1161,0.5979,0.0214,0.4458,0.0524,0.3494,1.8033,0.1253,5,5,5,5,0,0
4841.0,0.449485714,75.33436408,2432.660238,32.29150824,19.4,243.9,49.49,0.1,20.459,10.222,6.529,,,,5.13,0.6118,0.2886,0.189,0.8004,0.2887,0.341,12.0835,0.3103,5,5,5,5,1,0
4842.0,0.40139313,348.782119,3919.988976,11.23907667,16.4,123.7,61.36,0.57,33.374,45.364,13.543,7.395,,,5.13,0.8276,0.2498,0.3649,0.2006,5.2553,0.1083,32.3104,0.083,5,5,5,5,1,0
4844.0,0.319078947,298.103705,7741.085336,25.96775956,19.1,205.6,52.94,0.77,67.55,68.752,19.126,7.85,1.4,,4.85,2.1696,0.0807,0.7401,0.1622,,,83.0897,0.0157,5,5,0,5,0,0
4845.0,0.484064838,2435.790789,33515.00894,13.75939555,17.3,141.7,51.8,2.82,275.478,348.725,192.051,70.157,,,4.13,10.9361,0.2005,2.4965,0.2648,,,376.7842,0.1886,5,5,0,5,0,0
4846.0,0.276,2578.071704,57309.744,22.22969358,31.3,85.9,43.32,8.99,1056.158,1022.514,356.461,133.59,20.4,,5.06,3.2752,0.0483,1.5128,0.2454,,,701.8597,0.5947,5,5,0,5,1,0
4848.0,0.135660848,68.49688746,611.3879192,8.925776658,23.5,46.9,27.39,0.97,418.361,322.995,95.418,40.371,5.19,,1.36,2.7208,0.459,,,,,61.0791,0.3861,5,0,0,5,0,0
4849.0,0.428824885,403.7806356,8398.261111,20.79906853,19.6,155.9,55.92,0.6,99.048,75.159,30.037,10.059,2.24,,5.03,1.4692,0.2301,0.6856,0.0877,5.3509,0.1136,78.4477,0.0201,5,5,5,5,0,0
4850.0,0.667369727,2741.93572,9020.869871,3.289964023,17.3,32.9,34.1,1.61,292.88,318.603,213.181,71.626,9.31,,4.89,,0.6618,,,,,,0.7331,5,0,0,5,0,0
4851.0,0.218231917,16.58571683,136.6216991,8.237310481,17.6,77.1,44.72,0.09,8.121,6.995,2.375,1.057,,,2.88,0.2556,0.3468,0.0971,0.0876,0.1386,0.0975,4.0981,0.0617,5,5,5,5,0,0
4857.0,0.423678756,521.5855452,5897.534685,11.30693659,16.4,125.0,49.95,0.76,57.938,49.279,26.929,11.661,,,4.81,1.5706,0.7218,0.4333,0.4011,2.6451,0.2115,37.2383,0.306,5,5,5,5,1,0
4858.0,0.371323529,301.0874387,3308.360032,10.98803738,20.5,74.8,39.53,0.59,87.342,62.951,23.919,6.647,1.35,,5.05,3.1268,0.2537,,,,,92.7326,0.1427,5,0,0,5,1,0
4859.0,0.675574468,629.0029516,12371.00467,19.66764168,16.7,208.2,61.64,0.36,73.009,66.68,29.745,,,,5.04,2.7245,0.3045,0.9958,0.2914,7.5963,0.475,79.9968,0.1677,5,5,5,5,0,0
4860.0,0.512767624,234.3070155,31542.7608,134.6214953,30.2,444.2,62.72,0.23,474.983,142.701,48.117,14.679,2.16,,4.79,9.3912,0.2383,,,,,253.198,0.1746,5,0,0,5,0,0
4861.0,0.380068966,255.8757717,1286.541788,5.027993779,19.9,36.2,24.05,0.47,75.437,49.878,18.867,8.059,,,5.01,0.7734,0.51,0.1669,0.3658,0.4622,0.2887,30.9201,0.1475,5,5,5,5,1,0
4864.0,0.532380952,1432.629478,34666.99683,24.19815964,23.3,130.8,52.79,1.32,676.684,607.533,193.908,74.883,8.19,,4.68,8.3216,0.0973,1.8428,0.22,,,531.1077,0.0808,5,5,0,5,1,0
4865.0,0.492424581,637.4430306,5426.461898,8.512857836,17.8,78.4,44.6,0.7,39.783,36.365,13.805,5.778,,,7.87,0.6131,0.1031,0.1949,0.2066,0.6765,0.1994,26.2441,0.1149,5,5,5,5,1,0
4866.0,0.40035,108.4247888,248.6005706,2.292838875,15.5,29.1,37.45,0.18,9.879,10.784,4.046,2.573,,,4.71,0.1466,0.2089,0.0506,0.1327,0.1168,0.1787,3.2091,0.1107,5,5,5,5,1,0
4868.0,0.136348195,12.06864556,193.8312611,16.06073027,17.2,155.5,50.46,0.17,33.897,34.406,13.732,5.077,,,1.14,0.9924,0.6087,0.6189,0.4612,2.8952,0.2859,,0.3895,5,5,5,5,0,0
4869.0,0.391741935,272.8861256,3584.688867,13.13620786,18.9,105.4,46.66,0.48,55.788,47.045,17.352,6.837,1.38,,5.06,1.5546,0.2089,0.469,0.1989,1.7792,0.0665,41.6636,0.0998,5,5,5,5,1,0
4871.0,0.892023555,2198.969961,33624.9054,15.29120725,19.1,121.0,50.94,0.73,97.819,119.695,46.709,17.861,2.84,,8.77,2.828,0.5258,1.3045,0.2777,6.9782,0.141,145.8816,0.3079,5,5,5,5,1,0
4872.0,0.373392857,198.439477,111.6080605,0.562428717,11.6,15.2,39.15,0.38,7.37,13.11,10.098,5.193,,,2.87,0.1889,0.0613,0.0758,0.3059,0.1347,0.2514,2.2475,0.2992,5,5,5,5,0,0
4874.0,0.303061224,27.94928025,116.950708,4.184390689,15.4,53.2,46.5,0.08,6.503,5.818,3.389,,,,2.97,0.1037,0.1023,0.0459,0.3502,0.1349,0.2456,2.4405,0.3227,5,5,5,5,0,0
4875.0,0.35010582,1858.274709,82975.16106,44.6517195,27.8,187.6,52.76,4.11,1026.857,925.301,282.416,103.164,12.44,,5.09,3.649,0.179,,,,,940.1287,0.0873,5,0,0,5,1,0
4877.0,0.339661017,337.9968939,25279.57635,74.79233333,24.7,357.4,59.58,0.79,213.453,150.347,39.487,14.351,2.06,,5.01,6.0615,0.1033,1.4701,0.2917,,,310.9749,0.0883,5,5,0,5,1,0
4879.0,0.203069307,32.16684203,770.2275518,23.94476744,22.3,135.8,46.31,0.2,46.344,23.337,9.949,5.388,,,2.93,1.4254,0.2131,0.36,0.163,0.8736,0.0891,26.4001,0.1518,5,5,5,5,0,0
4880.0,0.256153846,284.7808021,66.15483235,0.232300885,11.8,6.0,17.56,1.19,8.394,31.264,13.653,6.872,1.14,,2.96,0.6149,0.105,0.1652,0.2411,0.4515,0.1116,10.7685,0.1723,5,5,5,5,0,0
4883.0,0.357079365,48.7417808,971.4802036,19.93115942,19.5,148.2,49.29,0.1,35.81,42.662,10.824,,0.37,,2.96,3.8787,0.3277,1.1711,0.4128,2.3552,0.2216,48.0759,0.2853,5,5,5,5,0,0
4884.0,0.316416382,167.5504292,535.1408753,3.193909306,15.3,41.5,42.85,0.45,31.602,56.365,17.587,6.319,,,2.92,1.0065,0.3488,0.2749,0.4272,0.575,0.5397,15.2996,0.1434,5,5,5,5,1,0
4885.0,0.224810127,544.3535331,786.2591892,1.444390716,14.3,23.3,38.92,2.83,52.689,79.996,50.778,19.488,,,2.96,0.185,1.0597,0.0426,0.2169,,0.1087,12.4044,0.086,5,5,5,5,0,0
4887.0,0.537118056,205.3206036,4513.694749,21.98364251,23.1,117.9,51.24,0.19,116.924,76.176,24.429,6.439,0.8,,4.99,1.3089,0.2042,0.3083,0.1297,1.4464,0.0992,45.976,0.0778,5,5,5,5,0,0
4888.0,0.282802548,64.07068847,1530.854022,23.89320388,20.3,164.4,62.09,0.22,60.543,34.667,19.231,,,,2.96,1.8232,0.1376,0.4905,0.118,2.9656,0.1575,,0.1341,5,5,5,5,0,0
4890.0,0.276492537,87.19157245,752.0414485,8.625162127,17.5,81.2,44.26,0.3,40.297,37.488,14.604,6.428,1.26,,2.85,0.5753,0.3669,0.2191,0.2254,0.4676,0.2282,24.1521,0.1129,5,5,5,5,1,0
4891.0,0.119566787,7.445946122,54.80216346,7.36,17.9,65.1,48.43,0.15,4.441,5.546,1.471,,,,2.76,,0.1849,0.0242,0.1773,0.064,0.1074,1.0862,0.2558,5,5,5,5,0,0
4892.0,0.379236641,154.7557368,1454.184348,9.396642592,17.4,90.7,52.32,0.28,23.91,18.48,7.949,4.098,,,5.04,0.9783,0.3605,0.2902,0.2519,1.1872,0.3166,32.9365,0.1425,5,5,5,5,1,0
4893.0,0.299666667,124.5028889,3118.445,25.04716981,19.4,189.1,65.68,0.37,98.036,89.709,34.047,10.719,1.37,,2.79,10.3479,0.6151,1.7033,1.0813,,,168.9105,0.4156,5,5,0,5,1,0
4894.0,0.458237179,92.63147087,2400.428466,25.91374663,21.5,157.9,50.66,0.12,37.564,23.897,6.782,,,,4.93,3.499,0.2044,1.2399,0.4316,4.8824,0.1636,129.9487,0.2581,5,5,5,5,0,0
4895.0,1.117332746,10053.97003,1919112.114,190.8810259,23.0,1078.1,140.25,2.16,932.313,588.953,223.084,67.132,13.28,,10.49,21.4096,0.2985,,,,,,0.1708,5,0,0,5,0,0
4897.0,0.74690203,602.9960864,2828.390146,4.690561365,16.1,53.5,43.42,0.29,14.147,17.912,6.171,2.336,0.4,,10.32,0.1911,0.2753,0.0606,0.2212,0.24,0.1454,6.8331,0.1152,5,5,5,5,1,0
4900.0,0.548090615,814.6788073,886.2969596,1.087909679,11.8,28.4,46.51,0.72,31.789,37.349,42.11,,,,2.92,1.3921,0.2666,0.4757,0.3437,1.3503,0.1222,31.5052,0.1838,5,5,5,5,0,0
4902.0,0.391377778,125.9874449,4071.654637,32.31793961,21.3,200.9,51.85,0.22,56.017,34.372,9.241,4.623,0.95,,4.76,4.0703,0.0755,1.1815,0.135,1.934,0.0918,74.3564,0.127,5,5,5,5,1,0
4904.0,1.16392638,4274.28161,8046.813361,1.882611886,16.1,21.9,25.41,0.84,89.612,79.827,42.507,19.092,3.2,,10.54,,0.436,0.3294,0.5078,0.7062,0.1881,16.5285,0.404,5,5,5,5,0,0
4906.0,0.201764706,816.2107651,12882.68966,15.78353314,22.4,101.8,58.38,5.45,528.431,649.753,200.969,69.571,12.88,,2.94,2.5286,2.2147,0.5262,0.6888,,,183.9289,1.0017,5,5,0,5,0,0
4910.0,0.793603604,1289.37738,3853.84541,2.988919668,16.3,33.5,45.78,0.53,19.974,24.26,11.835,,,,11.49,4.2311,0.5091,3.1853,0.3311,25.4994,0.4258,83.8799,0.6179,5,5,5,5,1,0
4911.0,0.66424,590.5105152,4960.955571,8.401129944,17.5,79.1,58.01,0.36,42.693,40.253,15.709,6.579,0.91,,7.22,2.106,0.5983,0.782,0.7229,2.1209,0.2979,40.4776,0.5706,5,5,5,5,1,0
4913.0,0.47,799.5,2119.7,2.651282051,11.9,103.0,58.02,0.98,11.357,66.424,28.953,16.771,1.78,,3.8,7.5702,0.2416,2.5905,0.298,4.6843,0.2015,116.4005,0.3333,5,5,5,5,1,0
4914.0,0.149333333,134.3253333,7074.641778,52.66796368,23.1,292.5,51.12,1.64,164.275,145.973,34.723,11.854,2.58,,2.94,1.2722,0.236,0.2487,0.2197,0.9536,0.1426,18.6119,0.3315,5,5,5,5,1,0
4915.0,0.350642202,100.8027871,1172.052732,11.62718576,17.5,110.0,47.34,0.22,55.064,39.73,21.587,,,,2.73,4.205,0.4291,1.3581,0.659,2.0604,0.4332,55.878,0.3854,5,5,5,5,1,0
4917.0,0.286319218,130.8926493,1349.91584,10.3131524,16.9,105.9,57.76,0.42,45.647,45.63,24.661,7.58,0.98,,2.93,2.7037,0.0393,0.9538,0.0788,4.9359,0.0435,43.2787,0.0487,5,5,5,5,0,0
4918.0,0.157704403,64.97357205,335.7971896,5.168211921,17.7,48.0,40.79,0.67,27.967,27.805,10.037,3.694,0.85,,2.95,0.2651,0.1853,0.0614,0.2728,0.4146,0.1247,7.7754,0.0801,5,5,5,5,0,0
4919.0,0.248727273,190.9421488,3888.345917,20.364,20.5,140.0,55.8,0.8,155.186,96.819,37.756,16.335,2.61,,3.04,3.5568,0.3804,1.1059,0.1295,8.5937,0.085,131.109,0.157,5,5,5,5,0,0
4920.0,0.206428571,101.0724305,2422.646249,23.96940727,21.5,148.5,55.69,0.6,112.507,92.648,27.666,10.372,1.26,,2.89,0.5573,0.2758,0.2077,0.1258,2.9088,0.0366,79.0573,0.021,5,5,5,5,0,0
4921.0,0.094333333,38.78109328,872.0802222,22.48725212,21.1,146.5,51.03,1.11,38.875,29.299,7.66,2.573,0.64,,2.83,0.3604,0.1731,0.1051,0.3154,0.8148,0.1962,27.2633,0.1582,5,5,5,5,0,0
4922.0,0.329936306,215.4943405,2496.357532,11.5843299,19.7,85.7,47.6,0.54,156.633,117.136,46.797,16.93,2.56,,2.96,3.077,0.1606,0.9349,0.2101,5.9733,0.0909,,0.1134,5,5,5,5,1,0
4925.0,0.229736842,80.45134825,1418.619332,17.6332574,22.9,96.4,43.94,0.41,113.881,63.74,33.754,,1.21,,2.91,,1.3878,,,5.39,1.585,42.2727,0.9817,5,0,5,5,1,0
4926.0,0.407737226,218.4041398,263.1902286,1.205060622,12.4,26.8,44.8,0.34,12.417,27.092,11.525,5.713,,,2.94,0.7114,0.214,0.2524,0.1078,,,5.7807,0.2376,5,5,0,5,0,0
4927.0,0.346887417,666.3693884,1955.191108,2.934095026,18.8,24.5,26.11,1.47,537.745,327.069,109.967,40.597,5.88,,2.91,20.9718,0.219,,,,,506.2519,0.1794,5,0,0,5,0,0
4929.0,0.61,1057.9,6500.4,6.144626146,16.7,92.1,48.39,0.75,157.526,404.431,113.411,55.264,5.12,,3.8,8.4947,0.7983,3.5204,0.6376,18.6386,0.4814,,0.6539,5,5,5,5,0,0
4933.0,0.42,193.0,887.4,4.597927461,17.1,56.6,39.0,0.3,38.079,45.606,18.726,6.963,,,3.8,0.641,0.262,0.3008,0.2717,0.2937,0.6181,13.9242,0.2724,5,5,5,5,0,0
4934.0,0.63,3551.0,21286.6,5.99453675,18.8,67.7,48.21,2.35,500.816,1268.096,473.989,162.208,24.71,,3.8,4.6882,0.7609,,,,,134.2648,0.4296,5,0,0,5,1,0
4935.0,1.332157895,474.2163407,30061.40494,63.39175258,26.9,475.8,47.92,0.07,48.331,22.482,7.026,2.832,0.36,,15.34,0.5311,0.4567,0.1372,0.1335,1.3818,0.107,,0.1441,5,5,5,5,0,0
4936.0,0.263739377,23.2240079,75.52061248,3.251833741,17.1,32.2,29.77,0.09,11.791,9.103,4.197,2.134,,,2.66,0.2134,0.3559,0.0645,0.4334,0.0736,0.5355,3.9414,0.3949,5,5,5,5,1,0
4937.0,0.622013652,338.7533052,4954.052144,14.62436548,18.8,117.0,48.1,0.25,13.366,10.188,3.588,1.543,,,12.15,0.2784,0.2033,0.0738,0.2444,0.4756,0.1389,9.1352,0.0988,5,5,5,5,1,0
4938.0,0.341670844,134.5047076,186.8028964,1.388820508,13.7,23.7,35.75,0.31,15.398,24.309,10.537,5.825,,,2.86,0.2026,0.3719,0.0361,0.6188,0.0978,0.6157,3.3818,0.1488,5,5,5,5,0,0
4940.0,0.783670265,566.8306387,1444.794122,2.54889913,16.0,29.3,31.53,0.25,21.136,14.442,5.446,4.181,,,8.68,0.4271,0.5789,0.1069,0.2968,0.2275,0.2887,8.8026,0.6415,5,5,5,5,1,0
4941.0,0.995590551,327.2081468,8789.022971,26.86064836,20.5,182.4,50.0,0.09,39.206,17.834,6.412,4.884,,,8.72,1.2918,0.1375,0.2796,0.3262,1.1363,0.4652,20.8676,0.4349,5,5,5,5,1,0
4942.0,0.777339901,126.0077936,3726.092353,29.57033248,22.5,165.6,48.22,0.06,14.526,7.458,3.06,,,,10.52,0.1976,0.6167,0.0197,0.9422,,0.0646,,0.1506,5,5,5,5,0,0
4943.0,0.14690583,16.31812624,162.8602385,9.980327156,17.1,98.5,48.16,0.2,32.49,31.846,15.199,5.077,,,1.26,1.1452,0.325,0.3662,0.2525,2.8743,0.1378,49.5809,0.1965,5,5,5,5,1,0
4944.0,0.37338403,522.5472238,20547.86038,39.32249458,20.3,274.9,64.27,1.0,163.366,81.737,34.356,20.744,,,4.91,10.9258,0.5482,3.0695,0.5505,,,408.1642,0.3817,5,5,0,5,1,0
4945.0,0.4,200.5,25783.4,128.5955112,31.1,408.3,55.88,0.33,647.59,183.605,67.695,24.26,2.35,,3.8,9.2819,0.1697,,,,,311.9313,0.1531,5,0,0,5,0,0
4946.0,0.350500472,24.13771718,83.40101259,3.45521542,17.5,32.4,29.35,0.05,12.909,14.648,4.327,3.04,,,2.77,,0.2516,0.0177,0.6955,0.0737,0.2728,1.8319,0.4144,5,5,5,5,1,0
4948.0,0.58,6026.9,412739.2,68.48283529,21.2,480.4,72.46,4.76,4778.283,1275.042,840.978,463.274,51.44,,3.8,17.1831,0.6898,,,,,7576.0284,0.1892,5,0,0,5,1,0
4949.0,0.700982949,122.6827427,2356.493999,19.2080316,21.2,120.1,45.06,0.07,15.061,9.19,3.119,1.441,,,8.96,0.4931,0.3344,0.1808,0.184,0.2455,0.1873,7.8545,0.0957,5,5,5,5,0,0
4951.0,0.306376812,85.97428103,337.0774173,3.920677362,15.7,48.1,43.49,0.25,21.125,20.058,8.982,5.288,,,3.02,0.194,0.4448,0.0519,0.5201,0.1454,0.5065,9.2021,0.1326,5,5,5,5,1,0
4953.0,0.091584967,3.460144336,203.3473757,58.76846629,25.2,265.8,48.49,0.11,48.503,26.772,7.929,2.432,,,1.18,0.4994,0.3837,0.1608,0.4135,1.033,0.1667,51.2164,0.1668,5,5,5,5,0,0
4954.0,0.32,1723.6,18937.7,10.98729404,23.2,64.4,42.43,4.5,765.1,1001.761,378.428,126.589,15.45,,3.8,,0.3219,0.0583,0.3587,1.2598,0.2425,28.46,0.8648,5,5,5,5,0,0
4956.0,0.440264026,9.435131632,628.8561034,66.65048544,29.2,247.6,54.51,0.01,37.921,12.771,5.9,,,,2.9,,0.5037,0.4302,0.5097,7.8272,0.2301,,0.5144,5,5,5,5,0,0
4957.0,0.55,317.3,1598.5,5.037819099,17.7,45.5,37.36,0.27,94.835,67.823,33.998,,,,3.8,0.4098,0.1527,0.1603,0.5358,1.5258,0.0839,17.7364,0.124,5,5,5,5,0,0
4960.0,0.179746032,969.4380731,11349.45997,11.70725628,24.1,69.9,57.36,8.38,585.489,565.466,258.66,95.369,,,2.98,12.526,0.1999,,,,,457.5412,0.1663,5,0,0,5,0,0
4962.0,0.160302013,190.7249054,8760.008243,45.93006993,27.0,193.6,47.17,2.06,418.736,352.77,86.453,27.685,4.03,,2.81,3.4589,0.2024,1.3176,0.4383,,,442.1096,0.0488,5,5,0,5,1,0
4963.0,0.433910035,143.3479604,2997.372786,20.90976934,21.5,126.7,53.28,0.2,116.449,213.863,30.543,,1.32,,2.85,23.821,0.3327,,,,,619.5296,0.3313,5,0,0,5,1,0
4965.0,0.59,1030.6,3425.7,3.323986028,13.9,73.8,51.31,0.8,57.305,123.29,50.262,17.557,,,3.8,2.2754,0.0763,0.5123,0.0999,2.8728,0.0315,35.1418,0.093,5,5,5,5,0,0
4966.0,0.417412731,297.3030033,2423.068863,8.150166113,17.5,77.0,46.34,0.45,41.545,46.936,18.021,8.662,0.95,,4.84,0.8257,0.2089,0.2574,0.1383,1.1082,0.102,28.332,0.0864,5,5,5,5,1,0
4968.0,0.322259136,676.0696902,24284.50635,35.92012289,23.2,197.3,56.55,1.78,335.873,215.33,64.369,22.143,5.18,,4.85,6.061,0.2748,1.2203,0.373,,,359.3039,0.2072,5,5,0,5,1,0
4969.0,0.382105263,785.8897343,507.0318281,0.645169171,12.2,15.5,35.77,1.41,11.369,31.08,15.923,7.077,,,4.84,0.5845,0.3004,0.1355,0.3829,0.3515,0.226,12.8075,0.1772,5,5,5,5,1,0
4971.0,0.307267606,183.8001246,726.8956175,3.954815696,14.5,58.5,53.33,0.52,24.491,36.43,17.437,7.051,1.03,,3.03,1.3651,0.1163,0.4148,0.1038,1.8968,0.0514,24.3604,0.0632,5,5,5,5,0,0
4973.0,0.193333333,70.60246914,518.6272613,7.345738295,17.1,73.7,48.26,0.48,26.332,28.918,10.532,4.075,,,2.9,0.9349,0.0258,0.2933,0.1656,1.4543,0.0868,17.601,0.0769,5,5,5,5,0,0
4974.0,0.30745098,74.39108035,518.3261822,6.967585089,15.2,91.1,54.48,0.21,17.53,19.065,8.981,,,,2.8,0.3606,0.1834,0.1165,0.3113,1.1119,0.1184,20.9113,0.1729,5,5,5,5,0,0
4975.0,0.506370968,369.1605737,3451.030249,9.348317493,16.7,98.3,52.6,0.38,46.684,62.445,31.259,12.002,0.87,,4.83,0.8157,0.0548,0.2067,0.1341,2.3347,0.0976,31.7943,0.055,5,5,5,5,0,0
4976.0,0.42194,49.3776152,2140.543005,43.35047361,25.6,190.7,49.28,0.07,117.764,68.016,11.636,,,,2.89,0.918,0.3429,0.4035,0.2467,3.6232,0.1335,62.3523,0.1307,5,5,5,5,0,0
4977.0,0.374995383,378.1104203,107.390947,0.284020067,11.4,8.2,24.06,0.71,9.865,35.364,17.147,9.189,,,2.86,0.143,0.0974,0.0377,0.202,0.074,0.2174,2.8986,0.0952,5,5,5,5,0,0
4978.0,0.38,8.4,602.7,71.75,33.8,223.1,41.46,0.02,30.545,10.015,3.447,,,,3.8,0.3203,0.4367,0.1259,0.3457,0.1982,0.3214,4.7714,0.248,5,5,5,5,0,0
4983.0,0.326869806,594.2228681,10753.10899,18.09608746,19.3,143.2,61.65,1.47,122.543,138.805,39.299,11.771,1.94,,4.72,3.3019,0.2086,1.1562,0.1468,,,171.7438,0.0664,5,5,0,5,0,0
4984.0,0.3502,306.38792,39.14721,0.127770083,9.8,5.8,24.83,0.65,2.559,7.586,6.55,,,,3.09,,0.2147,0.0391,0.5378,0.0417,0.3607,0.636,0.279,5,5,5,5,0,0
4985.0,0.247368421,505.9710254,7648.213949,15.1159129,21.3,99.1,52.19,2.12,158.161,147.709,47.668,17.563,3.06,,4.7,2.3625,0.1195,0.8484,0.035,,,108.3791,0.0153,5,5,0,5,1,0
4986.0,0.536171429,87.90704653,3151.586411,35.85135135,22.6,199.4,52.34,0.08,15.692,8.982,2.631,1.203,,,8.53,0.4829,0.1771,0.2128,0.107,1.3563,0.0954,14.2873,0.0401,5,5,5,5,0,0
4989.0,0.170594406,824.3344833,12089.90342,14.66625947,27.6,67.8,40.26,7.7,984.186,837.542,273.215,104.598,17.89,,2.87,3.2356,0.9086,1.061,1.0685,20.6074,0.5764,644.0098,0.2489,5,5,5,5,1,0
4990.0,0.685010684,898.6819276,376.5287765,0.418978912,11.3,12.3,36.19,0.51,5.065,13.311,5.716,4.455,,,6.61,0.0555,0.2012,0.0191,0.1232,0.0592,0.1237,1.7399,0.1175,5,5,5,5,0,0
4991.0,0.490856531,401.1262132,94.67210267,0.236015747,10.7,8.3,29.4,0.45,6.639,39.496,21.259,10.381,0.89,,2.83,0.0442,0.1967,0.0158,0.3963,0.0302,0.3233,1.3031,0.203,5,5,5,5,0,0
4992.0,0.188590604,229.6701308,538.119873,2.343012002,14.8,34.3,44.44,1.8,34.018,50.934,22.715,9.387,,,2.81,1.0669,0.0698,0.3373,0.1584,0.9187,0.1423,16.0268,0.0936,5,5,5,5,1,0
4993.0,0.479208145,562.9852245,2133.921146,3.79036794,16.7,40.1,38.51,0.65,29.573,27.033,15.774,4.925,0.81,,7.18,,0.8392,0.0139,0.3361,0.1094,0.1957,1.9299,0.1938,5,5,5,5,1,0
4997.0,0.471509434,512.0696244,3284.530269,6.414225941,16.2,73.2,47.82,0.61,54.227,52.358,21.124,11.36,1.48,,4.76,0.8731,0.2173,0.2488,0.1827,2.0414,0.0902,47.1951,0.0644,5,5,5,5,1,0
4998.0,0.471805556,564.0255594,792.163966,1.404482391,13.7,24.0,40.16,0.67,22.896,40.769,24.217,8.223,,,4.74,0.1592,0.0911,0.0324,0.1486,0.3477,0.1081,5.6059,0.1274,5,5,5,5,0,0
4999.0,0.222631579,46.64600277,1836.321507,39.36717828,20.3,268.5,54.88,0.25,46.718,38.637,12.542,4.0,0.52,,2.82,0.7405,0.1467,0.1995,0.294,2.4254,0.172,37.8915,0.1772,5,5,5,5,1,0
5000.0,0.246206897,76.82468787,2477.964521,32.25479452,21.6,196.9,51.33,0.33,34.549,21.899,4.663,,,,4.76,1.5123,0.2323,0.4768,0.1763,1.6432,0.0942,42.2404,0.1317,5,5,5,5,0,0
5004.0,1.249642147,562.2267441,4112.136747,7.314018391,16.1,83.3,46.3,0.1,61.587,122.632,31.363,13.598,1.91,,4.78,0.3917,0.384,0.0773,0.2793,0.1792,0.1363,14.6901,0.095,5,5,5,5,0,0
5005.0,1.619358974,3325.709757,126502.0994,38.03762463,16.8,392.6,52.22,0.34,91.029,34.962,18.742,8.639,,,14.86,0.4762,0.5895,0.4613,0.2081,5.9237,0.1225,30.2555,0.1207,5,5,5,5,0,0
5007.0,0.127037037,22.56083676,723.2641975,32.05839416,22.1,188.0,56.92,0.38,28.352,17.542,4.741,,,,2.94,0.2378,0.1029,0.1182,0.1864,2.3034,0.0514,26.9742,0.0683,5,5,5,5,0,0
5008.0,0.212210526,59.6806205,197.1930416,3.304138595,14.8,46.7,44.19,0.34,10.657,13.664,5.739,,,,2.88,0.2632,1.5013,0.0204,0.4064,0.2246,0.1846,6.8124,0.0264,5,5,5,5,0,0
5011.0,0.343753846,55.8100374,341.9796866,6.127565982,17.0,61.6,42.1,0.13,21.316,21.301,7.0,3.963,,,2.94,0.1876,0.0816,0.0408,0.5504,0.1066,0.3526,10.5644,0.1402,5,5,5,5,0,0
5014.0,1.057735334,2014.902352,160922.2105,79.86600955,24.1,397.8,54.68,0.48,133.579,85.441,26.379,9.283,2.09,,14.91,2.5605,0.2704,1.7428,0.1721,11.8154,0.0713,233.8218,0.1057,5,5,5,5,0,0
5015.0,0.291967213,193.061939,7766.991514,40.23056826,21.2,257.2,62.43,0.6,194.659,155.213,65.495,26.146,2.58,,2.74,14.617,0.2137,2.8994,0.2627,,,365.5974,0.1385,5,5,0,5,0,0
5016.0,0.293856655,37.22719193,76.56520402,2.056701031,14.3,32.0,40.35,0.11,5.822,6.841,3.35,,,,2.87,0.0707,0.1798,0.0524,0.2104,0.1828,0.2205,2.4635,0.179,5,5,5,5,0,0
5017.0,0.24,40.89375,513.16875,12.54883081,17.8,113.6,49.84,0.18,21.085,24.606,7.46,2.349,,,2.85,0.6293,0.2192,0.319,0.3111,1.9715,0.1382,24.6268,0.1901,5,5,5,5,0,0
5019.0,0.15,4.8,16.9,3.520833333,16.1,51.7,37.04,0.06,6.597,5.774,2.561,1.31,,,1.4,0.0855,0.4342,0.0461,0.0981,0.0681,0.2873,,0.1358,5,5,5,5,0,0
5023.0,0.454634146,757.0740021,1961.024211,2.590267537,15.3,34.1,42.17,0.98,45.872,79.914,31.467,15.256,2.31,,4.66,,0.6952,,2.1466,,2.2017,,1.4075,5,5,5,5,0,0
5024.0,0.271894737,34.62464197,240.4900997,6.945634267,15.9,82.2,52.5,0.12,9.98,11.614,4.053,1.865,,,2.87,0.293,0.2293,0.0698,0.0911,0.5338,0.0477,11.1265,0.1017,5,5,5,5,0,0
5026.0,0.407215686,1377.689061,5792.833679,4.204746806,13.7,74.3,55.58,2.19,69.88,91.993,31.578,9.696,,,4.72,2.5623,0.3701,0.6579,0.3526,5.5541,0.2257,82.305,0.3199,5,5,5,5,1,0
5028.0,0.252234637,509.5555694,2554.702725,5.013590034,18.3,44.9,40.77,2.21,90.992,104.599,39.572,16.199,3.39,,4.3,,0.6713,0.0942,0.4863,0.6659,0.2468,10.0898,0.6323,5,5,5,5,0,0
5030.0,0.628954424,519.5362577,1780.354635,3.426814988,15.6,42.4,42.79,0.35,50.342,48.718,25.15,12.663,2.44,,4.6,1.1669,0.0532,0.4854,0.1595,0.9219,0.1289,26.2556,0.1183,5,5,5,5,1,0
5032.0,0.344005102,244.6996531,1584.004598,6.473260495,16.7,68.4,53.34,0.57,32.122,31.235,13.775,5.837,1.0,,4.65,0.9148,0.1511,0.4564,0.1814,2.6147,0.1485,20.5928,0.122,5,5,5,5,1,0
5033.0,0.315568513,106.8990778,93.27378898,0.872540633,11.7,23.1,46.17,0.29,3.262,7.573,4.13,2.007,,,3.28,0.1066,0.1041,0.0307,0.3002,0.1019,0.218,1.5108,0.2913,5,5,5,5,0,0
5034.0,0.3091875,377.4258633,169.7754814,0.449824715,11.0,14.5,37.85,1.03,8.369,22.771,10.06,,,,2.91,0.1243,0.5972,0.0119,1.1248,0.0534,0.5117,3.9915,0.0598,5,5,5,5,0,0
5035.0,0.200912779,34.73118836,184.8925027,5.323529412,17.1,52.7,42.47,0.23,16.563,10.872,6.122,2.648,,,2.83,0.2972,0.2452,0.1425,0.2805,0.2583,0.2167,4.8173,0.2047,5,5,5,5,0,0
5037.0,0.483672131,204.0110218,780.6334394,3.826427772,14.8,53.3,50.87,0.23,19.135,11.291,10.604,4.033,,,4.61,0.2619,0.1433,0.1047,0.2436,0.4497,0.1822,11.805,0.1661,5,5,5,5,1,0
5039.0,0.172049689,62.03074041,1713.048295,27.61611877,21.4,172.7,49.63,0.55,74.598,62.62,17.927,6.259,1.28,,2.77,0.9907,0.1872,0.3561,0.1731,3.5366,0.0429,83.0856,0.0611,5,5,5,5,0,0
5041.0,1.054010695,468.51052,1837.372727,3.921732059,16.0,45.0,39.54,0.11,9.72,8.703,4.425,1.847,,,10.95,0.2266,0.582,0.1302,0.4294,0.143,0.386,4.469,0.1409,5,5,5,5,0,0
5042.0,0.159336283,64.59681651,314.4212487,4.86744186,18.0,43.6,35.82,0.68,33.621,36.604,11.93,5.145,0.59,,2.77,0.1531,1.4218,0.0632,1.8895,,0.2696,8.1084,0.0981,5,5,5,5,1,0
5043.0,0.193544304,170.656966,2784.688271,16.31746032,20.3,115.3,48.19,1.17,143.301,128.397,44.162,15.16,2.21,,2.78,1.9564,0.2019,0.6239,0.2332,5.4673,0.1041,122.6927,0.0851,5,5,5,5,1,0
5044.0,0.19727003,245.1809393,4260.229951,17.37586112,20.1,126.6,53.75,1.7,184.228,174.4,58.157,22.514,3.91,,2.77,4.8222,0.1257,1.4253,0.2561,,,161.1585,0.107,5,5,0,5,0,0
5046.0,0.476770642,577.2998879,12329.64186,21.35742984,22.2,124.3,46.98,0.67,280.348,180.029,68.499,23.222,3.26,,4.64,1.4622,0.1483,0.3536,0.1546,,,61.6537,0.0758,5,5,0,5,0,0
5048.0,0.283050847,16.70496984,122.737719,7.347377472,17.9,66.2,43.04,0.06,8.255,7.51,3.001,1.301,,,2.8,0.1076,0.3373,0.0505,0.4351,0.1193,0.3011,3.7355,0.2063,5,5,5,5,1,0
5049.0,0.320117763,133.3853032,734.6648347,5.507839448,14.0,89.2,48.86,0.34,6.511,8.76,3.905,1.81,,,4.66,0.2282,0.4517,0.0669,0.6802,0.1312,0.4236,6.4819,0.2516,5,5,5,5,1,0
5050.0,1.902028986,2275.154211,13566.42848,5.962861073,16.0,68.9,44.73,0.16,21.501,19.87,12.593,4.335,,,15.44,0.8137,1.1108,0.4073,0.6445,2.7416,0.3823,37.8744,0.7204,5,5,5,5,1,0
5051.0,0.357491289,26.82222681,1181.95298,44.06617647,23.3,231.1,52.42,0.05,51.465,13.211,9.287,5.168,,,2.85,0.9647,0.4557,0.2817,0.1669,1.1984,0.1377,33.4192,0.1591,5,5,5,5,1,0
5052.0,0.531032064,163.1150021,4377.957189,26.83969672,20.3,182.4,68.43,0.15,58.371,41.272,12.634,,,,4.69,2.9863,0.5528,1.2112,0.3582,6.0754,0.0964,71.1879,0.23,5,5,5,5,0,0
5053.0,0.207640232,17.14584214,392.2102948,22.87495077,20.2,159.3,48.63,0.11,16.507,12.238,3.818,1.648,,,2.85,0.4971,0.4404,0.0766,0.2572,0.3868,0.3779,14.3783,0.108,5,5,5,5,0,0
5054.0,0.490398671,888.7581241,217.0422832,0.244208494,11.9,6.2,17.76,0.99,8.413,28.665,15.906,7.096,1.37,,5.09,1.0516,0.1683,0.3896,0.2342,0.4155,0.3305,,0.2386,5,5,5,5,0,0
5055.0,0.300461538,42.25983284,741.3318905,17.54223433,20.3,120.4,46.39,0.13,40.828,32.718,11.875,3.805,,,2.79,0.8586,0.1382,0.4522,0.4433,2.0882,0.2652,41.3856,0.3519,5,5,5,5,1,0
5056.0,0.283278689,26.30312282,105.5691438,4.013559322,15.1,53.6,44.74,0.09,5.765,9.948,2.919,,,,2.88,0.1352,0.355,0.0348,0.3915,0.1242,0.194,3.4786,0.1763,5,5,5,5,0,0
5057.0,0.717578475,52.04812634,4631.091303,88.97709924,23.5,456.0,53.08,0.03,10.099,4.741,2.096,,,,8.89,2.5478,0.196,0.8065,0.2892,,,32.6281,0.2109,5,5,0,5,1,1
5058.0,0.430577849,35.31892747,285.0161609,8.069785276,17.7,74.2,44.75,0.05,17.719,16.494,6.026,2.418,,,2.9,,0.219,0.0879,0.1705,0.4065,0.1057,,0.0932,5,5,5,5,0,0
5059.0,0.210044444,20.30374716,136.630479,6.729323308,16.7,71.2,46.29,0.13,7.953,8.651,2.801,,,,2.78,0.1189,0.1386,0.0406,0.3097,0.2721,0.114,5.4153,0.0942,5,5,5,5,0,0
5060.0,0.327142857,293.7657018,2641.434168,8.991635688,16.8,94.6,59.87,0.74,39.829,37.224,15.551,7.395,1.13,,4.58,2.289,0.0319,0.7543,0.149,4.8359,0.0437,41.5012,0.0544,5,5,5,5,0,0
5061.0,0.3179,13.27055889,325.2678944,24.51048951,24.6,115.6,40.44,0.03,28.634,15.163,4.747,2.019,,,2.89,0.304,0.2883,0.0974,0.2638,0.1366,0.3022,9.547,0.157,5,5,5,5,0,0
5062.0,0.196319218,114.4001751,3793.034376,33.15584416,24.0,167.3,55.94,0.82,169.783,121.127,38.568,13.936,2.02,,2.87,9.3163,0.2186,1.1367,0.3196,8.4561,0.1877,150.7411,0.0481,5,5,5,5,0,0
5063.0,0.192197531,7.507341767,70.55016573,9.39748954,19.0,74.2,42.93,0.05,5.458,4.45,1.601,0.558,,,2.78,0.0429,2.4,0.0342,0.236,0.0723,0.1475,1.7428,0.1763,5,5,5,5,1,0
5064.0,0.698315098,745.6925856,2266.101099,3.038921323,15.3,39.4,39.85,0.41,31.062,31.868,15.546,7.832,1.35,,6.58,0.6263,0.4253,0.1147,0.634,0.2082,0.5103,17.1207,0.3245,5,5,5,5,1,0
5065.0,0.242922374,42.33773274,248.3050812,5.864864865,15.9,69.3,46.5,0.19,13.197,16.637,5.629,2.44,,,2.8,0.2562,0.2253,0.0962,0.3543,0.2775,0.2053,8.5621,0.2097,5,5,5,5,1,0
5066.0,0.82725137,748.3433934,6023.675228,8.049346438,20.5,54.3,39.94,0.29,41.211,33.194,17.755,,0.42,,11.12,0.1842,0.1579,0.0407,0.3128,0.377,0.1798,8.7261,0.2577,5,5,5,5,0,0
5067.0,0.162524272,98.40082006,1348.425488,13.70339685,19.4,105.6,52.87,0.95,69.723,58.155,21.691,7.385,1.41,,2.79,0.2847,0.235,0.1194,0.4722,2.52,0.2224,,0.2061,5,5,5,5,0,0
5068.0,0.228225176,65.34345355,423.8796903,6.486949606,16.7,68.2,45.52,0.34,24.937,24.08,15.986,,0.54,,2.78,0.474,0.2539,0.123,0.1667,0.4123,0.102,16.9355,0.1264,5,5,5,5,0,0
5069.0,1.520035336,2419.880554,55572.18475,22.9648462,17.4,216.9,80.86,0.28,64.859,102.657,26.904,10.889,2.12,,11.03,2.761,0.2019,1.6505,0.3142,,,183.5148,0.1144,5,5,0,5,1,1
5070.0,0.390653595,145.7596907,1150.147956,7.890713477,13.7,132.8,51.92,0.26,16.56,41.965,14.786,5.536,,,2.78,0.4925,0.3927,0.1698,0.3372,0.7003,0.2104,,0.2742,5,5,5,5,1,0
5073.0,1.557054264,1032.993519,15710.85187,15.20905172,19.5,112.3,49.86,0.11,21.356,14.83,5.539,2.365,,,18.26,0.1914,0.2316,0.0801,0.3244,0.3994,0.1947,11.4154,0.2842,5,5,5,5,1,0
5075.0,0.447985481,93.82554603,2807.127623,29.91858553,23.9,149.2,44.55,0.12,62.128,35.588,11.131,4.409,0.45,,4.84,1.6326,0.2038,0.4388,0.4537,0.8363,0.2683,48.9953,0.3225,5,5,5,5,1,0
5076.0,0.237582781,145.0425573,2426.437353,16.72914072,20.2,118.1,47.08,0.66,133.338,74.348,34.881,15.077,,,2.87,6.3228,0.1625,2.0468,0.3034,6.3296,0.119,110.5996,0.2385,5,5,5,5,0,0
5077.0,0.648525214,353.7390537,18691.90018,52.84092888,25.6,233.3,52.38,0.22,63.551,34.292,11.202,3.256,0.46,,10.65,1.7399,0.1347,0.7972,0.2511,5.0077,0.2999,56.5044,0.3043,5,5,5,5,1,0
5078.0,0.316833667,113.1486119,2300.746332,20.33384497,21.0,131.4,47.19,0.3,44.77,32.055,9.897,3.66,0.66,,4.65,1.0648,0.1626,0.386,0.2535,1.6255,0.1706,39.0553,0.1587,5,5,5,5,0,0
5079.0,0.347685098,97.76183907,829.7780219,8.487749717,17.7,78.1,44.35,0.22,19.505,15.221,6.427,2.981,0.49,,4.58,0.3157,0.3727,0.036,0.3951,0.1371,0.2431,9.1538,0.2411,5,5,5,5,1,0
5080.0,0.22,43.8,504.0,11.50684932,20.6,45.2,40.97,0.24,163.185,127.723,52.275,3.887,3.41,,1.4,,0.5312,0.025,0.2514,,0.1367,7.0996,0.4394,5,5,5,5,1,0
5081.0,0.17,48.9,320.1,6.54601227,16.6,0.8,48.26,0.46,59.619,83.442,22.463,,,,1.4,0.9074,0.2758,0.2505,0.2859,1.7494,0.1322,63.8751,0.4704,5,5,5,5,1,0
5082.0,0.11,14.6,155.2,10.63013699,18.6,1.0,45.19,0.32,37.108,32.359,11.555,5.19,0.9,,1.4,0.4609,0.2829,0.1493,0.1733,0.7905,0.0914,30.365,0.1272,5,5,5,5,0,0
5083.0,0.60795053,117.7741013,955.183858,8.11030479,17.1,80.2,44.76,0.08,7.732,7.366,2.605,1.292,,,7.4,0.2115,0.1684,0.0566,0.1688,0.1139,0.1515,3.8086,0.1842,5,5,5,5,1,0
5084.0,0.403097015,89.41603503,810.6199209,9.065710872,17.4,86.4,44.71,0.14,47.769,31.76,16.541,7.211,,,2.77,1.0585,0.8275,0.2104,0.824,0.3991,0.3959,,0.5725,5,5,5,5,0,0
5085.0,0.413432836,208.5305859,773.2297032,3.707991803,13.3,68.1,47.83,0.32,21.542,32.7,15.317,,,,2.77,,0.3512,,0.4405,0.3753,0.6003,,0.4645,5,5,5,5,0,0
5086.0,0.305437262,27.17778918,93.51378074,3.440816327,16.1,39.2,37.39,0.08,8.929,14.885,3.676,,,,2.77,0.0492,0.4759,0.0085,0.4781,0.0213,0.4846,0.8879,0.4259,5,5,5,5,0,0
5087.0,0.272900763,88.35622924,1504.149124,17.02369077,18.7,139.0,52.75,0.31,61.189,56.305,18.866,7.91,0.94,,2.75,0.9681,0.1385,0.4757,0.2158,3.817,0.1286,73.6897,0.1426,5,5,5,5,0,0
5088.0,0.205147059,240.5175795,1877.531149,7.806211724,19.3,61.8,45.18,1.54,144.39,138.174,52.3,20.552,3.63,,2.79,2.1094,0.0736,0.7155,0.1286,5.6968,0.0649,77.0076,0.0677,5,5,5,5,1,0
5089.0,1.097225064,888.7833975,8509.886066,9.574758135,19.6,70.9,40.11,0.2,24.143,19.131,6.331,2.794,,,15.46,0.2061,0.5435,0.0566,0.5046,0.1214,0.421,7.1728,0.1629,5,5,5,5,0,0
5090.0,0.51,49.2,1207.7,24.54674797,17.4,238.3,50.84,0.05,21.309,32.163,5.197,,,,2.8,,0.2866,0.2711,0.4133,1.6896,0.2003,,0.525,5,5,5,5,0,0
5091.0,0.11,2.2,34.2,15.54545455,22.7,86.9,43.38,0.05,13.773,8.786,2.684,0.929,,,1.4,0.2811,0.2366,0.1529,0.4097,0.6026,0.1306,11.8984,0.2091,5,5,5,5,0,0
5093.0,0.769179979,187.335555,1391.864364,7.429792831,19.6,54.9,35.36,0.08,24.053,15.203,6.427,2.533,,,7.37,0.28,0.3877,0.0736,0.3624,0.1273,0.2512,,0.1365,5,5,5,5,0,0
5094.0,1.314864865,1420.069394,4871.008035,3.430119723,14.0,54.8,45.36,0.22,17.804,28.78,14.749,5.048,,,9.45,0.8733,0.4005,,0.3048,0.3673,0.2741,,0.2735,5,5,5,5,0,0
5095.0,1.111844987,548.9703702,2636.394306,4.802434611,15.4,62.6,44.79,0.12,8.753,16.715,3.954,1.093,,,11.28,0.3035,0.2069,0.0706,0.1425,0.0975,0.1392,6.3932,0.067,5,5,5,5,0,0
5096.0,0.874512535,261.0994919,504.9041989,1.933761706,13.9,31.8,40.02,0.09,11.551,26.405,6.981,,,,4.55,0.2057,0.3576,0.1136,0.2081,1.4511,0.0639,5.4527,0.1844,5,5,5,5,1,0
5099.0,0.190113452,9.824926909,129.0497146,13.13492872,20.7,86.4,42.03,0.07,11.117,8.46,2.684,0.953,,,2.76,0.2912,0.2325,0.0799,0.4874,0.2027,0.3214,6.0128,0.1197,5,5,5,5,0,0
5100.0,0.209848485,5.284366391,139.4852545,26.39583333,21.0,168.8,48.32,0.03,6.107,4.702,1.213,0.472,,,2.77,0.1633,0.3607,0.062,0.3578,0.1791,0.1804,6.5728,0.1787,5,5,5,5,0,0
5101.0,0.577627119,246.3471968,1734.43997,7.040632054,13.2,133.9,106.9,0.19,23.218,44.488,14.547,8.704,,,2.84,1.2874,0.386,1.6805,0.2434,,,60.6229,0.1174,5,5,0,5,0,0
5102.0,0.517729258,140.564276,368.4607998,2.621297602,15.8,31.0,35.55,0.14,15.843,15.417,4.453,,,,4.56,0.1279,0.4462,0.0343,0.4025,0.0919,0.3546,2.2476,0.1542,5,5,5,5,0,0
5103.0,0.33484058,138.2648956,1311.546287,9.485750386,18.0,84.8,51.23,0.33,26.788,28.949,9.843,3.444,0.51,,4.56,0.9415,0.4059,0.3134,0.3245,1.2984,0.1233,24.1003,0.1581,5,5,5,5,1,0
5104.0,0.168952096,73.53649288,502.024939,6.82688172,17.4,65.8,46.93,0.7,27.716,35.612,12.454,3.946,0.74,,2.97,,-18.5873,0.2418,0.605,0.9277,1.0337,12.0501,0.7487,5,5,5,5,1,0
5105.0,0.244958678,5.148336862,230.0773991,44.68965517,30.3,145.9,41.08,0.02,8.952,5.175,0.999,,,,4.56,0.1588,0.2261,0.0379,0.2004,0.1063,0.2414,2.5011,0.1807,5,5,5,5,0,0
5107.0,0.276449704,43.28727986,266.7392038,6.162068966,18.2,53.0,38.32,0.15,24.323,18.055,7.828,3.22,,,2.92,0.5602,0.0614,0.1557,0.1269,0.412,0.1225,6.3183,0.1081,5,5,5,5,0,0
5108.0,0.277469136,577.2982396,3260.94193,5.648626145,17.0,59.8,45.26,2.03,120.696,209.47,85.793,36.558,5.54,,2.9,6.4985,0.129,1.763,0.2273,6.5947,0.1374,176.8164,0.1759,5,5,5,5,1,0
5110.0,0.681320755,1411.118931,16528.21676,11.71284461,18.1,104.4,55.2,0.81,47.511,61.228,17.125,6.205,1.46,,10.99,0.532,0.4719,0.0481,0.4998,0.8521,0.3785,20.9599,0.4152,5,5,5,5,1,0
5111.0,1.787933579,994.604827,7008.803915,7.046822742,16.7,73.8,44.52,0.08,12.174,12.805,4.609,2.34,,,15.63,0.1945,0.3253,0.0701,0.4072,0.1264,0.2581,6.4204,0.1303,5,5,5,5,1,0
5113.0,0.587737226,376.1245245,5465.5818,14.5313093,19.4,110.1,47.46,0.3,43.898,36.613,12.458,4.631,0.88,,7.32,1.0827,0.0883,0.3626,0.2392,1.2496,0.1188,28.2245,0.1268,5,5,5,5,0,0
5115.0,0.248141264,51.82075151,145.8074377,2.813688213,13.9,46.2,45.21,0.23,8.074,10.68,5.503,2.481,,,2.67,0.5162,0.2832,0.1438,0.3334,0.1745,0.2932,4.8959,0.1204,5,5,5,5,0,0
5116.0,0.459182453,141.4406877,2085.4182,14.74411808,19.9,106.6,45.33,0.18,52.162,27.068,14.617,5.393,0.71,,4.56,0.9048,0.2102,0.2798,0.1865,0.6482,0.1572,21.2352,0.1551,5,5,5,5,1,0
5117.0,0.244421535,116.2113569,964.4163337,8.298813125,17.1,83.6,48.03,0.52,17.444,26.874,7.722,2.894,0.48,,4.54,0.4269,0.2636,0.1483,0.3446,0.8705,0.1161,15.7272,0.0844,5,5,5,5,0,0
5118.0,0.271954674,75.33163736,1708.576427,22.68072867,20.2,158.3,49.29,0.26,62.982,48.733,16.309,6.475,1.33,,3.0,1.3884,0.308,0.5525,0.3307,3.6481,0.1725,87.5404,0.2117,5,5,5,5,1,0
5119.0,0.345286195,193.4811777,150.9503554,0.780181087,12.3,17.8,36.7,0.44,9.191,25.977,12.069,5.173,,,2.93,0.0857,0.1354,0.0168,0.1622,0.118,0.1528,2.3403,0.0849,5,5,5,5,1,0
5120.0,0.587403846,142.8614645,3986.98432,27.90804598,19.3,212.9,69.58,0.11,46.42,32.042,10.324,6.68,,,4.47,1.6459,0.2404,1.2163,0.2788,,,63.1832,0.1435,5,5,0,5,1,0
5121.0,1.286188525,1230.456883,8721.053045,7.087654321,16.9,72.0,45.43,0.2,45.693,53.304,19.333,6.873,1.12,,9.51,2.333,0.1302,0.7041,0.3144,2.4378,0.1696,60.3514,0.2105,5,5,5,5,0,0
5122.0,0.872956685,1467.849373,3996.971538,2.723012055,13.7,46.3,49.49,0.51,15.435,21.977,11.079,6.617,0.92,,9.46,0.4809,0.1697,0.1046,0.2311,0.4404,0.1503,10.0962,0.0916,5,5,5,5,0,0
5123.0,1.033414864,2151.686356,6543.155112,3.040942791,14.1,48.4,50.11,0.54,25.475,42.824,23.045,8.653,1.39,,9.47,0.8134,0.4397,0.224,0.3788,0.6225,0.2411,15.9661,0.4317,5,5,5,5,0,0
5124.0,0.301640431,298.65749,11966.67829,40.06823433,26.9,164.7,51.44,0.87,436.493,161.194,56.951,24.685,,,4.44,14.6793,0.3118,,,,,413.2719,0.2719,5,0,0,5,1,0
5125.0,0.536901408,738.5941781,2940.443995,3.981136167,16.4,43.9,40.86,0.69,20.701,20.511,9.089,4.188,1.18,,9.53,0.3465,0.1919,0.1269,0.124,0.5565,0.0973,,0.0666,5,5,5,5,1,0
5126.0,0.223478261,59.96186842,152.2938972,2.539845758,14.1,40.3,47.07,0.31,10.294,15.762,6.534,3.423,,,2.57,0.1701,1.4283,0.0902,0.1284,0.2171,0.0603,4.6789,0.0812,5,5,5,5,0,0
5127.0,0.13,15.5,54.4,3.509677419,14.0,55.9,48.23,0.25,9.31,15.228,6.296,2.415,,,1.4,0.2181,0.1124,0.0548,0.3634,0.176,0.2349,6.4803,0.1877,5,5,5,5,0,0
5129.0,0.656490649,352.3292167,9793.327497,27.79595626,19.7,202.2,56.69,0.22,42.053,25.22,11.844,,0.69,,7.75,1.9233,0.1216,0.6341,0.2612,4.3368,0.1271,54.8133,0.1584,5,5,5,5,0,0
5130.0,0.344891192,308.3434474,5545.35715,17.98435218,20.1,127.8,47.37,0.69,35.468,31.495,9.653,4.787,0.83,,7.74,0.748,0.1639,0.1812,0.1091,0.9164,0.0778,23.1472,0.0504,5,5,5,5,0,0
5131.0,0.157650845,27.05764594,212.8176543,7.865342566,17.5,74.0,44.68,0.29,13.098,13.495,4.846,1.95,,,2.76,0.1994,0.1449,0.0496,0.237,0.2438,0.149,7.1058,0.1406,5,5,5,5,0,0
5132.0,0.2925,25.47675,108.7515,4.268656716,15.5,52.8,42.89,0.07,7.156,8.692,3.42,,,,2.73,0.2231,0.5603,0.0401,0.418,0.0414,0.2513,4.7744,0.1763,5,5,5,5,0,0
5134.0,0.25254902,17.00284506,1077.443445,63.36842105,26.5,262.1,51.49,0.07,51.979,23.909,7.513,,,,2.76,3.4514,0.1147,1.0102,0.3488,2.5778,0.0714,,0.1661,5,5,5,5,0,0
5135.0,0.588262032,169.7832209,2335.888506,13.75806452,15.4,175.6,51.26,0.13,14.848,16.909,7.741,,,,4.49,1.0168,0.1998,0.4117,0.4522,1.28,0.1544,33.9309,0.3777,5,5,5,5,1,0
5136.0,0.625214408,843.7177284,5684.839757,6.737845567,16.7,71.2,49.47,0.58,51.759,52.057,23.243,9.278,1.58,,6.75,1.1766,0.0913,0.3317,0.3046,2.1008,0.0711,36.2783,0.1185,5,5,5,5,1,0
5138.0,0.652580115,85.95930164,2950.43451,34.32362123,22.4,191.9,48.98,0.05,8.044,4.926,1.36,0.978,,,11.51,0.2465,0.1901,0.0958,0.2083,0.1954,0.1614,6.4567,0.0507,5,5,5,5,0,0
5139.0,0.546722068,1007.054868,5019.411536,4.984248321,17.9,45.5,38.28,0.89,42.655,36.073,15.107,6.354,1.05,,9.55,0.2741,0.3396,0.0735,0.0885,0.3045,0.3428,8.1777,0.1258,5,5,5,5,1,0
5140.0,0.17369637,72.08831167,1007.073871,13.97000217,20.6,94.6,44.81,0.63,70.186,57.22,19.426,5.86,1.03,,2.77,1.1496,0.1905,0.3388,0.3557,1.1891,0.2725,34.6164,0.1024,5,5,5,5,0,0
5141.0,0.384694262,2394.167195,46375.75412,19.37030722,30.2,71.0,34.0,4.31,523.902,327.374,77.169,22.155,5.91,,9.51,4.8627,0.233,,,,,441.1747,0.0567,5,0,0,5,1,0
5142.0,0.443427562,3752.75536,106455.2373,28.36722011,27.4,125.3,49.94,5.09,739.014,601.387,188.063,61.474,10.58,,8.01,2.7644,0.163,1.6826,0.3015,,,548.23,0.1543,5,5,0,5,1,0
5144.0,0.567833656,4460.743111,69795.53128,15.64661527,23.2,90.3,46.16,3.68,389.314,416.554,111.48,36.752,7.03,,9.47,1.1892,0.0566,0.2225,0.1255,,,165.0958,0.1577,5,5,0,5,1,0
5145.0,0.473052632,91.16913758,2070.644504,22.71212121,22.5,127.4,46.17,0.11,20.243,13.89,3.865,,,,7.49,0.2125,0.2969,0.0552,0.4266,0.366,0.5103,6.537,0.2295,5,5,5,5,0,0
5147.0,0.177152209,11.29952615,23.77521115,2.104089219,13.6,36.3,42.79,0.1,1.534,2.444,0.921,,,,2.64,0.0174,1.3934,0.0038,0.2465,,0.308,0.5533,0.2743,5,5,5,5,0,0
5148.0,0.544,564.128,2880.752,5.106557377,17.6,0.7,40.63,0.57,43.38,55.114,17.527,6.312,0.92,,6.8,0.3261,0.2243,0.0696,0.2677,,0.1035,,0.1097,5,5,5,5,0,0
5150.0,1.470404624,3398.070086,15937.37326,4.690124942,14.5,69.9,55.16,0.42,37.615,164.04,64.479,,2.42,,9.48,1.3256,0.2418,0.2357,0.1222,2.1729,0.1197,39.5376,0.1099,5,5,5,5,0,0
5151.0,0.169592629,76.84298558,1067.734918,13.89502126,21.2,89.0,45.99,0.71,92.746,74.806,29.114,,1.3,,2.69,0.5518,0.5258,0.1319,0.2706,0.7476,0.1495,36.4786,0.251,5,5,5,5,1,0
5152.0,0.08,36.7,1203.3,32.78746594,23.5,175.7,51.71,1.57,210.074,180.129,48.486,14.563,2.58,,1.4,2.4033,0.3444,1.7083,0.3604,,,265.4648,0.067,5,5,0,5,0,0
5153.0,0.08603352,9.172345155,37.54068572,4.092812153,15.7,49.7,49.33,0.33,9.954,13.896,4.611,1.89,0.32,,1.4,0.0962,0.2735,0.0357,0.2361,0.2762,0.1408,4.3865,0.1496,5,5,5,5,0,0
5154.0,0.7668566,1825.333759,28828.32481,15.79345403,17.7,147.0,72.4,0.82,73.755,112.595,27.441,13.186,1.78,,9.5,1.3601,0.2523,0.2741,0.364,,,71.1882,0.1942,5,5,0,5,0,0
5156.0,1.204480458,2719.143749,18230.66387,6.704560536,16.7,70.7,54.27,0.49,84.647,103.502,50.245,,2.34,,9.5,1.3492,0.1676,0.7006,0.1304,5.9474,0.0826,59.68,0.0824,5,5,5,5,1,0
5157.0,0.604277674,845.3637747,7393.684068,8.74615673,18.1,77.6,45.53,0.61,74.416,84.729,31.818,10.815,1.46,,6.71,1.1066,0.398,0.2814,0.605,1.9604,0.2615,42.4602,0.337,5,5,5,5,0,0
5159.0,0.838426124,1392.647953,6884.272602,4.943297111,16.9,50.7,42.53,0.53,57.047,76.608,30.955,11.681,1.68,,7.91,1.2745,0.2571,0.2673,0.1761,1.2474,0.2022,22.7812,0.1648,5,5,5,5,1,0
5160.0,0.12624,79.4613472,1276.693734,16.06685237,21.2,104.2,53.64,1.43,88.345,87.922,25.438,7.838,1.69,,2.63,0.4766,0.1076,0.1069,0.3481,1.701,0.2038,35.6508,0.2341,5,5,5,5,1,0
5161.0,1.020373134,2305.047706,14489.28781,6.285894984,15.5,79.7,48.54,0.59,59.718,117.372,38.629,15.107,2.73,,7.91,0.7971,0.1214,0.2219,0.2415,1.7632,0.1235,32.4997,0.23,5,5,5,5,1,0
5162.0,0.400902935,150.4770613,3366.447099,22.37182911,21.3,138.6,59.58,0.25,72.793,56.459,19.863,6.133,0.74,,4.44,1.7821,0.2512,1.0645,0.1055,9.1393,0.0751,55.9086,0.1191,5,5,5,5,1,0
5163.0,0.549649446,2071.182047,7006.164474,3.382688878,17.2,34.3,37.07,1.84,57.425,70.982,28.747,10.397,2.13,,9.61,0.4456,0.7234,0.1686,0.2982,0.9896,0.0709,20.319,0.0943,5,5,5,5,0,0
5164.0,0.612188366,199.3800846,296.6715694,1.487969925,13.9,24.2,36.2,0.14,9.815,16.913,6.981,3.286,,,4.42,,0.5566,0.062,0.4276,0.1189,0.2238,3.0625,0.2973,5,5,5,5,0,0
5165.0,0.320571429,224.378449,555.7900408,2.477020602,13.0,49.1,48.74,0.55,20.693,31.069,20.282,9.154,1.67,,2.64,0.3443,0.6273,0.1362,0.3065,0.7535,0.1169,19.7271,0.3918,5,5,5,5,1,0
5166.0,0.782220183,5734.538008,51506.48224,8.981801528,25.6,42.0,29.66,2.51,544.523,742.515,210.672,67.999,,,9.58,2.8731,0.5742,,,,,642.8635,0.2802,5,0,0,5,1,0
5168.0,0.30359596,22.72369758,207.1444432,9.115789474,17.4,85.5,46.67,0.07,4.527,3.979,1.62,,,,4.42,0.2406,0.6188,,0.9182,,0.6524,2.435,0.1073,5,5,5,5,1,0
5169.0,0.637538462,902.2030769,56152.06551,62.23883176,24.2,306.5,80.99,0.58,226.489,153.359,46.77,16.508,1.9,,7.84,7.0329,0.0791,,,,,220.2341,0.0988,5,0,0,5,0,0
5170.0,1.171348941,2116.39049,15053.5704,7.112851088,15.6,87.5,72.01,0.41,36.437,30.487,18.732,,,,11.06,1.2316,0.1983,0.6345,0.1921,,,27.8794,0.0568,5,5,0,5,0,0
5171.0,0.416353591,2387.855417,57340.43127,24.0133598,25.7,114.4,45.87,3.6,422.669,453.114,129.542,39.084,5.59,,7.85,0.9533,0.0863,0.3753,0.1611,5.969,0.102,243.8506,0.0735,5,5,5,5,0,0
5173.0,0.23533123,964.5948741,22194.12767,23.00875556,27.1,102.6,46.71,4.69,209.338,189.206,58.459,11.704,2.73,,7.46,0.8621,0.1091,0.2386,0.294,2.7929,0.1751,98.956,0.1384,5,5,5,5,0,0
5174.0,0.73863806,1607.455764,11431.9669,7.111839188,17.8,65.6,43.24,0.78,66.878,82.26,30.331,14.236,1.25,,9.54,0.6972,0.0303,0.106,0.1684,0.9504,0.1131,28.837,0.0914,5,5,5,5,0,0
5175.0,0.09,9.2,32.2,3.5,15.8,41.7,39.25,0.27,10.74,10.624,4.588,2.248,,,1.4,0.0863,0.2621,0.0457,0.1535,0.1107,0.1436,3.2766,0.0805,5,5,5,5,0,0
5177.0,0.448649835,4553.664374,30643.51414,6.729418688,26.1,33.0,26.08,6.01,604.57,627.261,216.725,104.59,11.83,,7.86,2.107,0.2347,0.6727,0.1741,7.3918,0.1271,133.2608,0.3011,5,5,5,5,0,0
5178.0,0.623796909,784.1889176,11879.93334,15.14932572,19.2,117.8,47.52,0.54,70.159,72.025,20.696,8.36,1.2,,7.96,2.0577,0.2024,0.5123,0.228,2.7045,0.1219,58.7933,0.1674,5,5,5,5,0,0
5180.0,0.627801047,3045.627243,126365.825,41.49090316,26.4,181.0,51.0,2.03,383.128,264.027,80.853,24.83,3.99,,11.42,3.4451,0.0939,1.3798,0.3252,,,287.8415,0.121,5,5,0,5,1,0
5181.0,1.096687117,1303.852159,10049.58223,7.707608696,16.5,83.6,46.35,0.29,27.581,28.859,11.159,4.907,,,11.48,0.8122,0.1245,0.171,0.1328,0.5501,0.0857,22.18,0.0566,5,5,5,5,0,0
5182.0,0.475659341,532.68277,12014.08321,22.55391744,21.0,146.6,51.99,0.62,70.65,63.082,18.692,6.398,0.98,,7.87,1.255,0.3677,0.6585,0.161,5.8982,0.0578,64.7016,0.1096,5,5,5,5,0,0
5183.0,0.389160839,141.143699,436.7384408,3.094282238,14.2,47.2,46.29,0.25,25.22,36.3,14.512,8.033,,,2.65,1.2054,0.0826,0.3851,0.1169,,,15.6013,0.1135,5,5,0,5,0,0
5184.0,0.101123596,16.5029668,70.40525186,4.26621787,16.0,49.7,43.93,0.43,18.538,21.477,9.614,3.623,0.59,,1.4,0.4527,0.1336,0.1735,0.1095,0.4216,0.0878,9.4791,0.0516,5,5,5,5,0,0
5186.0,0.870791629,10049.83828,412898.6312,41.08510205,24.8,207.9,55.48,3.51,1134.158,1085.86,348.295,106.589,16.6,,9.57,14.2749,0.4021,,,,,,0.2932,5,0,0,5,0,0
5187.0,0.184271605,86.94622161,2142.519393,24.64189189,22.2,144.0,49.21,0.64,47.808,37.22,11.305,3.669,0.71,,4.39,0.5354,0.0408,0.1215,0.1618,1.3191,0.0451,28.1797,0.0491,5,5,5,5,0,0
5188.0,0.428204651,630.376913,10315.15005,16.36346421,22.9,90.6,42.95,0.93,77.422,56.118,17.652,6.438,0.93,,9.59,0.6065,0.2158,0.1767,0.1526,1.3769,0.0974,36.6415,0.0762,5,5,5,5,1,0
5189.0,0.725596621,4250.933489,5325.982012,1.252897046,14.8,18.4,30.41,2.17,66.297,131.018,59.899,27.041,4.21,,7.99,,0.461,0.6288,0.1869,2.9783,0.1029,,0.2152,5,5,5,5,0,0
5190.0,0.485533049,333.1157559,2818.677362,8.461555217,17.3,82.2,56.2,0.38,18.065,21.163,6.236,,,,7.99,0.4737,0.1301,0.1085,0.243,1.262,0.1303,11.1798,0.0592,5,5,5,5,0,0
5191.0,0.738853503,8235.447911,28078.3444,3.409449577,11.8,94.5,60.06,4.04,105.329,301.772,102.995,36.522,3.9,,8.0,2.0232,0.4222,0.8252,0.3516,,,,0.4155,5,5,0,5,0,0
5193.0,0.531895777,317.3731341,27675.57793,87.20201856,24.8,407.5,60.05,0.3,88.115,110.825,16.037,,0.76,,8.0,2.0038,0.2783,0.5128,0.2139,5.7156,0.0965,144.0362,0.044,5,5,5,5,0,0
5194.0,0.977289048,4101.241927,25623.07882,6.247638953,18.9,51.3,48.73,1.14,93.677,140.197,54.046,22.858,3.16,,11.46,0.3153,0.335,0.0618,0.2412,1.9686,0.1133,46.7205,0.2209,5,5,5,5,0,0
5195.0,0.184440789,25.22453147,236.586049,9.379204893,18.1,81.2,44.42,0.2,16.166,17.221,5.451,2.137,,,2.67,0.6404,0.1259,0.2616,0.1288,0.4057,0.0798,10.7923,0.0612,5,5,5,5,0,0
5197.0,0.64969697,1763.34433,15796.62199,8.958330898,18.0,81.1,47.57,1.12,47.585,53.385,19.498,7.873,1.04,,11.39,0.9826,0.1683,0.3456,0.3185,2.2416,0.447,37.3292,0.0633,5,5,5,5,1,0
5198.0,0.127521614,32.59579849,114.5550789,3.514412417,18.7,29.1,27.59,0.5,21.471,13.87,5.739,2.66,0.72,,2.95,0.623,0.1971,0.188,0.2787,1.0043,0.1973,24.2084,0.1577,5,5,5,5,0,0
5199.0,0.909057971,1111.220759,9278.509964,8.349834983,17.7,77.6,47.19,0.36,47.28,58.958,21.64,,0.97,,9.65,0.33,0.3131,0.099,0.3382,0.8761,0.1598,29.7648,0.1282,5,5,5,5,1,0
5201.0,0.323826087,333.3259735,1939.82645,5.819607843,16.8,61.0,43.14,0.83,100.557,148.134,59.257,22.516,2.54,,2.94,0.9924,0.5175,0.6028,0.1505,4.3693,0.121,,0.33,5,5,5,5,0,0
5204.0,0.733627363,1057.668006,10353.08383,9.788595066,16.9,101.2,50.78,0.53,32.768,47.935,15.061,5.254,0.55,,9.82,0.7548,0.1881,0.1807,0.1706,1.3732,0.1813,25.5116,0.1176,5,5,5,5,0,0
5205.0,0.413649025,222.847824,682.505682,3.062653563,13.6,53.6,48.27,0.35,21.575,29.241,16.873,10.438,1.33,,2.97,1.0011,0.8624,0.1454,0.0479,0.8017,0.0828,26.9832,0.1579,5,5,5,5,0,0
5206.0,0.778597122,1767.598758,8787.925049,4.971674147,16.7,53.2,42.76,0.78,49.91,57.006,24.038,8.974,,,9.62,0.3724,0.248,0.0822,0.1593,0.8628,0.0704,19.9153,0.1333,5,5,5,5,0,0
5207.0,0.197541899,217.8265004,1428.752826,6.55913226,19.7,49.3,36.53,1.44,27.307,31.906,7.944,2.237,1.15,,6.63,0.1174,0.122,0.0195,0.242,0.184,0.1322,6.3258,0.0895,5,5,5,5,0,0
5208.0,0.396245734,58.08291302,599.680602,10.3245614,18.0,90.0,53.61,0.1,34.684,72.361,47.187,9.145,0.65,,2.7,0.6982,0.3737,0.1082,0.4724,1.8057,0.1352,28.2384,0.0685,5,5,5,5,1,0
5209.0,0.215875371,42.65031126,268.7267864,6.300699301,16.3,69.4,44.65,0.24,14.002,12.313,5.057,,,,2.91,0.2568,0.3119,0.0551,0.239,0.1919,0.1529,8.7324,0.1125,5,5,5,5,0,0
5214.0,0.242130584,64.52463244,4469.28479,69.26478495,26.9,281.5,54.25,0.3,210.241,87.137,31.228,,,,2.71,8.6136,0.1269,2.2241,0.1238,,,275.7044,0.0904,5,5,0,5,0,0
5216.0,0.425912596,1179.863755,189.5671215,0.160668654,11.2,5.0,16.44,1.69,9.429,45.567,24.454,11.903,1.96,,4.36,0.3842,0.254,0.1168,0.2831,0.5028,0.1528,27.6119,0.1231,5,5,5,5,0,0
5217.0,0.155690236,368.5402805,3026.576245,8.212335002,19.5,66.9,46.21,3.94,181.307,200.338,75.592,28.198,5.57,,2.72,1.7366,0.0956,0.5134,0.1664,3.3133,0.0714,75.5595,0.1004,5,5,5,5,1,0
5218.0,0.796448087,760.1805399,3618.215787,4.759679573,17.0,48.4,43.36,0.31,18.119,15.727,6.17,3.226,,,11.66,0.1167,1.2284,0.0125,0.3093,0.097,0.3092,4.9091,0.0843,5,5,5,5,1,0
5219.0,0.163862816,13.00741571,1989.391323,152.9428571,30.5,502.1,59.91,0.13,69.189,32.213,9.333,2.52,,,2.67,3.7526,0.2124,1.1365,0.2211,5.9384,0.3842,82.2081,0.152,5,5,5,5,0,0
5221.0,0.139090909,33.40413223,276.8057851,8.286573146,18.7,68.4,41.78,0.47,18.634,17.33,5.516,2.078,,,2.97,0.2165,1.3413,0.0231,0.5984,0.1312,0.3144,8.8418,0.1109,5,5,5,5,0,0
5223.0,0.18994382,225.2017359,448.4256249,1.991217444,14.8,29.0,39.63,1.61,31.077,56.179,22.854,9.091,,,2.94,0.438,0.052,0.0816,0.3591,0.5839,0.1604,11.2091,0.1079,5,5,5,5,0,0
5224.0,1.190600343,607.2906225,7344.437145,12.09377664,19.2,92.5,43.85,0.11,43.079,29.497,12.456,4.83,,,9.38,0.9612,0.2775,0.2717,0.1545,0.3234,0.1274,13.549,0.2611,5,5,5,5,1,0
5225.0,0.736477064,1538.423384,3010.231315,1.956698882,14.0,32.0,42.0,0.76,26.672,53.336,21.656,9.641,,,6.58,0.5656,0.4311,0.168,0.4082,0.5175,0.4205,12.6273,0.3117,5,5,5,5,1,0
5227.0,0.203684211,46.225,848.6961219,18.3601108,19.8,133.3,51.43,0.3,48.313,34.508,12.9,4.627,,,2.58,2.6866,0.0427,1.0652,0.1497,3.7191,0.0447,39.2917,0.0745,5,5,5,5,0,0
5228.0,0.47608365,311.7299896,946.3343944,3.035750252,14.2,47.1,48.21,0.37,8.583,12.799,5.411,,,,6.59,0.4214,0.2244,0.0787,0.1536,0.2861,0.0837,5.798,0.0491,5,5,5,5,1,0
5229.0,0.727600787,694.9473448,882.0107763,1.26917641,12.6,27.1,44.88,0.35,4.189,9.6,3.754,,,,9.61,0.0947,0.4055,,0.5935,0.0726,0.4201,,0.1092,5,5,5,5,0,0
5231.0,1.276859083,1427.662928,2482.146603,1.73860829,12.9,35.2,43.82,0.23,6.411,14.285,4.665,,,,11.66,,2.2602,0.0149,0.4292,0.0628,0.1996,1.3414,0.4054,5,5,5,5,0,0
5232.0,1.468388934,789.681641,2584.141272,3.272383627,14.0,52.1,54.27,0.1,6.791,11.142,4.649,1.935,,,11.35,,0.1482,0.2168,0.4717,0.6593,0.4738,4.6103,0.1303,5,5,5,5,1,0
5233.0,1.388690176,6712.217854,76706.18347,11.42784474,22.1,67.9,44.33,0.92,516.703,462.535,114.437,,,,11.73,2.8699,0.2172,1.4815,0.3837,,,599.3478,0.2611,5,5,0,5,1,0
5235.0,0.745360134,5234.168661,105329.2522,20.12339667,23.4,110.8,46.62,2.49,342.201,310.219,101.027,34.721,6.04,,11.71,1.2195,0.1129,0.695,0.1029,8.5057,0.0364,216.3468,0.0743,5,5,5,5,1,0
5236.0,0.396503067,393.2596005,434.7179147,1.105422256,11.8,28.6,56.53,0.67,15.519,56.272,23.712,13.728,1.41,,2.81,0.6803,0.1448,0.39,0.2624,1.4524,0.1417,3.304,0.0715,5,5,5,5,0,0
5237.0,1.102251656,1613.400851,6845.407956,4.242843898,15.4,54.0,49.27,0.36,22.341,30.278,10.702,5.308,0.56,,11.68,0.2419,0.1553,0.0318,0.2579,0.7547,0.1461,12.2527,0.0879,5,5,5,5,0,0
5238.0,0.224237288,272.1731112,770.3754381,2.830461227,17.5,27.6,29.75,1.41,96.096,141.893,40.704,23.128,2.61,,2.94,0.3356,0.5049,0.06,0.7506,0.5935,0.4897,23.6914,0.3861,5,5,5,5,1,0
5239.0,1.365116279,1876.187922,12157.61787,6.479957432,16.3,71.2,47.25,0.27,34.136,39.72,16.289,,0.71,,11.74,0.6193,0.2125,0.1284,0.2493,0.6759,0.1367,20.3517,0.1072,5,5,5,5,0,0
5240.0,0.618871753,921.1997239,7973.880153,8.655973234,16.8,90.8,61.91,0.63,19.561,16.534,8.069,4.212,,,11.73,0.2749,0.4045,0.1269,0.0959,2.4901,0.0373,11.4624,0.0783,5,5,5,5,1,0
5241.0,1.284024691,2322.132135,15777.05822,6.79421209,16.1,77.7,52.48,0.37,40.915,62.184,32.393,13.578,0.82,,11.73,0.8287,0.0982,0.1672,0.172,0.8971,0.0748,29.0761,0.0561,5,5,5,5,0,0
5242.0,0.669488026,16229.76056,201190.3799,12.39638621,29.2,54.6,38.81,9.64,1057.721,980.266,392.969,152.683,21.53,,11.75,2.057,0.2745,1.7204,0.1368,,,751.9194,0.0403,5,5,0,5,1,0
5246.0,2.071252087,4193.53155,8365.381889,1.994829844,14.1,31.4,42.08,0.26,34.654,58.695,16.628,,,,11.76,0.3563,0.3312,0.107,0.1574,0.7794,0.0805,13.8471,0.1268,5,5,5,5,1,0
5247.0,0.354794521,263.6585457,134.7955917,0.511250608,13.4,9.3,20.18,0.56,42.57,45.111,24.641,10.48,,,2.59,2.3574,0.1011,0.8774,0.1116,1.8169,0.107,24.4667,0.1383,5,5,5,5,0,0
5248.0,0.817794677,1285.008778,703.8717214,0.547756352,11.6,15.1,38.03,0.5,11.533,26.112,17.122,8.807,1.17,,5.66,0.1914,0.0818,0.0629,0.151,0.2082,0.1126,3.8799,0.0816,5,5,5,5,1,0
5250.0,0.62984127,347.9841774,13146.20882,37.77817979,21.8,225.4,53.23,0.24,27.985,18.424,4.67,,,,11.78,0.4507,0.2174,0.1625,0.1312,1.5448,0.059,32.8425,0.0496,5,5,5,5,0,0
5252.0,0.868059846,1299.005772,6175.374119,4.753923541,16.7,50.5,41.46,0.46,37.605,50.336,19.026,8.383,0.64,,9.67,1.0877,1.5708,0.0566,0.1559,0.4654,0.2002,18.0811,0.0704,5,5,5,5,1,0
5253.0,0.449113505,253.1577716,2559.041732,10.10848577,18.8,81.5,44.83,0.34,14.724,12.174,4.246,,,,9.68,0.132,0.1288,0.0262,0.2122,0.2914,0.1595,7.8731,0.1312,5,5,5,5,0,0
5254.0,0.366329966,58.12435466,9326.736274,160.4617605,30.9,512.7,49.79,0.12,788.852,146.251,102.529,16.975,0.87,,2.72,6.2122,0.2167,,,,,,0.4399,5,0,0,5,0,0
5255.0,0.292596491,274.2991924,10756.28782,39.21370575,18.9,317.9,54.14,0.85,194.092,197.002,57.164,,,,2.69,6.078,0.1432,,,,,147.2003,0.3126,5,0,0,5,1,0
5256.0,0.791590698,309.181185,8121.407269,26.26746925,19.7,190.7,53.87,0.13,22.701,16.771,6.608,1.872,,,9.67,0.8769,0.0955,0.4094,0.0715,1.7629,0.0406,23.2747,0.0584,5,5,5,5,0,1
5257.0,0.923809524,927.8445035,27138.31698,29.24877701,25.1,133.8,47.77,0.29,107.048,74.671,20.856,8.192,1.18,,11.64,0.5042,0.4257,0.0617,0.3197,1.6857,0.1296,23.9271,0.144,5,5,5,5,1,0
5259.0,0.496961749,2131.148495,100632.7201,47.21994753,23.6,255.3,58.06,2.32,486.681,186.409,79.543,28.713,7.05,,8.12,9.7334,0.04,,,,,387.8709,0.1052,5,0,0,5,1,0
5261.0,0.667210944,1281.985514,104725.3724,81.6899811,27.6,321.3,52.05,0.76,193.349,129.392,34.416,9.258,1.56,,11.63,2.585,0.1512,0.773,0.0914,6.6098,0.1184,232.7755,0.0789,5,5,5,5,1,0
5262.0,0.8296875,1294.610189,20402.15007,15.75929978,19.1,123.3,49.96,0.51,52.738,50.242,13.744,5.831,0.65,,11.8,0.6519,0.1839,0.1627,0.2688,2.74,0.1216,53.0274,0.152,5,5,5,5,0,0
5263.0,0.803086312,1747.073313,99935.05298,57.20140778,25.4,260.4,53.15,0.73,200.387,153.628,41.453,12.187,1.39,,11.66,2.9039,0.0621,0.8354,0.1396,,,201.7531,0.097,5,5,0,5,0,0
5264.0,0.187634855,97.21473115,1884.601367,19.38596491,20.3,134.7,57.36,0.75,79.191,83.509,26.861,,,,2.66,2.7088,0.1973,1.372,0.1391,10.7714,0.0556,152.3344,0.1769,5,5,5,5,0,0
5265.0,0.634882591,10996.86562,293242.7173,26.66602716,29.6,108.9,43.67,7.37,1166.805,688.366,213.935,71.446,16.54,,11.88,2.2707,0.5484,1.0335,0.2636,14.3932,0.1426,961.3911,0.1914,5,5,5,5,1,0
5266.0,0.653955409,1466.363769,26278.03518,17.92054314,22.2,105.2,46.82,0.9,88.962,77.903,22.428,8.415,1.08,,11.82,0.6476,0.4938,0.2923,0.1612,3.5052,0.0633,52.4591,0.0687,5,5,5,5,1,0
5267.0,0.406613546,194.5774258,3644.483922,18.73025048,23.8,95.1,43.06,0.32,30.898,20.086,5.534,2.366,,,9.72,0.2285,0.2095,0.0542,0.1357,0.4552,0.0671,8.3601,0.0656,5,5,5,5,0,0
5268.0,0.481251241,375.717263,17491.1748,46.55408874,22.5,264.0,62.87,0.43,31.553,22.181,5.175,,,,11.82,0.8469,0.1626,0.2595,0.1636,2.6643,0.0984,49.0927,0.0724,5,5,5,5,0,0
5271.0,1.187615658,398.074305,236.522886,0.594167679,11.5,16.4,41.2,0.08,2.073,14.915,9.914,1.58,,,6.18,,0.2654,0.0298,0.2682,0.0924,0.1532,1.1728,0.2225,5,5,5,5,0,0
5272.0,0.14,6.5,124.4,19.13846154,20.7,1.2,45.59,0.09,28.856,23.759,6.591,1.92,,,1.4,0.4008,0.3686,0.1673,0.4304,0.5145,0.1996,22.3235,0.3479,5,5,5,5,0,0
5273.0,0.14,10.1,161.2,15.96039604,17.7,214.9,57.63,0.13,22.266,15.605,8.006,3.04,,,1.4,0.2652,0.337,0.2579,0.0484,4.1484,0.0141,30.6982,0.0857,5,5,5,5,0,0
5274.0,0.264403292,75.05441074,184.1126082,2.453055142,14.2,38.3,44.04,0.28,13.871,17.188,9.249,3.226,,,2.57,0.414,0.2224,0.0901,0.416,0.2026,0.3702,6.3781,0.0515,5,5,5,5,1,0
5275.0,0.1,23.9,363.0,15.18828452,19.6,1.1,49.57,0.58,75.871,54.9,21.711,8.388,,,1.4,1.0983,0.0666,0.4155,0.2458,2.8941,0.0822,72.6828,0.1201,5,5,5,5,0,0
5276.0,0.23,30.8,480.9,15.61363636,19.1,1.2,48.58,0.16,92.944,84.618,27.057,11.161,,,1.4,1.293,0.3351,0.5801,0.1683,4.4258,0.0872,58.1593,0.1833,5,5,5,5,1,0
5277.0,0.16,21.1,104.4,4.947867299,15.0,0.6,47.83,0.22,18.348,22.045,9.193,5.301,,,1.4,0.2764,0.325,0.0788,0.3242,0.4345,0.1761,17.9879,0.1766,5,5,5,5,0,0
5278.0,0.171380753,146.5126171,3124.378691,21.32498042,22.5,123.5,48.37,1.37,195.946,200.909,57.72,26.3,1.91,,2.56,1.5392,0.0599,0.6056,0.1803,,,98.7839,0.113,5,5,0,5,0,0
5279.0,0.25923913,121.6879332,669.2836326,5.5,19.1,43.3,33.76,0.49,109.239,89.749,26.507,16.039,2.2,,2.65,,0.5857,0.1243,0.3355,1.1083,0.1959,,0.212,5,5,5,5,1,0
5280.0,0.460792157,4561.32392,314087.2876,68.85879912,35.0,206.0,48.31,5.67,805.726,653.891,138.466,53.122,8.04,,11.99,2.0995,0.0598,0.7548,0.1122,,,679.0766,0.0387,5,5,0,5,0,0
5283.0,0.27598513,187.5665842,2864.579185,15.27233221,18.8,125.0,55.48,0.66,117.027,146.046,41.359,,3.75,,2.56,,0.6504,,,,,,0.273,5,0,0,5,0,0
5284.0,0.270042194,187.3823924,6603.187495,35.23910336,18.0,318.4,54.68,0.67,147.292,138.429,32.621,17.831,,,2.56,,0.4858,,,,,,0.5105,5,0,0,5,0,0
5285.0,0.557961783,293.8095257,495.390101,1.686092715,13.6,29.1,39.98,0.25,13.968,21.953,11.265,4.011,,,4.38,0.5417,0.0659,0.1891,0.1384,0.2532,0.1302,5.8931,0.0854,5,5,5,5,0,0
5288.0,0.992983607,1248.225802,111108.4844,89.0131291,27.1,355.2,52.78,0.33,118.861,69.934,17.466,7.765,0.97,,15.94,1.1215,0.325,0.8503,0.1381,,,126.0839,0.0634,5,5,0,5,1,0
5289.0,0.667682927,1534.577632,27601.23253,17.98620802,27.0,73.8,32.61,0.91,206.966,219.013,46.298,30.002,1.37,,12.0,,0.2842,,,,,,0.7233,5,0,0,5,0,0
5291.0,1.61464986,4371.619842,107496.0124,24.58951516,15.5,307.7,74.86,0.44,60.674,197.92,43.231,19.889,3.41,,9.77,,0.1084,,,,,202.3017,0.241,5,0,0,5,0,0
5292.0,0.181012146,288.0860676,3343.317611,11.60527351,15.4,154.4,51.1,2.26,213.249,62.591,33.254,16.944,3.61,,2.63,2.1243,0.1165,0.4365,0.1348,,,108.1105,0.1377,5,5,0,5,0,0
5293.0,0.240803571,360.604831,6843.079974,18.97667304,23.2,104.3,43.65,1.61,467.411,434.216,145.73,52.737,5.89,,2.79,2.1257,0.2012,0.9971,0.4221,,,,0.1029,5,5,0,5,0,0
5294.0,1.178070444,9752.390576,456986.6203,46.85893338,27.7,188.0,55.27,1.86,1130.903,964.847,255.118,97.347,10.93,,12.02,5.1374,0.2552,,,,,873.6965,0.06,5,0,0,5,0,0
5295.0,0.299241786,845.5098933,62928.99904,74.42727701,29.4,274.1,52.87,2.51,135.485,73.817,19.209,,0.96,,11.84,1.593,0.1487,0.4582,0.1206,4.8369,0.0996,,0.0235,5,5,5,5,0,0
5296.0,0.115052265,85.60986293,3288.186327,38.40896615,21.4,246.8,52.95,1.68,104.318,87.827,22.949,,,,2.54,2.0889,0.39,1.2058,0.3965,11.8924,0.3112,128.1285,0.2804,5,5,5,5,1,0
5297.0,0.224916388,715.5888648,3146.535134,4.397127022,16.8,49.7,48.06,3.75,178.154,209.486,106.453,47.946,,,2.69,1.254,0.0769,0.3899,0.1963,3.7273,0.0842,91.2355,0.1345,5,5,5,5,0,0
5298.0,0.366572438,249.4911211,1862.348737,7.464589235,14.9,102.8,52.47,0.49,41.94,72.187,39.066,,1.65,,2.66,0.9028,0.5553,0.424,0.2346,2.186,0.1883,43.6471,0.222,5,5,5,5,0,0
5299.0,0.292535211,269.3756199,98.13287046,0.364297521,10.8,12.3,58.91,0.83,5.141,24.937,13.509,6.227,,,2.68,0.7589,0.1334,0.1799,0.2441,0.2616,0.2913,8.2423,0.0996,5,5,5,5,0,0
5300.0,0.730020704,216.7704007,345.960804,1.595978062,13.8,27.0,38.06,0.11,11.666,24.656,7.519,4.147,,,4.3,0.3582,0.2747,0.1022,0.3403,0.1516,0.1968,4.2164,0.1596,5,5,5,5,1,0
5301.0,0.325171289,47.09174307,7893.918473,167.6285047,33.2,478.0,61.57,0.12,56.216,23.852,5.651,4.155,,,6.43,1.8923,0.2044,0.6201,0.3745,3.6184,0.2161,53.9018,0.2435,5,4,5,5,0,0
5302.0,0.390016393,1250.569335,147832.74,118.2123501,31.6,383.4,55.72,2.13,821.332,530.083,139.284,47.888,6.18,,6.43,8.238,0.1457,,,,,881.3452,0.1447,5,0,0,5,1,0
5304.0,0.3515,716.6715,151.2745,0.211079274,9.7,0.1,40.64,1.48,6.732,29.65,20.024,11.46,,,2.59,0.1664,0.254,0.0246,0.2201,0.2516,0.1209,4.7579,0.0845,5,5,5,5,0,0
5306.0,0.15,108.3,311.8,2.879039705,15.5,19.0,44.81,1.27,61.597,126.242,32.589,17.04,1.76,,1.4,0.7854,0.0773,0.1686,0.0868,2.6879,0.0849,39.5478,0.0574,5,5,5,5,0,0
5307.0,0.17,98.1,606.5,6.182466871,17.8,0.6,42.93,0.91,171.179,237.334,78.705,34.556,3.6,,1.4,1.763,0.2831,0.5081,0.2371,5.1144,0.0656,,0.1742,5,5,5,5,0,0
5308.0,0.225412844,213.0714334,609.452605,2.860320576,14.5,42.9,51.57,1.14,33.266,57.964,22.3,8.893,1.46,,2.73,0.8613,0.035,0.3018,0.1006,1.8189,0.0235,21.7285,0.0568,5,5,5,5,0,0
5311.0,0.08,23.0,1453.2,63.1826087,25.7,2.8,52.73,0.99,211.319,139.508,39.685,12.38,1.83,,1.4,1.7762,0.055,0.9672,0.0842,,,237.7808,0.0248,5,5,0,5,0,0
5314.0,0.366209476,211.4470215,1116.962426,5.282469423,15.5,66.8,54.54,0.42,19.883,25.113,10.796,4.1,0.43,,4.45,0.2936,0.1422,0.1205,0.2625,0.731,0.1867,12.5062,0.2138,5,5,5,5,1,0
5316.0,0.30152439,323.6231224,639.5122881,1.976101965,15.2,26.5,35.29,0.93,27.12,34.099,16.441,6.943,1.2,,4.3,0.1682,0.4794,0.0521,0.263,0.1782,0.5031,8.7906,0.0708,5,5,5,4,1,0
5317.0,0.1905,26.00389796,105.9082806,4.07278481,14.6,0.6,44.82,0.19,23.284,31.362,11.596,6.344,,,1.27,0.3771,0.4138,0.0996,0.3118,0.1508,0.2652,,0.1851,5,5,5,5,0,0
5318.0,0.623300971,197.1658309,305.6232256,1.550082102,15.9,17.7,24.61,0.14,23.48,31.457,28.791,11.57,0.7,,4.28,0.4408,0.2101,0.1436,0.2779,1.1581,0.0697,,0.2028,5,5,5,5,0,0
5319.0,0.128029392,20.13918588,324.7204255,16.12381094,19.3,123.1,48.19,0.32,17.606,14.623,4.803,0.99,,,2.59,0.3162,0.2656,0.0937,0.1866,0.6737,0.0699,15.857,0.0285,5,5,5,5,0,0
5320.0,0.757242553,5085.417522,161590.9397,31.77535354,24.6,158.9,50.89,2.38,476.767,409.539,128.891,47.231,6.19,,10.72,7.8808,0.1642,3.1022,0.258,,,462.749,0.0981,5,5,0,5,1,0
5321.0,1.836231884,2039.145138,8267.836589,4.054560137,15.9,47.3,40.97,0.16,34.324,39.346,15.755,6.257,,,11.9,1.3722,0.3146,0.3508,0.0787,0.6477,0.12,27.7359,0.0668,5,5,5,5,0,0
5322.0,0.125,15.625,210.0694444,13.44444444,17.8,120.3,49.72,0.2,17.314,15.858,5.865,2.392,0.44,,2.0,0.3239,0.1924,0.0833,0.2577,0.4534,0.0611,13.441,0.1414,5,5,5,5,0,0
5323.0,0.212638436,87.99675753,292.7992021,3.327386262,15.5,42.1,42.98,0.51,21.484,29.371,12.456,4.905,0.71,,2.72,0.607,0.2662,0.1764,0.1034,0.4761,0.085,11.4991,0.0389,5,5,5,5,0,0
5324.0,0.53027027,445.1773382,1633.659196,3.669681847,15.6,45.2,43.3,0.41,41.448,57.06,24.158,11.262,1.15,,4.36,0.8,0.4454,0.123,0.2037,1.632,0.2562,36.0637,0.1638,5,5,5,5,1,0
5326.0,0.13,167.4,3314.2,19.79808841,23.2,102.9,45.46,2.73,380.934,386.066,114.914,37.35,4.99,,2.0,1.1885,0.2634,0.5697,0.2028,,,264.7363,0.1001,5,5,0,5,1,0
5329.0,0.19942446,187.0367786,877.1970809,4.68997107,16.6,51.2,56.99,1.21,65.728,71.105,28.577,10.004,2.49,,2.64,2.9241,0.1069,0.9439,0.1269,6.4232,0.1266,66.9216,0.0836,5,5,5,5,1,0
5330.0,0.1,26.1,1489.5,57.06896552,29.0,4.5,47.17,0.71,226.955,79.471,23.382,13.204,1.97,,2.0,0.5995,0.3639,0.1866,0.6123,1.8129,0.5232,45.4337,0.4841,5,5,5,5,1,0
5333.0,0.14815047,148.7793516,5373.676265,36.11842777,24.7,176.8,82.26,1.79,252.688,194.829,64.664,14.417,2.52,,2.78,3.4208,0.2308,,,,,197.0666,0.1091,5,0,0,5,1,0
5334.0,0.234705882,472.7331693,1445.55166,3.057859599,15.4,40.7,53.61,2.23,93.068,116.205,58.652,28.376,5.21,,2.66,2.0139,0.3389,0.6465,0.1606,6.388,0.0769,54.3884,0.0674,5,5,5,5,1,0
5337.0,1.324432203,1670.201714,16435.74569,9.840575275,18.6,80.8,47.79,0.25,60.298,56.41,19.995,7.15,1.2,,11.93,1.2773,0.7355,0.3564,0.5575,2.3295,0.5193,51.5489,0.3444,5,5,5,5,1,0
5340.0,0.830357143,359.6123016,796.6521117,2.215308287,14.9,30.6,38.68,0.14,29.243,45.142,18.716,6.683,,,4.34,0.5024,0.511,0.16,0.3674,0.3551,0.3961,6.0575,0.3849,5,5,5,5,0,0
5344.0,0.384284211,649.3199036,11641.03598,17.92804428,23.3,96.5,41.37,1.18,100.506,83.665,24.037,8.064,1.73,,8.49,0.9755,0.1726,0.275,0.1337,1.6773,0.106,,0.0827,5,5,5,5,1,0
5346.0,0.468319559,1708.461188,13267.66285,7.765855585,20.6,54.4,42.78,2.05,90.653,84.78,30.296,9.838,1.43,,10.0,0.3125,0.9157,0.0836,0.2122,0.9461,0.0903,23.4961,0.069,5,5,5,5,0,0
5347.0,0.231298701,163.5837536,239.4796509,1.463957426,12.7,31.1,49.78,0.8,11.639,18.907,11.749,5.849,,,2.74,0.9048,0.0958,0.2511,0.1697,1.1948,0.0951,10.8017,0.0764,5,5,5,5,0,0
5350.0,0.321520343,578.817464,16800.2212,29.02507654,23.8,150.7,67.16,1.46,305.911,269.054,83.584,27.657,4.04,,4.29,3.2147,0.2649,,,,,168.41,0.0913,5,0,0,5,0,0
5353.0,1.07889243,477.5754947,843.5146302,1.766243535,10.9,57.7,94.73,0.11,1.311,4.603,1.978,,,,8.41,0.7822,1.1544,,-4.1029,,0.2864,1.3096,0.0608,5,5,5,5,0,0
5354.0,0.367123288,37.90673672,446.1201726,11.76888889,17.2,114.4,48.33,0.07,24.207,17.219,4.433,3.239,,,2.68,1.0329,0.1172,0.3189,0.1539,0.4103,0.0846,13.875,0.1134,5,5,5,5,0,0
5357.0,0.470769231,394.0828402,1013.28284,2.571243243,14.3,39.3,46.14,0.48,34.566,114.592,59.879,,3.14,,2.64,0.6716,0.362,0.106,0.2866,0.8158,0.1697,8.5069,0.1334,5,5,5,5,1,0
5358.0,1.068168631,751.9877034,28864.67542,38.38450454,20.2,268.6,52.16,0.18,59.352,34.786,14.524,,,,10.07,2.7069,0.2061,1.0286,0.2493,4.1534,0.0911,68.8334,0.2186,5,5,5,5,0,0
5359.0,0.630899358,784.3635754,3328.40361,4.243444894,14.0,68.2,49.62,0.52,32.206,139.158,36.949,17.92,1.62,,4.27,2.697,0.3454,0.8514,0.2371,3.6992,0.1215,,0.1399,5,5,5,5,0,0
5360.0,0.997129909,1426.182611,3789.420575,2.657037428,14.7,38.0,44.16,0.38,24.097,58.046,13.193,6.493,,,8.61,1.8643,1.0626,0.7264,0.201,4.229,0.1003,73.6153,0.1778,5,5,5,5,1,1
5363.0,0.20922049,470.3811633,3989.693258,8.481830417,20.1,63.4,44.1,2.78,124.396,128.793,43.1,14.63,3.17,,4.27,,-3.4084,0.0443,0.4792,1.9079,0.075,56.7769,0.0536,5,5,5,5,1,1
5365.0,0.220859375,91.10762939,1072.832649,11.77544248,18.9,94.5,49.74,0.49,72.955,86.902,30.032,10.948,1.02,,2.57,1.4941,0.1819,0.3865,0.1617,1.4131,0.1736,43.3384,0.1164,5,5,5,5,0,0
5366.0,0.19,118.0,139.2,1.179661017,13.6,0.5,36.4,0.83,23.346,53.691,23.832,9.606,1.02,,2.0,0.109,0.3782,0.0112,0.5702,0.0917,0.3151,6.0459,0.2047,5,5,5,5,0,0
5368.0,0.1,25.4,664.4,26.15748031,21.1,3.9,55.63,0.66,52.027,50.23,14.452,4.036,0.7,,2.0,0.9412,0.1214,0.3678,0.1588,5.2613,0.0496,47.8331,0.0477,5,5,5,5,0,0
5370.0,0.253475061,28.05321017,76.72780296,2.73508103,15.3,35.1,37.22,0.12,13.943,16.463,7.311,3.685,,,2.0,0.3285,0.8015,0.0627,0.4117,0.0943,0.3772,,0.1887,5,5,5,5,0,0
5371.0,0.280731452,112.8497047,77.4735975,0.686520162,12.3,15.6,33.05,0.38,7.58,11.278,8.829,3.554,,,2.66,0.0935,0.1679,0.0285,0.2106,0.0551,0.0929,1.7014,0.0428,5,5,5,5,0,0
5373.0,0.254779736,117.994392,8.84694638,0.074977685,9.7,3.6,14.76,0.48,1.071,3.469,3.397,1.82,,,2.69,,0.7937,0.0418,0.3512,0.3485,0.1193,1.5759,0.854,5,5,5,5,0,0
5375.0,0.480436469,2892.521938,56075.49664,19.38636866,26.0,90.1,42.1,3.34,412.223,425.501,126.749,38.609,5.02,,8.69,0.6043,0.6009,0.4476,0.0935,8.7584,0.1461,,0.0141,5,5,5,5,1,0
5376.0,0.493180272,833.1811002,13468.20127,16.1647945,20.6,110.2,66.07,0.92,139.734,172.517,51.008,16.205,2.35,,6.17,1.1291,0.5237,1.3194,0.3063,,,,0.1404,5,5,0,5,1,0
5377.0,0.738046181,22.47419779,298.8855617,13.29905363,21.5,82.5,40.2,0.01,12.74,10.062,2.603,,,,4.24,0.0526,8.7693,0.3404,0.1074,5.3017,0.038,8.6523,0.1963,5,5,5,5,1,0
5379.0,0.194414063,8.399295044,202.5163361,24.11111111,20.0,172.1,47.51,0.06,1.905,1.726,0.45,,,,5.53,21.3447,0.7197,,,,,17.8051,0.3575,5,0,0,5,1,0
5380.0,0.31,7.3,153.0,20.95890411,21.2,104.1,48.95,0.02,18.69,9.103,4.521,,,,2.0,,0.4664,0.3415,0.5843,1.6404,0.1754,,0.3684,5,5,5,4,1,0
5381.0,0.08,21.1,724.5,34.33649289,23.3,134.5,56.38,0.93,65.951,53.873,12.852,5.542,,,2.0,0.7399,0.1311,0.3444,0.2697,4.6892,0.0983,51.8889,0.1006,5,5,5,5,0,0
5384.0,0.23,11.4,48.8,4.280701754,15.1,48.7,46.28,0.06,4.991,5.411,2.536,1.337,,,2.0,0.1375,0.3536,0.0497,0.4041,0.175,0.2116,3.3837,0.2549,5,5,5,5,0,0
5385.0,0.08,4.7,56.6,12.04255319,19.9,1.7,42.5,0.19,8.304,7.509,2.267,,,,2.0,0.2165,0.158,0.0344,0.4119,0.0826,0.4425,3.3741,0.0753,5,5,5,5,0,0
5386.0,0.436345178,1355.661991,35791.09559,26.40119427,22.8,150.3,49.0,1.88,348.466,355.217,94.52,31.081,4.6,,6.14,1.6152,0.1348,0.4294,0.141,,,246.2596,0.0195,5,5,0,5,0,0
5388.0,0.257281553,133.7644264,362.6361014,2.711005542,15.5,34.3,38.24,0.56,13.958,19.954,6.988,3.461,,,4.24,0.0076,41.5939,0.0208,0.3359,0.1504,0.1552,4.9233,0.0537,5,5,5,5,0,0
5389.0,0.25,25.1,143.8,5.729083665,18.6,35.7,34.7,0.1,32.566,28.623,9.213,4.014,,,2.0,0.4614,0.4168,0.1348,0.2939,0.1975,0.3143,10.7264,0.134,5,5,5,5,1,0
5390.0,0.34425,67.7885625,529.3035,7.808153477,16.2,1.8,48.22,0.15,22.203,37.378,11.397,4.813,,,2.55,0.8963,0.2541,0.2995,0.1954,0.7097,0.1828,,0.1598,5,5,5,5,0,0
5391.0,0.465083135,1171.576505,312.3468108,0.266603853,7.8,28.5,51.86,1.45,0.777,35.118,13.25,9.484,,,2.67,0.5282,1.022,0.0369,0.28,0.2609,0.2421,,0.0789,5,5,5,5,0,0
5392.0,0.847554992,3869.639802,42833.50282,11.06911884,19.3,87.4,47.13,1.43,128.774,136.112,45.022,17.747,1.96,,12.07,0.8265,0.2233,0.4349,0.4026,4.9101,0.138,95.6295,0.2316,5,5,5,5,0,0
5394.0,0.648583403,1054.629386,26187.03613,24.83055799,20.3,173.2,53.11,0.67,49.668,51.285,14.69,4.277,0.77,,12.09,1.5181,0.2819,0.9132,0.1709,4.8649,0.0712,56.1941,0.0985,5,5,5,5,1,0
5395.0,0.125151515,10.54848485,145.7608815,13.81818182,17.0,139.2,51.32,0.2,25.73,21.105,10.621,3.279,,,1.18,1.8104,0.1642,0.5687,0.3035,1.4425,0.1615,34.5266,0.1168,5,5,5,5,1,0
5396.0,0.153913043,17.54757404,100.6060912,5.733333333,15.8,68.1,47.78,0.18,28.218,33.725,12.349,8.134,,,1.18,0.5121,0.3353,0.1206,0.4041,0.3382,0.3525,14.5135,0.0932,5,5,5,5,1,0
5397.0,0.669556314,278.4216635,470.0471247,1.68825629,14.6,24.3,34.18,0.17,11.673,17.328,7.244,,,,5.77,0.0699,0.4012,0.0178,0.1994,0.0478,0.0725,1.4633,0.1658,5,5,5,5,0,0
5398.0,0.16,52.5,624.9,11.90285714,18.0,2.2,46.9,0.53,52.728,79.15,20.579,7.97,,,2.0,,0.3467,,1.6795,,2.6094,12.077,0.2299,5,5,5,5,0,0
5399.0,0.11,4.4,309.2,70.27272727,30.6,4.7,62.08,0.1,43.457,14.346,6.65,,,,2.0,0.4241,0.6759,0.273,0.8636,2.4742,1.3591,17.171,0.237,5,5,5,5,1,0
5400.0,0.17,81.4,451.6,5.547911548,16.6,1.2,53.01,0.74,47.987,62.893,30.745,,0.92,,2.0,,0.2848,0.0835,0.3527,0.7625,0.3139,17.0209,0.1473,5,5,5,5,0,0
5401.0,0.26,199.4,880.8,4.417251755,16.7,1.0,44.51,0.77,90.847,146.625,54.767,,3.32,,2.0,1.0033,0.1249,0.2459,0.2791,2.2096,0.2338,23.0658,0.2844,5,5,5,5,1,0
5402.0,0.43,218.4,90.5,0.414377289,10.4,15.9,42.39,0.32,7.048,40.715,13.155,,,,2.0,0.3056,0.3401,0.063,0.3203,0.0992,0.1176,6.3407,0.0654,5,5,5,5,0,0
5404.0,0.21,35.3,121.7,3.447592068,13.8,38.5,49.71,0.21,8.964,17.794,2.244,,,,2.0,0.2168,0.0644,0.0671,0.1451,0.3423,0.08,5.794,0.0616,5,5,5,5,0,0
5405.0,0.194380165,242.2482891,5664.989031,23.3850528,21.5,148.6,51.82,1.74,217.111,174.653,58.585,26.932,3.25,,2.94,5.9674,0.1136,1.4908,0.2258,13.7284,0.0801,179.6025,0.1076,5,5,5,5,0,0
5406.0,0.794108108,3569.446387,15412.678,4.317946351,17.0,44.8,40.28,1.49,113.748,166.806,63.257,24.614,3.65,,8.85,0.3807,0.3973,,1.0784,,0.9971,12.1095,0.3799,5,5,5,5,0,0
5407.0,0.623448276,2636.168401,115289.2854,43.73365731,24.0,226.0,52.84,1.79,305.669,259.783,73.275,27.959,2.99,,10.17,1.4585,0.129,1.0559,0.0881,,,437.4449,0.0292,5,5,0,5,0,0
5411.0,0.191024931,1921.311622,4645.699858,2.41798353,23.8,16.7,25.78,13.65,2093.345,705.643,389.822,100.309,,,4.31,2.8479,0.3895,1.0083,0.5432,,,3514.6117,0.0517,5,5,0,5,1,0
5413.0,0.906216216,6995.743799,364392.159,52.08769352,20.2,380.1,60.23,2.26,308.795,423.457,156.86,50.243,7.74,,9.58,22.4025,0.1016,,,,,606.1631,0.0831,5,0,0,5,0,0
5415.0,0.487741935,885.6224766,2128.352966,2.403228263,12.9,49.1,50.1,1.0,32.846,38.982,32.961,11.274,1.52,,4.32,0.7105,0.4928,0.1953,0.5534,0.5593,0.5997,10.7629,0.3643,5,5,5,5,1,0
5416.0,0.565286458,61.75370009,4217.618008,68.29741379,27.1,270.0,48.47,0.05,77.856,45.68,10.995,4.387,,,4.43,3.8896,0.2734,1.2945,0.2458,5.3304,0.1929,,0.1751,5,5,5,5,0,0
5417.0,1.1583,1966.840178,10419.68813,5.297679112,14.9,1.7,49.45,0.4,36.325,63.653,22.673,7.983,,,8.91,1.0564,0.5354,0.3256,0.3865,2.6947,0.0981,55.8571,0.1404,5,5,5,5,1,0
5418.0,0.771140725,1665.423118,14134.66126,8.487129252,19.0,68.0,42.58,0.74,103.821,85.896,38.007,14.723,1.78,,8.93,1.9389,0.5552,0.4665,0.6025,2.6151,0.3476,58.4114,0.4674,5,5,5,5,0,0
5419.0,0.951677419,2034.452512,11810.46996,5.805232558,15.7,71.0,47.12,0.59,48.168,57.224,29.32,11.611,1.63,,8.94,1.1174,0.3484,0.2345,0.2468,1.6799,0.1248,45.5882,0.0953,5,5,5,5,1,0
5420.0,1.015888889,499.1318148,1485.730617,2.976629766,17.4,28.4,26.19,0.13,22.331,26.408,8.028,,,,8.92,,0.3202,0.303,0.3162,2.4787,0.2272,,0.4225,5,5,5,5,0,0
5421.0,0.245853659,509.4567519,9723.949078,19.08689804,21.0,128.9,63.95,2.16,173.849,219.434,142.574,,3.22,,4.32,3.3782,0.2138,1.4681,0.4243,16.9418,0.1823,138.9869,0.347,5,5,5,5,0,0
5422.0,0.83030859,11356.11421,275274.5861,24.24020937,23.1,142.9,54.41,4.35,674.878,592.368,236.594,80.125,,,10.94,6.2535,0.0583,1.4748,0.3205,,,735.8886,0.0764,5,5,0,5,1,0
5423.0,0.813397129,3078.592523,6804.331403,2.210208513,14.2,35.4,42.83,1.24,83.523,124.133,72.059,21.273,,,6.0,0.8585,0.6888,0.1088,0.6425,,0.1691,,0.4455,5,5,5,5,1,0
5424.0,0.306529563,156.9079989,694.8990808,4.42870399,16.5,48.2,42.45,0.44,53.052,62.944,26.312,10.313,,,2.71,0.7055,0.1224,0.1666,0.1714,0.6268,0.1372,13.3553,0.1396,5,5,5,5,0,0
5425.0,0.420194986,1423.897176,516.2870415,0.362587306,12.6,8.2,20.09,2.2,22.067,65.263,46.623,20.683,3.37,,4.31,0.7667,0.2108,0.2323,0.1011,0.9428,0.0823,13.7307,0.0625,5,5,5,5,0,0
5426.0,0.409257375,243.8346838,1505.439308,6.174016282,17.2,60.5,42.01,0.39,10.636,11.221,3.59,1.721,,,8.94,0.2718,0.3219,0.0777,0.1299,0.1205,0.2324,4.6385,0.0262,5,5,5,5,0,0
5428.0,0.37922619,928.8683771,945.1798142,1.017560547,11.7,27.5,57.84,1.68,31.745,94.948,43.429,27.616,4.85,,2.77,0.9956,0.0793,0.2956,0.1912,2.4875,0.0639,27.0521,0.0801,5,5,5,5,0,0
5429.0,0.15795858,176.5225255,743.0672167,4.209475333,17.0,44.1,51.2,1.92,52.45,80.753,28.739,13.348,1.27,,2.81,0.3575,0.1037,0.2235,0.1522,5.0796,0.0275,19.8757,0.0491,5,5,5,5,0,0
5430.0,0.799107143,561.0991656,2542.150753,4.530662152,15.7,54.7,43.24,0.24,15.73,22.102,7.599,3.083,,,8.95,0.1694,0.2829,0.0615,0.2847,0.1933,0.1767,8.4902,0.0995,5,5,5,5,0,0
5432.0,1.391297468,1809.529119,39324.99653,21.73217116,19.7,156.6,49.39,0.24,130.114,105.661,40.29,14.626,1.31,,9.77,3.927,0.2283,1.177,0.2164,5.8059,0.0668,124.9535,0.1249,5,5,5,5,0,0
5434.0,0.596688742,1059.247757,11309.42075,10.67684182,18.6,90.0,57.72,0.8,58.694,65.264,20.3,7.403,1.22,,9.01,1.178,0.0395,0.3139,0.1393,4.8925,0.0525,34.9254,0.0419,5,5,5,5,0,0
5435.0,0.281340965,41.09129515,87.30937342,2.124765674,13.6,37.2,41.69,0.14,6.233,9.517,3.816,,,,2.53,0.125,0.4748,0.0203,0.2172,0.0498,0.342,3.0321,0.0971,5,5,5,5,0,0
5436.0,0.114882353,16.76678979,672.0183218,40.08032129,23.7,203.6,49.25,0.32,31.942,21.558,5.123,,,,2.79,0.4961,0.0845,0.111,0.3795,1.1677,0.1808,30.5488,0.156,5,5,5,4,0,0
5437.0,1.187638623,1783.767042,2029.824334,1.137942504,12.3,25.9,42.71,0.34,8.183,18.092,9.922,4.608,,,9.63,0.2418,0.2136,0.062,0.2144,0.1953,0.0806,6.1558,0.0596,5,5,5,5,0,0
5438.0,0.300289855,69.03020374,615.8706154,8.921755725,16.2,100.7,48.59,0.2,18.988,20.269,9.581,,,,2.8,,0.5148,0.1802,0.374,0.5243,0.2535,,0.1892,5,5,5,5,0,0
5439.0,0.930235897,406.0755764,3634.151612,8.949446417,17.8,80.1,50.8,0.12,19.747,20.835,8.247,3.683,0.33,,8.98,0.763,0.6454,0.256,0.2431,1.488,0.1074,19.165,0.2191,5,5,5,5,0,0
5440.0,0.42450805,82.1086082,2074.223201,25.26194569,22.2,144.9,47.29,0.12,53.878,35.686,10.985,4.096,0.42,,4.2,1.733,0.193,0.6425,0.1029,1.6077,0.05,46.8276,0.0645,5,5,5,5,0,0
5441.0,0.338406446,97.35522234,523.125266,5.37336625,17.1,53.2,40.89,0.23,19.477,15.999,5.904,3.105,,,4.2,,0.392,0.0531,0.1465,0.1196,0.1201,,0.1888,5,5,5,5,0,0
5442.0,0.875621302,191.7579987,393.974073,2.054537885,16.7,21.7,25.8,0.07,7.452,4.578,2.964,2.177,,,9.06,0.2003,0.1844,0.1005,0.3443,0.551,0.1764,4.9713,0.1842,5,5,5,5,0,0
5445.0,0.351649387,729.6511907,800.7138899,1.0973927,14.9,15.5,22.41,1.55,28.242,44.839,17.47,8.586,1.7,,5.74,0.1372,0.1293,0.0371,0.3019,0.0909,0.2757,7.4736,0.1191,5,5,5,5,1,0
5447.0,0.201657459,139.8250481,164.6799426,1.177757096,14.5,17.6,27.51,0.95,19.743,26.026,13.25,5.881,1.07,,2.92,0.4326,0.3528,0.1478,0.2259,0.4537,0.1889,9.6132,0.2724,5,5,5,5,0,0
5448.0,0.276302521,47.53770685,265.7870301,5.591078067,15.6,69.9,50.22,0.17,13.697,14.752,5.43,,,,2.74,0.2257,0.2259,,,0.6584,0.0857,10.1758,0.1537,5,0,5,5,0,0
5450.0,0.29735905,1944.156164,82039.91493,42.1982125,33.4,137.0,44.08,5.91,503.068,445.665,115.061,28.682,6.01,,9.11,,0.2869,0.0206,0.528,0.0454,0.2076,1.4676,0.8095,5,5,5,5,0,0
5451.0,0.17,266.0,5077.5,19.08834586,25.0,64.6,40.35,2.48,837.787,483.369,230.443,65.033,,,2.0,,0.2028,,,,,,0.4194,5,0,0,5,0,0
5455.0,0.176253602,618.2257871,6165.505698,9.972902824,21.4,69.5,54.42,5.16,374.745,454.352,156.218,59.7,9.98,,2.78,1.6847,0.1036,0.303,0.3365,,,78.5519,0.4194,5,5,0,5,0,0
5462.0,0.203488372,237.1822607,676.3669551,2.851675978,15.2,38.7,44.67,1.54,43.55,56.768,34.384,12.372,1.64,,2.8,0.2285,0.0908,0.0671,0.3477,0.9936,0.0985,23.1935,0.1245,5,5,5,5,0,0
5463.0,0.208148148,458.0598104,1014.691887,2.215195187,14.8,33.0,43.72,2.89,58.413,86.429,46.817,22.343,3.91,,2.81,0.6055,0.0712,0.1261,0.1892,1.0818,0.1285,27.4487,0.1494,5,5,5,5,0,0
5465.0,0.110680473,9.322362662,46.81574,5.021875,15.2,64.9,47.08,0.2,10.781,10.033,7.5,,0.54,,1.29,0.1453,0.1902,0.0431,0.1763,0.219,0.1615,6.7636,0.0624,5,5,5,5,0,0
5469.0,0.186329114,21.05098542,30.50177856,1.448947779,12.8,29.3,42.52,0.16,8.324,23.144,6.811,,,,1.28,0.114,0.0975,0.0378,0.1746,0.2501,0.046,6.0914,0.0485,5,5,5,5,0,0
5470.0,0.689056604,651.0168431,14069.67563,21.61184581,20.6,145.3,53.51,0.36,59.425,60.468,16.825,5.257,0.75,,9.13,2.0514,0.1827,0.7911,0.0762,6.4524,0.0223,68.237,0.0394,5,5,5,5,0,0
5471.0,0.228913043,392.4697543,6167.813138,15.71538462,20.0,116.6,59.1,1.99,252.224,284.501,105.582,35.52,4.88,,2.73,5.5152,0.0553,0.6712,0.3865,,,228.2056,0.0414,5,5,0,5,1,0
5473.0,0.993798165,439.5183671,1580.462483,3.595896328,15.8,42.6,39.78,0.12,9.257,8.692,3.937,,,,10.62,0.1534,0.0769,0.0403,0.1894,0.0584,0.1981,3.2818,0.0915,5,5,5,5,0,0
5474.0,0.9108,329.08032,5909.73408,17.95833333,19.7,131.5,46.29,0.12,8.593,5.479,2.037,0.999,,,16.56,0.1085,0.4419,0.0384,0.3459,0.1404,0.2117,6.1125,0.1708,5,5,5,5,1,0
5475.0,0.297072464,451.1877933,4648.09165,10.30190027,21.2,66.7,41.62,1.37,421.894,418.877,155.167,56.601,6.52,,2.77,,0.4126,,-0.3766,,,110.5122,0.2969,5,5,0,5,1,0
5477.0,0.73919708,2251.491222,18551.05787,8.239453782,19.0,66.3,47.26,1.1,99.055,90.739,35.64,11.595,2.14,,10.66,0.5493,0.1751,0.1363,0.2408,2.3129,0.1027,30.6522,0.0559,5,5,5,5,1,0
5478.0,0.190893372,345.2336885,1996.18079,5.782114715,20.0,43.4,35.06,2.44,228.09,205.938,80.284,31.783,5.24,,2.76,,0.404,0.0763,0.751,0.626,0.5058,4.8087,1.2014,5,5,5,5,0,0
5481.0,0.101243339,59.49793197,936.5111415,15.74023013,22.3,93.0,43.75,1.52,133.399,124.397,35.72,14.739,1.46,,2.0,,1.1764,,1.0846,,-2.5832,2.093,3.6358,5,5,5,5,0,0
5483.0,0.24,80.1,1062.8,13.26841448,16.5,143.0,49.79,0.37,55.806,70.275,25.438,10.826,1.34,,2.0,5.3304,0.2853,2.1248,0.1633,4.1223,0.0814,135.9029,0.2267,5,5,5,5,1,0
5485.0,0.155031447,124.5320102,1202.108995,9.653012048,18.6,82.5,45.72,1.38,82.631,75.766,27.767,12.439,2.89,,2.55,1.1118,0.2152,0.3828,0.2804,2.5145,0.0668,59.2113,0.1084,5,5,5,5,1,0
5487.0,0.222071006,28.953426,163.5733273,5.64953271,15.4,71.6,46.47,0.15,7.644,10.557,3.085,,,,2.78,0.1374,0.3567,0.0444,0.2171,0.1876,0.1509,7.8988,0.1071,5,5,5,5,0,0
5489.0,0.204277286,36.65493774,259.9896677,7.092896175,15.9,82.4,46.94,0.23,11.817,10.515,4.452,2.751,,,2.77,0.1977,0.4496,0.0766,0.1668,0.3185,0.0663,11.038,0.0424,5,5,5,5,0,0
5490.0,1.005579869,499.2017678,5946.012478,11.91104051,19.3,90.3,42.72,0.13,37.712,33.659,9.532,,0.86,,9.1,0.4847,0.6629,0.1111,0.78,0.1576,0.757,10.515,0.4337,5,5,5,5,0,0
5491.0,0.424666667,484.3915556,552.8928889,1.141417274,13.0,22.7,40.74,0.71,17.742,27.047,16.258,8.445,,,4.16,0.2876,0.0976,0.1157,0.1514,0.2797,0.1356,7.2307,0.0561,5,5,5,5,1,0
5493.0,0.15,47.7,240.4,5.039832285,17.0,51.1,41.82,0.55,35.335,41.469,15.472,6.08,,,2.0,0.3224,0.1935,0.0613,0.0928,0.6094,0.0553,15.1757,0.064,5,5,5,5,0,0
5495.0,0.11,120.8,1603.4,13.27317881,18.5,117.7,48.43,2.61,182.697,100.173,26.446,8.907,2.66,,2.0,1.5889,0.5369,0.8922,0.3135,8.4372,0.1967,166.3728,0.2414,5,5,5,5,1,0
5496.0,0.209900826,9.570538898,30.91368759,3.230088496,15.5,39.8,40.3,0.06,3.235,4.002,1.605,0.645,,,2.49,0.0459,0.2764,0.0193,0.318,0.067,0.1327,1.2858,0.1361,5,5,5,5,0,0
5497.0,1.55448468,714.1830619,4936.199018,6.911671924,16.8,71.1,43.55,0.08,13.608,15.608,5.404,1.983,,,12.78,0.4088,0.7003,0.1282,0.5147,0.1284,0.3503,7.9282,0.1165,5,5,5,5,0,0
5498.0,0.204246575,13.16627885,46.69022331,3.54619736,15.5,43.7,41.31,0.08,3.773,3.646,1.78,,,,2.73,,0.3609,0.0154,0.3275,0.0348,0.1553,1.32,0.1486,5,5,5,5,0,0
5499.0,0.201680672,17.34958689,272.4163195,15.70160265,17.6,143.7,49.67,0.11,17.468,16.72,6.744,2.136,,,2.0,0.3391,0.1928,0.1657,0.2073,0.5641,0.1585,16.8212,0.0963,5,5,5,5,1,0
5500.0,0.375621302,2591.186877,1325.431995,0.511515401,12.8,11.6,35.05,4.97,105.113,233.323,126.515,96.356,,,2.76,1.9969,0.0912,0.2875,0.1051,2.0552,0.1137,44.9957,0.0881,5,5,5,5,0,0
5502.0,0.83757764,1564.808746,1388.799043,0.887519991,12.6,19.3,37.02,0.59,6.468,15.983,8.067,3.147,,,10.85,0.0746,0.1837,0.024,0.3146,0.0742,0.1477,2.6015,0.0933,5,5,5,5,0,0
5503.0,0.13,13.5,403.1,29.85925926,20.8,196.0,61.49,0.22,30.493,21.032,6.619,2.597,,,2.0,0.549,0.1871,0.2216,0.0948,1.2936,0.0546,25.9354,0.0482,5,5,5,5,1,0
5504.0,0.08,17.7,539.6,30.48587571,23.5,160.0,48.09,0.83,58.239,49.159,10.909,,0.57,,2.0,0.1563,0.5115,0.0756,1.3712,1.928,0.9686,54.9937,1.4715,5,5,5,5,1,0
5505.0,0.04,8.5,1880.8,221.2705882,39.1,502.5,59.53,1.13,139.642,82.748,11.834,3.054,1.71,,2.0,0.3129,0.2428,0.201,0.3033,4.8909,0.1781,167.236,0.0193,5,5,5,5,1,0
5506.0,0.277817109,20.09678736,659.5218124,32.81727575,21.4,201.5,48.11,0.07,25.219,19.88,5.646,2.6,,,2.77,0.3432,0.3087,0.1501,0.1921,0.4039,0.1482,,0.1787,5,5,5,5,0,0
5507.0,0.132258065,5.372008325,172.4401665,32.09975787,23.2,169.4,47.39,0.08,18.98,11.137,3.476,1.315,,,2.0,0.6134,0.1647,0.2245,0.1621,0.4499,0.0911,15.0312,0.0676,5,5,5,5,0,0
5508.0,1.383622829,951.4098357,3316.99641,3.486401218,15.8,41.3,39.28,0.13,8.209,10.4,3.493,1.673,,,16.4,,-2.0347,,-3.6304,,0.3793,2.6276,0.1314,5,5,5,5,0,0
5509.0,0.256407982,796.7394796,18339.59941,23.01831386,23.2,130.4,88.25,3.12,328.803,343.11,118.138,37.685,6.44,,4.13,3.2922,0.2335,,,,,201.3379,0.1175,5,0,0,5,1,0
5510.0,1.737621777,1451.21897,10570.96128,7.284194529,16.9,74.2,46.09,0.13,17.997,16.996,7.285,2.722,,,16.39,0.2575,0.5068,0.1027,0.2237,0.3774,0.1118,11.9099,0.0483,5,5,5,5,0,0
5512.0,0.18,76.0,215.4,2.834210526,15.4,36.2,38.84,0.65,34.275,34.107,20.882,7.624,,,2.0,0.6476,0.571,,0.3994,0.1333,0.9572,4.805,0.654,5,5,5,5,0,0
5514.0,0.695623632,908.5537218,2917.6902,3.21135683,15.2,42.2,44.67,0.49,18.041,28.436,9.796,,,,9.35,0.2097,0.3286,0.0637,0.3575,0.4262,0.2815,6.1297,0.1487,5,5,5,5,0,0
5515.0,0.629924812,2183.412923,5537.484041,2.536159781,15.8,31.4,38.79,1.48,41.989,66.857,25.051,10.283,2.13,,9.44,,0.7813,,0.6363,,0.6475,0.7914,0.3792,5,5,5,5,0,0
5516.0,0.438673575,3228.275401,15224.08143,4.715855848,15.0,70.6,50.17,4.5,161.143,89.53,31.86,14.564,,,5.57,9.2571,0.1959,2.573,0.3017,13.1564,0.2278,266.5322,0.1879,5,5,5,5,1,0
5517.0,1.02599233,434.8643493,3047.842627,7.008720379,16.5,76.3,48.72,0.11,14.524,21.127,3.119,,,,9.47,0.423,0.2006,0.1463,0.1151,0.3477,0.1248,8.5337,0.0432,5,5,5,5,0,0
5518.0,0.101142857,26.14302041,26.42718367,1.010869565,13.9,16.6,26.83,0.61,18.709,30.109,13.473,6.356,1.38,,1.18,0.1252,0.238,0.0361,0.2031,0.1469,0.1404,7.7354,0.0904,5,5,5,5,0,0
5519.0,0.818024928,1812.52782,98539.55368,54.36581586,24.9,256.0,54.56,0.72,332.896,188.002,65.095,23.532,2.85,,9.48,9.2573,0.3495,2.628,0.4346,,,290.1888,0.2592,5,5,0,5,1,0
5520.0,0.098333333,20.49922222,703.162,34.30188679,20.0,244.9,52.5,0.61,94.848,95.247,27.487,9.282,1.6,,1.18,0.9383,0.1701,0.2294,0.1065,3.6662,0.0565,64.6385,0.0658,5,5,5,5,0,0
5522.0,0.321959755,182.4212043,713.751551,3.912656719,11.6,106.1,67.45,0.47,13.922,29.124,15.807,11.357,,,2.0,0.818,0.2984,0.6268,0.3937,8.0011,0.1947,,0.2446,5,5,5,5,0,0
5524.0,0.21,25.9,358.8,13.85328185,16.7,144.1,52.4,0.16,19.865,23.13,7.248,3.216,,,2.0,0.6116,0.3421,0.1841,0.2242,1.0949,0.0863,24.3099,0.1093,5,5,5,5,0,0
5525.0,0.0708,7.79744,123.08816,15.78571429,20.6,106.2,47.4,0.34,42.767,45.066,12.332,4.274,0.76,,1.18,0.3695,0.1953,0.0986,0.3097,0.9164,0.0955,27.7428,0.1203,5,5,5,5,0,0
5527.0,0.627416268,6750.134518,118599.0903,17.56988546,22.2,112.9,46.28,4.62,240.177,314.145,97.934,32.815,5.83,,12.69,,1.5279,0.2354,1.1275,1.0557,1.3899,20.0063,2.0826,5,5,5,5,0,0
5530.0,0.913888889,835.1929012,2505.578704,3.0,16.6,55.9,42.15,0.11,5.909,5.714,2.239,1.013,,,16.45,0.1058,0.2389,0.0363,0.2115,0.1062,0.1913,3.6816,0.0625,5,5,5,5,0,0
5531.0,0.202739245,51.12647741,130.7007991,2.556420973,14.9,35.4,36.41,0.33,17.308,7.347,5.715,4.3,,,2.51,0.1173,0.4542,0.0271,0.4969,0.082,0.5169,,0.215,5,5,5,5,0,0
5532.0,0.25,260.3,112.4,0.431809451,10.8,9.1,41.37,1.1,8.776,35.693,24.328,11.103,,,2.0,,1.2784,0.0192,0.6828,0.093,0.5976,,1.6807,5,5,5,5,0,0
5535.0,0.943703704,12642.23791,533209.2026,42.17680496,28.8,166.3,52.14,3.79,1139.021,974.529,282.096,91.993,14.2,,12.74,,1.1406,0.3886,1.1832,,,142.4558,2.578,5,5,0,5,0,0
5537.0,0.16,6.2,79.1,12.75806452,19.8,90.9,43.47,0.06,10.465,7.914,2.498,1.117,,,2.0,0.2027,0.4016,0.1023,0.423,0.1671,0.226,6.547,0.1989,5,5,5,5,0,0
5538.0,1.67,3410.2,13983.9,4.100609935,15.5,51.2,43.65,0.32,67.781,119.757,36.844,18.273,1.86,,9.57,1.1259,0.0916,0.333,0.2175,1.2308,0.1061,,0.1305,5,5,5,5,0,0
5541.0,1.439803555,1479.095215,23007.58853,15.55517744,19.6,115.0,47.65,0.19,37.113,24.574,9.67,3.872,0.61,,16.55,0.6134,0.6782,0.1272,0.3376,1.3204,0.175,30.4966,0.1864,5,5,5,5,1,0
5542.0,0.17220339,3.706750934,179.7774203,48.5,21.9,284.7,58.97,0.03,6.878,4.21,1.407,,,,2.54,0.2986,0.2581,0.1351,0.2104,0.8725,0.1091,7.5308,0.1674,5,5,5,5,1,1
5543.0,0.80245,489.59663,1436.859675,2.934782609,15.1,38.7,41.56,0.2,4.191,4.359,2.295,,,,14.59,0.0236,3.5972,0.0202,0.1028,0.0529,0.1095,1.3238,0.082,5,5,5,5,1,0
5546.0,0.342724458,72.94961133,331.9067565,4.549808429,16.7,47.7,38.4,0.17,32.839,23.62,12.315,5.42,0.47,,2.7,0.2178,0.1667,0.0583,0.2615,0.115,0.1999,,0.2332,5,5,5,5,0,0
5547.0,0.17,9.0,34.5,3.833333333,15.3,49.0,42.92,0.08,4.357,5.773,2.249,0.806,,,2.0,0.1851,0.1497,0.0657,0.1461,0.0864,0.1424,2.0443,0.2951,5,5,5,5,0,0
5550.0,0.18,5.1,64.3,12.60784314,21.6,76.1,37.84,0.04,13.558,9.851,2.774,1.41,,,2.0,0.2163,0.2054,0.074,0.3849,0.1025,0.2817,3.3533,0.2594,5,5,5,5,1,0
5551.0,0.3848125,375.7990859,44.24320313,0.117731002,9.9,5.2,19.16,0.68,4.477,31.177,17.408,8.891,0.77,,2.62,,0.5551,,0.3659,0.0495,0.4837,1.8437,0.2289,5,5,5,5,0,0
5552.0,0.6208,201.72896,1660.50032,8.231343284,18.2,71.4,42.64,0.14,16.139,11.75,5.447,1.917,,,7.76,0.2503,0.3831,0.1112,0.0871,0.2254,0.1358,6.6651,0.086,5,5,5,5,0,0
5554.0,0.24375,31.78530093,242.2202932,7.620512821,17.7,70.1,43.08,0.14,20.094,16.893,5.875,3.096,,,2.6,0.2947,0.3475,0.0973,0.3456,0.4565,0.416,13.2666,0.2267,5,5,5,5,1,0
5556.0,0.3,86.3,10612.1,122.967555,20.5,826.6,78.63,0.25,189.499,131.577,33.155,18.401,2.76,,2.0,65.1233,0.0957,,,,,,0.1689,5,0,0,5,0,0
5558.0,0.25,32.1,388.9,12.1152648,18.3,103.7,46.3,0.14,41.232,26.585,11.37,5.818,,,2.0,2.3585,0.1594,0.7407,0.1178,1.6513,0.0914,39.1573,0.13,5,5,5,5,0,0
5559.0,0.656223776,933.3022446,647.7760673,0.694068905,12.7,14.7,29.36,0.58,31.965,44.247,29.794,17.267,,,4.08,,0.619,,0.3976,0.1429,0.9144,,0.276,5,5,5,5,0,0
5560.0,0.367668067,80.93242135,479.0146565,5.918699187,17.3,57.2,40.4,0.16,18.17,17.629,6.401,2.769,,,4.07,0.319,0.0934,0.0969,0.2083,0.1336,0.217,7.6391,0.1241,5,5,5,5,0,0
5561.0,0.222891198,132.8538171,243.5847672,1.833479628,12.6,39.4,47.46,0.71,11.886,15.365,8.674,5.59,0.9,,2.55,0.1795,0.5092,0.0546,0.4679,0.2685,0.2792,9.3061,0.1968,5,5,5,5,1,0
5562.0,0.1452,139.91472,2638.51632,18.85803238,23.0,105.5,44.91,1.74,196.903,192.297,54.357,16.132,2.59,,2.64,,0.3952,0.0795,0.2048,1.4877,0.0631,18.8552,0.4695,5,5,5,5,0,0
5563.0,0.23,449.7,10346.9,23.00845008,23.2,128.0,55.3,2.33,974.1,912.024,351.387,127.62,15.1,,2.0,16.9692,0.1277,,,,,791.9544,0.132,5,0,0,5,0,0
5567.0,0.907339056,798.701754,86.10959172,0.107811948,10.2,4.3,15.78,0.26,1.106,5.941,3.063,1.653,,,7.83,,0.2148,0.0739,0.2889,0.4382,0.1113,0.4233,0.727,5,5,5,5,0,0
5568.0,0.15487013,207.8678951,2150.485168,10.3454416,20.0,76.8,50.14,2.21,141.703,142.536,51.8,16.767,2.97,,2.65,4.0517,0.053,1.1855,0.215,6.019,0.2063,103.7758,0.0986,5,5,5,5,1,0
5569.0,0.17,167.2,3602.5,21.54605263,21.3,138.5,52.31,1.5,319.521,275.27,93.027,34.427,5.22,,2.0,5.2765,0.1313,1.5595,0.2913,,,268.9686,0.1662,5,5,0,5,0,0
5571.0,0.38,229.5,129.1,0.562527233,11.7,14.8,37.49,0.42,19.067,98.408,22.505,,,,2.0,0.4311,0.1712,0.1973,0.1761,0.6242,0.0649,4.9268,0.1983,5,5,5,5,0,0
5572.0,0.21872266,25.07866744,388.1024058,15.47539983,19.2,120.3,46.14,0.14,39.674,24.854,12.018,4.01,,,2.0,0.7518,0.1744,0.2762,0.2338,0.4371,0.1572,24.405,0.1229,5,5,5,5,0,0
5574.0,0.14,40.2,625.7,15.56467662,20.3,108.3,47.18,0.54,68.751,59.693,18.8,6.913,1.12,,2.0,0.9353,0.1333,0.3323,0.1989,2.7357,0.0862,56.4865,0.1053,5,5,5,5,0,0
5575.0,0.939946524,361.2798278,24764.47451,68.54651879,27.0,272.9,53.78,0.11,32.711,20.617,4.435,1.283,,,16.74,0.2006,0.2052,0.0947,0.1624,1.6346,0.065,32.3596,0.0198,5,5,5,5,1,0
5578.0,0.31,287.1,1225.3,4.267850923,13.9,70.6,55.23,0.79,58.226,129.896,43.659,31.947,2.0,,2.0,6.3032,0.4793,1.6618,0.728,9.8741,0.2671,160.8492,0.4112,5,5,5,5,1,0
5579.0,1.88689759,3815.022817,1409.125054,0.369362156,12.5,8.1,19.38,0.28,8.057,10.354,7.249,4.155,,,16.75,0.0998,0.5624,0.023,0.2978,0.0935,0.1513,4.501,0.1308,5,5,5,5,0,0
5580.0,1.95005137,18078.53704,7075.538151,0.391377805,10.4,15.0,50.36,1.27,7.424,39.0,17.554,8.676,,,16.83,0.1517,0.5022,0.0216,0.5258,0.2544,0.0907,5.5196,0.1045,5,5,5,5,0,0
5582.0,2.038268251,2974.291757,32131.1688,10.80296468,18.1,94.3,50.93,0.19,46.58,50.761,17.17,,,,16.83,0.7053,0.3168,0.196,0.2915,0.9837,0.1909,26.9958,0.1294,5,5,5,5,1,0
5583.0,0.561935484,218.5362914,3843.966668,17.58960328,16.7,182.1,50.42,0.18,36.439,45.121,18.032,7.301,0.64,,4.02,1.3685,0.3877,0.4022,0.3474,0.9489,0.2657,36.175,0.2516,5,5,5,5,1,0
5584.0,1.011111111,1731.068673,13357.03704,7.716064213,18.3,66.3,42.52,0.45,27.421,30.404,9.328,3.594,0.73,,16.8,0.1772,0.4535,0.0751,0.1279,0.4055,0.1181,13.6211,0.0774,5,5,5,5,0,0
5587.0,0.909545455,1306.199845,5152.569383,3.944702185,14.5,58.8,56.68,0.42,12.86,17.404,8.678,3.546,,,11.31,1.0369,0.0992,0.3289,0.0911,0.8388,0.0366,10.7953,0.1297,5,5,5,5,1,0
5588.0,0.18,230.1,3586.2,15.58539765,21.5,56.5,45.0,1.84,430.609,354.983,133.415,55.963,6.46,,2.0,1.2262,0.026,0.2391,0.0874,6.6309,0.0296,114.3024,0.0809,5,5,5,5,0,0
5589.0,0.406754221,157.4092094,82.98301237,0.527180161,13.3,9.7,20.56,0.26,4.026,6.338,3.34,1.656,,,5.42,0.1459,0.5473,0.0769,0.3202,0.2632,0.1602,2.1342,0.2064,5,5,5,5,0,0
5591.0,0.098723404,4.264010865,44.46754187,10.42857143,17.5,98.6,47.9,0.11,12.675,9.607,4.119,,,,1.16,0.6063,0.5729,0.1419,0.0314,0.3517,0.0633,11.5845,0.2222,5,5,5,5,0,0
5592.0,0.875320334,367.6294608,1244.054105,3.383989145,15.1,44.9,41.26,0.13,7.09,6.766,2.82,2.572,,,9.82,0.1447,0.2065,0.0458,0.1995,0.075,0.0932,3.0513,0.0878,5,5,5,5,0,0
5593.0,1.276824513,961.8269,6912.206477,7.186538946,17.8,64.7,44.74,0.16,14.645,14.579,4.806,1.92,,,16.77,0.2528,0.08,0.073,0.3406,0.2114,0.1702,8.831,0.175,5,5,5,5,0,0
5597.0,0.2,106.3,620.1,5.833490122,15.9,44.6,45.71,0.71,58.409,64.664,16.356,,,,2.0,0.3576,0.5027,0.0788,0.3355,0.5823,0.2284,18.3872,0.0454,5,5,5,5,0,0
5598.0,0.17,202.2,21645.4,107.049456,34.1,228.6,60.17,1.88,989.929,904.604,247.293,81.643,8.92,,2.0,17.2088,0.3008,,,,,1528.8025,0.0866,5,0,0,5,0,0
5605.0,0.270821053,380.1857206,89904.03866,236.4740015,35.1,635.5,111.29,1.38,1096.541,589.528,112.477,,,,4.02,19.4998,0.3934,,,,,,0.3496,5,0,0,5,1,0
5608.0,0.292795276,89.98734732,572.1742467,6.358385525,16.1,72.6,45.33,0.28,14.698,11.355,6.717,2.709,,,4.02,1.1273,0.1761,0.364,0.2511,0.5512,0.2245,20.8717,0.2097,5,5,5,5,1,0
5612.0,0.333435449,344.4707296,679.2402271,1.971837282,14.2,30.9,52.49,0.83,23.617,39.345,16.451,5.008,1.37,,4.01,0.5972,0.1307,0.1837,0.1928,1.1703,0.1382,9.1478,0.0621,5,5,5,5,1,0
5613.0,0.180645161,65.97294485,205.9521332,3.121766562,14.8,43.9,46.03,0.55,23.793,35.089,15.42,6.759,0.8,,2.0,0.5718,0.0322,0.2414,0.0886,1.0577,0.1138,6.9159,0.0564,5,5,5,5,0,0
5615.0,1.288461538,1660.133136,19921.59763,12.0,19.9,108.9,45.18,0.13,36.63,22.366,9.769,4.764,,,16.75,0.2028,0.6845,0.0257,0.1442,0.2193,0.1222,5.7816,0.0416,5,5,5,5,1,0
5617.0,0.693700935,317.3602718,1078.133267,3.397190394,14.6,49.7,47.05,0.17,16.329,21.95,7.027,,,,5.34,,0.9465,0.071,0.4768,0.3635,0.679,6.1761,0.5017,5,5,5,5,0,0
5618.0,0.732357343,94.36137023,3410.158044,36.13934426,24.6,171.8,47.06,0.05,17.592,7.725,4.195,,,,9.91,0.4613,0.2628,0.1671,0.1039,0.4667,0.0869,,0.0695,5,5,5,5,0,0
5620.0,1.14359596,108.8547209,4917.123252,45.17142857,25.1,204.3,48.28,0.02,5.54,4.214,0.788,,,,19.52,0.1223,0.1885,0.0421,0.2239,0.186,0.173,3.9636,0.0754,5,5,5,5,0,0
5621.0,0.343166144,144.8043583,2309.583978,15.94968553,19.0,126.0,58.16,0.33,28.942,22.069,8.406,3.24,,,5.34,0.3989,0.2205,0.1899,0.149,1.9747,0.065,34.8836,0.0716,5,5,5,5,0,0
5622.0,1.364865979,668.9527593,7643.055014,11.42540323,19.9,81.4,41.29,0.1,51.393,26.204,16.926,,,,9.88,1.3504,0.3,0.3087,0.2096,0.4918,0.2197,31.1041,0.0786,5,5,5,5,0,0
5623.0,0.793333333,176.2257778,11559.20889,65.59317845,25.2,298.3,49.8,0.07,35.342,19.802,5.588,2.924,,,9.94,1.6315,0.1377,0.4032,0.1263,1.367,0.0754,30.4366,0.084,5,5,5,5,1,0
5626.0,0.23,246.9,2607.0,10.55893074,17.0,54.0,66.81,1.28,173.585,208.503,77.703,32.137,5.68,,2.0,5.0851,0.2077,0.9501,0.1741,,,177.6558,0.0743,5,5,0,5,0,0
5627.0,0.35,94.6,2821.0,29.82029598,22.9,79.8,48.22,0.21,248.5,217.672,110.092,33.03,1.54,,2.0,3.2854,0.1812,0.662,0.1492,,,156.9126,0.2409,5,5,0,5,0,0
5628.0,0.24,15.4,175.0,11.36363636,14.4,90.2,51.14,0.07,5.252,7.967,2.983,,,,2.0,0.3678,0.6099,0.1098,0.8404,0.1737,0.7775,6.411,0.1534,5,5,5,5,0,0
5629.0,0.770636183,295.769911,1618.041951,5.470610399,14.9,74.8,48.04,0.13,13.368,22.187,7.317,,,,5.31,0.5724,0.4499,0.1685,0.239,0.2443,0.2866,9.9834,0.2076,5,5,5,5,0,0
5631.0,0.23,21.4,256.7,11.9953271,19.2,70.5,45.25,0.1,34.737,20.23,9.109,5.084,,,2.0,3.7217,0.2338,0.9069,0.1946,1.2031,0.2848,51.8824,0.1407,5,5,5,5,0,0
5632.0,0.11,125.9,518.7,4.119936458,18.4,52.4,35.47,2.8,102.294,121.879,42.514,19.326,3.29,,2.0,1.066,0.2722,0.2284,0.5053,0.793,0.3927,41.5706,0.4834,5,5,5,5,1,0
5633.0,0.155045872,2.844878377,16.07356283,5.65,19.8,41.6,30.59,0.03,13.685,7.475,2.853,1.408,,,1.3,0.0806,0.2223,0.033,0.2576,0.0859,0.0885,1.4644,0.0348,5,5,5,5,0,0
5634.0,0.19,40.2,61.9,1.539800995,13.0,36.6,41.08,0.29,7.077,12.659,4.651,2.92,,,2.0,0.1991,0.5003,0.061,0.1957,0.1225,0.1722,4.8462,0.0695,5,5,5,5,1,0
5635.0,0.21,13.4,318.7,23.78358209,21.6,3.2,51.19,0.08,32.204,25.16,8.26,2.653,,,2.0,2.0095,0.2299,0.7233,0.174,2.9316,0.1201,47.9956,0.1478,5,5,5,5,1,0
5637.0,0.09135,19.07388,138.626235,7.267857143,18.6,94.3,41.43,0.54,13.406,11.166,3.49,1.439,,,2.61,0.2038,0.1509,0.0621,0.1337,0.2607,0.0905,3.5725,0.0583,5,5,5,5,1,0
5639.0,0.3,28.0,346.2,12.36428571,16.8,188.7,59.8,0.08,23.081,18.685,8.147,4.176,,,2.0,1.3457,0.3114,0.3181,0.3468,3.3688,0.0865,27.9134,0.1728,5,5,5,5,0,0
5640.0,0.23,859.0,1661.7,1.934458673,15.7,30.7,39.75,4.22,182.958,518.273,185.937,77.787,,,2.0,4.2729,0.3312,,,,,94.2165,0.131,5,0,0,5,1,0
5641.0,0.23,32.1,10.2,0.317757009,12.2,6.1,18.91,0.16,1.664,7.099,4.306,1.845,,,2.0,0.0848,0.3025,0.0294,0.3245,0.0474,0.15,1.4575,0.3048,5,5,5,5,0,0
5642.0,0.19,9.1,49.3,5.417582418,17.0,37.0,42.09,0.07,8.663,5.664,3.146,1.321,,,2.0,0.2074,0.3524,0.0729,0.2068,0.1073,0.2394,3.1355,0.1043,5,5,5,5,0,0
5645.0,0.18,21.3,295.0,13.84976526,18.9,94.0,45.6,0.17,31.137,23.012,9.066,4.349,0.59,,2.0,0.6153,0.396,0.1858,0.141,0.5468,0.0952,18.6312,0.0779,5,5,5,5,1,0
5646.0,0.24,245.2,17542.1,71.54200653,27.8,231.1,109.99,1.11,1176.597,744.952,362.15,150.173,9.45,,2.0,,0.326,,,,,,9.7925,5,0,0,5,0,0
5647.0,0.179487179,30.90072321,652.2024984,21.10638298,19.7,153.4,61.56,0.23,53.899,66.333,6.036,3.373,,,2.0,0.5514,0.4364,0.492,0.2195,5.3484,0.151,77.0101,0.0228,5,5,5,5,1,0
5648.0,0.100763359,14.62068644,89.75476954,6.138888889,17.5,57.7,46.83,0.4,30.686,33.512,11.095,3.829,0.62,,1.32,,-1.615,0.0236,1.073,,0.2098,17.8422,0.1367,5,5,5,5,0,0
5654.0,0.2,22.3,162.4,7.282511211,16.2,49.2,48.4,0.15,14.858,14.847,5.646,2.727,,,2.0,0.7889,0.0913,0.3205,0.0815,0.5648,0.0767,12.3004,0.0241,5,5,5,5,0,0
5655.0,0.185714286,107.6081633,979.5102041,9.102564103,14.6,134.6,54.92,0.97,63.962,156.333,63.245,23.947,3.6,,1.3,2.0372,0.5227,1.1216,0.367,10.6928,0.1533,113.0658,0.2329,5,5,5,5,0,0
5657.0,0.22,45.4,106.0,2.334801762,14.1,86.4,42.08,0.26,13.049,22.65,9.083,3.951,,,2.0,0.4266,0.1902,0.1076,0.1969,0.1892,0.1576,7.1412,0.144,5,5,5,5,0,0
5660.0,0.193251534,51.17806466,160.8829839,3.143592572,15.1,42.3,42.03,0.36,21.286,23.124,11.984,4.929,1.03,,2.0,0.5516,0.3431,0.1569,0.1614,0.2205,0.2548,8.5251,0.1556,5,5,5,5,0,0
5662.0,0.131,103.0535561,10141.97589,98.41461342,28.5,372.4,54.98,1.56,1421.947,1267.08,264.872,109.196,11.28,,1.31,6.4845,0.236,,,,,2697.6294,0.0622,5,0,0,5,0,0
5663.0,1.822252747,1247.810274,21521.50859,17.24742058,15.2,226.1,62.16,0.1,23.511,28.71,12.458,,,,10.05,,0.6634,0.8952,0.2957,,,41.0443,0.3662,5,5,0,5,0,0
5665.0,0.102745098,13.69053249,111.503614,8.144578313,16.7,86.3,47.29,0.37,21.777,26.653,9.026,3.766,,,1.31,0.6089,0.2291,0.1628,0.2015,0.6914,0.1098,18.5508,0.0921,5,5,5,5,0,0
5667.0,0.078313253,3.434460735,537.7384236,156.5714286,31.6,497.6,58.14,0.16,84.231,45.631,8.734,2.396,0.58,,1.3,1.8578,0.1521,0.7159,0.087,,,117.1693,0.078,5,5,0,5,0,0
5668.0,1.18957346,1747.1583,41610.79502,23.8162707,18.0,211.5,53.35,0.33,75.948,59.307,25.436,10.904,1.6,,10.04,3.7146,0.2015,1.1214,0.1763,4.2653,0.0651,100.9791,0.0716,5,5,5,5,0,0
5669.0,0.316521739,187.3959252,114.2818736,0.609841828,11.2,18.4,40.35,0.51,8.764,9.433,10.946,4.19,,,2.8,1.4493,0.0942,0.4465,0.1982,0.4678,0.2994,10.5044,0.1879,5,5,5,5,1,0
5670.0,0.083283582,2.427654266,233.1935326,96.05714286,37.5,228.2,42.56,0.1,22.109,5.619,2.307,,,,2.79,0.3618,0.2413,0.096,0.2843,0.1406,0.2765,4.2284,0.0874,5,5,5,5,0,0
5671.0,0.346253602,36.76674418,3711.842608,100.9565217,28.8,363.7,56.93,0.08,17.794,9.594,2.255,0.689,,,8.01,0.9936,0.0875,0.3705,0.0661,1.6673,0.0467,18.3384,0.0447,5,5,5,5,0,0
5672.0,0.23,26.6,13.8,0.518796992,12.1,8.4,27.4,0.13,2.813,6.94,3.242,1.316,,,2.0,0.4565,5.0031,0.1725,0.2594,0.7425,0.0906,5.1261,0.1835,5,5,5,5,0,0
5673.0,0.349766764,311.234319,72.05233279,0.231505102,10.4,8.8,33.17,0.69,5.094,11.789,6.027,,,,2.79,0.0889,0.1814,0.0317,0.2057,0.0551,0.241,1.2257,0.1277,5,5,5,5,1,0
5675.0,0.259668508,60.19352279,67.2445896,1.117139959,12.1,26.2,50.48,0.24,6.75,24.918,7.817,4.941,0.48,,2.0,0.1503,0.097,0.053,0.266,0.2052,0.2154,3.8517,0.1148,5,5,5,5,0,0
5676.0,0.743963134,1142.679119,17205.99915,15.05759479,17.1,151.6,57.51,0.55,36.325,29.271,15.563,,,,10.09,2.946,0.2436,0.7132,0.1518,4.2306,0.1943,59.0821,0.0814,5,5,5,5,0,0
5677.0,1.28725,1069.484563,1817.66475,1.699570815,13.6,0.6,38.89,0.18,5.704,8.169,4.083,,,,13.55,0.1848,1.251,0.0071,0.3178,0.0445,0.3502,2.5245,0.061,5,5,5,5,0,0
5678.0,0.504033302,1361.029624,27699.24417,20.35168352,23.4,109.2,43.16,1.45,142.395,128.344,36.757,10.095,2.1,,10.09,,0.6037,0.0488,0.6501,0.2107,0.5137,4.5644,0.5728,5,5,5,5,0,0
5679.0,0.10619469,31.63912601,879.6303548,27.8019802,21.5,172.5,48.28,0.85,67.349,64.721,16.876,5.705,1.1,,2.0,0.6473,0.1193,0.1991,0.348,1.2462,0.1767,95.2312,0.1242,5,5,5,5,0,0
5680.0,1.074618285,1337.3086,3491.816126,2.611077298,14.4,39.6,44.94,0.31,16.494,33.109,23.676,14.427,0.45,,10.09,0.3123,0.1548,0.0919,0.2148,0.6766,0.0899,8.8898,0.0788,5,5,5,5,0,0
5681.0,1.227365492,4302.983425,7604.813705,1.767335115,11.9,44.9,60.41,0.76,17.95,21.661,20.103,,,,10.1,0.7734,0.4519,0.8646,0.3158,,,41.9546,0.1678,5,5,0,5,0,0
5682.0,0.719400187,4305.069676,74288.54826,17.25606177,21.8,107.9,53.31,2.2,317.064,296.641,96.873,34.119,5.53,,10.1,6.3809,0.3201,1.497,0.7168,,,246.5971,0.3721,5,5,0,5,0,0
5683.0,0.076470588,6.497500961,347.6163014,53.5,24.2,275.4,56.33,0.38,57.592,33.597,9.593,4.31,0.46,,1.3,1.0516,0.177,0.3654,0.2709,3.259,0.1123,59.7121,0.1087,5,5,5,5,0,0
5684.0,0.094202899,11.71392565,66.73387944,5.696969697,14.8,79.2,49.35,0.32,10.564,12.774,3.746,,,,1.3,0.292,0.2559,0.0781,0.2969,0.3451,0.1321,11.849,0.0851,5,5,5,5,0,0
5685.0,0.15,25.7,518.6,20.17898833,20.4,2.5,48.14,0.29,50.539,46.92,12.475,3.736,0.71,,2.0,0.8149,0.3899,0.3094,0.3192,1.6728,0.1476,50.3259,0.1147,5,5,5,5,0,0
5686.0,0.15,4.6,29.3,6.369565217,17.4,88.5,41.42,0.06,4.4,4.155,1.414,,,,2.0,0.1293,0.8483,0.0289,0.1475,0.0429,0.1326,1.9767,0.1743,5,5,5,5,1,0
5687.0,0.11,33.4,1235.8,37.0,22.9,3.7,49.8,0.69,98.342,82.605,21.496,7.255,1.73,,2.0,1.3081,0.2927,0.7544,0.1208,,,140.1625,0.0536,5,5,0,5,1,0
5689.0,0.666122449,2821.03257,2830.244731,1.003265528,13.3,19.2,39.62,1.71,16.619,32.445,15.896,7.716,1.82,,10.08,0.0088,36.8436,0.0238,0.2342,0.2181,0.1761,5.1545,0.0893,5,5,5,5,0,0
5690.0,0.17,22.1,240.5,10.88235294,17.5,193.7,48.62,0.2,22.636,19.553,7.335,3.921,,,2.0,0.3939,0.2319,0.1297,0.2868,0.6171,0.1533,17.8621,0.1537,5,5,5,5,0,0
5691.0,0.829467085,629.916864,2099.364688,3.332764699,14.6,47.4,45.09,0.24,14.149,22.569,8.103,4.293,0.39,,8.1,0.4331,0.0173,0.0894,0.2503,0.231,0.1549,7.0003,0.1714,5,5,5,5,0,0
5692.0,1.394827586,136.8491001,1060.848507,7.751958225,20.0,54.8,42.15,0.02,5.39,31.706,2.94,,,,8.09,,0.1117,0.0741,0.2265,0.1054,0.2067,3.0626,0.1752,5,5,5,5,0,0
5693.0,0.120930233,7.08355868,40.90183883,5.774193548,17.4,54.5,42.9,0.12,15.519,15.562,4.968,2.25,,,1.3,0.2208,1.3701,,-1.6375,,-5.7362,4.597,0.1867,5,5,5,5,0,0
5695.0,0.519600694,136.5395158,773.0954707,5.662063953,15.4,71.9,47.93,0.13,10.317,10.48,4.247,2.375,,,5.19,0.5441,0.3172,0.1444,0.0883,0.3251,0.1121,7.6531,0.0864,5,5,5,5,0,0
5696.0,0.2,71.4,475.5,6.659663866,17.2,1.5,54.02,0.46,60.966,65.719,25.743,9.907,1.22,,2.0,1.9679,0.0889,0.7396,0.2743,3.6308,0.1126,25.1843,0.13,5,5,5,5,0,0
5697.0,0.109593023,3.634322607,29.2848026,8.057843445,18.0,71.8,43.97,0.08,9.526,9.821,3.277,1.309,,,1.3,0.2245,0.2801,0.0667,0.0523,0.1662,0.0974,4.4451,0.1977,5,5,5,5,0,0
5698.0,0.428439153,96.36026038,682.1170787,7.078821456,16.5,76.8,45.19,0.14,18.388,14.767,7.293,4.284,,,3.95,1.3042,0.2246,0.342,0.07,0.4795,0.1306,18.5506,0.0384,5,5,5,5,0,0
5699.0,0.16375,53.628125,268.140625,5.0,18.2,44.5,41.6,1.47,88.305,121.798,50.132,18.318,2.49,,1.31,1.2102,0.2665,0.3308,0.3426,2.3035,0.1807,57.6139,0.4308,5,5,5,5,1,0
5700.0,0.92134715,1213.269329,7101.01163,5.852790854,15.1,78.9,55.42,0.38,18.329,24.137,9.794,3.716,,,10.46,1.1955,0.0871,0.2999,0.0944,1.6719,0.0434,21.1456,0.0633,5,5,5,5,0,0
5701.0,0.154761905,12.45464853,157.1201814,12.61538462,19.0,95.5,45.21,0.16,42.879,35.789,11.947,5.028,,,1.3,1.1456,0.4055,0.4581,0.3217,1.4911,0.1389,35.2889,0.2378,5,5,5,5,0,0
5702.0,0.383928571,74.13903061,111.4477041,1.503225806,14.2,23.5,36.75,0.14,9.634,17.247,8.136,2.101,,,2.75,0.1313,0.3824,0.082,0.1403,0.173,0.1796,2.652,0.1294,5,5,5,5,0,0
5703.0,1.444783394,17169.67355,283434.4793,16.50785488,18.3,148.5,58.56,2.18,200.652,294.113,97.628,35.218,5.42,,17.03,2.0472,0.7482,1.6268,0.4085,,,361.1102,0.2397,5,5,0,5,1,0
5704.0,1.517221557,1430.528514,12271.52171,8.578313253,17.1,84.0,45.79,0.17,17.267,17.744,5.989,2.566,,,17.12,0.455,0.2138,0.0997,0.1362,0.3114,0.096,14.031,0.1683,5,5,5,5,0,0
5706.0,1.723944637,1311.458617,2450.248393,1.868338323,14.2,28.9,42.69,0.12,5.444,8.534,3.668,1.477,,,17.18,,-2.8097,0.0096,0.7179,0.045,0.4794,1.7957,0.1046,5,5,5,5,0,0
5707.0,1.421782634,1034.129524,13276.30067,12.83814103,19.5,95.3,44.77,0.14,23.478,18.786,6.209,2.746,,,17.17,0.2731,0.3717,0.1252,0.1555,0.3457,0.0801,13.8364,0.0777,5,5,5,5,0,0
5709.0,0.877869159,141.4929962,2401.647852,16.97361647,22.5,94.2,41.29,0.05,16.181,11.036,3.423,1.23,,,10.21,0.3231,0.5364,0.138,0.1675,0.2561,0.1301,4.9261,0.2046,5,5,5,5,0,0
5710.0,0.191552239,65.40794208,202.3276427,3.093319194,17.1,30.8,30.43,0.46,28.058,28.049,10.561,5.005,0.93,,2.79,0.4254,0.1908,0.1238,0.1622,0.4322,0.1199,11.8555,0.0971,5,5,5,5,0,0
5711.0,0.491393826,541.9334183,541.1907258,0.99862955,11.6,27.2,46.81,0.59,5.807,25.9,7.94,,,,5.15,0.2657,0.3708,0.0494,0.3236,0.1257,0.2678,4.3988,0.1522,5,5,5,5,0,0
5712.0,0.607015903,595.0127214,2178.827642,3.661816905,13.9,60.1,51.37,0.43,24.187,48.846,13.106,8.7,1.2,,5.15,1.332,0.1755,0.4681,0.1005,1.6583,0.063,30.0717,0.0638,5,5,5,5,0,0
5713.0,0.560629515,3614.792441,17852.86303,4.938834891,18.1,46.5,42.37,3.05,98.95,134.379,49.367,18.407,3.45,,10.25,,0.8569,,0.8987,0.6204,1.7503,10.9213,1.6455,5,5,5,5,0,0
5714.0,0.365368127,51.85299007,821.5300627,15.84344628,20.3,108.3,44.56,0.1,26.009,19.712,6.646,2.759,,,3.96,0.8009,0.2531,0.2625,0.195,0.525,0.1232,17.6364,0.2141,5,5,5,5,1,0
5716.0,0.450747126,4588.09891,62495.27645,13.62117027,26.7,64.4,38.61,6.03,425.73,473.641,120.99,43.187,7.76,,10.23,0.7676,0.0604,0.3182,0.1477,3.6871,0.0716,220.1908,0.0473,5,5,5,5,1,0
5717.0,0.180058083,19.70219916,331.1963669,16.81012177,20.3,114.8,45.54,0.16,39.969,26.272,10.037,4.505,,,2.0,1.3708,0.0709,0.4204,0.1724,0.9774,0.119,25.6889,0.0945,5,5,5,5,0,0
5719.0,0.12,2.8,53.7,19.17857143,24.0,174.0,38.72,0.05,11.681,4.978,1.964,1.251,,,2.0,0.1788,0.1966,0.0625,0.0803,0.0586,0.2417,2.4966,0.0735,5,5,5,5,1,0
5720.0,0.326266531,30.55641449,414.9443138,13.57961399,19.0,107.3,49.67,0.08,10.176,8.385,2.916,1.143,,,4.22,0.1539,0.6953,0.0762,0.2159,0.3562,0.0734,6.5826,0.055,5,5,5,5,1,0
5722.0,0.713020134,2629.439755,13697.44022,5.209261858,21.3,33.6,26.88,1.39,580.748,887.066,309.121,100.417,11.21,,5.12,7.5381,0.12,,,,,274.3262,0.0289,5,0,0,5,1,0
5724.0,0.316789298,639.1521169,10889.41033,17.03727492,19.7,128.7,62.62,1.68,131.507,116.757,42.262,17.708,2.73,,5.12,1.9151,0.2702,0.8061,0.1231,,,114.2758,0.1282,5,5,0,5,0,0
5725.0,0.332342193,645.3523976,22498.23215,34.86193316,22.2,208.4,72.49,1.59,235.069,110.343,43.652,,4.06,,5.13,3.8519,0.2482,,,,,197.2922,0.1312,5,0,0,5,1,0
5726.0,0.242983051,316.440416,15073.09173,47.63326987,26.0,210.8,53.64,1.44,205.759,148.467,40.01,12.558,2.06,,5.12,3.9712,0.4093,0.8411,0.464,,,179.0587,0.2146,5,5,0,5,1,0
5727.0,0.739121553,212.2479268,3476.023482,16.37718462,21.2,102.9,42.14,0.1,32.725,17.794,7.644,2.801,,,8.04,1.1264,0.2506,0.329,0.3007,0.3074,0.3318,17.3814,0.0675,5,5,5,5,0,0
5728.0,0.690247678,1723.422698,6541.29297,3.795524439,15.3,49.9,48.38,0.96,26.226,39.975,15.637,6.487,,,10.29,0.6735,0.1484,0.1948,0.1742,1.7368,0.0686,16.7423,0.062,5,5,5,5,0,0
5729.0,0.589915966,300.7414731,674.520161,2.242857143,14.7,31.9,40.29,0.24,7.295,10.697,4.164,1.882,,,7.8,0.2436,0.1571,0.0732,0.0683,0.1411,0.1467,2.9994,0.3684,5,5,5,5,1,0
5730.0,0.593969231,174.2619153,1921.706407,11.02769015,19.6,80.7,47.27,0.13,43.889,43.952,17.046,6.962,0.41,,5.08,0.6039,0.5068,0.1608,0.1544,1.1498,0.1191,14.1587,0.0402,5,5,5,5,0,0
5732.0,1.164248265,1980.140054,28636.39518,14.4618029,20.6,97.4,48.36,0.39,102.893,174.458,44.53,,1.12,,11.89,1.2025,0.0446,0.2078,0.1731,2.2854,0.1022,39.9467,0.132,5,5,5,5,0,0
5734.0,0.191321321,331.7872422,6853.222905,20.65547445,24.6,103.5,45.29,2.38,487.016,468.433,130.596,40.336,6.57,,2.77,0.6437,0.2005,0.238,0.2101,,,277.7299,0.0476,5,5,0,5,0,0
5735.0,1.012356902,4491.276687,17730.93339,3.947860403,13.9,66.6,50.0,1.16,106.783,553.447,156.607,63.383,6.49,,5.62,7.4672,0.2326,2.4286,0.379,15.7338,0.2596,228.003,0.3381,5,5,5,5,1,0
5738.0,1.071776062,4639.010225,9086.834963,1.95878744,14.2,31.2,47.78,1.08,48.668,77.72,35.507,16.563,,,9.74,0.3041,1.6309,0.198,0.1265,1.5428,0.106,17.1316,0.146,5,5,5,5,1,0
5739.0,0.516357504,931.8546272,37100.87879,39.81402003,23.3,213.5,53.45,0.94,47.259,41.223,11.211,3.107,0.54,,15.31,0.6457,0.4524,0.5565,0.0817,4.4255,0.0704,60.0395,0.0529,5,5,5,5,0,0
5740.0,1.000426357,2755.463105,3761.660533,1.365164544,12.7,29.0,49.54,0.74,16.217,22.509,15.265,8.941,,,9.74,0.1073,0.5067,0.0355,0.4901,0.5194,0.1995,7.3802,0.2447,5,5,5,5,0,0
5741.0,0.26,168.9,2732.4,16.17761989,17.8,3.4,68.58,0.68,142.16,219.19,76.813,27.231,3.0,,2.0,2.5831,0.2482,,,,,90.9021,0.1599,5,0,0,5,0,0
5742.0,0.2,54.1,3982.0,73.60443623,20.0,12.2,125.95,0.35,80.525,78.017,19.909,,,,2.0,,0.757,,,,,,0.5956,5,0,0,5,1,0
5743.0,0.100127307,4.832991024,539.7077358,111.6715784,27.8,426.1,60.33,0.13,75.533,38.417,10.678,4.29,0.64,,1.3,2.1458,0.1052,1.3788,0.1312,,,105.9692,0.145,5,5,0,5,0,0
5744.0,1.347914172,2213.99919,4364.263324,1.971212701,13.7,33.4,42.53,0.32,20.32,26.358,15.224,7.067,,,10.31,0.7046,0.1744,0.253,0.1368,0.3689,0.1101,10.8759,0.0942,5,5,5,5,0,0
5745.0,0.674019934,5281.714529,45030.5538,8.525745485,18.9,72.9,49.32,3.1,497.292,491.267,205.183,82.196,14.63,,6.34,4.2022,0.1676,1.1313,0.1282,,,224.6662,0.126,5,5,0,5,1,0
5748.0,0.966086957,350.96862,10728.2397,30.56751825,22.5,170.7,47.71,0.1,41.408,36.157,7.48,2.647,,,10.34,1.1189,0.0805,0.349,0.2011,1.2155,0.1518,28.4119,0.128,5,5,5,5,0,0
5749.0,1.181444241,434.6888877,3142.695246,7.229757501,19.1,56.6,42.95,0.08,21.832,25.537,6.27,4.503,,,10.34,0.6292,0.1079,0.1675,0.3219,0.2286,0.0992,4.218,0.1423,5,5,5,5,1,0
5751.0,0.246704331,34.16429932,62.98034125,1.843454791,13.6,31.7,42.73,0.15,7.631,15.354,6.411,2.173,,,2.0,0.2072,0.4514,0.1085,0.1368,0.2721,0.2011,5.1655,0.0752,5,5,5,5,1,0
5754.0,1.636105263,2479.648432,4203.303158,1.695120608,13.8,28.3,40.31,0.25,8.038,12.786,5.996,2.772,,,17.27,0.1519,0.4063,0.053,0.0843,0.2021,0.0892,2.9015,0.0869,5,5,5,5,0,0
5755.0,0.3675,329.56875,3012.075,9.139443591,19.1,71.9,43.94,0.66,118.742,95.363,38.952,14.218,2.23,,3.93,3.3645,0.0957,2.1454,0.1585,14.9803,0.0608,124.47,0.2557,5,5,5,5,1,1
5756.0,0.2,293.7,5261.9,17.91590058,24.0,143.3,73.73,1.87,605.566,570.219,211.493,80.24,8.1,,2.2,9.8834,0.9496,,,,,,0.5436,5,0,0,5,0,0
5761.0,0.640023923,1720.683055,33846.84911,19.67058896,24.4,96.8,41.53,1.12,82.698,65.349,15.453,6.039,1.15,,17.26,0.2521,0.5219,0.088,0.195,0.9982,0.2083,30.6604,0.0666,5,5,5,5,0,0
5762.0,0.26,24.6,115.5,4.695121951,15.1,100.2,46.63,0.1,10.657,14.483,5.618,,,,2.0,0.1696,0.3229,0.0478,0.2817,0.1976,0.2815,3.8114,0.2759,5,5,5,5,1,0
5765.0,1.393219456,1248.262311,8002.340936,6.410784708,17.9,58.3,40.7,0.17,18.623,13.547,5.97,2.627,,,17.31,0.2662,0.2976,0.0688,0.229,0.1258,0.2654,,0.078,5,5,5,5,0,0
5766.0,0.31031746,76.07457168,1257.637856,16.53164557,20.4,113.1,47.38,0.19,41.747,28.219,9.756,4.405,,,3.91,1.0648,0.1284,0.422,0.0769,1.3807,0.1163,29.6722,0.0272,5,5,5,5,1,0
5768.0,0.29,1061.3,5136.3,4.839630642,16.5,86.5,62.68,3.4,372.046,640.827,272.535,98.645,16.98,,2.2,6.1881,0.323,,,,,208.8053,0.2735,5,0,0,5,0,0
5769.0,0.107740916,18.57779974,136.5703825,7.35126788,18.8,59.8,40.35,0.43,18.547,20.853,6.419,2.405,,,2.2,0.153,0.3426,0.0848,0.3794,0.2686,0.2703,6.3955,0.2221,5,5,5,5,0,0
5770.0,0.15,222.6,3381.8,15.19227314,20.0,163.1,55.65,2.7,229.189,244.359,79.362,41.586,5.56,,2.2,2.585,0.0371,1.0088,0.1209,,,159.7211,0.0441,5,5,0,5,0,0
5771.0,0.13,45.0,323.6,7.191111111,18.3,96.8,42.63,0.73,37.901,42.103,14.827,5.119,0.74,,2.2,0.3835,0.134,0.1688,0.2783,0.4209,0.3006,12.5793,0.1707,5,5,5,5,1,0
5772.0,0.14,42.2,106.3,2.518957346,14.7,50.2,43.58,0.61,16.6,10.475,7.907,,,,2.2,,0.8163,0.1737,0.2469,1.3309,0.3134,,0.3193,5,5,5,5,0,0
5773.0,0.108764045,5.39542987,87.64060093,16.24348811,21.6,98.0,42.12,0.12,11.409,7.869,2.536,0.862,,,2.2,0.3244,0.3044,0.1353,0.1361,0.1832,0.1139,7.0318,0.0977,5,5,5,5,0,0
5774.0,0.07398374,6.478947716,125.6692445,19.39655172,22.3,110.0,46.38,0.34,41.296,34.877,9.214,2.86,0.42,,1.3,0.5776,0.2112,0.2291,0.167,1.192,0.1058,27.6488,0.0755,5,5,5,5,1,0
5775.0,0.112174818,0.644619884,173.92683,269.8130081,24.7,1315.8,87.47,0.01,2.491,1.403,0.423,,,,2.2,0.4459,0.0724,0.6849,0.1427,4.5854,0.0381,8.7343,0.0268,5,5,5,5,0,0
5777.0,0.22,2538.6,3039.4,1.197274088,20.2,11.3,22.46,13.62,2080.545,705.353,490.548,181.113,,,3.4,7.4378,0.2059,,,,,4309.1267,0.0463,5,0,0,5,0,0
5780.0,0.150684932,18.16475887,531.3191968,29.25,21.8,170.7,47.95,0.22,39.939,25.797,8.629,2.896,,,2.2,0.8594,0.1942,0.3817,0.176,1.396,0.1004,32.0579,0.1044,5,5,5,5,0,0
5781.0,0.12,20.6,156.3,7.587378641,17.1,47.6,46.69,0.36,14.211,15.71,5.029,2.3,,,2.2,0.256,0.0951,0.0948,0.0834,0.5168,0.0571,9.23,0.0191,5,5,5,5,0,0
5783.0,0.987461454,10216.97206,479802.7468,46.9613447,26.9,203.4,51.27,2.81,441.737,440.957,107.348,38.6,5.04,,17.41,2.4253,0.0547,1.7841,0.2152,,,649.078,0.0968,5,5,0,5,1,0
5784.0,1.611111111,1375.709877,3088.858025,2.245283019,14.2,34.3,43.53,0.14,7.866,12.266,4.472,2.805,,,14.5,,-8.7058,0.0521,0.1481,0.1109,0.1759,2.9972,0.1883,5,5,5,5,0,0
5785.0,0.16,65.7,124.2,1.890410959,13.9,0.8,43.04,0.66,13.381,18.539,7.48,5.015,,,2.2,0.2588,0.1301,0.0777,0.2451,0.5016,0.1163,6.9695,0.0821,5,5,5,5,0,0
5786.0,1.01821735,2912.406199,2167.153878,0.744111133,13.0,14.8,30.49,0.75,14.99,37.443,16.045,7.846,1.08,,10.37,0.1053,0.1426,0.0204,0.46,0.0625,0.248,3.2915,0.1684,5,5,5,5,0,0
5787.0,0.19,13.5,146.0,10.81481481,18.4,2.2,45.79,0.1,14.156,14.788,4.34,,,,2.2,0.4109,0.3419,0.131,0.2168,0.3939,0.1397,9.4002,0.1063,5,5,5,5,0,0
5789.0,1.032391111,2095.806558,6512.838259,3.107556961,14.4,46.9,50.02,0.52,23.59,39.763,16.832,7.672,0.89,,10.37,0.2627,0.1326,0.0476,0.21,0.9683,0.0511,12.6334,0.0656,5,5,5,5,0,0
5790.0,1.649982222,3616.468602,3564.638472,0.985668303,11.4,28.4,46.13,0.35,8.525,27.554,12.584,,,,10.37,,0.2057,,0.2742,0.0877,0.2775,2.6304,0.1116,5,5,5,5,0,0
5791.0,0.912689784,949.9963365,15393.2968,16.2035328,20.8,106.9,47.93,0.3,67.303,73.55,28.484,10.397,0.51,,10.36,0.6347,0.3784,0.2575,0.3094,3.0726,0.2492,25.0175,0.0812,5,5,5,5,1,0
5792.0,0.374291519,455.4379647,24720.349,54.27819136,26.9,223.1,48.22,0.85,91.165,72.04,13.919,4.762,1.32,,10.38,1.6463,1.9344,0.0936,0.3072,2.7792,0.0914,94.736,0.0598,5,5,5,5,1,0
5794.0,0.993032258,2165.510127,66813.6276,30.85352812,21.4,192.8,60.64,0.59,186.319,141.028,33.573,,,,10.36,3.2027,0.1638,0.4142,0.4355,,,155.2675,0.0621,5,5,0,5,0,0
5795.0,1.31924581,130.5850067,46417.29532,355.4565451,38.3,813.9,66.1,0.02,90.33,24.691,8.465,,,,10.38,,0.4529,0.877,0.3575,8.2337,0.3232,,0.379,5,5,5,5,0,0
5796.0,0.27,18.3,248.3,13.56830601,19.4,57.6,49.78,0.07,25.511,15.682,7.367,,,,2.2,0.593,0.4485,0.2309,0.1146,1.1865,0.105,19.1795,0.1566,5,5,5,5,0,0
5797.0,0.900829876,644.1559202,12910.61535,20.04268678,19.6,149.4,54.26,0.21,41.88,25.29,11.081,4.466,,,10.4,1.1118,0.9022,0.8409,0.395,4.5929,0.2782,71.995,0.5852,5,5,5,5,1,0
5799.0,0.318810484,69.06611643,241.6161693,3.498331479,15.0,47.7,44.83,0.18,4.765,6.642,2.245,1.138,,,5.02,0.1103,0.3329,0.0565,0.1655,0.187,0.0829,2.6043,0.0495,5,5,5,5,0,0
5800.0,0.06,1.9,181.5,95.52631579,32.8,170.5,46.71,0.13,18.045,9.819,1.837,,,,2.2,0.1578,0.3455,0.0508,0.3082,0.3344,0.1703,15.0139,0.1142,5,5,5,5,0,0
5802.0,0.31,41.3,49.0,1.186440678,13.3,0.6,35.46,0.11,7.112,10.212,5.213,,,,2.2,0.2451,1.0617,0.015,0.3782,0.0804,0.3283,2.1659,0.0795,5,5,5,5,0,0
5803.0,0.124224138,2.678217895,46.29490933,17.28571429,19.4,129.2,46.81,0.04,10.489,11.701,2.799,1.902,,,1.31,0.3241,0.1644,0.1167,0.1873,0.1648,0.1852,7.2245,0.0735,5,5,5,5,0,0
5804.0,0.408272727,1398.315533,4396.616831,3.144223694,14.9,27.4,50.14,2.31,63.228,90.214,38.052,22.118,,2.331,4.99,0.8695,0.2081,0.2881,0.5225,2.2164,0.4228,39.6202,0.5271,5,5,5,5,1,0
5805.0,0.062260758,10.66364486,3801.198639,356.4633563,30.7,1167.9,92.93,0.73,216.594,99.406,25.531,10.343,4.14,,1.31,17.9241,0.0544,,,,,563.0355,0.1048,5,0,0,5,1,0
5806.0,0.18,233.7,89.8,0.384253316,11.5,6.3,32.17,1.94,10.294,29.407,12.877,11.912,1.97,2.365,2.2,0.0785,0.2699,0.0106,0.6743,0.019,0.338,1.326,0.1384,5,5,5,5,0,0
5807.0,0.21,42.2,1093.8,25.91943128,21.2,163.1,50.67,0.24,86.312,64.06,15.295,6.373,0.77,,2.2,2.5275,0.2406,1.2615,0.4074,5.8073,0.3009,63.8056,0.2466,5,5,5,5,1,0
5809.0,0.509386617,1414.649144,36857.24921,26.05398616,24.1,132.9,45.93,1.45,167.116,140.648,38.016,11.55,2.09,2.526,10.44,0.6682,0.2607,0.2676,0.1592,3.5943,0.0967,120.4887,0.0315,5,5,5,5,0,0
5811.0,1.209768683,513.5737712,12330.54635,24.00929924,23.4,124.2,58.13,0.09,54.084,51.57,18.388,,0.52,,10.38,1.1345,0.4047,0.3922,0.2349,1.8736,0.3038,,0.1166,5,5,5,5,0,0
5812.0,0.35202639,292.4793181,1271.258404,4.346489907,16.2,49.6,42.86,0.63,26.007,32.398,12.863,5.225,,0.518,4.98,0.2633,0.9891,0.1255,0.2308,0.4502,0.1024,12.4965,0.1004,5,5,5,5,0,0
5813.0,0.17,188.2,1724.0,9.160467588,23.1,51.0,32.38,1.73,351.245,264.571,94.752,35.476,5.3,9.312,2.2,,2.0455,,,,,,1.311,5,0,0,5,0,0
5814.0,0.224923599,111.297251,1434.229889,12.88648081,19.0,103.0,48.91,0.59,40.24,35.871,11.536,5.604,0.73,,3.84,0.9778,0.1152,0.2516,0.1789,2.3457,0.1073,24.5677,0.0779,5,5,5,5,1,0
5815.0,0.58654955,415.7112754,4230.227097,10.1758777,17.5,96.4,62.29,0.32,65.153,53.009,9.156,,1.65,3.314,4.97,3.0157,1.196,0.4134,0.1292,4.3861,0.2664,44.0921,0.3114,5,5,5,5,0,0
5816.0,0.746477987,1105.318559,91525.3917,82.80453714,21.2,528.3,55.79,0.53,72.607,32.087,20.962,5.224,0.73,,11.44,2.9365,0.4377,1.8413,0.4207,,,107.9018,0.3095,5,5,0,5,1,0
5817.0,1.233322859,854.592372,11183.28736,13.08610716,18.6,107.0,66.94,0.15,33.63,60.689,31.56,,0.56,,11.46,0.3892,0.1689,0.1249,0.1184,1.712,0.0408,16.3159,0.0863,5,5,5,5,0,0
5820.0,0.638101266,638.5051274,9707.781878,15.20392157,20.4,103.7,46.25,0.41,200.085,215.866,45.514,,,,4.97,2.092,0.2874,0.5013,0.3832,,,81.5252,0.224,5,5,0,5,1,0
5823.0,0.354285714,1670.021878,130041.8924,77.86837655,27.5,329.7,92.12,3.51,689.767,670.645,263.979,99.324,11.83,,4.97,8.1623,0.2989,,,,,909.1311,0.0857,5,0,0,5,1,0
5824.0,0.457415929,884.8141327,35565.89138,40.19588981,22.5,230.8,57.35,1.14,379.651,521.33,59.632,,,,4.97,4.4802,0.2981,,,,,384.9697,0.0856,5,0,0,5,0,0
5825.0,0.317948718,526.5829731,8636.340367,16.40072089,22.0,99.1,50.31,1.41,186.754,161.451,45.134,20.994,2.55,,4.97,1.1309,0.0865,0.4114,0.1439,5.4622,0.0783,82.7071,0.071,5,5,5,5,0,0
5826.0,0.403401109,1120.550803,13908.49747,12.41219713,21.8,76.9,44.32,1.8,371.476,276.888,92.266,39.569,5.81,10.295,4.96,0.9688,0.2577,0.5854,0.2197,9.4495,0.1198,129.9674,0.2374,5,5,5,5,0,0
5827.0,0.163265306,70.62057476,1636.801333,23.17740033,20.9,152.8,51.9,0.72,114.762,112.195,33.428,11.905,1.26,0.753,1.33,3.0709,0.161,1.1337,0.2595,7.7811,0.1207,116.2879,0.1824,5,5,5,5,1,0
5828.0,0.15,13.0,160.1,12.31538462,19.8,61.2,43.36,0.15,18.554,15.149,5.351,1.673,,,2.2,0.1115,1.4819,0.1139,0.396,0.3071,0.2472,10.3429,0.2632,5,5,5,5,0,0
5829.0,0.437647059,628.1415225,2395.516955,3.81365802,15.6,47.8,44.47,0.87,46.893,100.432,32.733,14.12,1.52,1.563,4.96,0.4841,0.1418,0.0945,0.091,1.5376,0.0513,22.3106,0.0611,5,5,5,5,0,0
5830.0,0.078438272,4.045036808,155.7979995,38.51584222,23.2,202.1,62.42,0.18,32.43,21.241,6.046,2.026,0.39,,1.31,0.4813,0.2893,0.3171,0.1321,4.1307,0.0543,40.1403,0.0656,5,5,5,5,1,0
5831.0,0.338181818,138.2569256,108.2673719,0.783088235,13.3,6.9,25.5,0.31,4.378,5.555,3.594,,,,4.96,,0.6401,0.036,0.5134,0.1383,0.2213,,0.3359,5,5,5,5,0,0
5832.0,0.2,13.6,331.9,24.40441176,19.3,4.7,70.33,0.09,17.889,14.469,4.605,,,,2.2,3.2333,0.0695,0.8462,0.4217,5.3663,0.0574,15.6733,0.2157,5,5,5,5,0,0
5833.0,0.40633452,1842.878715,37560.04975,20.38118377,26.4,90.9,44.76,2.95,237.895,207.554,54.346,15.328,2.98,2.307,10.38,0.8727,0.2345,0.2877,0.4508,4.4266,0.3712,,0.5599,5,5,5,5,1,0
5834.0,0.989262295,1147.161139,2635.640628,2.297533046,14.2,36.1,41.46,0.31,9.116,14.626,5.038,2.799,,,12.15,0.1293,0.3569,0.0496,0.2085,0.1463,0.1063,4.1566,0.031,5,5,5,5,0,0
5835.0,0.119563492,8.242165848,78.98967467,9.583606557,17.5,89.6,46.4,0.15,19.601,16.783,6.395,2.674,,,1.31,0.5218,1.8623,0.022,1.0151,0.2246,0.4683,11.7216,0.078,5,5,5,5,0,0
5836.0,0.447823834,128.8427716,2851.160085,22.12898752,23.4,115.6,41.79,0.17,133.713,60.209,24.069,9.437,1.84,0.536,3.87,1.4658,0.1992,0.3956,0.0998,1.8677,0.1486,54.346,0.243,5,5,5,5,0,0
5838.0,0.23,227.2,40274.0,177.2623239,22.0,1064.8,142.45,1.16,601.156,957.032,146.454,,,,1.9,58.1629,0.2535,,,,,3479.866,0.1652,5,0,0,5,1,0
5839.0,0.19,297.9,752.2,2.525008392,15.8,14.6,37.42,2.15,96.599,190.769,67.648,28.024,4.24,6.898,2.2,0.7952,0.1022,0.2529,0.1553,2.3059,0.0761,50.9989,0.1018,5,5,5,5,1,0
5840.0,0.15,7.5,121.4,16.18666667,18.8,70.8,48.0,0.09,8.48,7.411,2.068,1.05,,,2.2,0.2117,0.315,0.0859,0.1461,0.2464,0.1005,6.3896,0.042,5,5,5,5,0,0
5841.0,0.395482353,66.32725481,751.0895103,11.32399513,21.0,72.8,40.5,0.11,44.491,22.971,12.361,2.902,,,3.82,0.6173,0.2921,0.152,0.16,0.2545,0.2809,14.4821,0.039,5,5,5,5,1,0
5842.0,0.787142857,545.2426122,23494.99984,43.09090909,21.0,273.5,64.14,0.27,42.815,28.579,9.114,3.462,,,11.02,0.8117,0.2921,0.3624,0.1265,4.7377,0.0128,65.7396,0.0146,5,5,5,5,1,0
5846.0,0.076334586,1.9357543,39.30930345,20.30696946,21.0,130.1,53.56,0.09,10.792,7.231,2.522,0.83,,,1.31,0.0952,0.2404,0.0407,0.203,0.3264,0.1123,6.8292,0.0629,5,5,5,5,0,0
5847.0,0.225776444,4.734289649,132.7415194,28.03831814,19.4,208.8,51.85,0.02,17.792,15.425,4.122,,,,1.32,1.6434,0.1548,0.7027,0.1806,0.7551,0.2048,11.4913,0.1916,5,5,5,5,1,0
5848.0,0.211926606,113.4549407,3690.279764,32.52639103,21.0,211.4,62.35,0.68,62.614,64.816,16.814,5.216,1.21,1.023,3.85,1.1213,0.2169,0.3032,0.6699,3.8564,0.3952,51.9433,0.187,5,5,5,5,1,0
5849.0,0.597169811,2397.223656,332273.0293,138.607438,29.4,501.4,61.19,1.7,527.224,375.255,87.217,25.256,5.05,2.849,10.55,8.9678,0.1752,,,,,1177.7578,0.0467,5,0,0,5,0,0
5850.0,0.138304833,156.908567,39.65948105,0.252755358,9.4,14.2,31.81,2.18,27.075,41.22,14.557,11.46,,,1.31,1.0794,0.3734,0.2754,0.4485,1.0763,0.1555,15.5921,0.2002,5,5,5,5,0,0
5851.0,0.25,153.165874,71.19500595,0.464822902,12.7,9.7,20.61,0.63,8.396,22.795,11.606,8.031,0.62,,2.75,0.7706,0.0461,0.2263,0.1109,0.8268,0.0718,9.3668,0.0459,5,5,5,5,0,0
5855.0,0.18,16.4,640.0,39.02439024,22.4,1998.9,48.65,0.13,56.348,34.103,12.195,,,,1.9,3.2121,0.5493,0.7624,0.2878,2.098,0.2305,,0.188,5,5,5,5,1,0
5857.0,0.602307692,376.793787,211.7982249,0.562106468,11.1,17.3,43.55,0.28,8.403,47.772,21.075,,,0.435,2.7,0.3631,0.2753,0.1508,0.2633,0.3314,0.2025,6.9924,0.1027,5,5,5,5,1,0
5859.0,0.518757192,1135.303697,24418.12564,21.50801209,21.7,132.6,48.55,1.11,156.001,136.509,39.151,14.74,2.27,1.38,8.05,6.0252,0.0634,1.7662,0.1806,,,136.9607,0.0294,5,5,0,5,1,0
5861.0,1.393228621,1501.571062,19229.72267,12.80640201,17.3,123.6,49.7,0.2,17.091,18.471,6.377,2.73,0.34,,17.61,0.3388,0.1665,0.1054,0.1647,0.4959,0.0535,18.5628,0.0535,5,5,5,5,0,0
5863.0,0.172785235,459.1509752,11589.42712,25.24099424,27.0,111.3,46.25,3.89,783.981,690.204,213.58,70.59,10.39,7.103,2.71,3.0461,0.0594,0.8098,0.0505,11.6718,0.0538,426.051,0.0211,5,5,5,5,1,0
5866.0,0.107566827,9.6136547,24.5115371,2.54965857,13.5,45.4,47.43,0.22,4.608,6.966,3.909,1.587,,,1.33,,0.6252,0.0107,0.315,0.0232,1.4304,0.7546,0.5297,5,5,5,5,0,0
5869.0,0.181421053,132.4670748,470.1362133,3.549079755,16.5,0.7,40.68,1.08,21.321,31.929,10.975,3.401,0.75,0.968,3.83,0.1115,0.42,0.0269,0.5751,0.2164,0.4691,8.0979,0.0869,5,5,5,5,0,0
5870.0,0.18,35.1,199.1,5.672364672,15.8,0.8,45.36,0.29,21.122,24.064,10.237,4.282,0.47,,1.9,0.4273,0.1406,0.1435,0.2452,0.4024,0.1424,15.0949,0.1012,5,5,5,5,1,0
5871.0,0.26,12.1,188.4,15.57024793,19.3,5160.8,47.32,0.05,20.812,22.957,5.461,1.983,,,1.9,0.306,0.3791,0.1258,0.299,0.5523,0.1864,14.7114,0.249,5,5,5,5,1,0
5872.0,2.0882,908.1306,10008.06492,11.02051282,20.4,75.1,42.37,0.06,24.101,16.262,5.641,2.378,,,17.73,0.4487,0.2504,0.1432,0.1907,0.7018,0.124,8.6605,0.1781,5,5,5,5,1,0
5875.0,0.789340761,412.8957017,1813.391786,4.391888262,15.6,54.1,43.15,0.18,13.689,14.549,6.938,2.434,,,8.02,,-17.0915,0.0227,0.0721,0.1091,0.271,6.9915,0.145,5,5,5,5,0,0
5876.0,0.304573171,171.9774316,2945.435381,17.12687155,26.3,72.9,30.79,0.49,495.291,223.698,86.953,28.477,3.94,,2.7,7.7886,0.3889,,,,,259.6665,0.2128,5,0,0,5,1,0
5877.0,1.463535912,605.0735062,9833.396448,16.25157332,18.0,144.1,49.12,0.07,9.049,9.031,3.176,0.983,,,17.66,0.3558,0.8014,0.0784,0.2152,0.3606,0.1626,10.9492,0.0313,5,5,5,5,0,0
5878.0,0.342342342,1078.150921,134283.3713,124.5496977,29.2,461.1,51.76,2.4,1522.03,1024.535,299.222,91.559,14.61,24.169,3.8,25.1925,0.1678,,,,,2420.7974,0.0783,5,0,0,5,1,0
5882.0,0.234778761,823.511548,132549.643,160.9566294,24.4,848.7,133.4,3.93,687.573,462.106,150.624,34.475,9.58,12.187,3.79,13.677,0.4139,,,,,879.3525,0.1927,5,0,0,5,0,0
5883.0,1.720833333,1273.495156,7331.648843,5.757107757,16.5,61.9,43.97,0.11,11.765,14.09,4.892,1.724,,,17.7,0.2545,0.3117,0.0836,0.2476,0.2468,0.1518,8.1571,0.0753,5,5,5,5,0,0
5884.0,0.19,80.3,166.2,2.069738481,14.0,879.3,54.15,0.59,24.98,26.716,22.143,7.224,,,1.9,0.3309,0.8417,0.5888,0.1901,3.9302,0.1913,,0.5697,5,5,5,5,0,0
5885.0,1.596445946,2578.076895,7385.621218,2.864779259,15.3,36.8,39.36,0.27,9.85,11.888,4.106,2.104,,,22.29,0.0236,10.4382,0.0224,0.34,0.0663,0.3092,3.9653,0.1545,5,5,5,5,0,0
5887.0,0.117313433,206.4366229,1010.010292,4.892592593,18.7,43.6,41.07,3.69,341.005,436.851,185.98,93.852,11.93,7.809,1.31,1.521,0.1083,0.4148,0.187,7.1801,0.0418,145.0625,0.091,5,5,5,5,0,0
5888.0,0.272852665,49.94743369,1258.718951,25.20087336,21.1,158.9,46.84,0.18,67.14,39.67,13.695,5.693,,0.621,2.72,1.0258,0.1674,0.2983,0.1114,0.8028,0.1273,33.1208,0.138,5,5,5,5,0,0
5892.0,0.22,13.6,617.0,45.36764706,22.1,228.9,55.64,0.07,38.071,50.598,3.523,,,0.256,2.0,1.5887,0.2829,0.6466,0.1644,5.4113,0.0526,57.6804,0.0807,5,5,5,5,0,0
5893.0,0.16375,1.0725625,43.9750625,41.0,37.1,122.4,32.24,0.01,34.996,9.546,3.632,,,,1.31,0.4387,0.4436,0.1716,0.4078,0.4042,0.3955,11.1576,0.3614,5,5,5,5,1,0
5894.0,0.778071942,711.4027794,14068.57628,19.77582418,19.7,144.7,51.64,0.32,32.638,17.048,9.758,3.902,,0.733,12.29,1.8766,0.1122,0.5602,0.1352,2.3197,0.087,27.5601,0.063,5,5,5,5,0,0
5895.0,0.398818526,639.6711883,2140.166639,3.345729304,15.1,45.4,51.45,1.07,39.747,79.656,31.224,9.749,1.58,1.125,4.85,3.2247,0.0806,0.8769,0.3016,5.4553,0.1201,31.7767,0.2566,5,5,5,5,1,0
5896.0,0.35,198.7,417.0,2.098641168,11.6,2219.6,78.37,0.44,15.497,28.38,17.876,14.443,,,2.0,,0.16,0.3751,0.1576,10.9747,0.0557,37.7494,0.1789,5,5,5,5,0,0
5897.0,0.20615,21.2710225,51.6961025,2.43035343,14.3,0.7,40.49,0.13,16.626,15.283,10.936,,,,1.33,,0.4146,0.1988,0.4687,0.2333,0.5469,5.1035,0.4102,5,5,5,5,1,0
5900.0,0.18,19.4,497.9,25.66494845,19.3,3.8,51.56,0.17,31.208,24.668,8.614,,,,2.0,1.9558,0.1885,0.433,0.3991,2.2615,0.1483,42.6042,0.2389,5,5,5,5,1,0
5903.0,0.980883978,7295.859075,15671.55359,2.14800662,17.8,20.4,24.09,2.0,144.02,224.209,105.894,45.203,5.37,7.809,10.76,0.3572,0.0923,0.0455,0.2555,0.5091,0.1175,12.4912,0.4487,5,5,5,5,0,0
5907.0,0.169878419,20.40292126,1606.15724,78.72192513,35.7,200.1,41.1,0.19,52.988,20.448,5.59,,,,4.86,0.6456,0.4209,0.1229,0.0573,0.2169,0.2991,14.831,0.2475,5,5,5,5,1,0
5909.0,0.6818,1581.91723,1216.67697,0.769115442,11.8,202.0,42.64,0.89,20.814,62.106,30.467,16.89,2.15,1.348,4.87,0.3997,0.142,0.1194,0.2801,0.7856,0.113,23.7053,0.1235,5,5,5,5,1,0
5913.0,0.15,237.5,10310.5,43.41263158,25.9,192.0,55.1,2.68,850.547,599.566,194.249,59.019,10.73,6.775,2.0,,0.1187,0.253,1.0306,,,52.6148,1.0695,5,5,0,5,0,0
5914.0,0.146653992,18.20839972,42.11971114,2.313202247,14.2,35.8,43.6,0.23,11.67,19.026,8.671,3.461,,,1.33,0.504,0.0423,0.1943,0.1314,0.4581,0.0647,7.6244,0.1032,5,5,5,5,0,0
5917.0,0.216049383,172.267947,406.7596403,2.361203274,13.9,39.3,45.18,1.0,36.405,66.837,32.571,12.206,1.61,1.506,2.0,1.3691,0.2333,0.3585,0.0748,1.0036,0.111,23.3845,0.1321,5,5,5,5,1,0
5918.0,0.54,537.6186902,8863.895815,16.48732824,17.8,150.2,49.06,0.49,76.541,107.916,35.399,13.801,1.49,3.832,4.86,,1.2834,,,,,,0.379,5,0,0,5,0,0
5921.0,0.255786008,15.67550008,369.7024366,23.58472998,21.8,140.7,45.94,0.06,11.65,8.302,2.292,,,,3.79,0.2439,0.4253,0.0644,0.2237,0.1495,0.2552,8.0012,0.0563,5,5,5,5,0,0
5922.0,0.14,252.8,10801.8,42.72863924,26.6,190.2,54.52,3.34,865.247,739.53,232.759,70.752,10.05,,2.0,4.4406,0.1007,0.8904,0.2912,,,727.889,0.2206,5,5,0,5,1,0
5924.0,0.530357143,2639.184566,130778.1367,49.5524786,29.1,185.1,46.18,2.46,487.301,417.889,89.813,33.086,3.92,3.329,10.8,1.352,0.333,0.3002,0.5227,3.1849,0.4603,454.9946,0.129,5,5,5,5,1,0
5927.0,0.228324975,18.9215994,162.8395357,8.606013276,17.1,84.7,45.46,0.1,9.271,7.58,2.842,1.926,,,2.71,,-2.6223,0.0013,48.0009,0.0155,14.337,6.2193,0.0695,5,5,5,5,1,0
5929.0,0.595878694,1608.261309,469.1994841,0.291743314,12.3,6.8,18.21,1.2,20.002,85.213,38.832,19.789,2.71,1.214,4.85,1.5843,0.3129,0.5742,0.1254,2.0393,0.1289,28.4349,0.15,5,5,5,5,1,0
5932.0,0.817203312,6153.765758,48693.73771,7.912835755,22.9,45.2,29.75,2.45,630.151,498.411,159.187,63.945,10.21,8.086,9.45,8.5,0.2704,,,,,416.8647,0.0959,5,0,0,5,0,0
5936.0,1.310903427,2344.634497,13308.45903,5.676133761,15.5,70.8,47.35,0.36,40.969,49.021,14.281,,,,10.52,0.9773,0.5229,0.292,0.3208,1.2997,0.114,46.9616,0.135,5,5,5,5,1,0
5941.0,1.258650307,1751.904249,33441.90556,19.08888889,19.7,140.7,54.7,0.3,36.944,25.281,11.011,3.366,0.75,,17.84,0.6283,0.1609,0.2109,0.2102,1.7482,0.1049,40.6664,0.0409,5,5,5,5,0,0
5943.0,0.317540541,173.8940959,1296.161544,7.453740949,17.4,71.5,48.22,0.46,34.694,46.211,14.197,4.988,0.49,,3.79,0.7975,0.1878,0.2053,0.2012,1.1442,0.0949,23.4792,0.0428,5,5,5,5,0,0
5946.0,0.18,320.3,882.1,2.753980643,13.3,53.5,48.8,2.75,43.158,88.752,35.621,23.526,,8.026,2.0,2.3086,0.2681,0.8026,0.2297,2.269,0.165,46.5975,0.1846,5,5,5,5,0,0
5947.0,1.545266667,1769.692877,10402.68567,5.878243513,16.8,60.4,42.64,0.19,18.26,15.847,6.415,3.381,,,17.83,0.3393,0.6357,0.0737,0.2697,0.289,0.2416,13.0367,0.0672,5,5,5,5,0,0
5948.0,0.50895,140.70771,256.8981675,1.825757576,13.9,84.5,40.43,0.14,10.618,14.745,6.497,,,,3.77,0.2351,0.3612,0.0401,0.4617,0.1181,0.4087,2.7543,0.1792,5,5,5,5,0,0
5952.0,0.265798046,373.0246135,2124.324935,5.69486532,16.2,66.1,50.1,1.38,94.202,176.175,56.412,29.587,3.38,2.466,2.72,2.5041,0.5454,1.9055,0.2474,12.6237,0.2392,,0.4513,5,5,5,5,0,0
5953.0,0.385090138,27.501693,429.480643,15.61651652,20.6,105.0,42.84,0.05,32.586,21.795,7.732,,,,2.71,0.2799,0.7935,0.0875,0.5334,0.1916,0.51,15.3736,0.4554,5,5,5,5,1,0
5954.0,0.26,303.1,114.9,0.379082811,12.9,7.7,18.98,1.22,73.748,110.997,46.614,35.536,3.65,,2.0,2.4188,0.1614,,,,,28.8249,0.1775,5,0,0,5,0,0
5955.0,0.455928144,2054.050099,342002.4468,166.5015118,34.3,478.0,56.83,2.64,703.851,475.81,101.841,27.672,5.63,3.372,9.72,8.0352,0.3177,,,,,1100.7833,0.0697,5,0,0,5,1,0
5957.0,0.7215,934.084125,7804.726313,8.355485447,18.6,69.8,45.2,0.48,42.243,58.716,9.945,,,3.77,10.53,0.1265,0.2306,0.0115,0.2116,0.408,0.1702,13.2922,0.1381,5,5,5,5,0,0
5958.0,0.19,68.9,1470.2,21.33817126,17.7,198.9,57.41,0.51,57.478,73.61,25.541,9.297,1.62,1.175,2.0,1.086,0.3374,0.7598,0.2186,6.4656,0.1143,93.1762,0.1851,5,5,5,5,0,0
5959.0,0.24478301,99.87113938,5353.188149,53.600952,26.9,218.3,60.87,0.45,94.078,55.575,13.577,2.525,0.75,,4.82,0.92,0.1587,0.4323,0.2177,5.9345,0.1255,54.3333,0.0851,5,5,5,5,1,0
5960.0,0.291095101,331.9511224,528.5345207,1.592205855,12.3,36.8,50.92,1.03,19.131,27.534,50.758,,,,2.73,1.412,0.0527,0.4662,0.1395,1.2413,0.0661,18.4888,0.1462,5,5,5,5,0,0
5962.0,0.346992188,5.450592041,117.2422348,21.51,22.4,120.6,47.01,0.01,4.898,2.176,1.19,,,,3.78,,0.6829,0.0657,0.4695,0.1443,0.377,1.6232,0.288,5,5,5,5,0,0
5963.0,0.131,8.323085,194.2196175,23.33505155,20.5,157.6,49.37,0.13,38.625,31.265,9.268,4.132,,,1.31,0.7113,0.145,0.3679,0.1119,1.7637,0.0592,38.5496,0.0893,5,5,5,5,0,0
5964.0,0.17615,12.6685725,710.3580725,56.07246377,23.2,295.8,52.9,0.1,24.496,13.98,4.263,1.465,,,2.71,0.7379,0.2805,0.2364,0.049,1.295,0.054,31.4255,0.0179,5,5,5,5,1,0
5966.0,0.22,177.2,55.6,0.313769752,12.4,7.1,18.48,1.02,20.277,31.693,22.675,11.795,,,2.0,,0.5209,0.072,0.431,0.2347,0.2266,2.0049,0.3512,5,5,5,5,1,0
5968.0,1.19470311,2637.522582,218138.3842,82.70578825,23.6,426.7,75.33,0.49,325.204,203.006,72.584,18.3,3.4,5.241,10.39,9.2775,0.3075,,,,,524.276,0.0682,5,0,0,5,0,0
5970.0,1.273,384.8756375,6785.965188,17.63157895,20.7,116.6,44.28,0.07,20.953,12.016,5.24,1.701,,,12.73,0.1365,0.1939,0.0276,0.1522,0.1843,0.1143,12.5544,0.1626,5,5,5,5,0,0
5971.0,0.276923077,83.27496679,2873.64328,34.50788863,23.2,182.5,53.4,0.29,46.656,33.914,12.679,3.059,,,4.8,1.7811,0.2062,0.6137,0.1314,2.859,0.0617,43.0119,0.1652,5,5,5,5,1,0
5972.0,1.234911972,882.7044194,2285.128959,2.5887816,15.8,31.0,35.92,0.15,13.269,13.392,5.979,2.829,,,12.36,,0.4886,0.0513,0.3371,0.1235,0.1661,3.3767,0.1666,5,5,5,5,1,0
5975.0,0.304453441,245.9811241,5416.682785,22.02072539,19.3,170.8,51.09,0.7,94.322,80.925,25.2,14.945,1.64,,3.76,,0.1518,0.3615,0.3628,,,69.2521,0.1892,5,5,0,5,0,0
5977.0,0.215517241,135.0466335,25701.82446,190.3181427,27.9,732.9,106.27,0.81,230.573,131.931,34.429,9.887,1.71,4.024,3.75,5.6956,0.4283,,,,,312.862,0.2481,5,0,0,5,0,0
5978.0,1.239,2068.149125,6652.191,3.216494845,15.6,0.1,40.09,0.34,25.574,31.271,14.261,5.783,,0.53,12.39,0.2934,0.4984,0.0619,0.4531,0.2141,0.3816,12.5559,0.0474,5,5,5,5,1,0
5980.0,1.102824859,1121.205273,26937.43177,24.02542373,20.4,162.7,50.67,0.25,61.289,55.157,14.391,6.482,0.45,0.471,12.2,0.6677,0.2507,0.2365,0.544,1.8005,0.2693,50.0115,0.3398,5,5,5,5,1,0
5981.0,0.125255474,5.105866056,58.76387661,11.50909091,18.4,96.9,47.38,0.09,15.213,14.297,4.7,1.572,,,1.32,,-1.7181,,-7.0222,,0.1995,9.9679,0.158,5,5,5,5,0,0
5982.0,1.317375288,3094.69029,127665.5671,41.25309972,22.9,225.7,55.04,0.48,225.973,153.892,49.16,20.036,2.34,1.176,12.81,5.3325,0.1667,1.994,0.309,,,207.3717,0.2104,5,5,0,5,1,0
5983.0,0.108735632,3.996564936,16.3651341,4.0948,15.9,47.5,42.46,0.09,5.423,5.644,2.278,0.993,,,1.32,0.1821,0.1735,0.0556,0.3232,0.0964,0.2281,2.2674,0.1865,5,5,5,5,1,0
5984.0,0.830735586,3292.405454,40092.12567,12.17715322,23.1,66.6,36.4,1.27,267.204,169.365,55.207,22.76,2.93,1.476,12.29,0.9432,0.0459,0.37,0.1374,2.4032,0.0903,33.2797,0.2631,5,5,5,5,0,0
5985.0,0.36125908,145.0271515,11231.61062,77.44488189,27.3,306.8,89.15,0.29,243.495,255.375,73.287,35.552,1.34,,3.73,4.081,0.2771,,,,,171.1955,0.1722,5,0,0,5,1,0
5986.0,0.274945055,68.7702542,1065.676458,15.49618321,19.6,115.8,51.18,0.23,23.391,24.017,7.307,2.721,0.49,,4.17,0.3752,0.6,0.0758,0.9137,0.4271,0.863,10.509,0.7461,5,5,5,5,1,0
5987.0,0.473073171,858.6104973,6342.74296,7.387218045,20.6,50.2,34.42,1.02,395.047,394.558,158.965,52.982,6.53,4.553,3.73,,1.0336,,,,,110.1752,1.0123,5,0,0,5,0,0
5988.0,0.919886948,1768.349103,77781.43693,43.98534024,24.7,210.0,59.99,0.56,211.761,156.923,43.002,15.038,1.88,0.808,11.05,5.0896,0.1466,0.8723,0.1609,,,205.0731,0.1143,5,5,0,5,0,0
5990.0,0.369396135,345.8824412,3381.303236,9.775874208,20.8,64.7,43.07,0.68,178.224,196.571,57.66,23.348,2.77,3.283,3.73,2.1121,0.0409,0.2166,0.0555,2.4663,0.0352,23.7844,0.0624,5,5,5,5,0,0
5993.0,0.511111111,1620.17034,17603.08173,10.8649574,21.2,71.0,50.03,1.68,97.109,93.06,34.279,,1.5,,11.04,0.6242,0.0343,0.1814,0.178,4.0821,0.1019,33.1992,0.084,5,5,5,5,0,0
5994.0,1.210327869,5845.883607,45082.74195,7.711878133,21.4,48.7,34.48,1.07,358.141,360.986,111.068,56.828,5.73,,11.04,0.6772,0.3111,0.323,0.2333,4.5167,0.0793,89.5477,0.1756,5,5,5,5,1,0
5995.0,0.612147996,5059.303806,218440.6142,43.17602235,28.5,172.3,53.08,3.56,699.296,578.966,147.337,44.013,8.01,11.614,11.03,4.3304,0.0381,1.3498,0.1807,,,793.153,0.0197,5,5,0,5,1,0
5996.0,0.492049383,166.5962628,249.5655857,1.498026316,12.7,31.1,44.28,0.18,5.766,6.9,5.87,,,,4.24,,0.3961,0.0428,0.5317,0.1039,0.3194,1.1366,0.6318,5,5,5,5,0,0
5998.0,0.172058111,148.4299961,1171.12087,7.890055249,19.4,61.1,43.94,1.41,54.906,56.077,17.438,6.334,1.52,,3.74,0.2034,0.2373,0.0653,0.179,1.0963,0.0525,16.1483,0.1029,5,5,5,5,0,0
5999.0,0.14,15.6,52.3,3.352564103,15.3,42.6,43.46,0.21,21.654,21.698,9.834,4.842,,,1.2,1.0122,0.1155,0.2987,0.34,0.6915,0.17,15.563,0.4467,5,5,5,5,0,0
6000.0,0.18,20.7,405.9,19.60869565,17.9,175.2,53.51,0.18,63.775,65.348,24.487,8.056,,1.475,1.2,1.4378,0.6723,1.5667,0.2324,16.0369,0.1256,116.3602,0.2053,5,5,5,5,1,0
6001.0,0.490194175,2257.542473,975.9940522,0.432325887,11.4,12.8,38.29,2.48,26.629,87.742,56.751,31.195,,,3.74,0.6,0.1034,0.1674,0.1179,0.6585,0.0819,10.8917,0.1119,5,5,5,5,0,0
6002.0,0.09,2.6,62.3,23.96153846,21.0,152.3,49.68,0.09,16.954,12.99,3.966,1.465,,,1.2,0.3865,0.2052,0.116,0.1183,0.4045,0.1168,12.5219,0.0711,5,5,5,5,0,0
6003.0,0.06,14.6,406.8,27.8630137,23.1,152.7,52.2,1.03,107.858,92.094,27.308,8.451,1.95,0.963,1.2,2.316,0.1214,0.8153,0.1768,6.0784,0.0822,86.758,0.0873,5,5,5,5,0,0
6004.0,0.39,37.55555556,3823.155556,101.8,27.5,397.0,52.11,0.07,32.924,23.379,4.867,,,,5.2,1.3982,0.1849,0.5417,0.1322,2.5153,0.065,40.5602,0.1008,5,5,5,5,0,0
6005.0,0.637583333,306.9584236,4421.860535,14.40540541,18.5,118.5,59.01,0.23,13.725,12.489,3.378,,,,10.93,0.4808,0.2677,0.2292,0.2695,1.1967,0.153,8.4385,0.2025,5,5,5,5,0,0
6007.0,0.07,44.9,1541.1,34.32293987,25.8,158.0,49.35,2.39,408.535,362.727,99.134,32.686,4.88,2.684,1.2,2.63,1.3334,0.5067,0.1058,,,446.6477,0.0793,5,5,0,5,1,0
6008.0,0.607657247,804.5285601,61458.91238,76.39121273,22.6,427.7,56.94,0.58,86.923,74.561,21.639,6.143,1.19,,10.1,3.6655,0.1504,0.9709,0.194,,,113.7858,0.0886,5,5,0,5,1,0
6009.0,0.386309835,170.3754612,1043.972556,6.127481908,15.6,75.7,47.11,0.3,25.362,30.893,13.127,5.352,,,3.73,0.7209,0.0804,0.1897,0.3518,0.6107,0.22,17.8686,0.1951,5,5,5,5,0,0
6011.0,0.16,17.1,101.6,5.941520468,17.8,53.7,41.15,0.19,32.565,45.712,15.147,6.758,,0.282,1.2,0.6888,0.6565,0.1323,0.4154,0.4885,0.2465,21.5888,0.4486,5,5,5,5,1,0
6012.0,0.195031056,10.01350257,67.14401451,6.705347511,17.0,66.9,45.48,0.07,20.959,25.829,10.767,3.526,,,1.2,0.584,0.2983,0.1768,0.4182,0.5473,0.2379,14.9799,0.0257,5,5,5,5,1,0
6013.0,0.09,10.1,72.5,7.178217822,17.6,66.9,46.31,0.35,25.799,26.764,10.126,4.828,,,1.2,0.2651,0.1673,0.0817,0.3488,0.5858,0.153,13.3665,0.1894,5,5,5,5,0,0
6014.0,0.978502203,5452.240137,2098.152031,0.384823848,13.0,7.7,18.94,1.53,45.012,36.959,15.785,13.221,1.71,,12.34,0.5504,0.2809,0.143,0.1821,0.3704,0.223,11.8045,0.1727,5,5,5,5,0,0
6015.0,0.406232295,113.2711048,2478.716492,21.8830433,19.4,165.4,57.21,0.18,32.973,22.106,7.965,,,,4.78,1.9799,0.1183,0.6929,0.2536,2.8381,0.1073,31.4283,0.1555,5,5,5,5,0,0
6016.0,0.337827004,409.4236073,2933.821163,7.165735221,17.7,67.0,48.02,0.97,60.621,74.636,25.465,9.52,1.21,0.595,4.78,1.1079,0.2111,0.2703,0.3074,2.0219,0.1069,44.3603,0.0686,5,5,5,5,0,0
6017.0,0.843640857,1256.853179,9167.809291,7.294256358,17.5,69.4,45.39,0.48,29.003,30.455,11.275,5.016,0.58,,12.49,0.2198,1.5875,0.1178,0.114,0.6843,0.0967,18.2459,0.1532,5,5,5,5,0,0
6018.0,0.071700591,8.994377738,97.37742447,10.82647708,21.0,70.2,39.75,0.46,47.165,35.625,12.238,4.51,1.06,1.058,1.2,0.3094,0.2048,0.0983,0.5514,0.54,0.4738,16.7734,0.6478,5,5,5,5,1,0
6019.0,0.11,24.805,76.956,3.102439024,15.6,38.5,41.38,0.51,26.034,35.487,14.031,6.121,,0.904,1.32,0.2812,0.4388,0.0466,0.3944,0.449,0.2501,,0.3023,5,5,5,5,1,0
6020.0,0.056712329,8.82131732,234.3972227,26.5716802,21.6,163.1,62.7,0.73,54.022,40.081,9.857,3.583,0.47,,1.2,0.6554,0.2657,0.3577,0.2486,4.314,0.1426,73.7344,0.1545,5,5,5,5,0,0
6021.0,0.04,2.7,120.7,44.7037037,26.1,195.3,55.51,0.43,37.839,20.842,5.071,1.928,,0.454,1.2,0.1869,0.8032,0.0995,0.1099,2.278,0.0647,26.3983,0.1044,5,5,5,5,0,0
6022.0,0.236049383,25.99750843,1023.914892,39.38511628,23.9,196.6,49.92,0.12,18.394,9.875,2.442,,,,4.78,0.631,0.1101,0.2089,0.3629,0.5539,0.1889,14.1794,0.2113,5,5,5,5,0,0
6023.0,1.255081685,8137.708058,5577.110769,0.685341712,12.0,17.1,38.87,1.38,17.4,46.079,24.036,11.881,1.97,1.353,12.37,0.2924,0.1021,0.0886,0.3128,0.2689,0.1754,8.7442,0.1778,5,5,5,5,0,0
6024.0,0.09,31.1,911.9,29.32154341,21.3,187.0,51.57,1.12,178.326,144.013,44.806,16.604,3.11,2.048,1.2,1.6778,0.1411,1.0101,0.1145,,,177.4512,0.0733,5,5,0,5,0,0
6025.0,0.192989324,226.3921784,937.3220767,4.140258216,16.4,47.1,50.35,1.65,34.815,42.402,15.486,7.876,2.02,,3.74,0.8315,0.1563,0.2926,0.2105,1.7401,0.0795,15.9075,0.1357,5,5,5,5,0,0
6027.0,0.09795053,15.3976651,139.0739303,9.032144119,15.2,118.1,58.82,0.43,25.015,14.738,5.366,3.869,,,1.32,1.5441,0.0715,0.4452,0.1425,1.4945,0.0529,23.238,0.0596,5,5,5,5,0,0
6028.0,1.007682672,1150.219855,5906.874603,5.135430917,16.5,55.2,41.78,0.31,28.275,20.293,11.99,5.019,,,10.97,0.9763,0.1363,0.36,0.3197,0.4965,0.2949,11.7206,0.2431,5,5,5,5,0,0
6029.0,1.325844948,7028.181276,9263.23302,1.31801282,12.3,31.0,45.29,1.06,20.37,60.978,28.938,12.899,,1.008,11.11,0.2843,0.1142,0.0706,0.0623,0.2007,0.0992,5.8396,0.0518,5,5,5,5,0,0
6031.0,0.12,4.2,24.0,5.714285714,16.5,75.1,43.98,0.08,8.843,7.689,3.048,,,,1.2,0.2134,0.1978,0.0574,0.4395,0.1008,0.1272,2.9466,0.2974,5,5,5,5,0,0
6032.0,1.5925,1380.575,4111.7125,2.97826087,14.8,41.7,41.22,0.15,14.134,27.423,13.494,4.475,0.41,0.424,12.25,0.2481,0.371,0.0655,0.2029,0.1426,0.1295,6.6654,0.0468,5,5,5,5,1,0
6033.0,0.11,3.7,153.2,41.40540541,22.6,227.2,48.99,0.09,33.908,17.299,6.482,2.805,,,1.2,0.8039,0.2235,0.2818,0.1403,1.2013,0.1391,30.2998,0.158,5,5,5,5,0,0
6036.0,0.07,3.0,48.5,16.16666667,21.2,84.1,43.03,0.18,20.118,15.054,4.21,1.119,,,1.2,0.2647,0.7352,0.0836,0.4868,0.2042,0.385,9.1691,0.3584,5,5,5,5,1,0
6037.0,0.117196262,73.65897458,115.1682418,1.563533058,13.6,28.0,41.33,1.37,30.89,52.471,29.539,12.975,,1.569,1.32,0.6679,0.0296,0.1613,0.1843,0.6491,0.133,16.2012,0.1463,5,5,5,5,1,0
6039.0,0.138461538,2.529585799,194.8113905,77.01315789,26.0,332.3,50.76,0.03,38.179,18.965,5.391,,,,1.2,2.8694,0.339,1.2573,0.3206,12.1729,0.1628,44.18,0.3409,5,5,5,5,1,0
6040.0,0.337392996,55.94867447,343.4387864,6.138461538,19.0,48.0,34.15,0.13,24.563,19.914,7.135,3.214,,,3.77,0.421,0.6399,0.1143,0.6377,0.1063,0.6352,8.0561,0.1353,5,5,5,5,0,0
6041.0,1.079136262,2293.606784,5063.183857,2.20752044,14.9,30.5,38.43,0.52,21.124,35.441,12.665,4.984,0.7,1.159,12.94,0.2389,0.1579,0.0622,0.1907,0.245,0.1278,6.9746,0.08,5,5,5,5,1,0
6042.0,0.109941478,11.59679,73.11723556,6.304954698,16.2,70.0,47.28,0.26,18.324,13.112,8.522,,,,1.33,,0.7938,,0.3278,,0.7914,,0.423,5,5,5,5,0,0
6043.0,0.117220339,55.26732663,2072.534912,37.50018389,20.7,252.2,64.9,1.04,220.033,188.427,64.719,22.696,3.64,2.503,1.33,4.5425,0.2158,0.6117,1.0073,,,217.0414,0.0804,5,5,0,5,0,0
6045.0,0.15,56.6,433.9,7.666077739,16.4,0.3,53.58,0.63,65.307,108.24,45.781,20.883,,,1.2,7.0723,0.8489,0.8887,1.3978,16.4379,0.7091,131.8219,0.5449,5,5,5,5,1,0
6048.0,0.149121339,25.77559917,19.55285097,0.758579882,14.2,11.7,21.65,0.3,17.483,21.295,11.901,5.389,,,1.32,0.5157,0.2895,0.1756,0.2669,0.3761,0.1694,18.1773,0.1474,5,5,5,5,0,0
6049.0,0.302954545,205.4534607,1353.044318,6.585648707,16.5,71.4,45.39,0.6,40.568,35.82,16.644,7.468,1.38,1.46,3.72,0.4983,0.1584,0.1592,0.3297,0.8375,0.1846,28.5633,0.1709,5,5,5,5,0,0
6051.0,0.066,2.916,25.704,8.814814815,18.4,74.6,42.97,0.17,8.6,5.953,2.112,,,,1.32,0.1143,0.1277,0.025,0.2419,0.0666,0.1946,3.0385,0.1448,5,5,5,5,0,0
6053.0,0.135607843,38.62880431,111.6154817,2.88943662,14.6,41.8,44.1,0.57,30.199,46.883,19.465,8.037,1.34,1.285,1.33,,0.3565,0.013,0.3677,0.3157,0.2518,,0.3925,5,5,5,5,1,0
6057.0,0.070714286,4.687978316,169.6700893,36.19259259,22.1,212.1,51.52,0.25,30.978,21.209,6.073,,,,1.32,0.3572,0.3319,0.074,0.2052,0.5913,0.1585,23.6199,0.1323,5,5,5,5,0,0
6058.0,0.09975,13.38959028,49.87315278,3.724770642,14.9,51.4,51.86,0.36,16.633,19.4,6.326,,,,1.33,0.6561,0.2587,0.1858,0.1537,0.3492,0.1288,7.8665,0.1236,5,5,5,5,1,0
6059.0,0.265714286,130.8027778,1324.752664,10.12786339,18.0,90.3,50.37,0.5,40.247,35.866,13.518,6.013,1.17,0.52,3.72,0.5408,0.1175,0.1988,0.2226,1.8227,0.0465,24.5461,0.0494,5,5,5,5,0,0
6060.0,0.436083151,9.627202907,406.8430943,42.25974026,25.0,205.0,52.15,0.01,7.077,4.046,1.024,,,,5.11,0.2111,0.3089,0.0735,0.1675,0.3432,0.1376,3.8067,0.2246,5,5,5,5,0,0
6061.0,0.079279279,7.311094879,26.81600519,3.667850799,15.8,44.1,40.89,0.3,11.192,11.244,4.68,,,,1.2,0.1516,0.3581,0.0314,0.2203,0.1114,0.1325,5.9262,0.0697,5,5,5,5,0,0
6062.0,0.11,6.5,100.8,15.50769231,18.7,0.6,47.73,0.14,24.842,22.513,6.291,3.1,,,1.2,0.3792,0.3724,0.1257,0.297,0.3646,0.2017,19.7283,0.0929,5,5,5,5,1,0
6071.0,0.111679389,8.555369734,385.5585601,45.06626506,24.4,217.2,48.65,0.19,84.089,47.097,13.491,5.855,0.72,0.576,1.33,2.2249,0.0975,0.5595,0.2638,3.2819,0.0931,92.9246,0.151,5,5,5,5,0,0
6072.0,0.86678634,3058.724874,6711.425998,2.194190806,14.3,34.3,44.56,1.1,18.719,35.304,14.773,6.68,0.88,0.299,12.53,0.3685,0.1386,0.0674,0.195,0.3626,0.1461,8.3803,0.0721,5,5,5,5,1,0
6073.0,0.219283154,21.04291312,50.81204507,2.414686825,15.2,31.6,37.48,0.12,20.513,59.136,12.904,4.542,0.61,1.719,1.33,0.152,0.9325,0.032,0.3784,0.1324,0.2146,2.6662,0.2519,5,5,5,5,1,0
6075.0,0.046891026,2.126081731,509.7689811,239.7692308,33.8,661.4,58.05,0.24,56.577,32.347,6.25,1.278,0.38,,1.33,2.3004,0.0833,0.8358,0.2109,7.6816,0.0644,86.7156,0.1183,5,5,5,5,1,0
6076.0,0.32126183,43.09911732,250.1607141,5.804311774,15.6,70.2,45.64,0.11,12.878,15.754,5.765,,,,2.68,0.5013,0.4203,0.1217,0.3562,0.2002,0.5322,7.0556,0.13,5,5,5,5,1,0
6077.0,0.965185185,1184.041283,4985.270279,4.210385523,16.5,45.7,40.97,0.34,18.126,20.562,7.808,3.225,,,13.03,0.3709,0.3829,0.109,0.3892,0.3121,0.2135,10.6252,0.0666,5,5,5,5,1,0
6079.0,0.132,13.068,27.225,2.083333333,14.6,29.7,37.46,0.21,12.362,8.846,6.795,2.64,,,1.32,0.1157,0.6714,0.0592,0.5464,0.1755,0.3431,2.3342,0.2007,5,5,5,5,0,0
6080.0,0.135896147,43.5414361,60.09343535,1.380143622,12.0,34.4,70.96,0.63,7.816,22.391,11.231,5.253,,0.28,1.33,0.9058,0.1852,0.738,0.1404,3.9061,0.0381,7.187,0.045,5,5,5,5,0,0
6081.0,0.090092025,23.37626275,280.0888818,11.98176478,19.7,89.2,49.95,0.77,72.264,73.54,24.941,8.158,1.35,,1.32,1.9306,0.6245,0.594,0.6056,2.1161,0.1822,58.3638,0.3031,5,5,5,5,0,0
6083.0,0.19624714,65.13684816,1273.208704,19.54667351,21.3,122.5,49.21,0.45,83.018,63.491,20.138,7.845,1.19,1.304,2.68,1.1348,0.2701,0.4029,0.2073,2.1107,0.0975,73.3876,0.1024,5,5,5,5,0,0
6084.0,0.113407364,141.6657755,1918.976019,13.54579829,21.3,90.1,48.25,2.94,476.094,462.96,185.814,62.921,9.72,5.574,1.32,5.312,0.0576,1.0623,0.0731,,,279.6158,0.034,5,5,0,5,1,0
6085.0,0.069514793,76.35361395,3894.458915,51.00556102,32.6,165.0,45.06,4.22,1002.521,907.715,269.206,67.745,9.1,7.701,1.32,0.3549,0.2818,0.1638,0.1945,5.1079,0.0603,805.0206,0.0162,5,5,5,5,1,0
6087.0,0.100253165,15.91360359,50.46287454,3.171052632,15.0,43.2,42.21,0.4,14.658,17.445,7.485,3.108,0.69,,1.32,0.244,0.1659,0.0555,0.3316,0.1684,0.292,7.5362,0.1286,5,5,5,5,1,0
6088.0,1.91,21233.6,24600.3,1.158555309,14.6,17.2,30.01,1.55,66.702,109.483,63.541,25.515,3.73,,1.32,0.988,0.1041,0.2125,0.1702,2.1177,0.1082,32.3826,0.0898,5,5,5,5,0,0
6089.0,0.079914163,3.486383982,25.47992779,7.308411215,16.9,74.2,44.18,0.14,6.772,4.984,2.828,,,,1.33,0.2112,0.3194,0.055,0.2877,0.0971,0.241,4.313,0.2293,5,5,5,5,0,0
6090.0,1.521167622,1672.11649,8641.353326,5.167913465,16.3,57.3,42.28,0.19,13.841,14.102,5.723,2.093,,,18.15,0.1069,1.8337,0.0461,0.3178,0.1067,0.2066,,0.0577,5,5,5,5,0,0
6093.0,0.183076923,206.5751479,1968.620118,9.529801325,20.5,66.8,44.39,1.85,153.872,161.665,55.087,19.866,3.16,1.935,2.72,1.394,0.1275,0.5583,0.0657,4.0875,0.0277,73.7947,0.0927,5,5,5,5,1,0
6095.0,1.008611898,1628.96968,1880.543229,1.15443722,13.8,19.4,31.72,0.43,9.8,19.368,8.341,3.819,0.34,,12.42,0.1493,0.6197,0.0341,0.3568,0.0458,0.6037,2.473,0.3709,5,5,5,5,0,0
6097.0,0.4288,439.56288,266.46704,0.60620915,10.5,22.5,54.77,0.63,8.443,35.279,17.019,,,1.057,2.68,0.4655,0.1487,0.1209,0.178,0.5478,0.0892,11.6605,0.0471,5,5,5,5,0,0
6100.0,0.291553398,56.55183806,718.4893463,12.70496894,18.9,103.7,49.46,0.18,44.983,38.208,12.65,,,,2.73,0.8268,0.152,0.2674,0.0979,1.7103,0.0287,21.5574,0.1092,5,5,5,5,0,0
6101.0,0.18537037,358.9569273,22963.87184,63.97389241,27.9,258.0,51.99,2.68,832.671,650.597,197.343,52.275,9.04,10.859,2.73,4.4618,0.1934,1.4942,0.4541,,,1174.4478,0.1016,5,5,0,5,1,0
6105.0,0.23,431.4,529.0,1.226240148,13.8,21.5,39.16,2.24,40.785,82.358,45.644,18.239,2.71,3.33,2.73,0.4851,0.3493,0.1357,0.1326,1.0406,0.0796,13.4614,0.076,5,5,5,5,1,0
6106.0,0.352625,1104.607766,2428.532641,2.198547499,14.1,36.5,44.17,2.42,118.181,218.815,121.369,47.149,,5.846,2.73,3.1373,0.1258,0.8478,0.3837,4.9195,0.2491,105.0663,0.3852,5,5,5,5,1,0
6108.0,0.847132616,720.4602591,481.0534856,0.667703013,13.8,11.2,21.39,0.27,8.446,19.832,8.765,3.28,,,8.15,0.0842,0.8594,0.1391,0.2618,1.0887,0.0822,9.6633,0.1444,5,5,5,5,0,0
6112.0,1.134245283,1079.137922,70934.7118,65.73275792,24.7,312.4,54.99,0.22,180.835,79.976,14.989,,4.11,2.173,10.93,2.8761,0.2117,2.1145,0.1526,,,240.7028,0.1241,5,5,0,5,1,0
6114.0,0.282995951,63.21936108,297.0092937,4.698074904,16.5,50.7,40.62,0.21,26.26,19.772,11.803,,,,2.7,0.4289,0.1687,0.0792,0.3819,0.1288,0.2932,6.621,0.1441,5,5,5,5,0,0
6116.0,0.506933198,251.9614964,12011.90372,47.67356875,19.8,346.0,53.78,0.26,135.196,85.238,32.315,12.565,,3.708,3.71,6.5511,0.048,1.8166,0.2836,9.9643,0.0932,134.8813,0.1398,5,5,5,5,1,1
6119.0,1.482865531,1487.5018,72132.97864,48.49270008,17.9,433.9,94.57,0.18,45.312,33.424,10.935,10.103,,0.833,12.44,3.596,0.1603,,,,,126.6232,0.1726,5,0,0,5,0,0
6121.0,0.770029499,1085.921466,773.7577242,0.712535619,11.6,19.6,53.17,0.49,14.86,20.52,16.092,14.318,,,5.02,0.2975,0.3104,0.1437,0.1826,0.3894,0.1068,3.2343,0.4011,5,5,5,5,0,0
6124.0,1.884,8991.9552,66082.98304,7.349122807,13.6,1.9,112.46,0.71,40.505,112.835,59.737,28.672,1.89,1.815,12.56,5.691,0.1958,,,,,110.6077,0.1405,5,0,0,5,0,0
6126.0,0.293549656,284.6304977,1297.967549,4.56018438,15.7,56.1,49.01,0.87,21.66,27.5,12.916,4.439,0.81,,5.06,0.6478,0.081,0.1785,0.1124,0.8207,0.1019,14.1597,0.0259,5,5,5,5,0,0
6128.0,0.398495575,1186.779372,854.3223745,0.719866215,12.4,16.7,38.62,2.01,12.362,34.701,25.182,9.255,1.78,,5.13,0.6238,0.4376,0.1284,0.3125,0.5829,0.1182,12.43,0.2418,5,5,5,5,1,0
6130.0,1.575101215,387.889502,95278.50528,245.6331115,29.4,846.8,80.6,0.04,82.402,39.052,9.532,,,,12.55,3.2617,0.121,,,,,147.5077,0.1401,5,0,0,5,0,0
6133.0,0.177147239,277.819663,3449.044234,12.41468727,22.6,72.9,40.92,2.36,88.778,70.51,19.606,7.89,3.21,,5.25,1.7127,0.1915,0.3289,0.2205,2.1843,0.2289,30.0625,0.1808,5,5,5,5,0,0
6135.0,1.816411765,5032.015429,209449.3691,41.6233559,18.7,340.2,72.89,0.4,128.794,130.775,53.755,14.137,2.42,2.446,13.14,,0.3389,,,,,,0.2657,5,0,0,5,0,0
6137.0,0.773915592,892.8950473,768.7423774,0.860954913,14.6,12.6,22.05,0.4,17.744,25.746,12.332,4.576,,,8.15,0.7254,0.1532,0.6444,0.1917,,,9.2372,0.1917,5,5,0,5,0,0
6140.0,0.84410628,2319.988179,7323.311776,3.156615987,14.9,44.3,44.17,0.87,46.083,44.937,23.094,16.639,,1.329,8.65,0.8423,0.3503,0.1641,0.1888,1.4272,0.0609,,0.0782,5,5,5,5,0,0
6143.0,0.335510204,333.9067116,4306.576321,12.89754345,17.0,132.6,49.59,0.79,124.31,152.943,56.962,22.609,3.42,3.499,2.74,3.6174,1.0745,,,,,102.7407,0.8144,5,0,0,5,1,0
6146.0,0.424580153,90.15964105,1304.086312,14.46419148,16.2,161.3,74.15,0.13,30.487,48.714,12.318,7.325,,0.273,2.7,1.7644,0.1204,0.6044,0.4013,3.7473,0.1091,30.0249,0.2431,5,5,5,5,1,0
6147.0,0.108,8.748,294.8805,33.70833333,21.5,203.5,50.35,0.2,49.038,38.993,13.849,3.7,0.66,,1.35,2.8929,0.0443,0.9878,0.1293,3.3893,0.0525,52.8945,0.0682,5,5,5,5,0,0
6148.0,0.3025,286.61875,2810.98125,9.807387863,16.4,108.6,56.07,0.89,90.508,109.209,53.948,18.969,2.79,1.243,2.75,3.8478,0.0772,1.1851,0.2292,,,93.8259,0.0958,5,5,0,5,1,0
6152.0,0.083515087,2.722316518,1041.540054,382.5932978,25.7,1675.8,106.14,0.1,7.865,4.49,1.151,0.344,,,2.72,9.1432,0.0514,,,,,27.7353,0.036,5,0,0,5,0,0
6153.0,1.880023781,842.2069588,7442.750434,8.83719893,19.8,64.1,48.65,0.06,78.836,300.516,125.484,16.072,0.71,,8.15,0.476,0.3233,0.1723,0.1597,2.506,0.084,19.057,0.0955,5,5,5,5,0,0
6157.0,1.614287411,2049.908615,23106.76468,11.27209501,17.5,104.9,53.29,0.21,52.812,43.144,16.991,,,,12.47,0.7869,0.5157,0.2823,0.0994,4.6031,0.062,15.8811,0.1901,5,5,5,5,0,0
6159.0,0.12,22.3,2578.3,115.6188341,26.7,475.3,56.23,0.43,215.045,140.083,43.715,17.023,1.51,,1.5,12.556,0.2048,,,,,212.8737,0.1922,5,0,0,5,0,0
6168.0,0.391200951,242.6436028,1000.557402,4.123568027,19.0,32.7,24.64,0.42,62.214,42.355,19.167,,,,4.7,0.482,0.2983,0.2708,0.5517,,,15.2551,0.1316,5,5,0,5,0,0
6176.0,0.604670659,1785.260926,22211.01883,12.44132917,14.5,187.3,75.15,1.3,145.121,207.791,111.176,32.649,8.19,7.651,3.74,8.6437,0.2326,,,,,126.8364,0.2783,5,0,0,5,1,0
