,YB,LRATIO_mean_pred,LRATIO_0.025_pred,LRATIO_median_pred,LRATIO_0.975_pred,LM_mean_pred,LM_0.025_pred,LM_median_pred,LM_0.975_pred,L_BOL_mean_pred,L_BOL_0.025_pred,L_BOL_median_pred,L_BOL_0.975_pred,MASS_mean_pred,MASS_0.025_pred,MASS_median_pred,MASS_0.975_pred,DIAM_mean_pred,DIAM_0.025_pred,DIAM_median_pred,DIAM_0.975_pred,SURF_DENS_mean_pred,SURF_DENS_0.025_pred,SURF_DENS_median_pred,SURF_DENS_0.975_pred,TEMP_mean_pred,TEMP_0.025_pred,TEMP_median_pred,TEMP_0.975_pred,T_BOL_mean_pred,T_BOL_0.025_pred,T_BOL_median_pred,T_BOL_0.975_pred
0,1.0,54.475693,5.072957,80.83514,350.36768,8.273936,0.56014585,9.495992,62.96867,987.0503,315.65222,925.7441,2844.8691,116.37489,16.161558,103.693596,611.2286,0.36501038,0.1553852,0.40068093,0.6643752,0.19762781,0.02097514,0.22259782,1.5030966,18.40728,12.081485,17.353853,28.153706,51.63038,24.064257,53.352234,69.858986
1,2.0,102.30166,7.133673,104.74235,347.96515,14.463646,2.0634582,14.600374,74.150696,8552.231,2237.936,6193.4814,17583.033,467.17468,59.450188,427.0815,1876.656,0.31685224,0.14915586,0.34457713,0.62421536,1.0529976,0.18157522,1.0643746,4.0855412,19.995502,13.9971,19.432726,29.792145,54.888313,33.500492,55.71454,71.70938
2,3.0,63.743008,2.3509457,91.867516,787.9338,15.446624,1.0626563,13.989844,163.90016,11406.526,975.14716,11484.986,40180.695,612.47034,55.944157,780.4514,2641.0405,0.44518605,0.23483588,0.4430459,0.76382256,0.9565529,0.0975975,1.0639757,6.344465,20.998552,12.828956,20.059792,29.362892,48.64683,22.508825,50.130634,76.21619
3,4.0,31.81908,2.97143,47.89316,299.78735,3.809309,0.40777963,4.656248,45.02395,181.61566,57.652596,175.64378,367.84213,51.59148,5.6468754,53.624702,385.5057,0.27467036,0.11129213,0.2830769,0.48979235,0.15379094,0.010433569,0.17031206,0.8872086,15.873764,11.144012,15.6183195,25.12455,51.39879,23.791145,51.905666,66.285706
4,5.0,45.93155,3.7636592,44.58355,186.88823,4.09394,0.42778465,4.0379806,40.75943,242.98914,63.8966,311.11316,827.43445,73.211685,6.615569,101.44544,540.3377,0.29025212,0.13015999,0.30215043,0.5060546,0.21574123,0.029885903,0.26587003,1.2358756,16.664932,10.856821,15.825567,25.56513,43.765736,27.732504,44.203197,54.225338
5,9.0,145.82901,10.487911,167.63963,756.2645,30.79778,1.9196031,31.158361,231.80173,7773.8877,1446.7325,10898.901,22393.12,357.64145,56.628284,353.87787,1977.9629,0.28280216,0.14210987,0.31024402,0.48121923,1.2095,0.2188739,1.2314014,6.38184,22.24664,13.710541,21.850178,31.734882,59.770855,25.745054,57.437702,85.81082
6,10.0,127.138535,9.75181,154.17117,827.41156,20.921545,2.0743957,19.320383,197.67589,73099.33,12846.71,62372.527,255971.33,4156.7905,288.77863,3263.6577,26372.16,1.1398263,0.4755782,1.2156519,2.1236362,0.8191777,0.13231392,0.78444445,3.8262627,20.641567,13.699247,20.242512,30.628523,59.827118,27.777311,56.70259,86.06697
7,11.0,126.65561,8.742708,117.440414,1106.5682,21.930256,1.2576228,21.858095,206.20941,28738.092,2906.0396,22604.918,181804.34,1220.467,79.90325,1891.8049,10780.455,0.7481509,0.32282826,0.7314339,1.6335827,0.9861334,0.095404305,0.90973645,4.507021,20.473705,13.256715,19.969774,31.7466,58.625767,25.940983,55.44341,85.38947
8,12.0,120.43499,5.760677,132.83347,690.1534,22.890217,2.7282896,23.521223,176.86595,39379.83,6604.7896,39599.99,73295.91,1332.2404,262.33557,1165.071,6918.3154,0.57697684,0.31491566,0.59120166,0.9473233,1.0365392,0.21351953,1.1246725,4.775942,22.407566,14.437376,22.050508,30.603874,56.479355,25.451681,55.902527,85.940994
9,13.0,90.82217,3.1565268,108.247696,501.63565,14.935954,1.93933,14.612462,99.92955,7762.2124,2331.4624,6140.439,21096.238,484.74353,86.508835,505.67203,2383.6384,0.63903916,0.31239313,0.62842447,1.0225517,0.32298017,0.056530938,0.33935255,1.6204005,19.518564,12.975229,19.175657,30.67429,55.13189,27.667543,55.02185,75.90295
10,14.0,73.42291,4.08657,89.48577,462.57156,9.395351,0.56611365,10.968138,78.03558,786.49567,109.73409,1008.1643,7668.3936,147.93489,15.829044,201.35422,874.59235,0.29015824,0.12887655,0.31300136,0.47786894,0.5126502,0.047574274,0.59243643,5.0686474,19.057072,11.886287,18.134315,27.038408,45.942677,22.223316,46.293583,67.31376
11,15.0,101.705536,2.0872242,136.10245,466.41208,20.304468,1.7948571,19.491451,104.1776,16578.457,4062.9155,15208.388,39453.35,1057.7927,179.58696,852.885,4352.2305,0.6168118,0.2769789,0.64989555,0.8509951,0.81903476,0.16414078,0.70071834,3.8808405,20.71585,13.596409,20.214207,27.996078,56.718224,26.85684,56.263657,80.310425
12,16.0,143.17737,21.957022,120.04551,474.3289,18.890518,2.8661048,19.90335,130.46521,16630.523,6163.331,14782.271,57975.582,746.7277,186.54161,767.4344,4662.2,0.635939,0.34704027,0.592208,1.326921,0.35733634,0.07857354,0.5256462,2.9228222,20.295427,14.358218,20.098354,30.728668,57.84618,28.053076,58.18125,78.71601
13,17.0,190.8125,10.422889,199.21649,801.15405,29.943428,1.5990121,30.109257,205.18658,42372.14,4684.6006,28089.621,114831.3,1427.2673,218.89616,1140.6307,8824.02,0.6428291,0.30745152,0.6457194,1.0561764,0.9999826,0.15796809,0.9839143,4.6901655,21.686398,13.74062,20.921238,30.11875,60.681156,24.85264,57.14044,88.15347
14,20.0,66.130615,5.264391,75.72605,303.77118,10.510563,2.5412104,9.285607,60.146923,3144.9421,1469.9694,3243.149,7859.6377,327.09457,51.561203,266.74857,989.4626,0.32634106,0.18017355,0.3243435,0.5682926,0.72284186,0.15283062,0.9342562,2.9995706,19.014053,14.466688,18.194452,26.701248,52.132923,34.787514,51.33222,60.518707
15,21.0,177.64957,8.757314,161.95483,796.9978,22.102253,1.4351106,20.233744,196.19704,26705.938,3351.0315,22871.662,120377.63,1560.5397,180.90497,1443.8058,7572.9844,0.6697566,0.3528396,0.68843484,1.1309401,0.9174078,0.14029929,0.8199278,3.9176106,20.550549,13.710414,19.984634,31.157885,56.692886,25.017336,54.72558,85.96642
16,22.0,57.16233,4.2978487,65.499664,378.0463,10.331726,0.74895763,8.04722,98.270294,1218.1798,156.11745,1730.4283,4237.3613,162.43301,14.014389,205.44104,731.5595,0.24134827,0.121537894,0.27050453,0.45641762,0.79017633,0.033435106,1.1060227,5.365927,19.368696,12.587092,18.96669,29.924109,46.82915,25.549318,48.771217,71.17565
17,23.0,114.32891,5.8687277,98.526436,1058.2968,24.096495,1.0570583,30.169298,143.99924,44329.586,598.8104,44668.492,53082.895,796.61176,37.510357,817.5392,1925.9962,0.2605299,0.12999408,0.26737344,0.4696795,3.7588265,0.09170973,2.445268,13.3456,23.344574,12.75967,24.626999,31.588512,47.113743,22.030638,48.00788,74.62295
18,25.0,115.381805,5.8687277,105.748955,1096.0148,23.390347,1.0076724,27.07536,169.7001,19500.58,605.44135,26673.104,46761.844,591.0633,32.72855,614.6919,1942.5277,0.25963247,0.12891963,0.26744646,0.4706827,3.1477962,0.0794397,2.1303256,12.463626,23.318396,12.639384,24.34722,31.975784,47.34032,22.959782,49.451107,74.71464
19,26.0,177.0326,10.6171,174.83034,766.4416,27.127302,1.829516,27.959002,197.18315,7495.0854,1371.9325,8948.39,14705.43,323.45435,44.37687,276.50137,1569.194,0.29425848,0.13479674,0.31243625,0.45265663,0.97369486,0.20777866,0.9501366,4.743277,22.238443,13.515631,21.346046,31.212164,57.21768,24.856073,56.74526,85.62848
20,27.0,94.0461,4.08657,100.967636,1050.7673,16.168234,0.5751226,15.829068,200.38174,4855.0186,110.69714,3795.3406,20235.514,184.77856,15.686342,225.07236,1231.0145,0.29015824,0.12887655,0.31300136,0.47642496,0.72471064,0.048841283,0.6989108,5.874254,20.785309,11.892711,19.91465,29.152096,47.966156,22.238808,49.378387,73.72034
21,28.0,142.67673,3.0493925,119.54551,831.18164,15.861629,1.1561917,13.942076,206.0103,8156.752,368.27734,4545.431,27402.916,321.68948,16.025843,479.4046,1410.88,0.4471626,0.18116245,0.45118916,0.9595556,0.48542088,0.017978579,0.46159288,3.4130325,20.553432,11.824377,18.830072,33.701893,55.301285,33.71541,55.022877,72.53644
22,30.0,223.92255,30.701612,243.65627,476.8075,39.92356,5.1584034,47.392094,106.442345,90137.016,43739.195,93009.97,131138.47,2402.95,595.62134,2094.952,8670.6455,0.78830975,0.40880287,0.8074979,1.1930177,0.9986254,0.30100477,0.96451145,3.4678767,23.75048,15.142557,23.95144,29.368034,59.473835,38.893734,58.003643,72.44221
23,31.0,106.52414,14.018448,96.13696,489.24738,13.73792,1.6712193,13.53111,115.8645,9824.885,3695.8887,9087.426,41310.617,667.1024,117.00103,765.68756,4348.148,0.6755125,0.3762569,0.6398798,1.3980079,0.3371865,0.063845575,0.38265073,2.447553,19.635658,13.432838,18.854345,31.786098,56.040333,26.727882,55.390892,77.74802
24,32.0,40.91064,7.490996,59.73523,288.82904,4.065838,0.26673898,5.3517785,64.27258,5201.328,683.85065,5315.5874,30746.734,931.43036,89.09054,928.4766,5048.1455,0.9000248,0.36020708,0.81758314,1.7757188,0.3243949,0.013275899,0.39650643,3.871828,17.516386,11.234922,18.02266,29.016298,50.383587,18.574116,50.114918,75.928185
25,33.0,104.58475,12.155596,111.53323,371.90955,15.417052,0.93787783,13.679794,74.65975,29493.225,3445.6272,30119.072,136790.3,2339.359,186.04239,2155.8872,6848.2007,0.92409873,0.43751732,0.90118986,1.7629974,0.7416256,0.08100672,0.8822551,4.5148067,20.231733,12.725208,19.931692,28.725662,50.179302,28.029806,50.38164,66.30378
26,34.0,169.52403,35.71813,184.89958,410.78333,39.881817,2.7739089,54.692005,115.72573,322753.38,28040.562,424797.44,446949.75,6947.5454,473.80582,8331.435,15402.782,0.7152514,0.3865077,0.6814418,1.3222862,4.1679006,0.23900214,3.0231655,9.568799,28.959148,13.433739,29.360596,37.167477,47.28434,37.057068,48.224785,64.06527
27,35.0,105.68655,10.85847,107.427574,546.895,12.827971,0.7011997,11.09911,95.292625,18852.42,1082.6818,15136.316,65465.54,1290.099,103.35432,1462.4655,5149.0522,0.9237257,0.39878643,0.8986585,1.769346,0.35980588,0.01955421,0.38800502,4.1100764,20.084175,12.051751,18.71958,29.511232,50.052197,23.247225,49.949028,67.37838
28,36.0,163.784,26.21611,188.87476,391.4416,40.6091,8.631991,37.730213,102.265465,95745.79,50283.234,90200.055,143238.28,2413.7449,464.51865,2259.5974,7101.6406,0.6612836,0.29825842,0.62068284,1.173113,2.0078785,0.28228667,2.13521,6.1832194,25.759295,15.533871,26.10958,30.5215,52.185944,43.24771,50.19937,65.92534
29,37.0,120.53357,12.458299,124.95866,430.92545,16.119194,0.89909,18.53778,80.35337,36757.42,3004.8682,31814.508,186857.84,1935.2701,148.91391,1802.5186,7359.839,0.9146181,0.3966999,0.8735324,1.8792151,0.6745601,0.046847817,0.73418075,4.9470015,20.81223,12.644565,20.589836,29.446419,51.657097,21.806667,51.122814,67.54251
30,39.0,28.37328,2.6275792,32.114265,150.78152,2.8270695,0.28136146,2.7581856,32.560173,965.11774,231.77705,1056.7375,3065.475,378.00916,51.692986,314.4642,2344.6055,0.9775853,0.5155279,0.8579414,1.3619531,0.09333413,0.019862289,0.10961447,0.6058275,16.25705,10.714727,15.51865,26.268803,36.067535,21.764482,36.738045,49.44262
31,45.0,27.929962,2.4196165,28.610193,130.51816,2.0022993,0.35156813,1.756126,19.45418,189.2553,141.07225,178.97743,447.06226,88.38091,8.62595,105.89836,491.72696,0.34024447,0.17469418,0.36166546,0.64838487,0.1890668,0.04000885,0.18860313,0.7423854,14.684249,11.1872835,13.562669,22.18388,39.82444,26.883814,40.654743,48.893524
32,51.0,24.614883,1.371102,31.698957,117.473076,2.548604,0.3291926,2.285953,21.036362,460.6324,212.78392,420.97318,874.7842,165.76637,19.781523,203.14153,871.09467,0.44526407,0.2460894,0.47943842,0.8385578,0.21495165,0.03873589,0.18534917,0.91858566,15.446787,11.316244,14.4507,24.275902,40.374546,24.750364,40.54637,48.261276
33,52.0,48.38113,4.835999,56.478676,185.36833,5.0873375,0.50885165,5.613103,36.80857,150.95245,42.90899,229.0035,538.4542,37.126083,7.3596,40.74089,343.4658,0.34039947,0.19383581,0.33519885,0.5459089,0.09086652,0.014706254,0.08407094,0.593641,17.282642,11.094142,16.785374,25.710218,40.917732,27.59889,42.76683,51.773155
34,59.0,54.092754,3.371395,78.06808,241.66377,6.452285,0.4828823,7.384634,46.898613,297.54337,72.8877,394.67667,2381.7524,83.03529,12.214888,114.18552,685.7897,0.3007925,0.13400748,0.32773823,0.4689503,0.22323814,0.023143573,0.26177758,2.7977517,17.570818,11.723108,17.13403,25.84116,43.684036,22.5292,45.15487,61.562668
35,62.0,26.65808,2.8474169,39.88043,270.67575,1.8340551,0.25357193,2.0724523,54.882008,165.75247,35.786713,142.76784,565.83295,84.50643,2.0566735,85.88728,635.0219,0.29876855,0.08472903,0.30381665,0.503904,0.2090936,0.01440818,0.19466521,1.8107408,14.790857,10.913366,13.528201,26.76427,54.345173,23.260601,56.045746,72.07265
36,66.0,55.743538,2.5249186,60.480392,137.91081,5.5837655,0.4055015,5.3842936,25.109549,268.95767,66.40977,281.64645,380.15912,44.978024,8.690359,53.735268,352.80392,0.3099077,0.18391791,0.3086171,0.48262146,0.13569367,0.03147227,0.14680648,0.700542,17.278416,11.512841,16.698584,25.674255,40.696526,23.950994,41.67897,49.10886
37,72.0,63.803463,10.917153,70.570984,228.38278,7.734837,1.1525893,7.160469,49.0529,12948.012,5361.6987,12294.815,17747.729,1745.6617,246.89629,1686.835,9815.379,1.0030932,0.450944,1.0457287,1.6624408,0.5169896,0.13793433,0.5048849,2.0814521,18.178177,13.024479,17.617374,25.939167,45.84643,34.115635,46.91449,54.61792
38,76.0,52.76678,2.6338437,68.767815,246.46904,7.205467,0.54674846,8.183365,49.40342,102.59011,46.98349,107.162605,340.60724,17.31958,3.7358966,17.609402,162.82463,0.14759059,0.08092141,0.14703436,0.25858513,0.22410424,0.030442422,0.19753496,1.6172466,17.773245,11.924175,17.586014,27.398289,46.666534,27.643702,48.247833,54.914295
39,77.0,39.20767,2.2645335,44.6291,189.8672,4.5013437,0.3645964,4.6258264,36.888203,37.915474,15.503942,41.40316,121.65862,8.45942,1.3643363,9.649619,104.20544,0.18441291,0.10866891,0.1775878,0.26008424,0.066892974,0.015082565,0.057633046,0.42511395,16.586094,11.216823,15.966282,24.494892,44.009,23.49955,43.504723,52.468315
40,79.0,30.569607,2.417338,36.819134,115.35364,2.8381696,0.33062315,2.8861275,20.951242,102.83952,33.779907,109.76355,169.37817,40.2027,6.5479903,48.829678,316.81604,0.28581145,0.15361105,0.3008663,0.54402375,0.12384679,0.025551705,0.12745492,0.49189135,15.643353,10.905541,15.002991,22.507792,40.877293,24.042562,41.419224,49.473316
41,81.0,23.712765,1.644328,40.384422,154.66621,3.5577898,0.41430694,3.76438,38.65484,378.97055,81.37498,428.7684,1990.3838,113.23475,16.341795,126.90099,963.7358,0.43623754,0.21046296,0.45244974,0.81197333,0.11534602,0.021635758,0.11933776,1.1546797,16.905064,11.486883,16.031233,26.3562,39.811665,21.679514,42.01624,51.012024
42,89.0,71.858795,4.495411,64.690315,212.60146,6.239136,0.8814219,6.9677033,39.589787,232.75603,128.509,260.1897,439.02136,36.44134,9.879819,36.331738,329.7347,0.25004768,0.15073635,0.24655119,0.5006574,0.15781567,0.030031273,0.17407095,0.67737854,17.403397,12.278171,17.237247,25.789303,44.288513,32.16002,45.601418,51.082832
43,90.0,65.89054,6.1884685,77.59973,412.57916,8.351312,0.9952462,8.306794,76.61434,872.4844,209.55244,953.12897,2395.1323,145.23927,10.763904,162.25598,805.2725,0.24325356,0.114588864,0.2651435,0.50233,0.23794772,0.025334036,0.59079283,2.4684684,18.3037,12.6176815,16.552074,27.156757,63.783436,31.253437,59.327576,81.37973
44,92.0,116.096054,8.004991,120.54438,452.8645,19.34798,3.7298882,19.915384,100.69103,1588.0151,643.0953,1945.2103,4969.2944,116.465996,36.33458,129.91035,528.7022,0.25835553,0.14869869,0.24956997,0.4868258,0.3901423,0.093340315,0.37810177,1.7976458,20.035637,14.454165,19.993174,28.902925,55.55554,26.222672,56.619488,70.72747
45,94.0,36.61663,3.809831,63.022316,239.36206,5.2261467,0.4658127,6.568111,49.15026,227.39175,72.508125,253.4759,483.56522,56.969944,8.995695,60.037178,605.6986,0.22515322,0.11855076,0.24987808,0.48591283,0.23340197,0.033013716,0.24204515,1.3343244,16.78153,11.608676,16.263754,25.035175,50.57293,25.772312,51.610943,64.5785
46,98.0,27.348207,3.4608114,29.44433,114.87844,2.2789025,0.33213028,2.5226974,17.19675,66.99679,26.966799,79.737526,291.53134,34.39874,4.922515,34.1502,368.77133,0.3326525,0.16072848,0.33806354,0.5554752,0.095257476,0.018583357,0.08918144,0.5112401,15.46231,10.3751,15.337195,22.621191,35.258938,21.820211,37.914177,47.74956
47,105.0,7.9067864,1.1740507,17.527903,156.87128,0.6201722,0.07524388,0.93810266,29.84532,25.44715,12.652353,44.624928,319.01627,57.096977,2.928976,55.262814,360.4375,0.40971228,0.15715326,0.415217,0.6324122,0.08179474,0.010703376,0.07351309,1.2118071,13.636432,9.630207,12.504676,24.291718,32.8982,17.096558,38.78917,59.63431
48,108.0,12.583037,1.5824859,16.740604,117.60433,1.0061883,0.12387325,1.4773213,19.383904,73.89024,13.653658,91.8162,679.7082,63.474915,4.6659627,68.01303,401.41718,0.38733694,0.16205524,0.37776724,0.60789365,0.08534236,0.013639022,0.10276417,1.5901235,14.705643,9.845299,14.709441,22.527218,30.430859,14.275535,37.803864,49.82307
49,109.0,10.796481,1.5958008,20.695679,136.9505,0.9629268,0.16680372,1.1964303,36.494118,77.35306,20.993938,73.12112,655.1391,84.30909,1.5764695,87.41937,540.4104,0.2932905,0.09780571,0.3130574,0.6417693,0.19811776,0.013154871,0.17554958,2.3385217,13.7953615,10.441332,12.475387,25.334007,45.97968,21.196867,48.84132,67.004074
50,110.0,45.959076,3.3814774,68.613045,221.40909,6.490552,0.53080577,8.066174,43.110046,328.6657,88.5885,445.0489,591.35345,68.58185,12.970548,59.379475,407.79596,0.3140921,0.18113765,0.3320954,0.53080034,0.1478715,0.027877402,0.11560111,0.78245753,17.343899,11.73021,16.996181,25.009167,45.278534,26.518957,45.851837,52.614506
51,111.0,33.143715,3.3286345,42.295074,562.3322,2.4103773,0.28329659,2.475371,118.869484,406.77267,36.50859,374.6288,2410.2979,169.60593,1.7774736,214.6993,1284.9026,0.28965187,0.077884816,0.322141,0.63396376,0.32556647,0.01716361,0.36501113,3.157313,14.927195,11.058369,13.017852,28.959957,57.78241,21.347227,55.883556,81.64256
52,116.0,20.128525,0.47025788,29.10803,350.88898,2.0881987,0.28133205,2.0467505,24.799652,53.752262,19.35529,51.624317,1299.0187,22.336336,2.198701,27.322563,1027.3075,0.13913761,0.06543635,0.17551295,0.49479708,0.1914006,0.023489065,0.38633066,1.6936616,15.170131,9.575167,14.694895,25.484615,41.10421,25.78362,40.294487,57.870472
53,118.0,25.751593,2.667642,29.528437,116.457054,2.4317157,0.2717027,2.0636594,21.21893,118.92102,42.961174,150.06569,363.49542,63.029434,7.688117,77.56761,415.7974,0.3123771,0.14429148,0.33178452,0.6014497,0.16667175,0.025525313,0.18580015,0.59752613,15.470662,10.829053,14.372149,25.154705,38.15891,23.718544,38.94407,47.068375
54,124.0,30.484472,3.48386,44.680565,471.98877,2.4383106,0.27248576,3.056848,79.70913,208.3274,37.140198,265.04706,1184.3322,106.33647,2.8462906,108.51633,760.80853,0.2875507,0.09916401,0.30564216,0.528291,0.23494792,0.017787358,0.23953667,2.2109935,15.052627,10.929102,13.805348,27.840675,54.88868,21.942919,56.866608,77.97448
55,129.0,21.284143,2.0274167,38.15041,153.67429,1.9972334,0.25905326,2.547575,44.272587,108.25398,28.435764,109.946625,341.0387,53.413754,3.238274,68.23507,649.9162,0.27410904,0.124697395,0.2741801,0.5679131,0.20832595,0.016001036,0.1991686,1.490663,14.468905,10.763678,13.47388,24.617085,50.24097,22.83932,50.87833,64.06806
56,140.0,53.87443,5.6116686,60.41496,165.39119,6.577484,0.5710697,7.3302712,34.867775,432.12384,92.58094,511.10968,983.1708,73.50898,18.456186,78.6525,500.3891,0.3384239,0.20345311,0.340674,0.5443294,0.15785398,0.02404502,0.15996236,0.74061006,17.715506,12.085546,17.322832,26.898146,42.273094,26.601608,43.203518,50.98888
57,142.0,49.079407,4.336922,65.95797,334.716,7.276175,0.9372479,7.0820193,53.424274,1109.0929,222.50055,1128.748,3180.339,158.62495,19.791124,202.201,768.6496,0.31947067,0.16354598,0.31845146,0.54192364,0.2996151,0.04019314,0.38011724,2.012567,18.146193,12.460719,17.060392,27.090097,46.59308,25.71568,47.768257,57.369446
58,146.0,39.803066,3.3198764,47.095325,189.05092,4.0032144,0.3495388,4.437618,38.102062,96.195755,32.50508,118.55374,360.18256,30.563738,3.014507,32.082108,263.6401,0.32648063,0.16045214,0.32907245,0.52669793,0.06690854,0.009142504,0.07924401,0.44131106,16.246183,11.0915365,15.39443,25.023933,44.37711,21.670696,45.892902,51.917225
59,148.0,201.89221,11.887032,233.43402,872.9649,49.40339,3.0039995,56.10637,228.72719,14021.878,2053.1638,22445.975,32654.93,346.97253,64.962364,372.9877,1715.3475,0.260651,0.1393484,0.25846776,0.47739393,1.3310742,0.24322517,1.3234023,8.131798,24.938808,14.4120865,24.666746,33.268322,56.865116,27.955585,58.060654,85.55025
60,160.0,48.526905,2.6986852,54.700405,217.02136,5.606117,0.9067757,6.095453,43.572365,523.3239,358.07178,518.2421,1253.4285,105.21902,20.757868,114.085266,692.7736,0.38586944,0.2189358,0.37079108,0.72624964,0.17029215,0.033515047,0.18708006,0.85189193,16.936565,12.059285,16.397158,26.001171,50.543926,29.415792,51.171886,57.940075
61,172.0,14.331594,2.3508906,25.52632,179.82338,0.88429314,0.09297766,1.5434062,41.399006,642.70197,125.439354,890.89136,11730.912,781.1313,40.324818,656.7095,5305.225,1.390603,0.4826425,1.4822657,2.0224774,0.11163346,0.013688729,0.08248372,1.5650513,14.760464,10.069084,13.619259,25.86622,36.164288,17.75313,40.347435,60.241688
62,176.0,77.56085,1.9325682,89.66974,272.03983,9.059423,0.7521975,9.78918,53.25434,183.38124,113.918106,203.4976,612.08905,17.92722,4.3375726,19.718071,160.21898,0.17511953,0.09671598,0.17476442,0.25533897,0.18975225,0.03607237,0.2244197,1.388978,18.386213,12.379219,17.842531,27.575819,47.2112,26.605698,48.336456,57.382645
63,178.0,22.519707,1.7068316,32.209,130.02966,2.641673,0.43842873,2.6801374,23.68606,265.3006,62.435757,300.4007,2321.4065,137.8711,22.19383,133.5055,1290.7112,0.6197016,0.31375405,0.62723696,1.0904996,0.0722101,0.01914829,0.06196312,0.89167035,16.251154,11.637619,15.726175,24.337435,34.241222,19.767275,37.25501,50.24381
64,183.0,21.549498,2.4431965,31.937304,98.75804,2.3390114,0.31474882,2.482059,18.435358,102.33401,55.734074,108.67779,309.2314,48.43671,7.7526364,47.386734,272.12598,0.45409715,0.23182705,0.44376636,0.63531303,0.07098512,0.014264852,0.07421974,0.51474404,15.523283,11.258576,14.660122,22.12615,37.994793,20.1399,40.53422,50.116684
65,184.0,37.18632,2.8207989,44.050983,153.4301,3.7546208,0.34154025,3.9160736,27.618374,132.46504,66.73448,148.12866,296.6872,44.37319,6.808737,47.16776,325.36337,0.36489645,0.18750836,0.36209655,0.5968817,0.08743815,0.01844151,0.09254085,0.42021972,16.083185,11.316191,15.320075,23.330866,43.263668,23.949251,42.909363,50.522175
66,193.0,36.201683,5.2502713,51.79824,389.5252,2.4977975,0.36334783,3.0965374,79.32038,1820.8629,284.61078,1661.9886,8996.049,618.4245,20.730297,537.92865,3742.9226,0.9433622,0.21987472,0.92662024,1.5457329,0.22987023,0.016395533,0.20221588,1.9505602,15.355573,11.323739,14.180536,28.069672,54.680492,23.462145,55.439884,74.748215
67,194.0,45.556515,4.0523224,66.24006,218.80934,9.491698,0.7012726,10.125773,54.40017,7004.734,374.57877,4706.785,19910.7,409.11746,36.217026,402.05164,1251.1088,0.23146167,0.14204867,0.22502111,0.6021387,2.555017,0.05725099,2.5161998,8.050718,22.188328,12.283267,22.485092,29.234577,43.18311,23.523735,44.079407,58.05891
68,216.0,69.0106,4.4769483,86.53058,432.35593,9.773932,0.6495141,9.84248,80.15889,1425.1177,159.46988,1700.763,6121.921,159.66824,14.673023,191.16074,680.4317,0.34513724,0.15087919,0.36974114,0.5924354,0.35195285,0.019000368,0.4943451,3.43848,19.250238,12.011582,17.889034,29.34657,47.716766,23.605545,48.06221,65.65645
69,218.0,22.128006,2.5203016,29.10239,395.86487,1.5543689,0.16787794,1.9520395,68.32906,533.9616,37.254192,610.33136,10507.993,258.4124,5.413586,264.0597,862.6012,0.3724448,0.14885281,0.4032099,0.6626545,0.36564606,0.010188075,0.4137624,3.5528445,15.721564,10.205515,15.914236,28.48244,47.85028,16.432158,50.59944,75.707664
70,219.0,63.63004,4.1690164,81.346306,362.1092,15.0467615,1.2183783,14.2991705,78.46302,9095.922,393.2128,8333.008,26193.021,332.1903,22.902859,460.58057,1043.4097,0.22344331,0.11686419,0.23102203,0.47694013,3.602235,0.08456566,2.3070447,9.096724,21.515787,12.977873,23.040556,29.427439,46.349274,27.947817,48.583042,65.485214
71,221.0,123.20134,10.490292,131.80585,705.86865,21.469877,2.607945,21.96198,172.90329,10639.272,2655.3005,13050.175,34043.527,457.11533,84.596054,435.16406,1733.5146,0.36279982,0.1871673,0.36814943,0.6271168,0.98758596,0.21429142,1.0628875,4.465674,21.925154,14.397582,21.292986,30.241734,56.345127,25.164995,55.098125,86.689354
72,222.0,102.44107,7.446326,116.88315,701.68317,16.501657,2.2653606,14.4840765,160.35089,6278.1226,1233.9023,6413.8154,25067.938,331.70926,53.513794,351.36633,1705.7727,0.36517498,0.18943605,0.3795708,0.6322695,0.851799,0.16397294,0.7337483,3.6543193,20.511898,13.907769,19.863218,30.87425,53.055458,26.324013,53.04999,82.33441
73,228.0,46.468422,4.2945104,50.652195,234.04881,4.4644537,0.7073425,4.5550656,50.21929,244.56467,125.820404,213.30832,996.70105,52.9151,7.373487,64.446526,401.31787,0.3544465,0.17172681,0.35350057,0.68295276,0.1242809,0.011051727,0.1330673,0.84381646,16.197964,12.131641,14.911709,26.576128,51.0765,23.204435,54.76677,73.008316
74,229.0,83.99133,5.8426423,92.94142,790.9336,15.818044,0.9844497,15.927373,150.6223,5779.8896,642.68787,6098.455,17170.105,439.44043,35.16446,436.07516,1539.2526,0.28255358,0.13053517,0.2968277,0.5080256,1.8145717,0.100441396,1.8568715,8.781712,21.775118,12.616097,21.04359,29.371626,49.51672,21.962976,49.581406,76.3028
75,231.0,52.392406,2.5504074,72.32435,467.88742,7.044699,0.5016917,6.5557947,75.50812,1281.8121,156.07376,1255.782,3602.8682,164.05482,8.707403,205.38873,1082.4362,0.4580691,0.25526974,0.46511826,0.82735926,0.23913254,0.02694497,0.20704558,1.627289,17.837742,11.720006,16.521603,26.014412,49.3839,25.211681,50.713768,69.28286
76,233.0,43.796383,3.7381952,46.61134,132.84177,3.2414591,0.3561798,3.5636609,21.624842,143.49402,86.558846,153.84601,285.9605,46.357136,7.98038,47.420055,357.97226,0.2709732,0.13928755,0.28702766,0.5227926,0.17118716,0.03901995,0.16638015,0.6834192,15.863518,11.121852,15.222232,24.03037,41.017906,26.832966,41.67157,47.742325
77,234.0,38.37132,2.9516494,47.068913,132.24667,3.437491,0.5682484,4.317436,28.457996,185.9747,106.51368,197.81175,573.5208,61.920753,9.208831,54.789577,877.8911,0.18600462,0.0980762,0.20589049,0.46857718,0.5878867,0.07604421,0.4831412,1.4411962,16.433292,12.245051,15.933858,23.989862,42.740116,27.875193,43.758644,53.192978
78,238.0,31.471125,3.1985278,39.855053,410.2683,2.0954683,0.27254692,2.1490386,60.90588,290.5783,38.641624,278.4714,1613.4697,164.95755,2.6267855,209.4183,1031.2905,0.31420946,0.08426994,0.33604375,0.6361679,0.27819973,0.018929059,0.28608063,2.5654957,14.819502,10.897526,13.190572,27.949333,55.623184,21.664143,55.554585,79.59043
79,239.0,36.228928,2.5637317,58.869728,232.0877,4.8995204,0.38256368,5.626898,43.37383,665.44775,259.37198,588.77136,1276.3462,117.84813,14.92724,119.60743,842.7867,0.38949347,0.20237571,0.40214017,0.6123336,0.23561472,0.036010336,0.19812034,1.3064734,16.725462,11.54225,16.024637,24.911999,45.71679,28.270994,47.345997,55.12389
80,240.0,16.455816,1.6537406,24.501791,127.39225,1.2502545,0.19199371,1.4564346,36.62116,16.20955,7.02969,16.499048,176.38228,11.814586,0.75951326,9.551304,127.661095,0.14999063,0.067257494,0.14188625,0.2190057,0.08837162,0.011810187,0.09423538,1.1653808,14.355696,10.45084,13.585768,26.550446,43.52133,18.859371,47.031925,62.094948
81,243.0,30.93845,6.2055326,40.50296,101.04417,2.3165052,0.3260314,2.7567523,20.5897,756.35657,213.44049,717.3175,2406.0984,296.4618,42.39006,316.3117,2307.929,1.0350425,0.4431316,1.0614172,1.7765933,0.0869081,0.019038191,0.08202232,0.66927975,14.708216,11.035955,14.719986,23.004377,43.953606,19.582275,44.400673,56.809025
82,245.0,84.32152,4.159077,101.225876,359.92847,13.602231,2.9576635,12.353695,66.62351,4493.2295,1693.9482,4426.767,9402.172,282.42203,51.061466,317.96234,1187.2004,0.4336517,0.22441459,0.40972677,0.90052015,0.39677557,0.044230614,0.41884047,2.2150311,19.197554,14.119123,18.314703,28.062504,57.011246,37.694725,56.102566,69.384575
83,246.0,93.311195,5.606664,111.68665,605.7529,13.550457,2.0775857,13.118062,196.85751,3255.1218,901.67535,2788.0662,7956.3735,217.84293,18.260536,241.48882,970.1211,0.3943253,0.1858152,0.40639964,0.6170414,0.32021946,0.02288537,0.36373588,2.9177039,19.647795,13.727177,18.790972,31.51096,58.772446,26.166744,59.35835,76.278755
84,251.0,69.45035,7.758374,76.53576,275.70734,8.191384,1.5499239,9.4964075,58.19719,832.77966,410.2916,919.13354,2474.231,134.06938,20.408873,122.13758,1439.0453,0.22579667,0.10705052,0.2251748,0.50436574,0.7095401,0.09107287,0.6977659,2.7042482,17.991005,13.6417885,17.757103,24.788225,51.37866,35.01953,51.909,61.833073
85,256.0,58.76508,4.740615,58.77142,178.36035,5.140173,0.5489799,5.2971315,37.311134,308.12088,118.283264,362.4139,721.6134,69.31463,11.765284,80.687065,482.95294,0.28292727,0.14351365,0.28782764,0.49440107,0.22959255,0.03896086,0.247016,1.1723604,17.04942,11.943551,16.37346,25.376183,43.623394,27.068768,45.29878,50.412903
86,261.0,54.70625,8.211119,58.34946,180.68098,4.9790163,0.5165454,5.876036,41.50275,2236.1301,1034.7463,2261.8665,5036.816,516.674,60.964546,571.7765,3473.135,1.013862,0.4720822,1.0530608,1.9307353,0.12781617,0.018617619,0.13159744,0.5591407,16.913088,11.5784,16.537457,26.200047,45.485558,25.213829,47.4376,53.870975
87,265.0,114.74059,3.5188737,119.03296,520.7984,16.3896,1.9384067,14.982312,107.11919,543.9663,228.9988,411.39688,3465.5352,33.183613,5.9411373,37.519615,344.00995,0.13251683,0.07634019,0.13114378,0.2707304,0.41915768,0.10025098,0.34083056,2.7640414,20.232851,13.5669365,19.676884,31.97582,53.105244,31.73225,55.799866,69.70528
88,266.0,16.964611,2.633684,27.292814,212.36499,1.3422784,0.23850222,1.6003476,38.987316,125.87183,29.266098,131.02194,402.1619,90.84742,2.619948,104.99768,639.8734,0.3262156,0.0934862,0.35594335,0.5557023,0.17994915,0.017553506,0.14117396,1.2815306,14.215426,10.924485,12.926108,24.98297,51.001896,23.07079,52.759937,65.37578
89,267.0,83.44078,8.774034,111.3458,700.64014,10.8512,1.5366933,11.548393,157.43977,8617.029,1547.0575,8830.392,30320.291,624.6452,33.726734,729.0063,3882.0405,0.73162484,0.22838888,0.71629286,1.5304365,0.20200825,0.01639024,0.37771392,2.8275044,19.099262,12.93114,18.355137,30.094694,59.024246,26.302067,58.431046,83.858574
90,269.0,37.48822,1.6650842,48.139698,180.70702,5.5060005,0.37317368,6.9943533,46.598244,7241.666,195.84476,3708.96,31203.535,359.85727,25.023954,444.6821,1562.1746,0.2213139,0.15077771,0.21504587,0.5657838,2.2877781,0.0379593,1.861336,6.7654066,20.955238,11.164567,21.111753,27.53556,40.60107,21.308258,41.869877,56.941483
91,273.0,192.9569,11.971292,151.85323,869.57526,30.231134,1.3890983,34.79263,160.47778,558734.06,9628.966,363421.28,911178.5,6373.7236,336.31815,6370.114,27137.906,1.0009028,0.43974075,0.9856082,2.020781,2.6191993,0.072686575,1.729112,8.552245,23.579727,13.049274,23.839695,31.072151,53.05578,24.713804,49.507065,77.29
92,274.0,155.26793,10.797843,153.71759,1101.9784,22.26241,0.781132,21.765175,228.87784,143255.1,2163.7195,63811.957,482473.56,3463.586,178.83572,2606.387,19595.527,1.1389773,0.4702035,1.1559786,2.0782897,0.6684565,0.049976505,0.5844584,4.8600917,21.136879,12.244769,20.269512,29.606129,53.666824,24.822071,51.065235,74.577385
93,279.0,104.59238,8.290202,128.48413,506.428,18.747414,2.2111084,19.325743,112.28232,1504.2555,646.03845,1613.3313,3566.4402,110.81703,16.459503,135.09712,602.61786,0.2527955,0.13531184,0.26325417,0.44387594,0.44699496,0.08977724,0.4654324,1.9797766,19.836401,13.608028,19.612131,28.701075,56.68706,26.500525,55.653606,76.11833
94,282.0,97.73536,12.149274,97.90748,320.02734,16.956202,0.8097977,22.802727,82.03108,117140.59,5556.351,165711.8,369454.6,4752.644,194.16885,4774.746,11491.395,0.5203248,0.30723035,0.3946691,1.4715123,5.0275083,0.06681887,3.3538382,13.874895,25.684149,12.877565,27.403513,33.28835,42.3234,23.170977,44.65868,58.214386
95,283.0,204.8374,31.937166,188.60646,413.36166,37.816154,2.083432,44.547955,124.52141,114834.14,9040.074,147898.67,286222.75,3450.168,297.4733,4167.031,14052.186,0.511728,0.308723,0.44554484,1.1267271,3.2521443,0.13450064,2.2560415,8.721088,28.524109,12.627444,28.080965,36.940113,49.767715,41.74093,48.074142,66.3859
96,285.0,70.91797,5.3173814,96.57437,657.2521,17.071976,1.9204068,17.196909,153.08313,16956.947,3729.682,13432.623,49159.71,995.863,102.38218,1105.3843,3887.1533,0.43963194,0.24250183,0.44749898,0.8686751,1.3366308,0.196448,1.3483772,4.766221,21.287067,14.036645,20.7376,30.497534,55.536125,24.884962,54.51847,85.72544
97,287.0,72.88426,2.8545096,98.90861,672.324,27.259005,1.3565676,35.600807,101.36431,142792.44,2654.9045,176992.8,215542.08,3508.4797,76.524994,4698.39,5276.4497,0.3521123,0.17821614,0.3389041,0.9591302,7.349968,0.10640358,4.4123898,17.793417,27.060143,11.651867,27.960735,33.89803,46.074184,27.669413,49.270653,65.37763
98,288.0,128.03804,8.901994,163.6974,496.49384,42.35708,2.3827965,52.425293,160.85204,89848.39,8074.3105,111106.88,210015.61,1665.0677,131.52026,2733.0676,4528.112,0.31171444,0.19832107,0.28990874,0.6866001,4.6778107,0.26946804,3.8343287,10.907505,30.22476,13.566825,30.78587,37.81752,46.718075,37.63796,49.637497,64.070496
99,289.0,74.89165,2.9617934,99.22194,688.8386,27.474981,1.3420354,35.612434,97.802444,161973.92,2750.7324,183938.27,208653.5,3357.5764,76.41928,4547.7466,5268.0933,0.34882548,0.17778057,0.3375474,0.96029246,7.4392695,0.10588379,4.3497214,18.170269,27.105148,11.668147,27.993212,33.979897,46.074184,27.657242,48.704983,65.35361
100,290.0,47.146095,3.8351622,66.99417,337.66888,8.684976,1.3458507,8.067429,67.76316,6735.629,1458.4006,5217.335,33641.742,745.4118,53.584526,662.27844,3380.1787,0.34695265,0.15300028,0.35641307,0.92038673,1.3436306,0.060920946,1.2673116,5.33627,19.063189,13.91728,18.604952,28.753437,54.890526,32.227375,53.98895,71.88131
101,292.0,67.235214,2.133886,84.32928,425.05798,14.644294,0.82477254,15.093294,73.01508,11989.798,612.3433,13347.794,31465.875,562.2641,40.199974,718.35095,1900.8555,0.39329922,0.21400833,0.3836974,0.8939979,1.1020005,0.055366166,1.0107704,6.264829,20.58215,12.835473,21.63891,29.578587,48.59428,21.56329,50.745476,66.75128
102,293.0,67.73357,6.9307256,86.629005,391.86438,10.345755,1.2959411,10.425385,70.09696,1230.1965,488.26453,1148.6886,2054.913,130.93336,27.444067,155.36858,633.78674,0.312421,0.14404394,0.31971058,0.5334831,0.26079616,0.049337957,0.25483435,1.9371185,18.902378,12.794217,18.478146,29.051203,47.619324,32.550945,49.045452,54.645947
103,294.0,31.332527,1.3903052,39.063583,257.9477,3.0423167,0.5285846,3.0887773,23.14428,751.3829,361.4904,626.7743,3529.3264,215.83733,13.647136,225.31514,1826.086,0.26823187,0.13897677,0.33820045,0.606182,0.6839679,0.06448549,0.6460121,2.3381636,15.977375,11.691543,15.14596,23.84736,42.440086,29.639996,43.101006,54.264095
104,295.0,39.79677,2.5342934,57.63792,182.32475,7.9596725,0.6652918,7.358832,48.304157,7568.6816,522.1364,4458.08,7915.9272,342.57944,23.81276,302.7555,1374.12,0.2837524,0.15633795,0.2817383,0.563908,2.673951,0.0509868,1.7663558,5.5631204,19.251411,12.271598,20.211344,27.427086,42.93745,26.30874,44.594616,54.457317
105,297.0,35.472466,1.2389221,51.25243,196.47266,5.591319,0.46960196,6.8468223,41.231873,6400.116,176.06161,3370.4924,23574.54,327.43384,22.094482,391.3305,1497.7931,0.22894704,0.14922254,0.21401496,0.5606496,2.1054492,0.035162006,1.661095,6.311306,20.883848,11.633972,21.161982,27.43588,39.832314,23.426992,41.879738,56.631344
106,309.0,94.26277,5.448337,97.59057,625.864,10.750269,1.1760632,10.483267,118.29922,1770.3369,388.13004,1716.0052,7745.1606,166.11217,12.476027,222.7647,771.516,0.37401885,0.14950575,0.4120574,0.66562927,0.25133508,0.01460319,0.35147408,1.9307425,18.817026,12.456002,17.035143,30.482122,61.839527,29.444914,61.76456,83.21861
107,323.0,66.825676,12.964507,60.648643,203.99612,7.0503006,1.2672254,6.0230193,47.41108,6582.328,3054.4968,6145.1016,12619.527,952.3767,170.05278,1081.1522,4256.5796,0.73096657,0.36817744,0.7138496,1.3422438,0.52894723,0.08550315,0.60831404,1.9434631,18.174173,13.358762,17.318285,27.37288,46.01308,31.089483,46.383255,53.0511
108,325.0,44.994545,2.0934477,48.994164,264.37985,4.4008627,0.41237205,3.7299511,26.343771,74.83561,34.63685,66.900764,337.43875,17.062069,2.2070148,20.397812,251.00722,0.12638074,0.071861,0.12950343,0.26613832,0.24410704,0.049280807,0.2423315,1.1528496,16.184134,11.24849,15.700855,23.732845,42.612534,28.906157,43.479,48.101845
109,329.0,49.338604,3.9157906,75.376564,413.10495,9.622943,0.8195799,7.9281697,72.72426,1653.7189,144.46913,1615.8241,4122.853,154.37164,11.238765,204.92062,657.49036,0.25500086,0.12005979,0.27279198,0.4366557,0.73847514,0.03692712,0.9486181,3.7071083,18.776463,12.608682,18.283861,28.119192,49.4402,24.807621,51.089767,66.0283
110,332.0,63.245716,3.8606672,79.2572,250.95612,6.791138,0.4930104,7.8456044,46.8642,548.6893,78.56516,606.1525,3004.7075,106.70645,12.691608,135.0091,716.7931,0.2963403,0.13378814,0.31951022,0.46693507,0.38992104,0.031080527,0.35410222,3.7323554,17.6108,11.824216,17.167803,25.832695,44.38474,22.695894,45.47984,63.02242
111,333.0,156.6212,13.468768,177.72879,477.991,37.052505,4.1091075,57.277065,128.66335,27608.387,4065.3574,31121.746,41267.617,490.07153,102.12971,546.24713,1554.733,0.20069608,0.11490076,0.21032046,0.4378869,3.3388402,0.34125322,3.164205,9.389504,28.253645,15.368341,28.385502,34.02262,51.848118,35.86986,53.98638,68.31209
112,344.0,175.88634,21.60681,184.91888,518.7408,28.496296,4.483397,28.32305,112.529366,64318.273,20493.209,59835.445,144815.23,2393.6836,357.467,2391.9878,7198.761,0.99887526,0.47159818,1.0819374,1.7277536,0.54508257,0.11315697,0.6132985,2.2984393,21.814283,14.609513,21.671051,32.198246,57.333733,36.078316,55.59007,69.36456
113,347.0,74.98113,8.794327,79.77244,325.58984,10.854445,1.7255563,9.396879,49.486088,36008.33,10408.744,32660.225,60673.76,3456.7979,346.83984,3108.56,16273.685,0.9280078,0.40316895,1.0465515,1.5741432,0.85517126,0.110947676,1.0538306,2.5902896,20.149345,13.923947,19.260845,27.108377,45.539253,33.18716,45.6834,55.846436
114,348.0,46.014423,3.2377656,53.52667,209.85693,4.627319,0.42305973,5.1633973,51.269688,12148.808,923.72064,10505.93,70041.56,2092.2007,136.48914,2093.7126,7197.334,1.0343658,0.42729965,1.0045387,1.7540418,0.62233406,0.029215656,0.52688533,3.3329782,16.806496,11.125665,16.854525,25.873854,52.304073,23.154766,52.084827,73.37756
115,349.0,81.52735,2.5585122,67.58549,1494.9625,9.2195425,0.48292544,8.653644,388.0856,940.283,112.03871,1172.0238,15239.777,91.27443,2.4507596,232.88425,2151.8027,0.24280928,0.098155275,0.32087174,0.61124223,0.26589963,0.057140112,0.43642437,3.4466567,17.52268,11.185757,17.955584,29.236797,55.75579,24.619236,53.58644,85.41371
116,352.0,116.98949,7.997559,107.86573,239.27406,15.808724,0.79753083,19.34537,63.352936,277273.78,4852.4956,215382.22,422729.88,6764.2036,292.77692,6671.966,18613.479,0.6979936,0.33072966,0.61676276,1.712004,6.2801423,0.06557569,3.0478165,8.772588,24.95411,12.604666,25.636068,30.999039,42.72577,23.410809,44.33181,57.049095
117,354.0,63.986057,6.504005,66.60106,306.643,7.5089836,0.7849214,6.8570724,45.037247,16787.322,5017.103,14712.625,32867.95,2710.9014,222.76564,2363.6887,15958.042,0.86870337,0.39262465,0.9648143,1.5840862,0.7205125,0.10787428,0.67673963,2.0936153,18.568499,12.404389,17.610384,26.115948,45.582275,30.7301,45.862045,55.32242
118,358.0,30.73937,2.3496768,32.970802,104.59676,2.5617173,0.35687122,2.6217136,20.913918,55.495274,22.941563,58.73659,120.13478,25.971327,3.0338645,31.88768,250.72026,0.28496698,0.14208688,0.30847123,0.51139134,0.07491414,0.00897231,0.09518394,0.40395135,15.695352,11.059866,14.736746,22.593481,40.460712,19.10981,44.141857,54.77072
119,359.0,53.515675,2.8239665,82.058624,399.58463,9.834457,0.6841694,10.946525,73.505905,1659.7202,264.51123,1655.5769,14375.399,192.4606,15.773786,257.7914,1149.059,0.36975658,0.19538572,0.39266387,0.65277004,0.42728043,0.036561526,0.52021104,4.5390406,19.463936,12.187019,18.366983,28.098053,45.29856,22.017424,47.185658,66.45653
120,362.0,62.793438,2.6243544,89.576996,364.16577,13.028325,1.2345057,10.86131,79.11346,152.46007,72.54222,141.92429,1132.8217,16.227552,2.7402635,15.018949,199.7466,0.12805313,0.06371797,0.122245796,0.22256352,0.22846131,0.029636381,0.2048564,1.9390212,19.252018,12.877052,18.655756,31.097937,53.45776,35.55708,54.77436,66.1086
121,364.0,63.761223,4.3644466,59.180843,250.61806,5.823274,0.6675456,6.81154,46.818554,225.06238,77.67221,212.13837,455.48666,40.885975,6.162531,41.776955,328.58798,0.26323074,0.13804293,0.28125417,0.5036965,0.13063169,0.017931191,0.13946983,0.655534,17.336256,11.474942,17.004059,25.899323,48.967464,25.859919,50.757355,62.701443
122,368.0,18.128187,1.444126,26.80299,149.56912,1.4926308,0.14682886,1.7030712,40.931393,21.01325,4.807478,18.585278,328.69595,13.859017,0.8150377,10.842906,157.97867,0.13679521,0.06275712,0.14129664,0.22335783,0.12922245,0.01253524,0.22033398,2.2295249,14.999691,10.2149725,14.558835,27.363691,41.458214,16.688065,48.331806,69.92379
123,371.0,143.24982,18.947634,154.64867,515.8403,19.725584,2.7188962,21.597082,108.34487,85095.15,25168.521,85024.164,121776.75,3179.681,533.7157,2802.499,11541.565,1.260455,0.51812124,1.3645794,1.8544517,0.7866791,0.13950647,0.7348676,3.739212,21.100327,13.970682,21.118605,31.032879,51.05425,35.888832,51.049606,60.496887
124,379.0,99.53693,6.9221263,107.44982,421.02057,13.198922,1.4812168,13.642292,80.839836,1509.3396,318.7143,1371.7645,6841.015,139.13887,30.207531,151.31235,697.9768,0.27898502,0.1400863,0.29151088,0.5393054,0.37666848,0.062373035,0.3685536,2.7238863,19.461855,13.111966,18.799833,30.339457,52.995182,25.57425,54.278385,71.65946
125,380.0,114.50311,5.8687277,99.813644,1096.1145,23.831036,1.0165524,27.868586,159.53642,37568.355,595.6599,41350.816,48451.312,774.42737,40.068398,886.5844,1988.2722,0.26761928,0.14148073,0.27348554,0.51540476,4.424876,0.08799754,2.3602853,12.833219,23.329725,12.649924,24.37272,31.803495,47.084423,21.674314,49.480595,74.813576
126,381.0,135.32697,10.017061,164.6893,1040.7562,42.826946,2.6624033,55.058918,232.97986,30643.457,1639.115,55921.465,102197.47,589.6513,66.79582,699.5428,2272.773,0.2949334,0.16318616,0.29856107,0.47281736,1.9015663,0.214379,1.9131675,9.000496,26.767807,14.734978,26.453428,34.434246,54.398323,25.509333,54.861095,79.058365
127,382.0,121.23426,6.6761465,139.48776,993.2774,23.881487,1.097018,26.38783,172.6259,16303.62,649.3462,19019.48,33803.74,502.32788,39.17005,519.0726,1645.0814,0.29137656,0.14438602,0.31331697,0.4924898,1.7175537,0.109028205,1.4287744,10.722067,23.473675,12.756256,23.444939,31.475536,47.4026,22.396584,50.42597,75.15815
128,384.0,69.43309,5.8949876,62.51896,245.88918,6.538666,0.86456066,5.950598,51.3219,560.4789,220.2617,635.6321,1182.699,104.11851,18.21214,107.48256,632.485,0.26868924,0.14461052,0.27092347,0.48759782,0.3293594,0.083523184,0.32856566,1.7604125,17.56193,12.550283,16.90077,26.597836,45.988087,36.44678,47.27984,52.50872
129,385.0,65.90305,1.879005,111.99971,373.9513,16.487604,3.0505326,14.041265,67.4937,355.1694,238.64986,333.78763,2113.724,21.577204,4.3237476,22.42302,280.35077,0.118617386,0.064966254,0.11369107,0.21907154,0.5070303,0.12479728,0.508081,2.3572807,19.937296,14.869807,20.022964,28.512478,51.041935,37.486107,51.648293,60.622887
130,387.0,51.805256,5.2307234,80.408035,433.26483,10.728667,1.1768982,10.932134,76.66623,1519.5317,436.90686,1469.5026,3264.9216,172.73837,24.200983,185.9654,771.7048,0.29462773,0.13776569,0.3002222,0.5208476,0.4418845,0.04632086,0.37806153,3.126188,18.942822,12.95251,18.700785,28.958221,49.374725,35.062996,49.809196,57.659763
131,388.0,39.45813,3.333064,49.682583,170.78935,4.159357,0.37985575,4.853201,42.488857,211.25995,38.555042,297.26498,1813.9467,65.722885,8.134115,93.555435,584.7416,0.28239548,0.1252142,0.3177526,0.51143223,0.22425276,0.018881619,0.28081238,2.155508,17.149984,11.046579,16.806862,26.581356,42.57451,21.981974,44.61455,57.642467
132,389.0,77.985214,2.3552408,94.99882,308.69217,11.298112,1.6244313,9.459782,61.516834,131.2324,78.26275,143.1932,1011.05664,11.635395,2.7453747,12.330165,228.79993,0.10208293,0.06122723,0.09875793,0.21981044,0.32237184,0.06277927,0.4256056,1.7921422,18.671968,13.709699,17.700111,26.037367,53.454624,37.83164,54.279198,65.86532
133,395.0,36.20535,2.3124983,30.591845,152.12761,2.015035,0.40975562,1.8761644,17.940327,332.49362,204.73691,307.39383,765.7996,137.96184,11.310426,143.87468,898.19305,0.3667198,0.19367675,0.38152492,0.630475,0.28304264,0.049186468,0.3782322,0.9295581,14.642799,11.329337,14.0628395,22.254227,39.52712,25.719194,40.082607,47.48022
134,398.0,47.982037,4.7889137,48.612724,155.67723,4.6170387,0.48160145,4.9073977,28.97723,118.72391,58.977753,134.75606,208.3731,26.663668,5.260022,25.093464,289.0397,0.24509284,0.14929828,0.2434269,0.48751205,0.11747446,0.030134322,0.11514643,0.577706,16.615898,11.235598,16.353374,23.666796,43.831158,30.914133,43.658268,50.444256
135,400.0,88.0647,2.6956415,101.467445,1050.0114,16.643559,0.6126192,16.069096,207.86687,10980.318,262.1915,7466.363,58066.215,315.84012,24.87225,356.9269,2114.0667,0.381906,0.20349017,0.3996805,0.66797066,0.73538774,0.049971156,0.7009412,5.7465587,20.918083,12.082467,19.949944,29.299698,48.240166,22.417131,49.406345,73.650475
136,403.0,20.772137,1.4374955,33.02373,97.49355,2.351852,0.2783557,2.8055449,16.285456,78.55681,56.056553,81.70723,198.96254,34.82793,3.7406158,35.8556,424.9832,0.3635831,0.19092411,0.369,0.65397614,0.07020203,0.012756584,0.08491425,0.39021757,15.363187,10.896495,15.078527,21.682367,41.050045,20.156277,43.27059,49.299404
137,409.0,56.26334,1.9130015,70.717415,288.63736,7.0194583,0.47079006,7.299843,54.40158,176.61726,33.45705,180.54147,930.5434,24.29236,3.6551497,22.859968,186.59543,0.19604133,0.09594359,0.1939283,0.30384028,0.18043733,0.018535795,0.19280201,2.0934455,17.825607,11.424473,17.517221,27.286137,44.19816,22.431805,46.431046,56.69632
138,415.0,26.926338,2.926761,31.015858,112.67906,2.7225811,0.2630292,3.0370421,23.871548,199.88187,23.1202,160.90857,821.96436,61.49109,5.674748,72.795906,392.01688,0.28377515,0.12418708,0.2998502,0.506229,0.13887982,0.014772193,0.17078587,1.778683,15.882468,11.022518,16.595879,23.226414,38.494717,18.9409,40.89589,48.134563
139,421.0,14.091374,1.6290443,18.985035,190.64397,1.1233176,0.16693181,1.2917714,28.086351,58.19422,26.525087,69.829,432.46027,35.75781,4.623918,53.21834,689.95996,0.290958,0.120470636,0.30406398,0.5871943,0.18623444,0.020219635,0.17762175,1.0631851,13.999452,9.313127,13.554985,25.157558,36.30995,21.2779,40.309788,59.257122
140,422.0,31.004381,2.0364447,46.382557,238.5072,2.7955759,0.4371667,3.3617053,44.913292,37.542793,18.880117,57.320747,475.3768,15.083591,1.1420325,18.453026,133.37627,0.1930983,0.08783966,0.21071362,0.347184,0.123298496,0.011869972,0.16312496,0.9660554,16.138468,11.121079,14.658871,26.520489,53.830143,23.633326,51.746243,76.95342
141,427.0,48.06907,4.253449,62.269554,245.14868,5.7711945,0.5935355,5.9756107,42.688534,250.2376,98.33208,301.3667,562.1491,58.661804,11.025816,66.04798,353.70242,0.3409163,0.1674815,0.37732387,0.53268105,0.10536282,0.016724598,0.1138161,0.54569805,17.22082,11.890354,16.263098,25.270369,46.51697,24.49353,47.782795,54.965317
142,428.0,19.87962,3.0443099,25.004612,184.57022,1.0994308,0.24251798,1.489091,47.168232,78.86051,13.975507,116.71356,705.796,75.29973,3.1697407,106.725784,517.3005,0.3933965,0.11207556,0.3852225,0.6199207,0.12764186,0.011962834,0.13345237,1.037974,14.06728,10.638042,12.278328,27.433868,44.268703,21.046066,46.20417,62.84813
143,429.0,51.339355,3.7140348,66.386566,269.26666,6.695638,0.4765359,6.790585,48.672,278.82578,61.99704,326.70334,982.3408,56.270557,10.65403,62.56441,519.09515,0.29562622,0.14083482,0.32090366,0.51235527,0.15017827,0.020216107,0.13668823,1.5700234,17.689806,11.696427,17.22475,26.801632,44.154716,22.29314,46.731167,56.354748
144,432.0,30.017733,2.4976587,30.907661,458.54675,2.6157224,0.23276281,3.877023,88.561104,45.704594,21.211632,158.83688,5526.171,43.40422,1.985317,97.22045,660.39075,0.27907467,0.09588701,0.29810372,0.63347536,0.10286246,0.016780077,0.19471718,2.2878933,16.023272,10.409967,16.694063,28.937864,50.25101,22.370802,51.02021,78.38179
145,433.0,25.480606,1.9840021,40.523666,360.24628,3.9880557,0.35595417,4.3803115,76.39327,564.03424,155.0414,476.23053,2053.8953,127.30482,13.529258,131.90733,810.44635,0.37323996,0.18984579,0.3990258,0.6768288,0.2124403,0.016096978,0.24532042,1.9170865,16.524282,11.620413,16.451883,27.672539,45.348457,20.159727,48.29465,68.92071
146,434.0,64.60307,5.6340694,90.45739,342.34933,10.211628,1.1826457,9.668831,70.87794,1235.9875,413.5184,1387.0148,5595.622,132.7011,16.971073,133.68277,705.42755,0.36901745,0.17748818,0.38642448,0.6832467,0.2270541,0.019244645,0.25698957,1.672815,18.679083,12.242326,17.500957,29.149792,60.537743,28.788996,59.79222,77.82769
147,435.0,24.071896,1.9092634,43.50075,320.23203,3.9900424,0.4109212,4.5774393,92.32098,565.31104,159.21686,490.62854,1345.9841,128.08304,9.616996,129.76115,779.11176,0.33971864,0.1708868,0.35685727,0.6701048,0.23116626,0.024549847,0.26856792,1.3390265,16.176765,11.5916195,15.852259,27.38894,50.490906,27.024546,51.268356,76.20062
148,437.0,30.764225,3.4597244,36.029873,99.894775,2.375924,0.2867572,2.6776977,18.717535,92.86811,34.1818,86.14844,238.76643,41.79423,6.408835,44.41681,351.5941,0.24963243,0.117333755,0.2699805,0.51739514,0.1625536,0.026189407,0.17455634,0.6694541,15.154414,10.819314,14.520188,22.945635,42.65473,21.01788,42.099964,53.29445
149,439.0,186.80606,5.0295944,125.53025,1758.4752,25.714022,0.9131931,18.866728,328.49786,1148.7024,167.83351,1916.887,14479.225,48.672363,4.1902857,169.89336,1600.8762,0.19189711,0.07538222,0.25824314,0.46098223,0.24661633,0.080037594,0.56471837,4.421093,20.419392,12.680632,19.994463,29.536629,59.107506,25.5781,56.798504,85.28061
150,444.0,58.499645,1.531248,73.0254,347.00858,11.959206,2.1006372,11.654943,68.23574,1085.5105,420.74982,926.4521,5568.7856,75.62155,13.827372,79.78347,492.51263,0.11963962,0.06979201,0.1144214,0.3402586,1.130366,0.08550454,1.2030854,3.847999,22.38617,14.597378,21.630598,28.901194,47.510044,33.546932,47.369125,60.086945
151,449.0,77.48936,3.6251998,57.416656,701.6709,7.010743,0.5716075,8.642096,132.78596,622.5896,138.49283,669.0798,6894.676,87.73721,4.5858436,195.9547,1169.7069,0.35070074,0.12844758,0.3477409,0.6842377,0.10363032,0.038338475,0.25268283,2.7115617,16.460747,12.021745,15.727477,29.838646,54.866207,23.946114,54.617947,80.56421
152,450.0,33.516113,1.8100398,45.157497,376.2928,3.216266,0.2067243,4.3711658,69.56645,203.64583,30.2481,263.83392,1888.201,56.452984,3.458724,61.364017,253.77171,0.17991918,0.092462435,0.18339093,0.33852172,0.52056265,0.013905985,0.5413572,4.190395,16.756035,10.706094,17.550236,29.15471,47.092037,19.32827,49.968906,77.38646
153,453.0,32.458244,5.847998,37.353516,123.35334,3.1345203,0.43168786,3.4004776,28.29549,447.2153,221.43378,438.28317,994.47986,175.61566,24.185951,209.2821,1608.7007,0.76364785,0.3550095,0.75264674,1.3214264,0.08326182,0.012506711,0.10425073,0.39314827,15.880278,11.19442,15.497324,24.194805,43.127575,21.113667,45.824196,56.732674
154,454.0,122.35921,4.402999,137.864,647.7823,21.266254,3.1024024,21.153341,153.56339,826.2615,638.2925,939.4598,3807.3115,73.32638,7.49861,62.808804,215.71747,0.15714268,0.087807,0.14635657,0.31729296,0.37076953,0.033512212,0.460672,3.386824,21.539812,14.485828,20.565763,33.107258,56.507263,36.758938,58.07469,69.82278
155,459.0,31.096186,2.4150026,56.341084,221.27283,5.299105,0.46489015,5.4830837,40.58549,563.2682,218.54907,607.1618,1616.772,111.464645,17.808474,116.70242,757.39703,0.40314192,0.22237283,0.39989802,0.70040053,0.20650527,0.027747573,0.18329903,0.9999083,17.030258,11.786169,16.261189,25.391478,45.458984,25.574846,47.70298,54.648613
156,460.0,65.31487,2.6165917,84.03609,423.53387,10.234876,1.3366165,8.3283,120.51806,270.0532,123.17272,329.09286,1260.8274,29.318583,3.8842018,33.75686,267.4376,0.17888783,0.09190436,0.17043361,0.3385415,0.2633225,0.027017038,0.3406305,2.1748617,18.739067,13.4438095,17.35767,27.407434,58.502686,32.836624,58.389717,74.05785
157,461.0,35.39375,2.2387853,47.616062,260.22394,5.0102344,0.53101915,5.8377776,45.437977,79.92085,40.59184,85.67581,362.44208,18.763456,1.8493303,20.090963,130.29784,0.19779332,0.08976844,0.19425662,0.31796724,0.15795822,0.011306645,0.15199985,1.7347922,16.472084,11.638661,16.319984,27.019922,50.88474,23.959047,50.911552,70.7071
158,462.0,61.44832,4.662732,102.67464,358.10852,13.167907,1.9169259,13.416738,54.913868,3109.6125,869.51636,2930.0679,16233.447,249.03116,49.809772,261.8614,1597.2855,0.33737683,0.19910681,0.3438932,0.5839491,0.6991682,0.047415283,0.74791765,3.3834946,20.417244,14.105475,19.281013,26.786762,51.552284,28.15854,50.833923,70.3292
159,470.0,97.258415,3.4368234,92.554146,249.21603,9.588284,0.783404,11.177451,64.40576,81.40681,19.493393,109.7815,616.4266,9.474778,2.6220438,10.576146,146.7113,0.11236948,0.056059923,0.11639867,0.30523145,0.1287721,0.015863221,0.18773876,1.228007,19.210114,13.002982,18.610632,27.978539,47.51955,23.681004,50.570618,59.13836
160,471.0,59.587437,3.4699936,80.94429,328.51715,9.375439,0.84922165,9.558225,65.28097,1999.4053,374.1761,1602.3134,5017.208,159.65302,15.874813,171.0739,906.03,0.3779803,0.19344287,0.40204167,0.6562896,0.35367897,0.029224854,0.46860188,1.7085831,19.042595,12.131069,17.362505,28.157919,48.727955,30.387865,48.882347,61.487785
161,472.0,34.79845,2.5937257,42.69595,116.17623,2.8799214,0.3790041,3.0588593,18.617432,261.60043,270.7487,247.04419,545.53467,79.55861,9.035165,88.341736,724.13275,0.34327438,0.20090874,0.3534019,0.6263354,0.20811258,0.04078319,0.18583138,0.9681219,15.521539,11.327683,14.885698,22.736681,41.447037,29.238398,41.952267,47.950474
162,473.0,21.64109,3.9666257,32.872913,219.01602,1.3355715,0.1715675,1.8954047,45.268612,731.2805,185.53716,1046.2634,6551.6157,731.556,46.47264,572.20636,4319.139,1.4950204,0.4745806,1.509126,2.03729,0.10311858,0.013921305,0.07759495,0.95282364,14.775422,10.44397,13.797508,26.114676,45.805084,19.745628,48.623573,62.952374
163,483.0,186.82088,3.1301765,155.02328,1766.7302,35.707935,1.5364981,28.075594,470.92297,7032.874,681.1625,7852.707,75331.266,138.83334,7.9377832,417.42676,2952.694,0.29691508,0.115484335,0.3651109,0.73342025,0.31689864,0.08133792,0.6079064,4.6735115,21.15163,13.509358,21.109762,29.195488,57.30451,25.7483,56.736237,84.54343
164,484.0,34.2745,2.1194644,39.850582,122.31727,3.0422425,0.34656417,3.8656652,26.724197,55.412796,33.82753,62.877426,139.65034,18.09116,2.5484915,19.448477,133.88531,0.16857944,0.096670225,0.17852198,0.3117412,0.22731443,0.02543285,0.20936747,0.6567112,15.925405,11.466495,15.485391,25.329191,41.60358,25.649082,42.767906,53.978672
165,488.0,32.670578,2.1016285,51.80978,235.96976,4.174294,0.45577025,5.1014524,48.214756,603.6639,127.64393,729.65283,5941.995,152.5389,19.417057,186.85596,1153.1047,0.39244494,0.21147709,0.40984684,0.66840035,0.23843068,0.026204526,0.24894363,2.4913938,17.200962,11.566808,16.36136,25.75634,42.51599,22.280771,43.826057,59.26247
166,490.0,68.58763,1.8370434,91.55672,743.52466,12.099298,0.8505887,11.944004,132.96219,578.33325,109.31389,648.1295,3109.3076,61.057083,8.123837,71.44906,454.45337,0.20198867,0.103943065,0.20783558,0.29170653,0.42086938,0.04044324,0.51161253,4.1719527,19.860075,12.632168,19.172,28.787548,47.55486,22.729042,49.264114,75.76867
167,492.0,75.99855,7.0489283,102.90151,472.43912,17.388494,2.575385,16.290241,95.32181,12342.524,3417.216,12279.536,35674.555,819.70953,116.52872,882.8501,2840.2363,0.5139376,0.27779198,0.52530813,0.9458845,0.76956457,0.10064057,1.0004802,3.2994156,20.560936,14.214623,20.276064,31.062883,53.45807,33.35352,54.969875,68.93371
168,495.0,19.032337,1.1293595,33.09596,438.4395,1.9365298,0.21012604,2.151,57.31323,784.09393,85.077576,660.1864,6474.213,345.83707,9.0109825,337.9658,2622.055,0.5952173,0.1542072,0.5866474,1.022476,0.22144367,0.017943297,0.3115981,2.5545878,15.026393,10.942572,13.721395,28.796907,53.456203,21.612602,54.201668,76.99935
169,500.0,40.41458,2.263774,48.73602,157.18614,4.564453,0.4501887,5.39193,29.876453,52.47469,20.682936,57.512997,109.356316,12.578923,2.473318,10.975565,111.67734,0.1723983,0.11774802,0.15971388,0.31231543,0.12059484,0.029142346,0.10779811,0.46444583,16.501497,11.393715,16.158438,23.200285,43.349342,27.67726,43.953026,50.706753
170,501.0,26.871452,1.2427886,41.612713,416.34653,2.2177076,0.2878541,2.725018,62.903725,1055.9135,83.673225,915.7733,6843.272,315.4449,12.509342,311.38312,2532.2947,0.5499328,0.1491549,0.54429543,0.9862104,0.25070107,0.018937627,0.35776907,2.986912,14.989684,11.17338,13.7263365,28.805046,54.833733,21.920982,55.120373,82.91084
171,502.0,66.93883,5.643662,73.934654,204.39795,7.839399,0.7940844,7.4571633,45.457882,796.899,129.25273,692.9276,4049.11,88.282486,6.066133,116.79027,547.63354,0.3314054,0.16667145,0.3542331,0.6408658,0.37045786,0.015072709,0.30632007,1.6353773,18.250872,11.500952,17.261698,27.743206,46.853764,29.51658,46.724476,64.48215
172,506.0,30.029188,1.6283209,45.94675,157.77306,4.689159,0.43821546,5.132083,31.45245,372.38312,120.84036,374.48648,708.88385,56.914146,11.313208,62.146183,475.1985,0.44718653,0.2658139,0.43402427,0.61169267,0.09209982,0.022977948,0.0962922,0.45308813,16.579294,11.468068,16.14391,25.37484,43.227814,26.161425,42.594997,50.641197
173,509.0,61.459778,8.543629,73.96727,211.21483,6.616103,0.7095681,6.947626,44.334255,3176.6921,827.08295,3518.2603,4268.026,485.18915,86.54563,481.63425,2814.8054,0.6735799,0.35622326,0.6816043,1.1479422,0.24536777,0.06455578,0.29599556,1.3946759,17.571058,12.344004,16.738426,25.167847,44.77691,28.549286,45.842846,49.732273
174,510.0,12.183108,2.1540105,16.792128,120.67988,0.6162326,0.13709465,0.8593155,16.146091,193.5297,60.356304,230.76218,1107.1124,300.13828,22.449306,256.17792,1696.4257,0.86516774,0.32609758,0.78471315,1.3067987,0.10415432,0.017028702,0.101682134,0.7702386,12.712444,10.022378,11.923529,22.404259,40.954784,18.530123,42.01959,60.98711
175,512.0,28.87503,5.6387224,31.494267,151.84764,1.5527123,0.3168644,2.1929755,35.8207,950.179,248.33725,964.1361,1870.4879,493.14474,27.452208,440.18323,2580.8242,1.0956118,0.40376934,0.97173,1.7946103,0.120366074,0.012900912,0.08294081,0.5920742,14.54702,11.007768,13.072015,24.786337,48.833584,24.42249,48.88109,59.928833
176,514.0,20.999617,1.8796496,24.679893,92.50583,1.7649052,0.21355765,1.6913296,15.574292,30.917166,8.7389345,31.289417,105.428185,17.475351,1.5188023,19.95959,250.32507,0.23687907,0.11590417,0.23800266,0.42347926,0.10492282,0.016224287,0.12208933,0.5917477,14.567676,10.61138,14.2799835,22.239891,40.130184,18.720423,40.570805,59.081295
177,517.0,70.05081,3.8451142,79.65601,276.88358,10.323087,1.8094213,9.275212,56.07406,1347.2369,632.31616,1406.0718,3495.5115,133.43027,26.511745,132.92978,851.7471,0.27482,0.18471424,0.2788141,0.50577015,0.52690357,0.104135334,0.7399569,1.7160778,18.766838,13.927317,17.869669,25.59069,51.85,37.52396,51.62503,60.150833
178,524.0,29.980682,2.8949792,47.506542,229.63376,4.5058303,0.3627116,4.90207,48.109634,170.02432,57.38433,190.00053,357.08762,31.148445,3.2787604,30.011198,287.54446,0.20180535,0.105314314,0.21107127,0.44012058,0.21029435,0.027006945,0.20543008,1.1587415,16.569065,11.290527,15.848559,25.48614,50.392338,27.130745,51.55834,65.685814
179,525.0,86.81678,18.437643,73.13439,377.30502,8.179569,0.9159817,8.112007,121.767914,11600.558,6138.928,11241.974,16527.137,1266.4426,123.07333,1329.9865,4648.105,0.7136986,0.2313094,0.7676165,1.3192525,0.5469314,0.07871036,0.66096467,2.615769,18.678795,13.046484,17.308994,27.430967,50.744392,37.918133,51.211376,68.43852
180,530.0,29.892677,1.8790624,41.041073,265.01382,2.9515822,0.39242193,3.6294255,51.180115,1.0556824,0.39735538,0.6666851,617.9852,0.17224853,0.0091362735,0.18775809,152.58435,0.01754355,0.006085582,0.020471673,0.23052694,0.21011697,0.0100568365,0.17999999,1.9832,15.576811,11.2957535,16.028076,27.528862,51.688515,24.25105,55.554012,72.82789
181,532.0,42.592777,4.687335,38.34116,101.26203,2.8493645,0.37440857,3.6379519,18.142159,198.9741,87.57684,198.14151,973.1251,68.32408,11.03463,64.88302,422.49954,0.30469295,0.15613209,0.29436642,0.60628563,0.2235044,0.023278851,0.23247254,1.4546305,15.677239,11.866515,16.174292,23.190947,37.866806,22.174467,39.73109,47.554314
182,536.0,26.358152,1.406622,35.94867,134.27948,2.9264972,0.36121026,2.5474453,24.570787,493.3687,239.1778,409.48868,1248.0787,163.01108,13.870173,174.55478,795.1192,0.41488263,0.22191598,0.41389304,0.8110194,0.2159954,0.026682807,0.27678984,0.7889307,15.670849,11.384759,15.099861,24.56532,42.30432,29.130451,43.079933,50.276978
183,537.0,33.650936,2.2370734,52.849407,158.16582,6.462323,0.5491496,6.726449,46.435516,5085.828,416.9887,3287.897,7228.9287,302.3854,18.877459,274.25516,1415.5762,0.2877736,0.18378039,0.28291085,0.59435,1.9908199,0.047444634,1.4897878,5.3582706,18.610703,11.889794,20.069006,27.12072,42.315113,25.738102,43.128788,53.57855
184,539.0,33.85855,2.9945676,46.027817,170.42993,3.900569,0.34862274,4.2948422,39.019203,258.57687,112.33946,251.266,853.23413,78.986244,11.128728,81.95704,470.02252,0.31665695,0.16653039,0.32095477,0.5897548,0.21554132,0.04266527,0.19430098,1.0466988,16.168089,11.250684,15.328056,24.705015,44.700764,26.641901,44.963676,52.26428
185,550.0,51.75945,2.8335564,61.914585,191.04056,5.731967,0.9126219,5.683109,40.216614,329.74146,214.34413,316.97696,834.13837,68.89433,11.489706,69.35894,504.5191,0.21999711,0.15358372,0.23373674,0.44495094,0.3785907,0.08048588,0.36092255,1.266897,17.332115,12.984246,16.49007,24.420506,44.42067,35.530453,45.412888,50.510868
186,565.0,18.152422,1.0451229,32.346645,103.41372,1.8111703,0.26394242,2.1341634,23.084684,144.79369,48.97179,136.9187,545.7184,86.17777,7.1247187,104.415474,614.23804,0.5101032,0.22171707,0.48246297,0.8079399,0.097412035,0.012625828,0.096209325,0.77381873,14.217596,11.03623,13.587568,23.215603,42.91055,18.953186,44.7245,58.35528
187,571.0,43.864876,3.810735,58.71425,280.83594,6.092922,0.44015083,7.197598,56.42685,680.93384,82.42927,621.81635,2723.9915,139.01405,12.10273,136.39279,595.9761,0.26271638,0.13149418,0.27123567,0.53597546,0.4786921,0.016738672,0.5882314,4.1540394,17.70218,11.684015,17.99309,27.74981,46.87476,20.452497,48.87571,67.47355
188,572.0,84.22713,22.416323,85.04918,290.92493,10.077852,1.0744435,10.767071,58.58954,7918.388,1794.3989,6552.7847,17184.111,668.0647,79.07126,736.9654,3094.8142,0.81710863,0.37484908,0.811311,1.601762,0.32466513,0.033048227,0.3536981,1.4805313,18.811123,12.433312,18.045708,28.399788,48.791683,34.93818,47.90396,58.74589
189,573.0,46.661144,2.2931716,49.835587,132.8015,3.8492084,0.36347637,3.6571507,25.091543,2.2361176,1.1458979,1.8671329,247.22838,0.38682267,0.029126681,0.6153278,191.88808,0.024635589,0.012603271,0.027335845,0.23513336,0.24597298,0.034429103,0.26311153,0.906274,15.857738,11.0311985,15.5998335,24.07908,41.946407,30.150513,43.457882,52.93185
190,575.0,134.87358,12.719385,116.75219,784.3355,17.239508,1.2076,16.860668,190.47432,4067.347,994.9508,5768.678,35634.023,290.72937,18.264765,509.85263,3725.0679,0.73018205,0.20637624,0.668621,1.1916735,0.13118869,0.038356304,0.26014256,2.4906921,19.228376,12.740747,17.69863,29.793999,57.122562,27.187347,56.15943,80.771194
191,576.0,69.62917,2.664248,87.627045,551.99243,8.802842,0.63410115,9.917129,75.94414,247.65077,76.0519,304.0616,769.89825,29.47973,2.967413,29.735207,220.28532,0.1811755,0.086445965,0.17735383,0.31714737,0.2571546,0.026401218,0.26932085,2.5942366,18.329142,12.196996,17.905905,28.585323,53.726604,26.835342,54.84109,70.02838
192,578.0,34.057644,7.172262,35.692715,124.1842,3.0990455,0.31348258,3.0690064,24.701792,1287.8591,303.5314,1581.0007,4293.779,434.95624,49.048813,398.23163,2517.0525,0.819082,0.46563312,0.8128614,1.373322,0.16252486,0.024784762,0.19887172,1.255121,16.168135,11.286001,15.637698,24.110691,36.420513,20.63555,38.41945,49.913006
193,585.0,63.656654,2.3159885,78.20175,299.46704,9.265222,0.81949174,9.713014,56.090855,3700.043,1367.5598,3814.3506,6979.308,386.9664,75.32651,343.2161,2292.4834,0.5807834,0.3210464,0.5913331,0.9182666,0.30868956,0.0484921,0.29668936,1.8257304,18.364737,12.699225,17.467398,25.397194,51.595882,35.541027,52.681324,58.827934
194,589.0,74.45462,1.4661974,91.107574,605.8442,10.513636,0.6094481,11.596525,159.93867,9103.107,606.4963,7131.5435,47800.742,923.35254,108.79108,872.5276,3640.6753,0.6481843,0.33457366,0.646812,1.0061307,0.53040516,0.051386476,0.61440665,5.0102386,19.680456,12.099304,18.700325,28.290154,46.67973,22.376902,46.33051,73.16411
195,590.0,87.06196,4.199083,111.91046,479.55002,15.0057535,2.0861177,15.728165,104.53644,8485.086,2173.7725,7964.2305,22049.752,492.78372,103.04258,477.67316,2907.779,0.5874062,0.31810197,0.57951075,0.98962855,0.44093284,0.0784298,0.4289118,2.2979794,19.889849,13.58832,19.272568,30.234282,55.007507,22.228605,55.14983,70.23209
196,593.0,24.275108,1.8734841,37.7065,134.36237,3.0439758,0.4313357,2.8889687,20.887606,224.6351,107.6352,245.84062,948.79266,72.582146,8.780112,87.00904,666.4128,0.42677695,0.23933257,0.41546544,0.7430737,0.1165102,0.019917633,0.12933373,0.58359957,16.001787,11.174025,15.408139,23.83191,38.64675,25.557217,39.602493,47.96639
197,596.0,42.509586,2.3432868,70.810875,229.88905,7.4393415,0.6505075,7.8000536,46.565006,2930.346,967.40076,3378.8152,3897.9,353.59027,67.49087,351.72992,1910.8685,0.5555421,0.3040672,0.57312876,0.90108305,0.33069807,0.062233213,0.33187696,1.7395802,17.673595,12.501807,16.769073,25.211031,47.367496,28.17595,48.379734,54.72298
198,602.0,34.383533,2.0070343,48.739414,199.64148,4.5064344,0.47883466,5.1078305,41.12809,563.5522,176.08153,567.7523,1100.1842,123.98173,15.142725,145.41869,814.74457,0.5060945,0.270916,0.4954956,0.9051436,0.12476333,0.028047917,0.1420115,0.5431595,16.4595,11.580136,16.254225,24.758343,44.1027,27.706322,44.310028,50.85783
199,603.0,94.522964,7.2497816,102.90514,445.20572,11.723196,1.160495,10.740128,68.926476,1636.044,310.28897,1425.1211,3921.289,143.1702,18.58569,139.10126,511.03848,0.3234169,0.14572397,0.36107752,0.53167987,0.38639274,0.029151836,0.4446998,2.1304927,19.406647,11.968377,17.420586,30.296734,50.45012,33.584957,50.50821,62.7281
200,604.0,31.542515,1.2052042,71.06867,257.56973,7.205672,0.7318733,7.324443,51.060005,3440.6096,1003.31726,3559.315,5074.7036,433.16586,71.421814,437.98608,2294.5996,0.63946897,0.32025123,0.65727735,0.9985386,0.25367153,0.031112934,0.25982603,1.4326751,17.754696,12.325956,17.223068,26.459864,47.22752,34.4777,48.789276,54.728107
201,609.0,54.333828,1.8911891,66.2052,685.80835,4.8158336,0.4299313,5.048305,105.30177,1164.5789,129.33208,859.81085,7883.2915,285.89355,6.696479,299.5606,1749.3516,0.43188116,0.12324404,0.42934948,0.83136433,0.25786588,0.020159142,0.4176566,3.1561236,15.576723,11.157359,14.391954,29.19207,59.994083,25.475824,56.91976,84.59838
202,610.0,44.530827,1.7891687,49.7146,133.06949,4.3269105,0.2937542,4.457634,20.969538,24.961609,15.7151375,24.232067,101.35053,6.41089,1.4429965,5.4056525,93.17839,0.1271108,0.09246111,0.12947956,0.20466886,0.07378602,0.02129958,0.0725487,0.38086608,16.568651,10.937562,16.350502,23.45217,39.228012,24.000061,40.93611,48.57382
203,615.0,35.43601,5.9107985,43.215237,122.9273,3.1707163,0.44827452,3.59105,25.21333,650.24164,247.20695,677.536,1177.7999,232.47473,25.193214,270.86765,1712.7427,0.9482448,0.40622357,0.91591954,1.8000022,0.076441124,0.012603655,0.076102756,0.3685341,15.952963,11.339331,15.310985,23.209524,45.753563,21.74602,46.987213,57.752274
204,617.0,15.520737,1.1417363,23.367735,77.48832,1.7323539,0.25156084,1.6150382,13.379265,125.42093,30.66441,110.07971,425.80124,81.60369,5.9599953,91.82035,563.2728,0.5111448,0.28715476,0.5375479,0.82880604,0.067731656,0.015005844,0.07607284,0.538281,14.926716,10.544368,13.750767,20.942715,30.921637,19.069138,36.627598,48.260647
205,619.0,23.896145,1.7759281,33.792744,348.42108,2.8397973,0.14214566,4.948896,52.3127,178.00682,40.190964,353.25204,5066.3237,74.9723,9.456014,84.497444,741.9823,0.2151638,0.11527051,0.20635487,0.50708354,0.55758035,0.04118026,0.5428129,4.7211165,16.156755,10.142146,17.606642,26.282858,44.826828,19.498652,43.25926,68.60622
206,620.0,20.94475,5.842618,23.264858,105.708786,1.3745515,0.20594513,1.5125332,18.063375,710.1864,202.20706,629.1167,3672.7898,512.9212,58.21606,385.53696,5711.626,0.955836,0.35266408,0.98145735,1.881394,0.16709358,0.023945678,0.16385697,1.054226,14.581956,10.147037,14.155464,23.808233,35.30951,18.686167,34.98646,49.205185
207,621.0,4.6896954,0.45123425,9.860657,92.300026,0.40385553,0.060066793,0.67830867,15.288393,59.647137,20.21835,61.212933,490.94705,126.52806,7.3494544,115.017876,873.07654,0.59022826,0.28048474,0.6105154,0.98129034,0.086083606,0.018292936,0.06917349,0.838059,13.23477,9.415351,12.164649,22.11342,26.965736,14.970817,30.366276,47.71325
208,624.0,20.437616,1.6205498,35.536995,513.13385,3.6595795,0.25160044,4.451608,91.899765,389.24152,77.659996,443.4068,6960.332,147.94661,7.0895905,313.62247,1115.9408,0.4234881,0.16092353,0.4209751,0.8061034,0.133075,0.029028654,0.28090078,2.238061,16.393774,11.45726,15.509842,30.620756,49.230404,20.053492,50.554123,76.40876
209,625.0,28.237915,2.0805466,41.198765,154.6797,3.0891955,0.38688052,4.1200757,34.566616,165.26593,93.22399,194.15285,749.70184,77.7057,8.315821,102.71851,696.36774,0.49332955,0.24726522,0.47374475,0.9847563,0.08314707,0.010281126,0.099062406,0.5556624,16.076305,11.424612,15.425405,25.273117,45.3859,19.535831,49.427906,61.77479
210,627.0,23.049536,2.5806677,42.406586,170.29962,2.445294,0.33767325,3.4255517,46.465176,150.20529,47.886536,182.8973,1102.915,60.78408,5.8098817,80.99425,582.6542,0.3768954,0.18806818,0.37026677,0.73166484,0.10763834,0.010385788,0.1420652,1.1764166,15.593485,11.303953,14.024611,26.122797,48.12916,17.275434,53.86928,74.61242
211,629.0,23.66093,1.405326,35.341522,268.00604,2.84997,0.3396343,2.628451,30.817324,1478.2904,348.93097,1173.9087,5967.5786,474.37756,24.81579,504.81772,2499.911,0.4981549,0.25272048,0.49356422,0.90114504,0.464595,0.03797974,0.5183832,1.5751134,15.56925,10.941859,14.625446,24.976637,41.679714,29.435171,42.885143,51.884888
212,630.0,33.575443,6.633979,41.70513,141.96233,3.1663253,0.31543642,3.4529614,36.180744,2061.2673,372.2649,2098.5283,9589.963,630.56824,70.27403,726.7153,3225.1426,0.6169014,0.29449975,0.6253601,1.1938102,0.45740256,0.026999554,0.5499307,3.447842,16.282764,11.241369,16.02005,26.792168,44.23522,23.558996,46.61809,63.46889
213,632.0,25.455074,1.7730937,41.05564,157.22572,2.6762228,0.31918082,3.490828,41.5902,480.46603,120.84249,427.29623,2311.7454,156.13971,14.411211,167.19138,890.5826,0.40357718,0.19215822,0.39334896,0.7579361,0.22095421,0.019423945,0.31568715,1.9803236,15.651273,11.398021,15.473732,26.742834,46.695023,19.83277,48.931854,67.224915
214,636.0,14.349503,1.3206673,25.659096,78.54459,1.9811609,0.28831384,2.32414,12.005437,113.49357,52.274,136.63676,232.36357,64.25766,11.4238,65.28301,510.39777,0.43826962,0.27409697,0.45709997,0.7832927,0.08663572,0.026639245,0.08790228,0.3674066,14.826112,11.195437,14.757639,20.718075,37.447205,20.404655,38.39713,48.727562
215,638.0,12.389478,0.8498398,24.079834,114.373405,1.6414989,0.23199105,1.8949667,17.732769,237.87877,52.764515,209.15782,925.1325,132.29454,12.557409,147.5003,916.4933,0.47677565,0.24807708,0.46761575,0.85376775,0.1370831,0.021816531,0.17161885,0.6303247,15.087605,10.327273,13.943578,23.157751,37.30971,20.51557,37.96414,50.129154
216,639.0,25.568848,1.3760371,42.31671,128.75165,3.758705,0.33545327,3.6603193,28.254236,346.52942,198.58691,290.82407,692.81995,92.29175,11.152876,99.924934,638.90356,0.4263936,0.22855124,0.43113458,0.8089648,0.14316973,0.021940118,0.14390701,0.53842425,16.236414,11.422557,15.298875,24.651754,43.626587,24.930912,43.665264,50.46524
217,642.0,35.225918,1.5471846,35.16827,576.2099,2.3917263,0.3860703,2.2589037,16.96036,607.67706,300.8145,555.3096,1545.4827,219.70134,27.834248,199.87701,968.39166,0.44430104,0.21275796,0.45071092,0.7980037,0.27636218,0.056855865,0.36898127,1.0058814,15.001452,11.019921,14.475389,23.84412,40.8115,27.674793,40.371532,49.69573
218,644.0,23.71962,1.5252709,46.503265,168.55597,3.3166218,0.3669399,3.9534976,35.690487,359.65414,136.55305,287.66772,1469.6595,111.919106,11.014942,133.0284,748.76935,0.36957487,0.19496486,0.36602482,0.8216491,0.21628988,0.019276327,0.24009064,1.1372852,16.272144,11.451539,15.844863,26.96902,46.668865,26.811165,49.144215,64.247925
219,645.0,38.18111,3.2484334,45.33587,201.42357,3.7408104,0.34686992,3.5951319,39.489376,890.69934,400.16733,874.5098,2169.2185,204.59464,17.846647,212.57925,1238.7612,0.45388177,0.22731963,0.42688072,0.771018,0.30065614,0.039642625,0.30712765,1.5561683,16.575514,11.585339,15.406986,24.757442,43.24133,27.726568,44.52352,50.240547
220,650.0,113.97858,7.819587,101.16435,1083.1874,10.890918,0.6362841,13.138251,278.92203,6001.915,785.69507,7389.7935,107466.27,795.69836,33.029694,1121.6417,10136.809,0.8744287,0.29296583,0.9387566,1.5217916,0.21165183,0.06297795,0.3236701,2.8301702,17.818724,11.701426,18.278465,29.387379,59.34675,27.185741,55.294815,86.77736
221,654.0,57.987827,4.5147133,104.95559,342.2243,13.587102,3.099469,12.689106,65.12051,4010.2083,2058.5684,4552.7847,8421.777,299.8274,63.29125,275.69092,1411.9426,0.3658609,0.21481046,0.3537494,0.6709884,0.65138745,0.13456358,0.76649636,2.697814,19.670269,14.554004,19.132444,27.841902,51.258442,37.297134,51.469208,59.723957
222,655.0,62.827644,10.918783,66.9674,309.07852,9.102252,0.83001405,7.3126864,66.68171,16389.812,1431.956,16035.632,34324.312,1670.724,121.89549,1889.6826,4970.896,0.76367724,0.39680186,0.7604541,1.570464,0.78992105,0.052759565,1.0517797,3.8989887,19.05444,12.509042,18.685993,27.848186,49.40717,24.822908,49.913616,66.115364
223,660.0,100.66962,9.611835,112.74189,264.04434,11.116848,0.75759894,12.797171,49.242825,20140.56,4091.089,17601.773,55855.746,2191.214,230.07108,2185.5627,7683.7,1.0729696,0.44189373,0.9786361,1.9066036,0.37209463,0.053197093,0.52966124,3.3564713,18.850565,12.315465,18.99788,26.64042,44.760117,23.313652,46.42632,63.33379
224,662.0,62.27389,3.7885387,77.2983,265.26794,8.5937,0.73927087,8.464257,53.51127,1238.5894,567.9733,1396.1101,3634.3755,163.79437,24.796875,147.23679,1201.9672,0.35028628,0.21592058,0.3474722,0.6681896,0.38927975,0.065143466,0.44451848,1.967063,18.383575,12.8437805,17.244982,25.089605,51.91729,32.461735,52.6373,59.656036
225,664.0,72.69805,6.1289062,86.46174,334.57513,10.140052,0.9110969,10.577149,63.89471,875.0479,465.25925,871.98816,1851.3752,95.99039,12.660057,78.59626,692.9759,0.37674612,0.20377146,0.3986942,0.6732187,0.19189516,0.016516915,0.179742,1.2701849,18.488243,12.747651,17.640148,25.962296,54.10906,26.40308,54.17536,68.32585
226,667.0,43.713814,3.8969874,69.59505,250.91042,7.2739816,0.99327844,8.132511,52.173702,2274.3157,1340.9176,2271.8726,5015.381,244.26247,33.166046,256.68158,1151.6842,0.41596606,0.23118225,0.41432917,0.6801682,0.3506944,0.07162533,0.3766666,2.2705472,17.754436,12.601484,17.670677,27.418102,46.950085,33.699436,47.41287,54.70696
227,669.0,61.19405,1.2867709,92.534996,480.8669,10.191205,0.707453,9.966555,86.19237,236.03784,48.031445,286.52246,1670.4596,25.296824,3.2302225,28.22971,207.13884,0.16116667,0.077758476,0.15800393,0.2518476,0.28779456,0.020147953,0.38721785,2.6260154,19.22767,11.992528,18.018467,29.95718,47.75307,25.045982,48.390495,64.53145
228,672.0,122.19613,4.302537,105.85486,728.227,10.5423765,0.9943898,10.849159,162.44139,1492.8625,285.3635,1849.8442,7849.151,174.51814,20.751204,191.42308,731.75104,0.45837197,0.17607318,0.4867286,0.825004,0.16672443,0.013373811,0.29723695,1.603315,18.936983,12.268209,16.810286,30.76743,59.827675,30.359362,59.549164,83.51419
229,673.0,10.901836,0.7635205,21.712343,121.680725,0.9763701,0.18351537,1.4789146,33.922455,94.55078,43.157,122.234474,613.09796,103.62578,6.795497,89.74057,660.0898,0.47980124,0.20788816,0.4611598,0.7954484,0.1084609,0.00931734,0.0994718,0.95115954,14.046714,10.454017,12.763893,24.662687,41.703644,18.37651,46.37957,60.75139
230,682.0,93.14276,6.841666,111.14264,332.54495,12.640841,2.065884,13.1558695,62.676056,2388.9956,1099.5381,2130.1304,4845.379,181.97379,33.773853,144.56693,824.07025,0.30471033,0.15446027,0.31027427,0.52441925,0.50602466,0.10398052,0.53699553,2.2722566,19.02361,13.748744,18.329819,26.245378,52.444122,39.636658,52.219097,59.544937
231,684.0,64.6834,4.2453923,83.35098,363.2665,10.134149,0.60237277,9.919178,83.700035,1330.7496,172.60172,1189.8727,5485.4307,126.14258,16.96251,120.54874,639.09,0.34059194,0.1442187,0.37896597,0.61802894,0.34511697,0.024326855,0.39605775,3.0310266,19.434217,12.051312,18.238926,30.03341,47.94462,23.646858,48.76366,63.706276
232,692.0,97.88718,4.039412,103.43946,1029.4205,25.931957,1.0901107,30.536573,164.1575,264214.4,2043.9368,189726.97,271283.47,3743.7078,180.56868,4177.0454,8316.741,0.5138917,0.2991452,0.5086809,0.9721375,3.239008,0.09209176,2.233579,12.852399,23.606308,12.955205,24.818306,32.062267,48.383224,21.914768,48.295654,75.18534
233,695.0,122.85333,8.281524,111.54939,1076.8658,23.991531,1.0273529,27.521288,191.92001,30205.596,869.37823,39240.59,77912.88,838.02234,46.784332,889.98956,2063.7754,0.31471854,0.16791274,0.31457192,0.59842664,3.0964894,0.07981682,1.9181159,11.734065,23.40899,12.761163,24.186064,32.179947,48.593338,22.936625,49.58594,76.062904
234,696.0,43.47024,12.109478,46.92568,131.33075,3.771309,0.38714278,4.317312,24.505781,1231.8595,508.7125,1552.6002,1531.9624,315.1717,42.832497,272.6325,1987.9773,1.0635886,0.5914322,1.0719875,1.7985144,0.07459923,0.020172087,0.06860313,0.37657103,16.188265,11.432446,16.18899,22.711685,40.349865,22.167204,42.0553,49.445034
235,698.0,50.276127,2.4862313,51.956547,196.01312,5.037232,0.699651,5.518347,52.323174,1519.0153,829.41986,1650.933,2680.4365,331.52347,49.67922,341.23294,1804.6384,0.4867351,0.2770048,0.49968192,0.859028,0.35715774,0.04304699,0.42534223,1.344664,16.395887,11.805821,16.122362,25.598349,47.975876,36.76348,48.373405,56.70072
236,700.0,53.729164,3.2777252,56.098396,159.57684,5.2412477,0.94227666,5.3844204,47.707012,2032.5604,875.8406,2400.9102,3565.2905,428.5113,68.520134,392.64398,2304.0242,0.449108,0.25094754,0.4666791,0.78586733,0.4965722,0.07967093,0.608586,1.7397797,16.957771,12.664723,16.233915,25.439592,45.16025,32.77777,45.619328,50.213688
237,706.0,74.70811,4.9810624,87.99686,586.40045,11.830587,1.0771285,11.375967,126.31719,8528.351,321.15964,5395.0693,26600.35,369.16293,20.206297,549.75433,1601.6962,0.45952183,0.21734369,0.42825663,0.94148785,0.513935,0.019422418,0.62673634,3.3862197,20.045578,12.210932,18.462769,31.892471,51.27272,32.05357,51.504112,67.54546
238,712.0,48.426388,6.081227,47.39043,157.7806,3.4445364,0.43787766,3.765893,47.110405,303.30716,147.9382,257.72305,1000.9528,83.25025,5.739342,93.35464,499.64545,0.30543664,0.153525,0.32223088,0.5906244,0.26133826,0.02387957,0.24039634,0.9969898,15.819992,11.266304,15.210523,26.008217,46.31079,32.153847,46.190823,54.76079
239,713.0,29.50269,7.3794656,44.334053,313.00217,2.5628307,0.34563497,3.0374255,78.56078,1279.0593,342.19754,1148.6163,2590.3892,444.39276,17.506065,300.32507,2603.1963,0.81629884,0.22168064,0.7187656,1.4566672,0.2031784,0.011165337,0.13027939,1.2854326,15.181054,11.514732,14.260734,26.207098,52.254696,24.684734,52.482185,66.60366
240,715.0,107.8487,7.086168,108.98947,488.52097,23.57203,3.847093,20.89159,122.1963,87.97328,45.046494,27.431747,2561.5718,1.3382037,0.39799696,2.1266606,215.63982,0.028475728,0.022792235,0.03184057,0.20343384,0.36112067,0.13062042,0.5061138,2.89696,21.172401,14.728289,21.244205,32.637333,54.972736,37.693974,55.44676,70.60192
241,717.0,53.364315,11.002273,55.639755,679.894,4.360438,0.36472028,4.758448,123.942535,2246.6992,275.28568,2238.2551,11545.353,451.634,14.659081,481.49744,3699.362,0.66896224,0.18260963,0.7027094,1.3052038,0.37419018,0.018267589,0.31900218,2.6708033,15.755643,11.365487,14.913917,29.113884,57.34237,26.321613,57.18583,79.504005
242,719.0,26.972387,3.3820214,39.129986,325.13727,2.0360603,0.11771957,2.1035516,57.226612,3.4492347,0.79808253,1.335637,438.422,0.86097896,0.05041304,1.2582898,268.10538,0.0389112,0.012732713,0.03560535,0.24447992,0.2499524,0.015079611,0.20799057,2.2316034,14.960753,10.528957,14.08117,27.500593,46.64134,23.298672,50.49912,72.901115
243,731.0,48.785156,12.426087,54.61734,346.92337,4.5817113,0.3463326,7.0286655,63.590004,9507.659,856.627,9461.294,101345.23,1814.9725,151.47427,1868.9252,8308.782,0.8935423,0.41626894,0.8097101,1.8241585,0.72519004,0.041413367,0.5466588,4.436077,17.219803,11.154175,18.359716,27.111864,47.760944,21.608757,45.430836,68.418144
244,734.0,100.45479,23.02483,92.09638,372.9731,10.456693,0.8194334,10.320062,69.30479,8312.047,1669.5701,7196.7153,36767.73,952.0575,104.187195,943.21216,4280.6426,0.79959327,0.413471,0.7359633,1.6157132,0.4315769,0.03960544,0.4624999,2.732524,19.250095,12.191738,17.810837,27.483795,50.049015,30.947794,49.089226,64.81511
245,735.0,73.394806,16.680748,70.83131,211.72807,7.944829,0.76388925,7.72817,55.182476,9233.586,1464.7057,9892.314,23010.83,1178.1628,107.54137,1145.5331,4470.6265,0.80670154,0.4080893,0.8085399,1.5145165,0.66093194,0.041131005,0.66435677,2.9577427,18.48199,12.419612,17.725008,26.647598,47.82784,25.865908,48.02923,64.27836
246,739.0,35.335228,2.5207143,37.733906,335.42557,2.9109535,0.6184912,3.2708926,62.7311,788.03937,167.92934,714.3697,2180.9854,188.53777,6.667903,182.10484,1101.7938,0.5237813,0.19857028,0.5576696,0.8526979,0.16568348,0.011142759,0.22872284,1.2563494,15.736775,11.982399,14.190244,26.12325,59.05485,25.770262,57.30248,73.952675
247,743.0,55.291573,5.58427,69.65451,296.48117,10.10416,0.4605597,8.329424,73.016594,697.9359,52.399162,629.50385,6490.663,57.104786,4.3783584,80.95552,508.6177,0.23354456,0.12180969,0.24815306,0.4470115,0.47631863,0.036334403,0.3685723,4.010056,19.990438,11.359797,18.500418,28.033924,44.83033,21.786057,47.41594,64.866806
248,749.0,88.788536,20.399673,80.5861,407.58038,9.657488,0.68900466,8.0915785,84.432884,12523.258,941.8612,12318.678,32203.895,881.38544,63.234684,1111.8373,4627.688,0.70751786,0.3549002,0.6912514,1.2664263,0.5550678,0.022400515,0.6045086,3.3911984,19.1616,11.650262,17.887327,29.970087,49.542164,30.747221,49.170555,65.53908
249,751.0,54.960808,10.4374275,63.01393,287.30542,6.494303,0.48948187,5.768841,60.166344,5316.956,1321.0365,5396.109,9024.647,771.90015,67.94509,851.8299,3521.5063,0.6920125,0.31200978,0.6866189,1.196021,0.45395127,0.03207356,0.6574596,2.2849746,17.979729,11.994711,17.017971,27.354755,48.013783,32.257244,48.646526,58.131477
250,764.0,18.015041,1.1486535,31.593819,128.7179,1.1949117,0.17083633,1.8156765,41.419914,287.83636,60.001717,358.2296,1865.6973,186.72397,16.51398,165.77121,1456.2721,0.6498562,0.27638948,0.6607078,1.0169762,0.13765728,0.009225448,0.15336926,1.3553569,14.507547,10.374398,13.823445,25.607977,44.175365,17.365171,49.59877,68.214745
251,769.0,149.1032,3.0017536,108.73102,739.9948,16.929327,0.77820843,16.592054,120.347885,1761.5569,300.05554,3791.7012,26490.96,184.35866,9.428141,336.37378,2313.7556,0.421676,0.15979007,0.4539614,0.82324064,0.24188736,0.0751572,0.41484812,3.2136905,18.28846,12.100498,18.783588,29.55115,56.862766,27.108068,54.686176,80.30045
252,771.0,21.40763,1.7481518,30.641335,265.01132,1.3989588,0.19919781,1.5197018,56.079166,186.41855,57.94316,262.46368,1608.7444,174.13885,8.989143,146.60788,764.8615,0.5822002,0.22760877,0.5791917,0.8452375,0.14297386,0.010082791,0.13161315,1.2576969,14.646798,10.623538,13.46408,26.1893,44.263863,19.368073,48.368633,65.92715
253,772.0,85.77661,19.114994,82.64183,354.09644,8.885069,0.7930032,9.5438,81.665085,5900.4004,2878.64,6632.468,15349.041,722.3774,79.33207,697.8846,3486.4658,0.67701834,0.3226335,0.6683315,1.0980611,0.41702396,0.058863584,0.43658784,2.3947883,18.687864,13.143474,17.824387,27.595179,52.073383,29.871904,52.434196,59.186954
254,780.0,38.602783,5.036743,43.257504,237.52377,2.870366,0.39315403,3.3910446,48.213806,193.7061,44.255905,224.8714,2058.1768,87.55212,7.4700656,134.99641,547.7981,0.2606415,0.12455588,0.2894947,0.48789266,0.28190613,0.03629945,0.2991837,2.2798526,15.855761,11.385942,15.484023,26.515568,43.145542,25.67489,43.732944,63.819496
255,785.0,25.304905,1.2871314,29.19479,303.82852,1.9149772,0.3030697,1.6848966,20.14782,68.67351,25.645853,71.41786,252.89775,27.285963,2.3198578,28.454958,264.8957,0.17769535,0.08608753,0.1956003,0.3869581,0.2489824,0.028382843,0.3354452,0.8731603,14.457376,10.587387,13.709091,23.879425,38.878326,25.93069,39.653706,48.45265
256,787.0,23.4488,1.9836617,40.582645,282.0724,2.2239883,0.16292177,3.0826502,62.188423,503.64532,87.73349,730.559,7248.901,303.3516,14.642294,373.00302,1403.8591,0.54611176,0.24009876,0.58324045,0.95828706,0.24351373,0.009960244,0.33327034,2.5687566,16.136145,10.908441,15.358152,27.103,44.280445,16.234327,48.12149,73.22017
257,794.0,67.63648,6.350647,70.57815,271.147,7.056872,0.6191701,7.483423,67.67917,1874.0654,860.7527,2015.6077,5213.336,326.06866,32.40976,270.7377,1608.0563,0.4409008,0.21610999,0.45236087,0.7608126,0.43901864,0.060129512,0.47624987,2.600882,18.312674,12.872229,17.151207,25.918903,48.499733,31.324541,50.040024,57.27101
258,797.0,92.354614,14.827749,103.77572,492.22437,13.870107,1.2140933,12.144424,111.44806,3809.592,1229.083,5017.787,13816.897,361.25812,49.03815,363.9512,2583.1892,0.6305923,0.33424446,0.6048638,1.162314,0.22239867,0.046149205,0.2813714,1.360666,19.275314,12.813329,18.371174,30.028332,55.024975,23.975254,54.200542,77.07698
259,801.0,145.40433,11.0544615,117.96547,519.4343,15.66997,1.3448595,14.515695,138.76483,1104.5745,555.4486,1350.2687,5998.024,105.27357,12.660199,137.56993,510.1951,0.3546364,0.17924255,0.35116264,0.611066,0.19300283,0.04541392,0.21946059,1.4148843,19.31371,12.809003,18.472065,30.431711,56.703514,24.504778,57.1898,76.7439
260,802.0,35.362762,10.275666,35.864002,120.76587,2.2861178,0.32756606,2.627264,19.617464,809.7773,381.1774,833.81036,1286.7634,342.5876,45.979397,344.17532,1974.0969,0.59015054,0.307832,0.61809045,1.0346226,0.22688355,0.04363192,0.26497257,0.7349134,15.278577,11.460834,14.7389555,23.02371,40.117546,25.05803,40.692604,49.08005
261,803.0,38.92251,5.0963316,48.350285,390.4394,2.9026036,0.27560532,3.1002584,83.69959,202.63785,32.53604,341.54794,2114.2874,107.245056,5.049605,139.99144,545.4684,0.34169003,0.13333978,0.3968642,0.5450649,0.17433107,0.009779777,0.2814939,2.4500356,16.041325,10.855482,14.916744,28.772459,49.438656,18.495337,51.05291,77.44525
262,807.0,65.38708,14.073124,62.379124,271.2074,5.1858277,0.59134,5.4622326,62.184006,4112.1055,1424.9736,4802.805,8311.46,625.1586,73.62267,620.2599,3769.0532,0.86343676,0.41803977,0.9012457,1.4692664,0.3057188,0.029362502,0.24663474,1.7082695,17.043543,11.87388,16.028166,26.81131,51.38575,28.533142,52.14886,64.341095
263,808.0,32.548573,2.753642,42.514595,549.6354,2.628902,0.35720024,2.3262951,97.78188,454.99023,65.733826,511.68738,3042.2605,199.24992,4.6807823,196.24579,1070.1366,0.43491656,0.1492125,0.43073297,0.77118134,0.30228952,0.016545674,0.2261376,2.5315137,15.233411,11.221212,13.574468,28.071165,53.335205,23.10174,54.898293,76.036224
264,813.0,98.56454,6.9388385,107.05071,420.08826,12.590964,1.3041599,11.223656,84.09629,3048.2725,477.09088,3075.5369,7926.859,162.72513,14.084999,191.19914,981.54254,0.37184268,0.18102542,0.38789374,0.64174974,0.41773793,0.021916572,0.536805,2.2435906,19.870028,12.345774,18.396193,29.426273,49.75431,33.899063,49.675266,64.19903
265,814.0,69.051575,5.299747,64.03844,260.1538,6.2447457,0.58256894,6.4013553,59.08886,1733.3055,597.32837,1941.1389,5346.2534,392.39987,28.40041,399.41165,1831.7275,0.41559148,0.22590736,0.41143063,0.82978725,0.4473009,0.054001875,0.49871254,2.375247,17.711248,12.320716,16.507425,25.18036,51.38598,30.713985,52.053257,60.08343
266,815.0,88.862915,5.3117247,102.96473,404.89713,10.159977,1.035919,12.144975,75.841835,5177.4736,2003.51,6204.3887,9931.9795,624.76465,57.119118,501.85434,2218.9783,0.5306824,0.24945702,0.54846424,0.85485154,0.523997,0.08063842,0.5186809,3.4807608,18.799314,13.166553,18.064848,27.938498,50.30781,33.493847,51.232964,60.781612
267,816.0,60.32098,5.3706155,91.54502,372.07416,11.57846,0.90304816,11.325472,76.40923,3721.6196,584.4912,4392.3096,10999.193,288.68524,25.920649,234.77827,1566.9142,0.36103448,0.19760509,0.36245084,0.6237663,0.6670038,0.04251166,0.8106954,4.6531286,19.992407,12.7873335,19.556362,28.144814,45.77945,22.826164,48.44184,59.897385
268,817.0,73.03034,2.9266326,64.95004,269.22684,6.56778,0.6413166,6.00933,60.608345,4534.287,1370.7876,5488.838,7735.4097,675.898,84.30861,757.54034,2609.989,0.62886965,0.33279777,0.6645664,0.90565073,0.42415512,0.07302847,0.45660037,2.3022385,17.531363,12.594147,16.490217,26.6534,46.236336,34.830486,46.968563,53.26972
269,819.0,70.379234,24.421242,64.514915,265.86377,6.2570157,0.47636124,7.088284,58.28256,4193.3696,1566.6469,4406.5576,8996.067,572.4539,71.49937,449.1044,3626.433,0.66221976,0.36102477,0.6491176,1.072093,0.37627056,0.04440289,0.39295244,2.52476,17.285265,12.229692,16.502752,25.19969,48.25194,28.656471,48.810886,56.84923
270,821.0,39.06053,1.6141075,46.282047,183.00774,4.70354,0.4290445,4.674295,37.97166,849.24164,268.06485,992.0235,1547.0759,207.30603,46.346336,262.59787,1249.5652,0.73458177,0.41956863,0.74039197,1.0650085,0.08030922,0.01719332,0.083914086,0.3732793,16.672068,11.391192,16.12002,24.971127,42.958687,25.517687,42.869923,50.5651
271,824.0,49.67177,3.6301677,67.61343,277.53735,6.8407197,0.58470553,7.302213,88.38117,1423.1693,514.54565,1433.0851,2196.8315,185.00452,10.62975,202.91759,1448.327,0.43472943,0.22522825,0.4540878,0.81380624,0.27813384,0.033427257,0.25185388,1.4113113,17.240326,12.2482,16.569477,25.349491,46.701298,30.855797,47.97695,54.35267
272,827.0,52.14766,12.402882,54.57203,189.98569,4.485798,0.50247097,4.6843324,51.417583,1910.4685,901.0865,1768.0643,5471.7363,406.00864,52.58756,475.65076,2489.7563,0.7699457,0.3704549,0.7579516,1.5485394,0.19848758,0.018716555,0.2089426,1.058556,16.54657,11.729213,15.644217,25.993225,48.629288,27.857086,50.8522,64.31514
273,828.0,35.240173,3.292613,40.88072,108.09744,2.8685167,0.35840625,2.938664,17.653381,473.52124,199.40256,415.81543,634.9741,160.07806,31.583876,164.70493,1089.6843,0.5597346,0.31029883,0.5647564,0.93731004,0.15736707,0.027116578,0.17931448,0.49783948,15.630229,11.322205,15.087599,22.042707,38.907063,26.238499,39.982895,46.35688
274,832.0,103.07147,6.1789346,125.97548,462.19516,17.776354,3.446998,15.2717085,115.650826,2996.9404,1260.4355,2943.8567,6026.2905,191.52708,30.207382,178.2306,757.1124,0.3654804,0.2084016,0.3511686,0.7224124,0.34664145,0.036007587,0.45146844,1.6331768,19.605934,14.269635,18.768341,29.877026,60.08627,34.640522,59.508762,76.6618
275,838.0,41.72429,3.2181373,49.40224,167.21307,4.164323,0.42157084,4.482787,41.451607,610.7625,140.65459,704.0115,4513.944,159.23888,8.269025,214.52397,1277.531,0.44403374,0.22411115,0.44843704,0.7944968,0.25363442,0.014736222,0.26947382,1.5686352,16.90968,10.592767,16.127476,26.923988,42.48688,27.60383,44.064434,57.14568
276,839.0,88.65941,3.94511,94.11572,417.08972,8.246787,0.6558154,8.423957,96.28442,750.5352,216.78886,884.35596,5639.525,118.36795,14.897581,130.72482,624.65094,0.47568107,0.22227353,0.4947763,0.8509438,0.13561794,0.010987283,0.21592602,1.2347656,18.040295,12.015966,16.048773,27.851738,57.984093,28.037233,57.056187,82.74426
277,843.0,19.252789,3.01758,29.903097,235.85432,1.2714963,0.12566613,1.5835595,45.12892,17.238176,6.7938733,16.813433,434.5617,17.41181,0.7288926,12.650429,157.33463,0.1971376,0.08097646,0.19201456,0.26329678,0.093863025,0.0075917477,0.098516256,2.011331,14.524725,10.4481535,14.002836,26.540297,38.661156,17.644955,46.935978,62.61694
278,846.0,104.92445,5.7181873,118.39714,530.72485,16.125677,1.2763425,14.654238,151.13943,7556.147,556.1581,7373.327,15352.613,380.52258,24.037783,504.0521,1357.3943,0.43690303,0.22741514,0.43258882,0.87723476,0.47958952,0.03552917,0.6406176,3.07325,20.820887,12.543386,19.56589,33.065083,52.543056,34.608456,52.223717,68.604996
279,849.0,55.443005,3.5316153,77.80647,513.11255,11.109461,0.7276999,10.338468,113.721306,3304.7969,351.2914,4011.1682,20635.293,324.81372,21.869934,460.62604,2061.2751,0.53952837,0.28089717,0.5552969,0.9444962,0.2685121,0.036675163,0.428082,3.0624087,19.442707,12.4234705,18.69152,29.25026,51.52796,19.259823,51.318188,68.88739
280,851.0,18.593298,1.7271836,28.570402,315.18536,1.6044722,0.2680822,1.6905323,68.377205,238.84877,30.273598,305.91043,2233.616,161.27306,5.1532283,162.9058,772.54785,0.46936315,0.184017,0.49684244,0.8450715,0.13195705,0.008295237,0.20564245,1.4608552,15.178548,10.666593,13.289495,27.630451,50.625755,21.701962,53.730118,75.08894
281,854.0,71.53074,5.7970967,99.62316,687.4755,15.889255,1.6100368,15.987944,169.0659,10979.984,2359.36,11820.63,40157.48,894.48615,104.17298,873.29095,3332.9854,0.431151,0.24541645,0.42453042,0.7557775,1.3445758,0.13562234,1.3862714,5.0109897,20.646652,13.995471,20.45194,31.143692,52.300518,24.301014,53.290863,81.731964
282,862.0,79.417305,8.724009,76.173164,230.3209,7.5576863,1.3309201,7.233228,52.301224,522.7988,332.90308,511.94507,2227.5366,71.9559,12.067423,72.18295,436.67545,0.30140245,0.18299122,0.2857213,0.6229018,0.24717537,0.022445908,0.25010812,1.09501,17.853401,12.870993,16.992382,26.424667,52.03318,33.799545,51.876083,68.426315
283,866.0,78.31758,26.189821,56.802525,285.7269,6.3222375,0.63921094,5.2970243,65.46045,9051.073,2647.8735,10170.216,18942.531,1786.2599,121.42264,1500.0917,7796.532,0.8718433,0.36736697,0.87818146,1.4699152,0.663915,0.07555926,0.66198355,3.0885797,17.999691,12.756936,16.60658,25.096075,48.974857,29.235214,49.99519,59.48171
284,870.0,61.08961,3.6234186,75.9432,213.74245,7.6644044,0.9363613,7.928519,48.727985,1273.2169,459.91077,1429.937,2220.9333,206.70027,37.009666,235.95657,1177.9543,0.48762694,0.27857012,0.5059677,0.8996099,0.21423763,0.04325814,0.22748722,1.0534649,17.859625,12.684785,16.9834,25.570534,44.990482,33.52699,45.89224,49.419807
285,872.0,48.344463,11.436854,51.05935,151.88625,4.3360615,0.71261024,4.0759416,43.123173,2710.5007,1812.3237,3053.4336,5023.634,740.88416,90.906654,739.2196,3661.4065,0.6032179,0.35026866,0.6390815,1.1025232,0.5465702,0.08877836,0.68960214,1.6125958,16.6099,12.3676405,15.467574,25.356945,43.11913,31.225822,43.57141,49.38318
286,876.0,36.535583,10.96784,44.9069,150.19318,3.2026217,0.29280475,3.9166594,30.824553,581.2267,337.58212,575.2186,953.24677,171.82684,25.151335,176.84184,1575.2191,0.6423671,0.36905387,0.6363314,1.1170852,0.11212819,0.013907518,0.11421275,0.5284168,15.927831,11.21304,15.698832,23.35968,42.503445,21.839834,43.54808,52.57589
287,878.0,92.49445,24.258444,97.75769,416.0054,12.589807,1.0948576,11.39686,92.530136,9776.721,993.85205,9713.395,24301.43,628.0886,60.613342,770.4888,2961.983,0.6855904,0.34247264,0.62666285,1.2415545,0.50126296,0.02625181,0.56583244,2.3386345,19.763966,12.492073,18.089922,30.13196,50.856995,32.913944,51.072876,64.29507
288,888.0,65.44,5.113255,64.69481,205.61176,7.1541424,0.92244774,7.124813,49.327335,1634.8733,531.077,1693.064,3296.1663,271.35925,41.979355,292.72583,1244.2585,0.4698266,0.27185157,0.4829354,0.7795038,0.2905562,0.095937274,0.31642565,1.529652,17.928942,13.103331,17.570889,24.805433,43.342525,29.10249,45.467808,48.915146
289,889.0,166.25781,20.37369,128.55693,648.72906,17.857164,0.8370968,16.6665,104.029884,43364.844,4034.5864,38814.617,63567.12,2032.299,107.0429,2183.6418,13136.382,0.98437977,0.2884799,1.1176425,2.0893757,0.6150697,0.04189496,0.4615737,2.5056179,20.287704,12.108314,19.502054,29.495197,51.275997,32.791492,51.280052,64.66695
290,891.0,19.1668,1.3642315,21.575203,90.54093,1.7181225,0.25503942,1.3504969,16.061308,417.4055,98.83289,465.15387,1085.9945,269.9,14.723828,356.27362,1138.0676,0.4912993,0.24532393,0.46662736,0.97243685,0.28058693,0.022772659,0.35366207,0.86134434,14.629858,10.868055,13.709046,22.62225,37.492626,21.1216,36.83944,48.91709
291,895.0,177.37439,16.125593,158.72429,1136.3751,23.200472,0.76094455,23.098852,247.35516,148784.69,2115.903,66061.73,488020.7,3449.4214,171.92888,2549.7534,19063.752,1.2879812,0.4947014,1.2964761,2.0751824,0.57808197,0.047700495,0.49318266,4.8327265,21.22688,12.256593,20.147343,29.945492,53.65675,24.711763,51.083664,75.62562
292,897.0,101.09149,2.4200046,112.96747,582.5369,17.949745,0.75740755,17.43643,145.87874,18926.516,707.41595,12309.951,59811.195,754.0299,71.736336,843.88654,4052.4636,0.6365663,0.3470459,0.6448303,0.999244,0.5898605,0.040935952,0.5846494,4.8720913,20.737707,12.1586685,19.88302,29.474688,52.227646,24.188902,51.263412,66.75351
293,899.0,61.430035,4.479787,57.23196,263.98492,5.1965117,0.70330626,4.738613,47.15693,1252.957,509.9431,1077.512,3646.5234,301.96207,26.338614,237.56387,1812.7395,0.32950455,0.1420078,0.34423575,0.60422695,0.8336896,0.09799647,0.79723495,2.501232,17.16302,12.562302,15.731328,24.561281,44.78101,30.590187,45.249947,53.369087
294,903.0,73.142,3.5257955,90.49454,293.19812,11.539874,1.9692318,10.572497,66.73371,8806.727,2830.7693,7210.414,14980.131,738.3139,179.6733,601.241,3052.9707,0.6844762,0.32137734,0.66874087,0.8750348,0.4733642,0.09408061,0.46137476,2.2655804,18.996178,14.204438,18.535404,25.339207,47.690388,33.878155,49.442226,57.74706
295,904.0,85.0435,21.595032,85.04906,268.4459,9.916672,0.86840856,10.236399,57.691372,2375.7012,1108.0685,2388.7473,3052.726,253.91866,50.836025,207.14851,1767.455,0.6204879,0.33767003,0.63081175,0.8659445,0.17181058,0.02918782,0.19158977,1.0904248,18.266901,12.70087,17.390099,25.022202,49.061184,29.442091,48.787567,58.692703
296,905.0,72.32438,1.8409768,98.98679,603.6843,14.669356,1.1197504,10.9647255,184.57109,3227.1672,658.05206,3325.8862,7013.484,223.50725,13.571687,277.9617,1846.7253,0.44742423,0.18306619,0.45298144,0.72738576,0.36569422,0.019066256,0.33265024,2.1094704,18.753677,12.450438,17.54774,30.181421,61.995502,31.241316,60.84616,82.94403
297,906.0,92.901726,2.7231705,99.90682,536.993,12.422379,1.1923847,12.031552,117.94229,5650.4316,722.385,5486.513,12434.395,345.31473,79.10323,350.42197,2067.0913,0.5848597,0.23609808,0.52954155,0.8998926,0.26285124,0.019498331,0.31437692,1.864695,19.132977,13.134268,17.88341,27.570236,63.764786,29.107458,61.34905,82.51977
298,908.0,173.05135,42.276028,183.28186,503.81686,27.878317,4.8619046,30.073153,122.89359,37004.83,16605.137,33977.004,82831.2,1192.9337,283.58582,1111.0021,4312.081,0.7730431,0.4328274,0.7732599,1.3047767,0.6306704,0.15162654,0.5352862,2.1448827,21.061403,14.569427,21.483793,28.950338,56.685616,33.364616,56.161346,69.540924
299,909.0,35.1542,4.7726364,75.879265,473.8707,7.29253,0.55828106,6.1416817,96.235306,849.8801,191.84691,1330.1146,5436.0044,167.26355,9.49714,193.66031,1215.0055,0.40823865,0.20484413,0.44624034,0.73002356,0.16785397,0.015458331,0.32214218,3.411468,18.04701,11.838565,16.42284,28.312656,50.807068,24.18881,52.69828,78.7676
300,911.0,251.8815,34.44408,178.8249,823.66797,25.337912,1.5278441,21.828339,201.2874,56279.6,3740.3748,47482.652,164050.52,1799.0521,96.79327,2159.8105,6900.9644,1.0173854,0.43072596,0.9102329,1.8982197,0.5845431,0.047941025,0.6176501,3.0346076,21.049547,11.911821,20.036106,31.311832,57.483875,35.704292,56.87517,66.12513
301,914.0,58.126133,11.052554,66.39665,209.68527,5.603505,0.510385,6.1082,43.67327,1428.3928,408.9741,1779.435,2130.0432,271.35422,64.39378,269.76877,1848.5685,0.7680133,0.37684694,0.7332678,1.2194998,0.15180911,0.023330374,0.14268045,0.533273,17.031492,11.619172,16.45597,25.167053,43.745922,27.165216,43.75417,50.076504
302,915.0,119.3925,8.034477,140.42862,643.36334,25.011932,2.624964,26.039131,157.89746,38128.98,6550.454,43051.266,80030.04,1386.6748,279.22958,1305.3392,7083.493,0.5171965,0.30413118,0.52787715,0.8747195,1.2193757,0.22845115,1.3920443,5.1072416,22.801361,14.621205,22.728468,30.915657,56.574993,26.237297,54.51337,85.87048
303,916.0,41.107277,17.653473,39.64397,149.7201,3.3200402,0.46061698,3.4344292,26.929718,952.49615,191.00166,1216.7899,5145.6304,333.61896,48.018826,341.0844,2386.6423,0.97896564,0.48199388,0.95172143,1.6369091,0.062391985,0.013896003,0.052488673,0.7363924,16.616236,11.83153,16.107134,23.641516,34.86041,22.150652,37.82647,49.940132
304,918.0,65.18816,11.695973,70.24583,205.99911,7.0251718,0.43567562,7.637271,53.828606,17701.564,1422.3615,13963.696,53720.406,1471.4497,164.34203,1875.9858,7914.5986,0.9032618,0.42026275,0.80096674,1.8023844,0.594284,0.022721458,0.4464322,3.6694696,18.138716,11.372971,18.084538,26.479736,43.34008,22.827349,44.558746,60.209476
305,924.0,38.304703,2.8471913,62.26655,382.50604,5.604654,0.60027975,6.2680125,52.435257,2519.584,628.6211,2649.9248,38140.69,552.83954,56.22485,593.9862,6164.8364,0.62293756,0.35748717,0.58606154,1.6102384,0.39140087,0.03160934,0.3913411,3.6045613,18.15534,10.734643,16.59345,28.5571,44.583202,26.532553,45.485374,65.449585
306,926.0,38.3194,1.8622848,49.768997,132.17183,3.64065,0.41326028,3.4717941,25.650017,1206.4731,574.6725,1280.038,1740.165,374.35254,55.69452,345.91937,1975.549,0.7595455,0.35756326,0.753519,1.0304644,0.18075736,0.029285096,0.20367983,0.6952437,16.236633,11.335366,15.223143,23.92251,41.55352,27.153913,42.34893,46.54179
307,935.0,39.650734,1.4804443,47.11026,519.0033,2.252025,0.21781068,2.5657172,74.92201,637.889,105.13601,683.477,4841.157,377.41608,15.923345,300.18848,2715.7983,0.7880335,0.25788015,0.79428416,0.94505095,0.16156876,0.01871124,0.1421286,1.7472723,14.824238,10.776304,13.775607,26.78947,52.850464,23.68677,53.285095,72.90135
308,941.0,195.348,20.252382,144.67395,514.81854,16.54983,1.3927356,16.838318,122.46246,27212.832,1316.5537,18999.322,108945.31,1144.5748,82.63521,1299.7759,5793.791,1.0703497,0.30064476,1.054653,2.0185003,0.33813143,0.01797974,0.36827964,2.308123,20.465809,11.798943,18.129242,31.707197,54.580505,34.134445,53.818413,68.384766
309,945.0,113.290535,6.1300864,126.62131,451.08176,16.61443,1.8145255,17.456783,105.61668,384.3517,235.12523,415.46362,771.3504,25.664799,6.297775,22.290865,205.12886,0.16687205,0.09553548,0.16642803,0.30534858,0.2264352,0.047069233,0.23147793,2.2514555,19.583963,13.467644,20.037663,27.73845,51.730843,31.340347,52.01856,59.508926
310,950.0,29.907732,1.3984684,37.712578,133.51015,2.9937146,0.31929755,3.094345,23.18841,411.86386,142.27425,316.9123,672.06274,105.33282,13.558963,115.86462,631.4963,0.48855108,0.29042786,0.5028083,0.82279646,0.14463013,0.025143959,0.13770033,0.49466237,15.68657,10.917531,15.168875,24.682243,41.126686,26.277014,41.508465,49.977646
311,952.0,115.82814,6.7389565,141.21014,427.71332,24.691017,4.9834466,25.495697,113.71242,14375.551,6618.327,12394.342,22877.441,751.9721,138.68031,705.514,1739.4764,0.35515484,0.23267828,0.34111357,0.6261066,1.0988269,0.33446252,1.1387408,4.112197,21.753551,15.093521,22.24353,29.497427,55.725037,39.64243,55.549725,71.269806
312,953.0,27.569715,1.568318,38.243977,178.23665,2.7762208,0.33319324,2.9673657,36.449753,261.56937,103.35378,243.64511,506.60043,88.27752,7.6994624,104.02144,746.7103,0.45491967,0.22880498,0.46288103,0.7929131,0.100807756,0.01141033,0.10459092,0.5835951,15.785175,11.225309,14.573077,24.992577,44.324646,21.676725,46.471104,56.070415
313,957.0,72.467575,4.7666545,89.29183,264.0597,8.948231,0.6810609,10.790037,46.959816,1804.6384,813.01404,1871.6237,3901.2656,250.21005,43.358154,246.47693,1598.8956,0.49000064,0.2539952,0.5234978,0.86511725,0.24059452,0.050750658,0.24246408,1.8155358,18.154222,12.617583,17.897686,24.871027,46.260197,30.975306,47.03447,52.85311
314,963.0,31.760334,3.230735,37.12208,527.49225,2.4442303,0.23122871,3.012194,86.886856,372.52646,46.211956,321.80518,2344.6592,169.00851,2.927826,200.05981,1402.8754,0.32539767,0.09156804,0.32534567,0.6542425,0.39673847,0.017183207,0.3124191,2.4048965,14.732607,10.637041,13.448783,27.13328,55.886925,22.527243,55.95781,80.51437
315,972.0,35.87028,7.9450026,38.897552,168.47955,2.5845344,0.35324842,2.7131705,34.174168,2180.6472,878.121,2032.9288,4495.6895,940.0768,60.61005,1026.9276,3667.407,0.88957256,0.402465,0.91330826,1.4952803,0.34857395,0.04602346,0.33655974,1.4206828,15.546681,11.353049,14.54816,23.719015,43.22423,28.04621,44.199924,52.23917
316,974.0,83.815056,11.502903,86.022545,200.39313,8.809622,0.8318072,9.854219,47.837196,7463.3447,2526.6401,7503.5894,13792.212,884.15906,135.90575,949.7509,3352.409,1.0636941,0.51802886,1.0562165,1.6815717,0.17886916,0.037562348,0.17561433,0.8615286,18.565708,12.370185,18.050577,29.921694,43.937626,29.414028,43.984135,50.976513
317,978.0,55.561016,3.242275,82.18539,344.80368,21.639046,1.5876625,22.461233,77.77725,54380.867,2371.2634,72728.08,142387.47,1731.1432,90.75754,2134.231,3195.8936,0.33518526,0.1956326,0.28723496,0.8485467,4.726681,0.10664519,3.7997842,13.806717,27.111965,13.514395,26.747065,32.92414,44.864075,28.8179,46.192715,65.261604
318,994.0,62.244022,12.651,65.57001,222.64914,6.220259,0.7345596,6.687682,44.70743,1788.1791,1235.6558,1988.5583,3611.0242,371.04898,67.045746,368.79364,2349.2588,0.5722776,0.37342754,0.5787206,1.0491542,0.25610408,0.052776124,0.25628963,1.1588886,17.216658,12.237096,16.686056,24.743979,48.163574,39.125027,48.200695,57.00252
319,997.0,53.099384,2.8737516,53.335266,291.03412,5.0255814,0.5566919,4.660499,42.335175,999.0192,529.6568,970.04944,2162.4683,240.75824,28.143051,215.5915,1135.9363,0.35776764,0.20796126,0.33795747,0.61002505,0.46389538,0.08310189,0.47022542,2.019774,16.806025,12.288525,15.745588,24.920433,45.290066,35.23436,46.611256,52.879116
320,1000.0,32.16228,1.7224818,40.303722,546.33417,2.4610996,0.29943722,3.046144,97.52326,806.60596,62.817577,770.699,4437.698,334.02087,5.3375936,462.25424,1689.0557,0.48736113,0.13335828,0.49181157,0.9248648,0.3929246,0.015793622,0.44239202,2.436741,14.8316345,10.980951,13.1916275,28.220324,55.929058,23.353952,55.520084,80.60752
321,1005.0,41.80896,2.1616504,45.16969,216.28592,3.1528692,0.47883835,3.2122707,38.885265,406.65305,228.6984,392.3069,5645.9824,191.08128,19.31318,197.80695,1505.7137,0.3824857,0.21952567,0.36430198,0.8947991,0.3119389,0.040322363,0.26500255,2.0280697,16.04418,12.079481,14.983197,27.02335,44.24328,25.478052,44.478046,67.74734
322,1006.0,26.019562,0.7997279,59.9774,278.3972,5.911194,0.45922804,6.552351,63.052372,849.3825,141.87448,703.41754,18814.361,271.3749,25.6147,356.6862,2188.946,0.49031076,0.22988096,0.52585226,0.96421236,0.37547672,0.030462246,0.36490816,4.4647484,18.530165,11.696325,16.727253,28.633818,42.621056,22.14548,43.813103,65.45847
323,1012.0,217.95203,51.867435,241.827,462.49942,53.08789,5.741246,58.369022,158.90984,205280.56,49639.4,196901.95,312758.25,3918.3132,463.06256,3865.907,13067.684,0.760818,0.4594637,0.76495063,1.3114892,2.109355,0.18507145,1.6683128,6.5266647,29.242172,15.222676,28.047192,36.72175,50.978134,39.479244,50.328663,66.85594
324,1014.0,100.51344,7.44876,140.31482,334.72052,17.618143,3.25988,18.85211,71.25116,6090.492,3713.2993,6771.639,9941.987,510.78735,91.33568,392.012,2464.8623,0.44881848,0.26255026,0.43645704,0.71417046,0.60920656,0.11567323,0.60039675,2.16191,20.580082,14.64143,20.48681,27.14956,49.161472,39.626244,49.587837,54.578285
325,1022.0,36.052914,2.6250825,32.86988,302.31476,2.0730536,0.35031885,1.9387672,18.955585,349.49683,208.35532,327.4073,632.12646,140.2878,10.376519,122.19427,917.41455,0.37531507,0.19867639,0.3885132,0.65855384,0.30118746,0.03672355,0.32821465,1.0182781,14.713684,11.0898285,13.946379,22.525078,40.69166,26.489708,40.499886,50.7917
326,1024.0,61.183224,4.5092583,61.85669,235.64098,7.5160837,0.9939615,6.458648,56.644028,3076.7603,817.91736,2488.6594,10558.823,327.18817,38.792778,310.97922,1690.5566,0.27837744,0.17896834,0.29222366,0.58372545,1.2975318,0.057580344,1.0170065,3.868723,18.668417,13.459035,18.995216,27.595161,46.788216,29.598595,45.60073,57.280025
327,1028.0,27.075409,1.7788217,34.5868,100.70164,2.3243144,0.29820848,2.4826407,16.201473,206.88416,80.59404,209.7374,728.8732,89.21025,8.172244,113.096436,717.309,0.39267373,0.23341565,0.36787438,0.89639163,0.18569401,0.020227954,0.2310219,0.67612827,14.828052,11.305245,14.13078,22.268103,41.361206,24.74547,41.08545,54.52017
328,1031.0,50.308952,4.181283,56.193657,216.71786,4.9653497,0.32589328,5.3619013,51.771843,502.59003,147.12021,480.49008,1698.8282,95.16915,12.376775,98.19245,777.2868,0.37763754,0.20848155,0.40358272,0.66165584,0.17533945,0.015954578,0.18068199,1.5633767,16.910501,11.522126,16.874998,26.795448,44.09763,21.436796,44.919586,53.705715
329,1033.0,54.443554,9.956229,61.29971,272.22485,4.6383815,0.29767618,5.9154973,70.06728,8973.703,627.8285,9281.358,73636.266,1697.0203,85.81966,1390.5052,9636.572,0.99192184,0.39608547,0.95090026,1.9302511,0.49132314,0.014616105,0.47648767,4.055002,17.522345,10.962153,17.449003,28.713354,48.725864,19.515123,48.723164,75.862564
330,1034.0,109.13472,16.028433,126.09351,457.6151,15.361241,1.586713,13.795867,96.498,23332.508,3860.2224,24597.455,68339.24,1447.9093,108.71349,1521.4735,7131.129,1.0858678,0.44973052,1.1109538,2.0966897,0.24832812,0.026184743,0.30995116,2.0736954,19.872892,13.584891,19.088593,30.44372,56.29731,35.527424,56.534115,76.87572
331,1039.0,17.069738,1.6429924,20.161001,444.0598,1.1946815,0.1391466,1.418715,21.865309,201.06956,54.902924,213.1434,1556.2942,158.5953,14.198866,140.8673,2055.0923,0.6363482,0.3144118,0.57805496,1.0606253,0.09936281,0.015844056,0.10015263,0.80495805,14.482793,9.242126,13.906491,25.396282,31.578163,20.014894,34.39254,48.6468
332,1040.0,45.472416,3.6438382,67.67545,187.96748,7.6645756,0.6968748,7.8982115,42.528046,1211.1166,350.82388,1498.5702,2498.6228,147.98633,34.798885,153.48001,747.88806,0.52609634,0.31002817,0.54315084,0.8328595,0.14755826,0.021295074,0.1530888,0.8318578,18.06443,12.235002,17.038597,27.98778,43.872944,28.514545,45.08574,53.39757
333,1046.0,80.14525,13.680812,80.18921,340.21863,7.580835,0.9173702,8.518107,62.126305,8977.606,1869.812,8320.716,27745.35,952.76404,97.90655,923.7528,4185.6147,1.1805512,0.49096894,1.1490217,2.0149853,0.1589018,0.016054459,0.19626303,1.2940866,17.47481,12.071978,17.699175,28.057526,54.165657,28.328247,52.13593,76.36853
334,1048.0,31.54151,2.5834665,47.743233,169.02914,3.096083,0.3542594,3.8972251,49.2303,235.48093,98.549965,258.82022,530.3465,68.99438,6.3269935,79.80463,656.347,0.39411873,0.19609013,0.39749512,0.75341314,0.089285366,0.010354343,0.10132885,0.672515,15.408985,11.370554,14.993311,25.67196,47.848698,24.287785,50.991253,61.351032
335,1057.0,94.11635,26.43243,85.35454,203.65709,9.486157,0.8724672,10.595116,61.01977,4598.2354,1515.0519,3601.982,10879.73,426.75192,69.94937,489.10342,3061.6362,0.7787329,0.3823608,0.7584464,1.6523371,0.12047274,0.021640839,0.137667,0.943412,18.930542,11.940108,18.158386,27.540688,48.975033,32.24735,48.171806,59.130604
336,1060.0,65.77578,12.952099,84.32296,191.83519,7.541211,0.56562144,8.464884,44.867065,5362.609,1300.5745,5594.9336,7125.2354,769.9277,116.9409,718.5551,4144.8003,1.0776364,0.55377996,1.0894775,1.8190211,0.13534346,0.02985872,0.13460906,0.7762923,17.924387,11.532316,17.485682,26.472647,43.453087,31.02476,44.239895,49.370064
337,1065.0,38.24608,3.534214,41.18931,140.49393,3.2677715,0.48567572,3.0660927,25.287987,1086.2898,575.6996,936.7605,2235.0696,444.67322,26.945187,410.0819,2216.1167,0.3764963,0.18828061,0.41489738,0.8675398,0.6475734,0.070754014,0.6530994,1.8805653,15.80884,11.890346,14.9992695,24.10207,42.666653,31.502832,43.20969,51.299118
338,1067.0,110.11647,21.739992,111.53685,305.36157,14.687287,2.5132916,12.839909,66.46067,14928.063,5504.7524,14622.445,27375.15,1108.6396,166.53226,1181.1676,3710.2654,0.9886512,0.4610598,0.9221323,1.8529842,0.30236694,0.053009596,0.3138854,1.1408042,19.830233,14.054592,19.199291,27.468134,49.957653,37.317974,50.576397,57.47273
339,1077.0,98.75733,5.141075,101.5974,527.0726,11.641887,0.7054871,13.12267,116.19767,1124.5222,122.024826,1199.6631,8550.217,117.98764,12.207111,168.12387,714.3588,0.2956987,0.12240063,0.32458758,0.5293708,0.44640744,0.02954335,0.4678424,4.487255,19.694992,12.104419,18.9084,29.738646,47.064617,23.161188,48.464947,66.28719
340,1089.0,50.31986,10.770373,46.548615,163.42972,4.093458,0.411965,4.35197,45.57689,2327.487,442.52536,2686.672,9219.183,574.4955,57.023952,570.38824,3373.9402,0.6455868,0.29422617,0.7088848,1.2029557,0.421124,0.02354688,0.373555,2.511666,16.554045,11.678781,16.006758,26.907354,42.235386,26.639,43.139442,58.834747
341,1092.0,88.37481,2.834222,103.56433,410.48294,12.310423,0.6290183,11.690672,115.21571,3882.0889,283.9769,3165.4517,13023.183,268.65363,28.155376,272.32858,1962.0126,0.4818398,0.19252469,0.5275995,0.9384317,0.34027693,0.022028605,0.36054212,2.9769142,19.949848,12.220052,18.89971,31.27815,48.23211,23.623686,48.8585,64.092636
342,1096.0,66.99727,2.6572952,82.46732,213.78792,7.838066,0.9284491,8.06836,55.51414,1206.4846,549.5581,1051.3125,1501.082,139.60666,24.862436,170.2683,855.92474,0.37965485,0.21877028,0.37903965,0.71759605,0.2820073,0.047158413,0.31586224,1.2592214,17.853497,12.847425,16.795843,25.711744,45.45149,35.6677,46.630043,57.71403
343,1098.0,187.83846,47.170654,217.85382,437.5567,50.60274,6.8570085,66.35643,155.91823,190970.98,16552.863,181849.08,283208.03,2737.6587,340.4593,3343.702,8010.804,0.44605413,0.32849756,0.43928537,0.7530549,3.2861984,0.33871475,2.8358026,7.5680685,29.959644,15.737066,30.617565,35.90637,52.147167,39.906063,51.031704,66.10343
344,1101.0,40.92572,6.8778067,51.41062,524.2022,2.942024,0.48711786,3.3253162,88.95772,2095.4326,292.72623,2353.02,18966.3,809.7132,20.008339,954.5913,3896.9412,1.1014197,0.29228047,1.168132,1.8644617,0.13192156,0.017661521,0.16194825,1.5342603,15.48702,11.19877,14.255053,26.484835,50.449142,25.072515,51.56094,75.55817
345,1102.0,132.26949,8.870982,121.473946,536.55194,14.846501,0.6628496,14.151141,111.82612,2504.8796,317.16415,2461.4504,5027.3433,130.82877,19.670092,122.16211,592.4319,0.36755982,0.17916486,0.38927928,0.6395516,0.21591033,0.026056882,0.28865847,2.203574,19.769547,11.524146,18.978561,30.432335,50.19193,30.396059,51.548386,63.434372
346,1107.0,57.155407,3.0218284,57.044754,186.54437,5.3533764,0.8498658,5.4385366,48.809658,379.73535,185.5922,381.28122,995.0224,76.47206,9.848162,77.963234,541.98376,0.3548963,0.21802281,0.350535,0.70403546,0.16951124,0.014616321,0.20002179,0.76298285,16.89753,12.417731,16.05677,26.108513,46.152977,23.242615,47.529682,59.7498
347,1108.0,19.512934,1.0947309,30.814465,180.82785,1.4514258,0.25866446,1.8213445,44.861248,167.36815,42.487617,210.84572,744.7055,118.68354,4.0869164,118.74847,871.04266,0.58948565,0.17236494,0.58957684,0.8872403,0.080857895,0.00880993,0.08420776,0.8190941,14.5106735,11.037444,13.440398,25.07822,48.559887,23.02933,48.16224,66.14228
348,1110.0,31.391136,5.7192354,42.05667,97.404106,2.6532934,0.28650162,3.4431791,19.8725,657.09033,293.0525,507.0713,1168.2097,195.60976,25.191908,218.66217,1797.7881,0.888185,0.34167567,0.8502177,1.7404946,0.08181229,0.013589101,0.10180809,0.48073363,15.286779,11.025288,15.418303,22.717,45.27171,21.09575,45.99704,64.70486
349,1115.0,90.72063,13.538554,102.121086,301.09708,13.64616,2.0670345,12.831269,63.050724,4844.589,1454.3881,5054.683,7086.1484,360.7128,100.28872,331.87045,1885.8517,0.61895984,0.30428723,0.59912914,1.0939659,0.32060468,0.040123317,0.31899947,1.1400173,19.134226,13.710737,18.394444,26.869614,51.29078,30.158102,51.383427,58.025322
350,1116.0,32.13683,1.3225105,42.881866,125.15263,3.182496,0.3260737,3.006782,25.551865,657.029,274.68564,527.09924,914.62866,164.36395,36.244244,227.95554,1214.5338,0.57882214,0.2735819,0.6164925,1.05449,0.13771677,0.014705799,0.1317792,0.57304466,15.890677,11.266598,14.860501,23.706755,41.690075,24.438892,42.23533,56.149094
351,1118.0,52.42293,2.3193042,50.245277,497.9289,5.5745435,0.3579243,8.151711,71.590935,378.31155,70.77179,700.0363,6664.2197,64.569695,6.682887,86.92975,395.7252,0.16945164,0.086467266,0.1639937,0.30767018,0.8995803,0.036524907,0.5863614,5.722138,17.146227,11.250455,19.114904,27.608356,46.28675,22.161236,45.43744,68.91102
352,1121.0,45.442364,3.1452045,48.089527,147.07483,4.042268,0.3216909,4.05155,49.403194,121.649284,26.66633,110.33364,474.4506,23.792871,2.163741,25.253168,193.30594,0.18491079,0.092486635,0.19901626,0.3215659,0.16481194,0.015564098,0.17206761,1.3014581,16.657415,10.982807,15.79458,26.381893,44.053608,20.573568,44.840572,57.174015
353,1125.0,43.61083,5.7974954,55.03744,525.8197,3.2362661,0.36307073,4.0402126,96.445564,2333.5857,266.99777,2087.6934,13717.0625,792.1995,17.426203,670.17914,4493.654,0.9475386,0.17709403,0.97220045,1.787525,0.18605907,0.015618243,0.19949295,1.9367751,15.594835,11.175792,14.828763,26.74225,52.268524,25.833546,52.816093,75.98646
354,1130.0,61.98492,4.6318517,69.94493,256.59003,6.5602636,1.1886356,6.1827426,57.116043,530.64594,579.7373,558.6379,3737.6826,112.8317,19.482065,150.42282,927.2099,0.27221686,0.16184057,0.27226838,0.5736893,0.3912042,0.07785301,0.35733908,2.0287037,17.377117,12.987011,16.704416,26.662106,49.175713,37.47421,46.87284,69.72417
355,1131.0,95.81035,9.49083,93.970116,357.09613,11.012181,1.2517949,9.249073,87.21757,4453.13,1053.2789,4306.1187,9513.247,388.8553,64.00645,458.28992,2099.229,0.74993914,0.28458482,0.6691732,1.2912862,0.24031499,0.01681637,0.35653555,1.6214153,18.677439,13.078631,16.750273,28.588903,56.023376,26.550196,56.383522,77.78016
356,1135.0,69.57945,9.400559,81.629814,244.36942,6.961278,0.55511326,8.652924,79.839264,1519.203,284.5029,1742.318,11676.778,287.88263,49.00017,240.0182,2228.8093,0.6491458,0.21280555,0.5951268,1.1350137,0.1953929,0.012571107,0.2537605,1.4486449,18.115992,12.802921,16.826124,26.56885,53.0385,20.773262,55.372833,74.7128
357,1137.0,38.02672,1.4194615,55.08452,263.96088,6.9109035,0.77487075,6.1228495,59.668983,2495.4412,552.8923,1854.359,15584.302,431.92612,39.531406,612.7546,2801.9084,0.52756065,0.2467985,0.5549222,0.96695083,0.39226285,0.040453646,0.4440047,2.7135143,18.266665,12.359021,17.03394,27.082024,46.419727,26.85748,45.02964,65.61264
358,1138.0,51.198486,8.328229,47.35465,663.5802,3.3024378,0.42250425,3.1423435,104.3985,1464.0529,168.13092,1787.6011,16634.838,541.06586,28.074364,604.5159,2707.199,0.8514227,0.23855746,0.8518527,1.7181591,0.11393961,0.010349447,0.24135773,1.8445481,16.307467,11.009192,14.168117,27.666187,54.07449,24.519701,54.36368,81.81708
359,1139.0,44.93227,2.7792654,76.47013,355.26392,8.832532,0.8515741,7.598735,87.25134,2350.3445,468.1755,2258.841,6851.389,273.184,22.04605,358.87793,1176.8472,0.439277,0.19589978,0.44530073,0.87093717,0.33297175,0.020375416,0.40870756,2.1400523,18.184069,12.59899,16.788485,28.191174,57.3913,27.678038,55.708744,69.48607
360,1149.0,60.25667,4.385626,63.934517,194.97243,5.0265713,0.43291634,5.638653,43.27019,196.44765,55.722248,289.79153,839.7076,48.478355,8.156451,47.923203,339.1407,0.44988173,0.20579101,0.44491443,0.5757442,0.06307761,0.011424328,0.0689996,0.6011445,17.257324,10.715063,16.640266,25.601753,39.2962,25.495625,42.169666,54.75986
361,1151.0,346.59464,27.628527,299.334,1667.8881,62.446205,2.0261316,87.0576,260.09167,533634.1,10190.468,491165.34,1153296.1,5058.8887,328.34033,4094.7034,26155.13,0.6731786,0.401988,0.6817215,1.041288,2.6479256,0.22246815,2.3209388,10.394924,27.293928,12.771891,28.062681,34.870598,56.956173,25.852915,56.653713,79.67023
362,1157.0,69.02294,2.8475456,80.40113,334.9477,10.421284,0.56168324,9.385742,93.05925,3924.192,243.06306,2709.2073,13991.037,254.2995,27.084461,259.14316,2030.1254,0.47818598,0.19990484,0.51639426,0.92245066,0.35158926,0.020873556,0.34644845,3.695057,19.580017,12.24519,18.772738,30.169333,46.677418,21.350088,48.110023,64.876755
363,1160.0,34.167805,1.9701575,44.36456,464.77347,2.650682,0.29964542,2.5998206,63.393574,364.82016,76.71721,429.3576,2247.819,168.62149,7.108909,146.41972,856.43915,0.5219256,0.15865602,0.52519494,0.78890467,0.15787992,0.017793585,0.16588414,1.572866,15.143437,11.190879,13.717628,26.358091,51.780045,24.06998,52.81105,72.46872
364,1164.0,21.334148,2.5569053,26.839285,171.94781,0.9673741,0.13954803,1.6455874,42.766575,67.2995,17.855492,143.3286,1162.6276,103.6491,4.4086685,92.57838,421.00974,0.47637445,0.16989772,0.47757033,0.6742882,0.110359356,0.009521382,0.10015544,1.8751956,14.256998,10.21882,13.85951,25.666426,35.847614,17.196735,43.706158,65.65031
365,1167.0,60.64234,2.0223916,65.72985,189.99872,6.782562,0.60279036,7.604527,48.757565,1109.4965,311.9614,1157.1824,3844.073,196.4793,29.403124,225.41388,1638.8547,0.6364267,0.28153536,0.6739148,1.0391544,0.0838053,0.0104320105,0.103835374,0.91652346,18.04588,11.386771,17.096579,27.186804,44.63935,28.59652,46.022545,59.0831
366,1171.0,89.541084,3.2220993,94.74521,466.3761,13.25082,0.7145864,12.410761,135.89694,4579.701,380.3,3738.1924,15226.094,318.4366,33.17336,330.70862,2577.549,0.48613346,0.20271759,0.5408643,0.9189185,0.4048116,0.023233643,0.39691132,3.3602047,19.867718,12.227922,18.78543,31.81717,47.393887,24.792181,48.314873,67.045204
367,1176.0,35.959854,3.6704457,35.81459,91.885086,2.5639398,0.33709404,2.5031362,16.719236,65.51453,28.294575,79.3642,152.81606,34.14132,4.6643767,41.95532,286.97147,0.33331743,0.1350829,0.33472988,0.5481193,0.11333051,0.017674865,0.10128901,0.42481336,15.192775,11.049133,14.715368,21.750265,38.989574,23.842031,39.82172,53.94155
368,1179.0,31.654284,1.3587552,39.773167,159.55081,3.8996305,0.3074097,4.2256494,28.809526,423.40485,109.79355,438.78253,1122.5337,111.32007,12.210299,104.691864,541.03436,0.54754794,0.27027205,0.5530724,0.83654636,0.093161695,0.013037203,0.103627354,0.9664114,16.649023,11.296118,15.989984,24.68756,39.31321,21.869974,41.34362,55.0339
369,1180.0,42.640064,2.2465632,115.0694,480.0337,16.464552,2.022984,18.234867,104.98136,10537.697,2915.7612,8541.13,29812.098,547.4599,141.22417,511.5566,2836.977,0.48046806,0.2411364,0.49243453,0.8857829,0.48234752,0.08707083,0.45367175,2.5092187,20.04758,13.647571,19.519861,30.338942,56.77106,26.730646,56.085815,73.578964
370,1181.0,53.395992,4.4860945,53.46928,211.30368,4.2141337,0.7262904,3.9470427,45.126427,133.42963,70.53502,150.80548,1065.7561,55.303825,6.7933593,55.33213,361.8788,0.186902,0.10705685,0.20010695,0.43291324,0.36107528,0.0636723,0.23221973,1.7379932,16.37021,12.545224,16.078176,26.723349,46.015938,31.38655,45.561466,69.344864
371,1183.0,63.04444,12.560901,70.50613,276.51874,9.095686,1.5235801,7.7384906,76.34702,13036.504,3483.1758,12298.382,29457.72,1556.5638,150.41522,2090.7256,4780.0444,0.72815084,0.32801804,0.7213999,1.3993989,0.685509,0.07059808,0.80595124,2.8154593,19.122143,13.511383,17.861416,26.743832,54.994358,31.645546,53.395752,68.434135
372,1184.0,45.120575,3.7955542,54.927906,344.6761,3.8911753,0.38935307,4.4758034,83.119514,392.04657,73.02119,367.9263,4291.7607,75.05392,6.3553853,104.698654,586.93256,0.35475877,0.16665089,0.3875102,0.7532478,0.14428921,0.008881911,0.17898475,1.4808133,16.716496,11.254707,15.517957,26.89456,57.255028,20.47562,58.099262,81.46875
373,1185.0,62.47602,4.9561615,74.101135,573.0446,6.752634,0.4488257,6.599132,100.1305,783.4504,87.70877,822.4604,8227.581,156.83815,12.119391,172.92538,641.85724,0.33017346,0.12939711,0.3815886,0.60698944,0.29799438,0.012032131,0.41408023,3.3624408,18.122534,11.317319,17.17918,29.175468,53.120113,20.75554,52.59262,77.60084
374,1189.0,15.512917,0.5731741,29.467539,168.13855,2.090239,0.19860762,2.172327,33.151592,84.26701,28.48966,148.51651,2411.981,80.40999,6.361972,134.89435,1073.6188,0.40678898,0.19531895,0.4057983,0.8593715,0.103529066,0.019014798,0.1577642,1.5907258,15.163155,10.493978,14.112987,26.459116,42.621273,19.902105,42.83432,72.37029
375,1193.0,12.09634,0.8428675,25.105108,376.6728,1.5247513,0.10932568,2.3546903,69.7338,759.62573,68.42956,735.1835,11886.229,324.70328,23.45221,286.55685,2846.883,0.5239631,0.25198886,0.51796603,0.95170707,0.19382164,0.017306287,0.24761993,3.066255,14.646863,9.962894,15.527601,25.905577,39.108585,19.837885,43.078373,70.257355
376,1196.0,82.90632,4.90088,87.85645,217.80989,10.805118,1.1663648,9.678611,48.48881,321.79657,204.51581,389.51688,628.9653,27.620749,7.4782395,29.362627,211.39949,0.19497529,0.112805106,0.20576485,0.3496099,0.19409694,0.04147316,0.1929251,1.1781394,18.620604,13.346691,17.888468,27.069027,45.81085,33.423115,46.491177,57.305103
377,1199.0,118.20162,13.49314,122.34229,432.6306,18.529917,1.0885795,20.483877,79.7533,37812.85,3953.2427,46570.785,182541.83,2822.6724,201.57275,3105.4636,8389.367,0.8456845,0.32712024,0.8261919,1.753673,1.4291734,0.073039554,1.2602096,7.208539,21.42391,12.802415,21.42816,28.40152,50.710262,23.313467,47.38829,68.42628
378,1200.0,76.96761,7.432351,111.824196,652.37335,24.080276,2.1791158,27.092684,173.12083,32350.572,4484.257,35853.38,99507.66,1598.2477,149.40039,1683.0154,6051.752,0.47364867,0.27316386,0.45594966,0.8275192,1.5783275,0.15973575,1.9748186,5.580566,25.603264,14.650058,24.31341,32.627377,51.81811,25.197866,53.550716,76.32651
379,1203.0,82.95915,11.408343,96.39333,320.1809,10.153308,0.9474227,11.535262,86.52071,5351.028,789.5555,4806.003,37183.613,645.42487,78.42454,658.8932,2929.2507,0.70309925,0.2355447,0.69351435,1.5289241,0.27749115,0.017392447,0.292294,1.743482,19.213577,12.949722,17.827286,29.00851,57.66663,33.115784,59.354347,80.18436
380,1205.0,126.07854,5.290596,98.81098,298.37848,10.125447,0.97008747,9.253588,90.81247,852.4106,188.92609,733.7528,3703.118,69.15587,5.659767,95.34594,590.79565,0.34676456,0.16751297,0.37466773,0.65967524,0.18734056,0.009767228,0.22297536,1.322259,18.73768,11.73555,16.75032,28.887526,49.39366,31.561848,50.97885,65.12121
381,1206.0,57.635715,3.832899,59.96156,177.40907,6.131011,0.46554148,6.2088456,59.88133,174.97261,25.8225,161.40207,1011.67883,24.835487,3.1134906,25.57298,241.56076,0.20227796,0.083868586,0.21923476,0.35425955,0.1892993,0.014696216,0.19024962,1.6940209,17.921934,11.595677,17.282696,27.60862,43.132786,22.425001,44.95013,59.54631
382,1212.0,143.00508,9.578731,139.45396,504.86755,20.456581,3.3084826,21.266016,142.76408,2732.4734,906.54956,2444.8538,7322.2856,130.94568,33.810024,162.54337,507.8269,0.30618346,0.17473643,0.3037586,0.5782612,0.327218,0.070236884,0.35967186,1.6969393,19.942783,13.555807,19.49403,28.921835,58.622448,31.470043,57.795994,77.01627
383,1213.0,86.35527,5.097274,92.15372,374.1208,14.25854,1.3310548,15.395689,75.0706,4020.7163,559.9978,4049.0715,14872.487,260.99664,32.026768,292.59744,737.524,0.3005016,0.1335981,0.32108843,0.6217125,0.7455062,0.058389213,1.0273447,6.511538,20.347178,13.237512,20.710157,30.31341,46.694103,28.227144,46.4349,66.19756
384,1214.0,32.928333,2.72437,38.679626,362.5826,2.450841,0.2208437,2.1059422,82.374725,472.49298,89.00926,634.7101,3858.802,202.69777,7.8937154,177.24384,938.04034,0.38465557,0.14709137,0.44845647,0.68012834,0.25847256,0.011894937,0.3604373,3.5670748,16.142141,10.841959,15.148712,29.758791,46.18953,17.727398,50.16609,75.05492
385,1231.0,79.70852,6.6321144,113.64954,379.98352,16.469004,3.3126578,17.29652,88.344345,3386.7095,1805.252,3334.2603,7687.995,220.8239,44.48527,195.92818,1345.3507,0.27046415,0.18573102,0.2718076,0.5249498,0.9082884,0.09990799,0.9519206,2.5797439,20.043036,14.698805,19.330408,27.293331,54.49636,38.710297,55.02924,69.18467
386,1232.0,178.88033,32.729687,141.29219,554.7522,27.29886,1.3727232,24.862614,130.81955,47691.688,2740.0303,38687.305,133743.92,1480.632,119.628365,1465.0835,5431.32,0.7650678,0.4103223,0.7579611,1.7538762,0.8494822,0.06205702,0.8774223,3.7213452,22.124317,12.434586,21.334473,31.820843,52.395256,31.266031,53.082333,66.48733
387,1233.0,35.704563,1.4097506,45.59379,225.02234,3.4864554,0.43867034,3.8575015,44.467728,884.9507,241.21158,871.262,10009.505,360.7718,23.826218,392.43372,1436.854,0.4300225,0.21096979,0.44414955,0.85367244,0.55165434,0.052096482,0.44463575,2.927956,16.496042,11.626728,16.286877,26.4985,42.88615,26.036789,43.666428,63.985188
388,1235.0,46.52225,2.4723945,45.277477,241.8744,3.8470683,0.38278717,5.0594635,52.35513,1182.6077,170.74107,1505.2285,15525.305,223.45483,16.162716,281.87488,1218.1112,0.28086132,0.159352,0.26824197,0.7487035,0.68313605,0.035776187,0.6267465,5.122517,16.84438,11.523407,18.803885,28.52261,42.9464,25.038124,44.05736,65.02983
389,1239.0,158.59373,19.321236,146.67192,465.86575,21.455906,1.168243,28.074497,80.79933,75467.38,5268.475,87751.49,294731.94,3041.257,247.8255,3295.5442,9703.599,0.8962539,0.41775942,0.8318739,1.7637438,1.8049403,0.06819297,1.184015,7.101994,21.696337,12.836037,22.411985,28.526564,50.591198,24.466774,47.885048,68.62977
390,1240.0,73.42536,3.1038704,95.30185,468.88574,10.360854,0.59058166,11.912237,88.16338,1849.3141,268.39114,2115.4402,22595.91,259.83325,28.386162,317.35477,1532.2502,0.42645264,0.22989964,0.430961,0.7595499,0.4765437,0.03901907,0.49121845,4.7461267,19.374905,12.142773,18.296284,27.483614,46.20661,22.191822,46.33304,67.2792
391,1242.0,68.86639,6.292476,121.96142,431.41974,30.224161,3.4845734,32.312737,128.88881,89233.055,11227.768,72163.0,175420.9,2679.776,317.54092,3051.943,6492.5454,0.37051442,0.23905689,0.36703455,0.8015256,4.2741547,0.13993242,4.179177,10.39998,28.698748,14.856877,28.27292,37.528465,48.30391,33.24532,50.105267,65.13774
392,1245.0,59.847992,15.259865,73.00234,353.38562,5.8278975,0.6612626,6.9841857,83.189964,2481.3284,775.5545,3248.5288,9713.774,390.71707,42.471264,418.94284,2722.5056,0.91168535,0.40673935,0.8177102,1.7074682,0.14014235,0.011271525,0.186359,1.0609659,17.114574,11.569258,16.413946,27.849678,59.242504,24.529867,55.39592,79.25715
393,1248.0,52.729916,4.6142898,46.69033,174.9973,5.169727,0.5812183,5.780545,34.642895,83.15167,44.02926,103.18645,282.06607,15.2225065,2.074752,17.262228,190.13722,0.20483711,0.10629041,0.21681477,0.44482765,0.11951742,0.015744388,0.1160817,0.623214,17.204653,11.613265,16.598558,25.894022,46.45303,24.98921,47.747536,55.43395
394,1250.0,44.99879,9.683161,50.683807,121.779,4.884134,0.5016409,5.276038,26.902922,1815.5864,541.37115,1971.6548,5620.25,435.81052,48.58201,562.16895,2735.362,0.971763,0.44049737,0.9430921,1.8102125,0.115839124,0.016237678,0.13689943,0.6186794,17.391287,11.3025255,16.697468,24.52447,42.00965,24.724669,42.515003,51.894592
395,1258.0,14.449575,2.1966183,22.38201,119.928505,1.2433366,0.29073152,1.6517572,19.490433,77.04461,32.25959,92.18891,839.55176,56.653236,10.631786,53.748238,688.8599,0.4483261,0.2604451,0.47003192,0.7228412,0.07551607,0.021570357,0.06155527,0.6696565,14.932932,10.674075,14.56203,23.10759,29.887877,18.46036,32.611355,47.308067
396,1259.0,23.882603,1.8809125,37.551785,121.79456,2.6200945,0.319044,2.9146423,27.81415,112.492455,40.828644,142.07935,335.33957,46.659462,3.7796826,51.58143,434.15677,0.437472,0.22532547,0.45280007,0.71973723,0.06558329,0.009824283,0.07872788,0.35342863,15.544822,11.054257,14.771944,23.157803,40.71742,19.46415,42.721886,50.10645
397,1263.0,15.49513,1.519203,25.039038,207.64774,1.4726157,0.26579717,1.6330332,44.661404,27.862022,12.357994,30.182636,146.53714,18.845947,0.56545967,17.506117,169.04817,0.2222445,0.07623917,0.23957938,0.36445773,0.08242787,0.008869015,0.08536309,0.8604271,14.428918,10.69796,13.226025,25.519014,52.589947,23.016514,54.880184,65.31994
398,1266.0,10.929339,1.752464,15.384154,89.65126,0.94244784,0.19389315,1.0616432,15.552231,101.57632,35.64244,96.81377,539.6683,92.159996,8.034958,76.7104,531.9646,0.5312188,0.2659152,0.5049252,0.81579286,0.085685775,0.018711727,0.08263503,0.88103217,14.321837,10.497678,13.281585,22.055405,31.144735,17.928574,34.783386,53.74719
399,1268.0,32.548416,1.4986078,47.487907,439.96796,4.4259553,0.29691827,6.7546983,61.469685,2463.9116,333.24023,3752.272,42151.88,627.1618,40.40855,724.37726,2656.1604,0.43645817,0.24046597,0.4190112,0.9369486,0.92760986,0.0425946,0.7313881,5.3697357,16.84112,11.321859,18.669806,26.966806,46.14729,21.251589,45.307304,68.776505
400,1270.0,6.7313924,0.7810328,17.326172,102.34977,0.7768702,0.10573867,1.1264563,21.701715,15.560616,5.718253,16.3404,244.92503,16.480045,1.1489302,12.579671,162.94565,0.18919691,0.07708611,0.18391226,0.35011217,0.08580842,0.013040716,0.08704713,2.0650904,13.772025,10.259465,13.8276615,24.484211,35.750084,17.408825,40.03849,62.12053
401,1275.0,35.881615,2.6973379,46.049618,184.17934,4.3177876,0.43213305,4.959199,36.65785,287.2223,169.2988,291.99686,501.29086,53.693626,7.26042,54.116558,601.91455,0.3671809,0.20705839,0.3608652,0.61476713,0.12944229,0.022970157,0.121376835,0.6684372,16.450573,11.303641,16.06631,23.89426,44.311295,28.194826,44.485123,51.971283
402,1277.0,86.15283,6.640949,116.5585,454.74753,14.00746,1.8232684,15.243835,88.99293,2276.351,949.30585,2235.317,5057.832,140.92668,23.456753,138.46225,835.9801,0.31338885,0.1743169,0.32418603,0.5722069,0.40092304,0.055077314,0.39463598,2.1933556,19.153288,13.415388,18.92801,27.665358,54.30037,30.033752,54.4468,64.31175
403,1282.0,88.477776,2.6221688,115.142555,483.77142,17.075521,2.4083967,16.42758,109.00642,10203.605,3169.847,9446.391,23702.494,616.51337,135.65259,573.828,2801.2417,0.61700904,0.34780028,0.5930831,0.90319854,0.4461749,0.102023974,0.42675808,2.072908,19.985464,13.896512,19.768091,31.19822,55.793148,29.278063,55.628254,69.90548
404,1297.0,73.30726,13.440636,77.1711,239.37596,7.814978,0.76942515,9.17842,47.800705,1853.1461,762.6744,2205.3748,3523.1218,287.17792,58.07399,258.67267,2084.695,0.69754887,0.38806865,0.6952042,1.2426908,0.15551828,0.023840684,0.14527933,0.8533022,17.668867,12.158412,17.701948,25.09496,47.06591,27.19508,48.69396,54.00476
405,1300.0,43.821453,1.3708905,56.584583,201.74248,5.476399,0.58897835,5.479633,45.18393,132.30362,70.12801,149.22404,648.42505,24.190256,3.5891285,28.719309,258.30585,0.1409804,0.08814888,0.13442518,0.3327737,0.3311323,0.074346796,0.4545779,1.7049327,17.24174,12.150704,16.556833,25.636896,46.987392,33.42703,47.596127,57.640488
406,1306.0,86.68209,4.7956667,111.07293,432.8704,12.729241,1.4710947,13.724411,84.89517,3367.726,981.6109,3707.7754,6829.8022,276.10678,52.342484,286.59583,1315.4121,0.51613295,0.24679942,0.49056807,0.93562776,0.26003012,0.05183508,0.2503052,2.0076218,19.15752,13.015575,18.851377,28.27466,49.937912,26.699793,51.87803,60.06596
407,1312.0,43.78078,1.826408,55.975006,325.6381,7.4299045,1.0937271,6.912118,43.887802,1638.0234,875.7922,1629.0641,11326.732,305.79404,29.526127,322.54285,1493.1943,0.2956095,0.17891276,0.30281553,0.63707477,1.097032,0.1297969,1.131725,3.0951385,20.650715,13.499872,18.644293,27.448954,44.82849,31.353561,45.0725,64.8589
408,1314.0,25.743105,1.498108,36.16715,102.24489,2.8377144,0.3237559,2.9016013,18.783504,248.56448,81.035355,204.24724,434.7723,90.63952,8.483067,108.77904,687.15924,0.5303677,0.27193993,0.5346666,0.9413523,0.087521076,0.02056026,0.087890565,0.38875207,15.640915,11.041783,14.799812,21.953814,41.630432,22.03616,41.58141,50.514633
409,1320.0,48.639763,4.1621537,75.6797,271.76974,8.7699795,1.0645288,8.377906,51.402107,724.6581,333.13602,740.1666,2591.1885,86.18398,12.534541,88.09892,634.67896,0.37311387,0.21019119,0.38410655,0.66837615,0.16519265,0.013336943,0.16925609,0.99639255,18.209347,12.601352,17.006006,26.451271,51.264973,26.264397,52.327244,69.553345
410,1321.0,26.323923,1.1646864,62.69187,295.94797,8.239109,0.5056669,7.688708,67.374695,351.22778,32.99094,267.0218,5241.8726,55.591385,5.275305,80.010376,373.8645,0.18093269,0.08932808,0.19425188,0.36391285,0.54250294,0.03283017,0.4994443,5.324042,19.533371,11.4911995,18.12972,29.059483,44.485107,22.10552,46.836704,65.06713
411,1322.0,73.39159,15.986261,83.07882,404.2755,11.509309,1.7115896,9.833808,134.94537,4730.0947,1418.3187,4748.3447,13300.372,394.90485,68.0764,393.05832,2228.7234,0.7279406,0.3325161,0.6423183,1.3593042,0.22509147,0.020410627,0.29209265,1.734031,19.00361,13.09514,18.457834,30.811434,56.967613,29.179825,55.8638,76.39214
412,1324.0,95.47329,4.0573063,101.691864,1050.0114,16.547691,0.6126192,16.069096,204.29225,9309.548,204.00156,7009.1714,47258.895,286.02463,23.74056,317.94623,1301.5304,0.3616992,0.16841781,0.38791898,0.63535315,0.73538774,0.049329147,0.71045196,5.751877,20.906328,12.041744,19.933605,29.262577,48.240166,22.417131,49.406345,73.792915
413,1325.0,59.14885,4.0521164,71.52386,222.8924,8.069725,0.7574459,7.3873196,50.14423,1554.1764,598.0797,1292.4521,2822.6992,159.68826,25.125414,154.95374,955.56775,0.4033311,0.23584501,0.38920164,0.7140646,0.29247785,0.044699516,0.33618632,1.4108006,18.074623,12.563164,17.246323,27.100088,45.7611,31.716969,46.68043,53.049397
414,1330.0,42.354053,1.800436,64.15182,243.41403,6.8549223,0.5223764,6.8244433,50.863304,715.82025,158.6074,750.30945,3809.4868,144.7825,22.182775,154.11026,1095.5079,0.45098716,0.21917604,0.46127132,0.9385117,0.16511594,0.021510711,0.15539987,1.6986254,17.850111,11.930008,17.367311,27.772362,43.149174,22.569614,45.785587,56.70595
415,1331.0,29.074213,1.9203635,46.22912,314.78677,4.1652493,0.57843685,4.8165584,54.694145,805.5229,256.82935,1210.3511,10370.508,299.974,29.133093,380.91852,1352.9465,0.47309473,0.24892636,0.48259103,0.9411389,0.30115393,0.04252188,0.36702383,2.9706056,16.629053,11.951875,16.470423,26.98945,44.179005,21.174807,44.119427,68.08201
416,1338.0,86.46475,3.675682,115.58483,343.78284,15.75524,2.3904889,13.482455,56.218872,282.46634,217.15977,321.85104,1216.4464,18.926065,5.2985363,21.909103,156.54623,0.16703837,0.09438141,0.17183192,0.31663525,0.23590988,0.02667512,0.22772297,1.3254954,19.681993,13.759069,18.647957,27.177841,55.01628,34.31869,54.37843,67.73086
417,1340.0,77.70808,4.9276485,107.17595,466.66837,19.002691,3.5230281,19.669209,110.3991,4192.694,1461.9236,4105.108,15327.523,254.96619,69.39238,287.81415,1090.8234,0.3792196,0.21755558,0.37047812,0.7202433,0.36053315,0.07006243,0.4582435,2.506375,20.812355,13.867346,20.124426,29.573818,57.534145,28.178131,56.491573,74.35889
418,1342.0,72.6539,2.2137454,94.603775,435.21927,9.953514,0.7016258,10.291829,79.88424,3489.3994,360.55975,3706.6265,13885.613,388.28625,30.082333,481.59634,2285.303,0.53110725,0.23736513,0.5499884,0.91362077,0.34997872,0.022780016,0.43499947,3.3447514,19.387737,12.316051,18.153076,29.276255,47.807034,23.838255,48.292435,64.13587
419,1348.0,26.33194,1.5383514,38.805748,125.08419,2.8581862,0.29661927,3.0675683,25.215368,32.03009,20.427685,28.036554,107.37304,11.0343,1.8000124,11.085226,147.32823,0.1339068,0.07985185,0.12988308,0.26821217,0.16507733,0.029528484,0.13967131,0.7630707,15.523481,11.069025,14.948577,23.147635,43.84373,23.817078,44.045246,51.70068
420,1350.0,61.370716,10.746737,60.910904,221.59467,6.758343,0.56070435,6.633146,49.685863,2379.3394,614.1853,2534.9612,10349.314,476.57632,61.021053,510.42578,3345.7878,0.73818487,0.3697141,0.77188444,1.3423008,0.21663557,0.021755515,0.21312478,1.8355929,17.9287,11.898995,17.35579,26.98986,43.68286,23.488062,46.009262,58.042587
421,1356.0,35.07495,6.7082705,35.529346,111.24407,2.9441154,0.34443134,2.8841069,18.111376,602.09344,309.66104,641.8952,811.7946,221.5227,38.981266,187.77605,1241.4915,0.75573087,0.48447323,0.7701306,1.1607437,0.09793603,0.028111413,0.09228261,0.38117185,15.7257185,11.039621,15.247806,21.858849,39.2385,24.53428,40.339516,48.26067
422,1362.0,26.21491,3.176688,25.672968,137.4091,2.0893705,0.34165823,2.1074505,21.768557,91.94522,36.4017,103.5874,876.4276,52.63244,8.897946,54.31924,460.14172,0.3618529,0.16327158,0.39355358,0.6225242,0.09953114,0.02004968,0.0887134,0.8410022,15.376773,10.932517,15.122692,23.635159,37.292156,20.591568,38.28416,49.651836
423,1363.0,42.616066,2.1706817,52.39507,171.6543,4.9519362,0.50896394,5.6415477,35.892582,684.13477,250.68213,633.0007,1527.7518,153.8138,22.023523,192.26799,1027.5618,0.47034532,0.2581447,0.44606438,0.91753143,0.17565733,0.03319521,0.17271814,0.8650565,16.510788,11.555426,16.27735,24.839466,45.02594,27.952951,45.14491,52.710304
424,1366.0,32.426678,7.6197963,33.177387,99.156944,2.4258487,0.29721302,2.95429,16.398693,358.5389,202.24911,371.8127,664.9901,177.31807,22.444902,156.08263,1565.393,0.68850064,0.36984655,0.6740677,1.3596579,0.102246314,0.022102643,0.09860031,0.4178177,15.357463,11.0230875,15.487573,22.28109,40.042057,19.880625,41.226143,50.51634
425,1368.0,109.7735,13.3772335,131.93443,404.49225,14.371217,1.4203757,15.397347,81.07857,12732.365,5267.822,13730.596,30386.611,870.09705,183.32756,805.2099,4444.9155,1.050881,0.4572141,1.0426693,1.8149279,0.24198714,0.04004158,0.23731446,1.9136873,19.531485,12.591382,19.254766,28.25214,49.3375,28.047842,52.172985,59.35665
426,1382.0,60.516163,8.932333,67.30883,306.91623,5.9699507,0.6138447,6.2199287,52.979362,1650.9927,562.41376,2437.2854,5915.258,376.153,50.17351,334.89963,1966.261,0.79230034,0.3803402,0.7115547,1.3655273,0.20900491,0.01378029,0.21617962,1.1075331,17.528408,11.685485,16.77517,25.705566,54.468666,26.357689,52.67314,76.8433
427,1384.0,40.731236,2.5990703,71.06802,387.85916,7.20876,0.7277627,7.5343714,61.092377,831.06323,354.79684,1242.7062,6779.6323,252.0878,19.528639,251.5632,1423.1184,0.52627796,0.23054573,0.50548744,1.055372,0.18319294,0.011462732,0.28754485,2.5333385,18.239288,12.146807,16.932144,29.100805,54.052345,24.179127,52.66314,80.02972
428,1385.0,47.72648,10.042599,51.431915,178.31918,4.2230678,0.3435088,5.574424,45.66689,928.26636,406.31616,1035.3259,3606.8354,251.2969,38.433083,304.80676,2339.9392,0.77960616,0.36338603,0.72975373,1.6359241,0.10913125,0.012262297,0.1277145,0.95132947,16.575182,11.656736,15.811921,25.96231,54.285065,20.058943,55.924797,72.31443
429,1387.0,38.022457,2.290009,63.122253,384.7768,7.260422,0.7453495,7.338087,65.5945,1248.586,356.40903,1758.7888,7550.4414,268.52158,28.850494,279.1923,1350.5488,0.48847187,0.2378573,0.5054363,0.95208997,0.27570418,0.043189052,0.25581804,1.8564806,17.78798,12.684959,16.714607,28.247732,50.67511,23.732159,49.95885,77.48624
430,1396.0,67.26282,8.076065,80.65795,642.63275,7.5092473,0.51972157,8.110033,110.291664,7573.836,478.40097,5504.2173,28859.982,815.0259,103.37344,694.48395,4432.039,0.70462006,0.35439074,0.68676096,1.2363157,0.3195578,0.035602335,0.339932,3.334982,18.188017,11.879589,17.699223,27.448437,45.364952,22.851692,45.92216,70.70958
431,1399.0,32.464645,2.2008784,47.38649,133.90288,4.5968595,0.45291457,4.837798,27.657202,431.79715,120.91915,434.68854,1478.5535,119.7191,8.455145,165.003,1121.8535,0.55281824,0.26330096,0.5489611,0.97627634,0.08838371,0.01198545,0.09781179,0.60328954,17.477844,11.213021,16.27928,24.936056,40.858463,22.673552,42.483585,51.511753
432,1401.0,40.95656,3.9918652,44.695316,622.57947,3.7177148,0.34893376,3.4716363,90.19256,316.70654,79.56737,415.752,2677.9773,120.15071,5.095457,130.41258,658.9592,0.36908606,0.11081414,0.43969485,0.61550844,0.17724226,0.019947248,0.23069324,2.2544482,15.763035,11.367536,14.402961,28.291996,55.49845,23.814077,55.07222,78.825195
433,1402.0,21.718052,1.2817245,30.860931,82.8924,2.504747,0.34815806,2.4238462,14.853361,147.76372,74.23358,130.53815,283.03546,64.685684,6.290878,69.80922,573.62744,0.4418104,0.2843049,0.46426225,0.8671724,0.0762901,0.023186624,0.070891075,0.3745929,15.099496,11.309318,14.870587,21.188555,39.957653,21.44289,40.673622,49.818085
434,1408.0,45.7438,3.33557,47.945885,120.42718,3.760518,0.46940875,4.0124025,21.318731,227.6375,218.18204,216.03596,515.1223,54.336964,10.868947,53.077843,483.9186,0.35384008,0.22705625,0.33767018,0.65035236,0.12835048,0.025641896,0.15207805,0.48362276,16.067558,11.885426,16.109535,23.112204,41.581554,26.837269,43.03181,48.42199
435,1410.0,60.23452,3.1654747,75.28687,186.29263,8.7935095,1.0369934,8.656266,36.19514,1204.8473,521.9706,1157.295,3134.9165,182.92389,41.10549,183.36116,1073.1018,0.50802714,0.24420612,0.48437467,0.976593,0.16895908,0.027038692,0.17292562,1.4067645,18.235973,12.960877,17.939169,26.284088,44.450146,33.32101,45.71387,51.766644
436,1412.0,63.218735,3.7491891,77.58892,282.87045,7.79909,0.72526556,9.186341,54.782787,1057.6449,318.06485,1304.0084,2968.3325,189.21278,25.233376,188.66655,1029.1403,0.45383516,0.2427502,0.47201148,0.8647401,0.2033223,0.023797877,0.2205996,1.3349912,17.677399,12.515222,17.117449,26.16514,51.49045,28.933361,53.26442,64.58872
437,1413.0,11.90202,1.2077559,23.844187,81.30815,1.5512981,0.19624749,1.8995411,13.872522,101.5054,46.8558,104.48237,229.71317,80.706535,6.5929055,72.94034,665.5452,0.47125983,0.27303252,0.5088494,0.9023423,0.07381192,0.017770944,0.06576645,0.40608534,14.472821,10.740959,14.483901,21.319311,35.146893,19.865095,37.06899,47.42408
438,1416.0,37.394062,2.0199647,61.47666,240.04591,6.430788,0.48447597,6.473735,47.840553,761.6485,182.55981,789.8624,9320.982,187.18968,13.435484,241.18245,1118.647,0.4117345,0.21924153,0.40875056,0.8707368,0.34609047,0.037035834,0.4032004,2.941904,18.70078,11.436008,16.848213,28.289953,43.251705,22.584183,44.682365,64.755936
439,1418.0,43.913517,2.729397,50.03666,196.66022,4.753099,0.64913356,5.342841,39.31626,440.30078,209.15285,410.98163,1141.8552,120.23828,10.877011,133.54706,752.94916,0.46530482,0.23980244,0.43867865,0.9330889,0.1470213,0.023151752,0.1442132,0.57759565,16.762594,11.711924,16.344187,25.415243,43.688793,31.355898,44.97012,52.39564
440,1431.0,77.21361,7.435596,111.20011,429.67755,17.682323,2.618881,17.87358,73.499275,6710.8027,3544.9546,7069.1724,19363.39,625.12616,116.17424,565.3445,1599.8239,0.47353315,0.2467986,0.46927735,0.86287004,0.49118727,0.05920471,0.5188063,3.536375,20.942497,14.103581,19.901585,30.100538,49.68276,36.91427,47.781864,59.85516
441,1435.0,7.4016767,0.606457,12.193025,95.124504,0.55083776,0.115204416,0.78020066,18.004494,97.135414,29.814192,80.47899,1162.065,152.91933,7.2962675,132.55615,920.9002,0.72271127,0.29088745,0.67677855,0.99518704,0.084623665,0.015802316,0.06793863,1.3043646,13.0753765,9.85719,12.544841,22.636957,29.718164,17.215734,33.26052,56.69075
442,1436.0,85.9303,5.235706,97.85885,256.0475,10.656359,1.2395728,11.93805,47.322685,1763.483,835.276,1822.2179,3940.832,173.72806,38.160034,143.01088,827.0101,0.42384365,0.2151861,0.44780138,0.9125989,0.20228742,0.044995062,0.17530528,1.0637379,18.448301,12.719715,18.299152,26.712875,47.73547,28.471178,48.23155,54.796837
443,1442.0,30.712332,1.95298,59.593266,310.05646,6.3717723,0.46320906,7.554359,50.48569,2555.9456,291.8038,2106.9045,6559.168,374.52878,25.060795,330.35443,1551.2902,0.4309815,0.23180495,0.41479635,0.91082823,0.48556876,0.01775642,0.45735505,3.6644118,17.647877,12.128089,18.0062,26.636002,44.829784,20.564056,46.559013,54.080444
444,1448.0,45.95792,2.381501,76.02643,266.808,7.301072,0.45346454,8.890057,45.43865,1603.8552,410.4125,1718.3611,3519.9485,201.54228,28.856527,210.94456,1476.7805,0.55519986,0.2842903,0.5775463,0.9043196,0.18323427,0.024431234,0.17531765,1.4075345,17.69289,12.146725,17.364843,25.46583,47.392914,22.410818,49.36844,59.07809
445,1449.0,73.357475,4.0573063,89.96199,462.23883,9.472099,0.6030228,11.040174,78.03558,1442.887,188.52536,1578.2222,15137.6875,217.61276,23.956533,273.3333,925.8722,0.35184956,0.16841781,0.36707205,0.6222058,0.52020305,0.048214957,0.6032049,4.963053,19.040083,12.026285,18.141705,27.038408,46.216686,22.40164,46.292053,67.396324
446,1450.0,119.3428,8.277558,139.05464,478.25363,23.548597,3.0146852,22.77013,105.92781,7996.9497,2864.7412,7297.2314,18866.846,381.89078,66.772835,373.86237,1706.8912,0.44166616,0.2734499,0.45123795,0.7698053,0.5449665,0.12874983,0.50573903,2.3928847,20.55872,13.925235,20.546516,29.104273,56.76574,33.55885,56.020798,78.118614
447,1452.0,68.881035,1.4661974,85.685295,436.7781,9.829276,0.6557428,11.114333,72.61677,5470.7505,611.93,5084.087,47798.74,876.9895,125.339096,897.8702,3597.656,0.6381852,0.33328846,0.6296813,1.0059134,0.65656745,0.05465626,0.7074778,4.976454,19.222769,12.1899185,18.290195,27.072989,45.884087,22.751589,45.015045,67.21028
448,1453.0,5.9760985,0.7358017,12.199034,98.45556,0.6613931,0.156998,0.76215625,16.363106,104.781525,38.32332,86.464134,634.7952,139.63109,6.420561,115.923454,781.4051,0.56047255,0.21920078,0.5412697,0.8460208,0.11053105,0.015447515,0.0907893,1.0344492,12.952675,10.251734,12.12001,22.767399,30.793358,17.845556,33.617157,56.506355
449,1458.0,11.512242,0.95451474,19.018469,127.63589,1.2516929,0.24727306,1.6833041,22.669556,222.56847,49.82577,241.78735,769.34625,153.1476,12.56183,148.37056,1245.1678,0.71121734,0.3498222,0.683999,0.9978912,0.08899927,0.012255054,0.084407374,1.0143368,14.995645,10.960334,13.552676,24.780994,36.601505,18.88454,40.13526,58.19362
450,1459.0,34.474773,1.7687659,46.828922,662.7972,4.1882505,0.5689893,4.7408414,109.259834,1014.56915,111.61149,1218.3866,7844.878,291.15585,7.4919095,378.75916,1686.0525,0.60970616,0.17684095,0.6388034,0.9680365,0.16670637,0.01708976,0.3301914,2.6114461,16.118332,11.343632,15.072298,30.48606,58.727047,25.41727,55.00797,80.58926
451,1461.0,40.545208,3.1392465,53.14403,211.23718,4.7984757,0.5255926,4.8774967,37.006588,129.18668,26.677038,176.73495,323.27423,31.466198,3.779844,32.82858,181.3513,0.31116056,0.16938168,0.309645,0.37383884,0.10874778,0.017558113,0.11700701,0.59033406,17.083487,11.5450115,15.896047,25.275265,44.98559,24.138798,45.460247,57.855236
452,1463.0,35.06337,1.8486949,43.6926,135.37492,3.055166,0.396843,3.2442615,23.83006,623.1182,348.88754,654.82086,906.3256,210.06227,25.125437,228.88046,1228.7853,0.57563204,0.30946627,0.5564176,1.0185065,0.17112455,0.023512706,0.18670237,0.5686234,15.689748,11.510805,15.035764,23.676817,41.097115,27.876654,42.048347,47.948563
453,1468.0,42.096516,3.006351,60.72006,246.06769,5.8353467,0.5437873,6.323275,53.541576,314.98703,83.28269,387.11325,1296.9801,86.2679,11.321058,83.336395,465.15744,0.31828633,0.1628928,0.34651107,0.5884667,0.21626972,0.025353419,0.26787627,1.7097243,17.275818,11.697899,17.008997,26.041842,44.29332,21.354122,46.411686,53.757637
454,1473.0,14.25954,0.9796654,26.274672,86.955696,1.469825,0.12504579,1.8082184,15.205302,109.82946,46.055405,149.88568,316.2674,87.99246,7.182706,98.85825,638.6036,0.5126905,0.2666636,0.5570069,0.8782676,0.094199784,0.021731062,0.09433191,0.3746497,14.811848,9.901475,13.728862,23.511072,36.222343,19.583172,37.098972,46.24835
455,1474.0,76.56923,13.703409,86.38901,343.20514,11.20153,1.7705064,10.502067,65.26017,3741.4165,1171.0496,3978.6208,6781.8047,331.71036,81.41923,316.46786,2015.0022,0.63636947,0.33542153,0.5974167,1.1323029,0.22831243,0.03149675,0.2737921,1.279895,18.718924,13.123618,18.051628,26.363844,55.133343,36.599762,54.298725,66.55503
456,1485.0,30.41752,5.8463964,39.056366,168.54471,3.7897198,0.4162384,4.0002513,34.926353,1135.9119,295.58905,1204.1512,2509.3398,287.07962,55.417717,282.50366,1589.4901,0.9242803,0.47227028,0.9388005,1.3032322,0.10248606,0.01921397,0.11222295,0.47633082,16.33904,11.596329,15.485341,25.807354,43.061752,23.951807,42.85182,51.699112
457,1488.0,18.43544,2.0550444,26.57904,84.439125,1.5014256,0.21396583,1.8500198,13.478514,72.56532,54.18059,89.44413,217.79057,53.336475,8.943171,41.55149,469.8625,0.4297084,0.256012,0.417486,0.7383084,0.08853728,0.021721832,0.08558893,0.3538728,14.497114,10.424734,14.107094,22.15003,35.893456,18.710094,36.84886,46.585423
458,1489.0,89.82063,12.381832,88.9147,388.21405,9.743642,0.75896645,9.926675,61.273117,4725.0537,1072.7366,4350.882,56146.707,909.80566,84.63342,1001.521,4892.061,0.7603622,0.42132467,0.679391,1.6059779,0.57632047,0.04926391,0.59595615,3.472398,19.184967,12.09277,17.99189,27.215813,45.815495,24.896593,45.075462,68.037735
459,1492.0,6.7326565,3.816473,7.4956203,109.21536,0.49764577,0.11560136,0.4658629,19.783367,107.29826,42.126072,131.0713,2947.624,291.92044,48.280197,280.78653,2889.668,0.9763998,0.46607956,1.0444907,1.549855,0.07726847,0.020808456,0.058136374,0.7005464,13.958228,10.166728,12.257113,23.27059,25.193737,16.279451,26.499582,47.615417
460,1494.0,38.950768,2.468506,44.341724,157.53386,4.020772,0.4948045,4.2190466,29.153425,569.41187,258.47208,540.13605,1032.6324,132.93233,29.112244,141.77351,1053.0153,0.5903896,0.3214846,0.57566625,1.0400509,0.11069914,0.016871411,0.12342067,0.3765496,16.319164,11.453668,15.855888,24.251074,43.070347,25.49673,43.742344,48.55059
461,1497.0,20.814865,1.6216836,34.56742,140.66827,3.0771136,0.30279994,3.3710926,24.835735,109.604546,44.262016,119.14953,236.93636,44.561848,6.8938165,48.131313,256.52643,0.3681252,0.18686317,0.3863517,0.553975,0.08196557,0.019496948,0.09247789,0.4091475,16.114267,11.119574,15.206263,25.448278,40.265316,23.470133,39.2546,49.050915
462,1498.0,30.822172,1.6861647,46.884914,353.1052,2.8107998,0.28663728,3.969243,59.6798,1383.0911,254.46762,1396.2118,17120.299,537.31006,71.00384,485.58633,3086.3699,0.55753005,0.29795414,0.53416395,1.0105914,0.4532826,0.05456342,0.4238847,3.7090116,15.888115,10.856301,15.974485,26.400892,45.442654,20.810541,45.781178,68.990944
463,1499.0,20.240772,2.4159508,30.238884,111.87966,2.613871,0.37305662,2.7384086,16.790878,198.58455,100.07647,190.89067,536.6474,61.868843,10.723419,69.005264,434.52377,0.5099915,0.3115093,0.5058282,0.85255504,0.067503735,0.014762511,0.080548055,0.62893814,15.728582,11.274501,15.048584,22.379871,37.14127,20.776703,39.479748,51.886684
464,1502.0,44.07666,3.6759999,56.28878,181.50261,5.238938,0.5230566,5.8570037,37.361465,207.9782,70.29354,237.20164,388.08966,46.772434,8.901665,43.590652,280.68372,0.36885417,0.21405499,0.34103498,0.53131324,0.10295959,0.019810302,0.08778339,0.437091,16.62363,11.124202,16.786655,24.018026,43.222786,27.495724,43.609783,49.627094
465,1512.0,36.39435,2.9498267,46.349087,176.75543,4.6999807,0.44836342,4.5522356,31.599104,386.45154,132.45601,440.9292,878.77277,73.556946,12.504048,80.270615,470.51422,0.5101058,0.29166424,0.49738708,0.6830045,0.09015695,0.016209412,0.08521505,0.43043616,16.53098,11.28215,16.177298,24.668934,42.018353,24.443794,42.669346,50.858288
466,1514.0,14.498215,0.7925391,15.416088,118.93934,0.88362455,0.11288668,1.2397981,19.944864,98.33451,35.873043,135.72345,1669.9507,159.33322,36.593906,150.84445,1757.2152,0.6951007,0.37585336,0.7480981,1.0319707,0.077034175,0.02268215,0.059066504,0.63208216,14.6237545,10.093984,14.111862,22.99497,29.20823,15.526826,31.673708,47.337383
467,1516.0,39.90465,7.306334,47.844467,138.23907,5.11147,0.524248,5.888419,21.049166,2061.408,688.0951,2035.6605,2470.6294,352.985,73.14475,353.71878,1701.2036,1.0285993,0.59248775,1.030352,1.5463129,0.0848622,0.023534158,0.078747526,0.36859423,16.834171,11.428601,16.763802,23.677727,42.435375,24.96662,41.327885,49.852604
468,1518.0,35.815483,2.143549,38.202583,429.34247,2.2035632,0.21189897,2.4385903,74.90944,92.54765,32.161522,146.73859,729.6264,45.73385,2.322788,35.610783,355.32254,0.30786136,0.12883219,0.28831625,0.4689593,0.16517545,0.011115985,0.14569521,1.53431,15.078438,10.414159,14.257186,26.264456,47.61597,17.267838,51.164112,70.00403
469,1523.0,40.870266,8.314437,41.920113,135.06741,3.8581254,0.4159527,3.9613543,19.398993,1322.8784,553.7614,1252.727,2100.5728,353.56146,76.08042,322.7307,1850.949,1.007014,0.533203,0.97589475,1.6260753,0.10587344,0.02808351,0.10641927,0.40267313,16.260824,11.160202,15.767784,23.885221,40.671406,24.665565,41.550396,49.017952
470,1524.0,32.20727,1.6063093,53.28473,210.16505,4.169059,0.48458424,5.061268,38.585014,1224.9769,180.91772,1234.3826,9257.569,315.0243,61.80353,334.8926,2442.7212,0.6007172,0.3119377,0.60000247,0.91019684,0.17559634,0.02388702,0.23392077,2.2117093,17.206915,11.784469,16.446573,24.995022,40.239147,22.325161,42.374214,58.25485
471,1534.0,66.45668,3.2175326,81.224915,290.7588,9.608408,0.8839256,9.603571,54.43756,4071.4487,1824.1173,4527.015,7812.542,465.38864,85.123146,443.2445,2027.1653,0.52839327,0.29078904,0.5496702,0.84584856,0.396533,0.086290434,0.4456652,1.927355,18.442255,12.862522,17.43893,25.389072,47.918037,37.687687,48.482346,57.063572
472,1535.0,62.096184,4.4077797,73.903244,368.29352,9.450205,0.8832227,8.436644,64.794655,859.02075,208.42099,1193.4122,5934.9097,143.38808,19.685085,159.2584,651.7813,0.29427513,0.1603369,0.30679926,0.56067896,0.43278223,0.07977561,0.49395153,3.949331,18.908667,12.4665985,18.409391,27.599224,45.738827,28.764864,47.47903,66.64198
473,1544.0,51.714664,2.503065,74.097885,211.25601,8.122118,0.7574082,8.4231415,43.981274,731.26794,263.55527,672.3156,2488.3604,85.966934,14.855706,98.027214,762.2102,0.4264109,0.22298259,0.43436825,0.7710363,0.11619503,0.016847607,0.14093499,0.8988909,18.37346,11.7640705,17.624287,27.369654,45.53558,30.376925,47.317238,56.16156
474,1549.0,81.261795,2.8653557,105.75582,562.7488,16.922918,0.8005908,16.853916,138.75174,7785.521,398.0843,6326.687,32615.186,292.28912,28.643002,393.95163,1445.9396,0.36109573,0.22259957,0.35742286,0.8851197,0.74131197,0.04080569,0.7585795,6.460902,20.797731,12.301278,20.152346,30.302006,51.997246,23.660603,52.177567,66.996704
475,1550.0,18.250383,1.9473199,28.34561,85.20595,2.0157166,0.2629745,2.2510521,14.617152,96.66209,60.67115,121.00866,242.9765,47.655994,5.8937173,46.282036,345.12082,0.44004437,0.2977583,0.43371615,0.7431173,0.07920036,0.017407158,0.07546882,0.31190374,15.019303,10.947322,14.989705,21.672213,37.250805,18.918121,38.04023,46.700066
476,1551.0,40.457832,2.2641962,50.94592,205.02493,5.716223,0.5434919,5.962701,45.81047,161.88017,38.115143,170.62654,845.6864,30.675858,3.6483867,34.37145,241.99486,0.21294224,0.09804894,0.22214043,0.35086066,0.24479902,0.016877592,0.22778106,1.5088804,17.584831,11.698306,16.851877,26.84042,42.84564,23.59897,44.22682,57.746876
477,1553.0,59.109207,3.5517895,62.350994,236.75961,6.457228,1.3188565,6.5179605,43.48031,78.65598,47.55368,90.30931,410.20258,12.876065,2.476778,13.198185,131.58281,0.15544714,0.0874643,0.15351376,0.31425282,0.18416448,0.019409506,0.17487888,1.0654038,16.651705,12.488724,16.517101,25.996891,52.55032,35.237644,54.05817,70.23382
478,1554.0,61.548668,2.4549766,73.09768,208.60562,7.521932,0.52163625,7.666571,58.68626,550.64746,106.45839,598.6275,4648.4775,94.047035,6.8775563,126.70315,879.9077,0.36289975,0.1963792,0.3820568,0.67951024,0.21386066,0.0144951865,0.25085244,1.6872982,18.156063,11.303227,17.294296,27.293663,46.14379,23.632696,48.53256,63.187176
479,1567.0,32.887466,1.7384223,43.830353,112.627174,3.6165838,0.41711298,3.833462,22.913992,751.8638,250.6428,693.07135,1073.4918,193.19344,21.608866,228.55545,1080.4436,0.44367927,0.26758716,0.4562624,0.8357436,0.23812741,0.048390143,0.26594388,0.6630422,16.187502,11.511998,15.355898,23.161665,40.884743,24.19926,41.51248,49.17592
480,1583.0,18.283072,4.3814907,24.251719,108.810165,1.6611087,0.20987158,1.9841458,26.057772,697.77313,154.25288,700.99835,4357.509,438.11728,43.050064,435.45197,2706.607,0.9814556,0.43509066,0.9902645,1.7939076,0.11067275,0.019238934,0.09891959,1.4956142,15.596645,10.9645405,14.475312,23.942198,32.126564,17.082088,36.53086,49.85635
481,1584.0,19.021452,0.8624671,16.94119,88.53584,0.95623904,0.15743105,1.0880393,13.2391615,113.059074,38.51586,108.55297,583.69714,137.25423,19.589645,112.414154,1202.3771,0.73711485,0.40619135,0.77433556,1.0412872,0.0707704,0.017802054,0.049111195,0.48862123,13.676613,9.8596945,13.663361,21.459044,33.595055,18.088614,33.915092,46.01994
482,1585.0,52.28275,6.814342,68.63985,157.87738,6.3819246,0.9337593,6.1971893,42.656513,4193.3657,2490.7883,4047.8054,5964.3696,783.4089,114.03936,739.6932,3456.7815,0.8959744,0.4189102,0.9380592,1.3729335,0.252124,0.050590705,0.2854257,0.89010096,17.621847,12.43397,16.663689,25.529581,42.984207,30.432856,44.495358,48.091934
483,1610.0,31.310246,8.869214,33.217316,86.90421,2.513576,0.40313122,2.4258547,16.424706,806.9506,325.54587,743.345,1372.7349,338.9703,65.38689,331.2027,1796.9995,0.9148071,0.45122486,0.9004868,1.6478778,0.123723604,0.030737747,0.12813428,0.36651215,15.367686,11.287619,14.886776,21.766102,38.58526,23.462238,39.928734,47.703716
484,1614.0,22.044605,5.655422,28.831942,85.05308,1.7676122,0.28959396,2.1126854,14.492236,611.61346,314.19846,520.0913,1072.8031,342.23886,46.720592,295.40433,2060.5984,0.88340974,0.4336871,0.8462241,1.5206136,0.13948926,0.027065255,0.14457019,0.47151628,14.541805,11.034026,13.992608,21.48868,40.72832,21.118631,39.841965,50.1559
485,1615.0,34.060364,5.9081798,36.074234,128.73605,3.1663399,0.4007392,3.5776327,24.966944,1392.2861,313.38196,1207.6449,6291.9272,462.5307,87.94023,409.0993,3136.7737,1.1533812,0.5362912,1.1508677,1.73994,0.07419944,0.023008883,0.052442614,0.68355095,16.57251,11.597228,16.046793,23.988424,36.695312,20.124561,36.507786,50.012997
486,1624.0,88.28496,3.9774008,110.156944,565.77893,17.153778,0.7892148,16.546442,159.79546,6881.2163,357.37738,5378.353,31147.043,243.96738,22.438717,349.22464,1466.8185,0.36253244,0.19164872,0.38379136,0.67881334,0.72400844,0.042134188,0.7240807,5.8876424,20.796911,12.247319,19.689442,30.506037,51.997246,23.870567,52.501213,67.026566
487,1626.0,8.815111,0.9244298,17.419758,83.88519,1.1202163,0.11590925,1.4158112,13.35273,90.15176,20.134941,79.81954,387.05493,59.02505,6.4790215,67.567474,844.3723,0.5201043,0.2861249,0.523695,1.0107831,0.04821657,0.015571937,0.066184126,0.43576124,14.31033,9.925131,13.543781,20.973183,30.07189,15.9548025,31.495161,47.083416
488,1629.0,38.92885,7.309828,44.79807,196.6726,3.6617506,0.49729753,4.1060658,34.02164,3836.4114,796.5263,2112.7927,14954.496,969.4695,111.75054,933.29987,4904.155,1.0152313,0.4144666,0.96378034,1.8231872,0.20197853,0.028515786,0.2721578,1.297975,16.587952,11.259499,16.037643,26.248877,43.280506,25.343004,42.301273,57.893776
489,1632.0,18.516275,2.049002,25.710768,86.63966,1.6432599,0.2543642,2.063834,17.102734,57.63596,30.253466,78.26558,178.60146,39.97875,4.627682,40.05525,358.0269,0.4173071,0.24684535,0.42840552,0.668587,0.06891082,0.016733501,0.06215409,0.3667644,14.973692,10.80812,14.572562,22.900517,34.872818,18.840082,38.15781,47.15499
490,1642.0,27.2291,4.448893,36.190422,88.376236,2.6338706,0.37035146,3.0823412,14.806075,781.994,380.23724,912.2049,1271.2599,298.92734,63.319958,270.2441,1891.6417,0.9519229,0.50320524,0.905907,1.6280599,0.09334949,0.030055095,0.077804565,0.3882538,15.424166,11.151102,15.360898,21.516085,40.640793,23.371094,41.493313,48.74665
491,1644.0,40.89087,2.381991,54.23182,168.7307,5.3098364,0.50538784,5.2301,38.412216,535.154,148.26978,578.20337,2223.2197,126.65568,13.788522,157.35143,950.2574,0.4920157,0.27443948,0.49134973,0.9496132,0.09488794,0.015298671,0.09776698,0.64515764,17.670528,11.265617,16.621367,25.862282,42.077633,27.968481,43.751545,51.138577
492,1646.0,40.660824,2.6661253,42.04228,135.5377,3.84402,0.3473634,3.8909633,21.860508,179.35837,82.01618,177.32703,437.98193,60.25885,11.622232,52.22423,345.1672,0.3878166,0.22800292,0.38291496,0.5851005,0.11811355,0.023107903,0.109994784,0.5065988,16.266706,11.112915,15.791354,25.294016,38.944965,21.28253,40.0757,47.927437
493,1649.0,33.355186,6.2219377,39.994354,94.63437,2.6196742,0.3888485,2.9633384,17.833181,1106.1943,550.6201,987.0254,1615.8757,398.91867,59.923775,380.62616,2403.3418,0.88988143,0.43818992,0.8411601,1.566234,0.16002418,0.037184432,0.13512954,0.5414795,15.1746025,11.369195,14.757771,21.672518,41.937363,24.648277,42.85447,50.964985
494,1652.0,25.56063,1.5871899,35.188984,129.03185,3.433664,0.35236153,3.38017,24.980965,759.118,133.75464,704.26263,2139.0103,180.5197,25.791609,216.13808,1044.6698,0.5559615,0.3029091,0.56299645,0.93949187,0.15505421,0.028253375,0.19993363,0.9172648,16.375233,11.457633,15.671949,24.23614,38.67613,21.478714,39.580303,50.82812
495,1655.0,50.422432,9.577645,54.942127,171.33667,5.509965,0.5496306,5.959418,49.806557,2885.2705,558.68365,3364.086,11589.257,618.3587,98.4743,657.5079,3994.7263,1.0672861,0.42047563,1.1012506,1.8231949,0.097254165,0.020809306,0.07931752,1.0149263,17.76955,11.6941,16.879112,26.68795,42.86053,23.522839,43.673428,51.53961
496,1674.0,28.03552,2.4713058,30.080635,92.62068,2.561278,0.2806112,3.0450256,18.721312,17.743694,4.8047647,30.790863,47.49544,9.481515,1.0367786,8.428234,88.1689,0.21903099,0.107214525,0.20327216,0.36762336,0.05340271,0.009992516,0.06214456,0.40942255,15.650019,10.724933,16.045725,23.926973,35.926815,20.105259,37.155293,51.115868
497,1682.0,24.452108,2.5872886,42.152252,133.01062,1.8696245,0.2019574,2.9972289,43.54255,188.28117,42.65095,203.35655,1228.7338,99.133545,4.984206,116.85555,691.622,0.38130975,0.15030079,0.38610122,0.6792661,0.16195749,0.0096299425,0.21202618,1.5533792,15.157797,10.778079,15.390903,26.378958,44.660755,18.877901,48.11737,70.80693
498,1684.0,41.717712,8.375298,46.51372,132.593,4.08481,0.3657967,4.1761613,26.308165,1089.967,420.46924,1016.6229,3125.9185,315.5046,54.822063,351.48276,2077.2332,0.6612831,0.30966368,0.65571594,1.2717204,0.19834395,0.017547023,0.213136,0.80783355,16.46626,11.539008,16.573524,23.982904,42.172974,23.741314,42.848156,57.136353
499,1686.0,90.20348,15.629829,89.24654,249.46678,9.769447,0.6948505,10.482959,60.115845,2248.3862,615.00323,2659.1106,7593.4727,287.38544,45.137886,269.2004,2600.7468,0.7053392,0.31665337,0.7022523,1.3968946,0.1172624,0.01716294,0.15835889,1.2660003,18.55698,11.708805,19.21944,28.320042,47.9002,30.083,48.5999,62.207233
500,1690.0,33.28048,3.5488505,38.476074,91.14943,2.7386742,0.31872806,3.020099,17.34573,27.874588,14.672203,34.998646,67.59763,10.392011,2.3973258,9.984589,99.967926,0.17764866,0.109691314,0.17560898,0.31952262,0.09504835,0.021060329,0.0799937,0.47337028,15.324812,11.104872,15.191033,23.383204,38.768463,24.272005,40.71494,48.455948
501,1692.0,64.458176,12.242743,62.92413,183.17892,6.1923213,0.49187344,6.704277,59.240303,1784.4286,459.8969,1805.6886,4171.619,285.56195,41.14214,281.7065,2497.4817,0.60747826,0.2936848,0.6188632,1.1396763,0.1445163,0.026548574,0.17874463,1.0899029,17.870358,11.687494,16.921171,27.182343,45.506104,30.280233,46.042774,54.79258
502,1693.0,129.13345,19.59004,134.15002,489.8412,13.958912,0.7581177,16.50946,93.153595,19399.47,1918.8406,17140.492,164730.0,1680.1184,150.9005,1601.5312,9990.412,1.0533273,0.4460767,0.99094635,1.9272503,0.4387418,0.04305403,0.4220028,4.3141694,19.692589,12.210269,18.752113,27.74846,50.140995,24.775183,47.8332,67.211685
503,1696.0,78.96094,6.6377263,84.55577,289.0595,8.958556,0.82390416,8.787823,66.433464,1167.8236,562.57434,1060.2352,2067.887,118.82913,15.130137,106.06134,772.33716,0.32845092,0.21101364,0.3098201,0.5773319,0.31984657,0.07173328,0.3147809,1.6418422,18.086407,13.124737,17.32149,25.985647,47.60688,38.82285,47.81881,54.661453
504,1698.0,17.22353,2.2808151,24.123196,145.76477,1.2737553,0.281009,1.5506921,24.852085,19.422703,9.389202,25.25211,287.67596,13.674776,2.5533133,13.000681,218.19952,0.20444019,0.089363165,0.23280184,0.3249604,0.07512314,0.012911424,0.07518277,0.96501917,15.029076,10.520953,14.111875,24.795214,34.55932,20.213137,36.10468,49.64048
505,1700.0,79.69438,20.104813,70.87442,193.4924,6.737249,0.7949583,7.143577,53.10665,7014.414,2561.2542,6429.1987,8833.062,838.1954,104.1939,859.6752,3668.8481,0.77318394,0.4027248,0.7789488,1.3696707,0.3752389,0.05041812,0.38788727,1.7019234,17.933722,12.5670185,17.380219,26.185492,49.627697,34.45975,49.029892,59.07188
506,1703.0,23.998661,7.086676,24.826193,93.24101,1.2557229,0.15506335,1.4756676,13.399958,859.63,207.9199,651.083,1775.0555,525.8289,63.637993,521.54315,3570.844,0.88477784,0.37445796,0.925539,1.7313961,0.15369655,0.017893841,0.19171892,0.78778446,14.10766,9.772235,13.52815,23.027319,38.49485,21.725683,37.426216,52.673496
507,1705.0,14.755745,7.2162304,11.944303,87.413704,0.8455372,0.17322576,0.8362391,13.512347,97.36677,27.999928,87.079216,622.21295,112.31674,18.906303,97.34082,1419.0594,0.7447354,0.36990973,0.76689047,1.2398996,0.05413335,0.01557672,0.042539787,0.5003478,13.724105,9.995966,13.388485,21.46295,32.136578,18.053928,34.782906,46.42219
508,1706.0,41.75893,2.8211913,50.93983,157.10184,4.450816,0.35712612,4.1200995,30.853794,448.9488,103.405235,493.7794,1322.5133,97.02191,13.217182,108.16276,654.1561,0.5453777,0.31390965,0.5392427,0.84615064,0.08002313,0.014869677,0.08340304,0.49176508,17.049116,11.066354,15.858063,26.211864,38.172775,23.068829,40.50053,50.02119
509,1707.0,25.70584,2.1498048,27.534222,102.33209,1.4936447,0.18695827,1.6259192,17.06734,31.070604,9.074317,32.376896,119.133575,12.979701,2.163171,14.473196,191.4975,0.16356125,0.08824348,0.16644582,0.3546236,0.1571897,0.021755416,0.1725021,0.6890844,14.311528,10.089905,13.895207,23.280312,38.24919,22.278177,38.16582,51.18732
510,1709.0,31.357662,1.5361972,35.223362,335.71567,1.7490855,0.19894174,2.4188735,58.774776,462.5404,60.42545,511.52686,2462.5938,283.7426,5.0792184,337.85556,1749.4058,0.57300615,0.16145648,0.5647205,0.95389056,0.33421922,0.014889508,0.2738858,1.9671142,14.320657,10.643626,12.8153105,25.976175,51.82129,22.076801,51.81571,72.25002
511,1710.0,29.921747,9.154341,32.5496,114.07291,2.1713705,0.30872214,2.2199562,18.847178,791.6768,308.44193,814.5787,1358.6447,576.3253,41.364246,466.2291,2491.1768,0.8687805,0.4360425,0.9173174,1.4308791,0.16762723,0.025547432,0.15980974,0.6706772,15.109642,11.00589,14.843977,24.411793,36.76947,21.19081,38.591652,45.697426
512,1712.0,34.553406,7.206558,37.72658,244.08586,1.8416089,0.25834045,2.0125802,53.212597,1300.65,251.39795,1229.0912,5174.6357,549.6949,16.995983,599.7043,3364.6958,0.95162725,0.22321342,0.9223733,1.5285394,0.25741693,0.01574697,0.14643572,1.3320426,14.895973,11.175106,13.408644,25.337328,50.192547,26.063202,51.31174,66.50149
513,1718.0,32.813087,10.952185,33.632908,106.89778,2.443696,0.30264497,2.562745,20.90314,556.47107,180.79398,616.7779,2013.0094,266.59918,51.536774,276.86182,1822.1979,0.68187594,0.3297833,0.6696476,1.2674817,0.15064794,0.02231504,0.18826886,0.9051093,15.435187,11.191618,14.898978,23.930346,40.983147,19.803368,41.718277,56.789867
514,1721.0,21.293844,1.6037918,31.821924,87.29075,1.6818846,0.2105505,1.9089991,12.440727,18.26179,8.549693,16.798824,83.22874,8.964205,2.0982125,9.605174,168.1824,0.14385101,0.09019012,0.13975261,0.28432718,0.111920685,0.018812975,0.11596583,0.618176,14.344822,10.429454,13.931912,21.674484,38.95394,19.905235,38.593254,48.841087
515,1727.0,24.521133,1.28701,35.736706,90.533905,2.4248905,0.32552898,2.535479,16.241282,388.7848,99.004776,339.7305,946.5053,161.38167,17.8932,202.4974,1051.0248,0.48583135,0.23965402,0.48675883,0.93456864,0.20942622,0.02338583,0.25181895,0.6782178,15.313733,11.177253,14.478124,23.176258,41.808067,24.854433,43.56821,61.254063
516,1730.0,79.60099,16.176636,83.5613,224.6108,8.311757,1.1969736,8.474496,57.048073,3039.2214,1792.0989,3587.5693,8268.113,453.43146,77.47424,442.05927,2666.4724,0.73410064,0.4247418,0.68189704,1.4492569,0.26529554,0.029689927,0.25383797,1.1813347,18.033167,12.6865225,17.721468,26.433647,49.953697,33.45489,51.787056,65.18678
517,1733.0,15.6066475,1.5227242,20.395712,124.53982,1.1971446,0.22692408,1.3205676,21.689245,127.87256,53.45189,153.10788,831.56024,156.63225,9.377549,198.67917,1306.1853,0.50094205,0.23866944,0.5200416,0.9746799,0.11849676,0.016013972,0.13307567,0.6280362,14.560402,10.044558,13.441995,24.05778,34.211662,20.292036,35.7434,47.84719
518,1734.0,7.0625954,0.56847924,10.238259,121.96608,0.6648375,0.15740295,0.547046,19.851534,46.470257,17.109848,47.264515,1426.8263,116.76081,26.423311,118.704994,1794.7764,0.6182121,0.32819375,0.6708053,1.0035133,0.06592795,0.014022779,0.054315597,0.7514167,14.344358,10.245988,12.967748,23.223455,27.56831,17.612299,28.759243,47.191605
519,1736.0,39.96147,7.054225,43.481987,140.25743,4.2403626,0.3675863,4.0410633,27.829723,1547.4441,577.1572,1605.6742,2472.573,418.74252,58.99702,368.92014,2325.6987,0.8977711,0.47436112,0.87935704,1.3193231,0.122699715,0.019510902,0.14406893,0.56978154,16.528597,11.321191,15.722306,26.298294,39.516773,22.540184,39.779938,47.847977
520,1742.0,49.543743,3.2566571,47.99898,150.09732,4.2846265,0.45709094,3.7398555,47.960968,1650.3212,596.0486,2214.2588,2878.53,348.6745,39.842575,446.02954,1988.6096,0.5715879,0.29251364,0.5697113,0.98179024,0.24602611,0.032268576,0.3362631,1.0159596,16.356161,11.44239,15.557497,26.987822,44.37766,30.985168,44.548332,51.630512
521,1747.0,36.627937,10.73706,35.858215,87.210075,2.6949062,0.36608905,2.6792955,17.230377,833.0458,333.84702,774.8104,1309.503,329.3235,49.123795,305.2636,1763.758,0.8616104,0.51148057,0.8564349,1.5795591,0.105442904,0.027142165,0.08671452,0.42608163,15.435936,11.109133,15.097067,22.202461,38.820366,24.436138,40.085365,47.584324
522,1748.0,45.468376,10.170791,49.421207,140.88516,4.040036,0.38356784,3.865001,24.45236,1342.7194,499.9576,1270.3455,2309.0967,295.21802,54.47264,332.97467,1951.5957,0.75097543,0.42050838,0.7523735,1.1802803,0.13039172,0.029173747,0.12638675,0.5203035,16.320637,11.359705,15.67847,23.406,42.392616,27.142307,42.190998,48.306927
523,1749.0,42.871296,4.386953,46.40443,162.16039,2.8786912,0.37338468,3.519106,35.557877,134.57011,70.66722,135.4577,327.7886,52.028988,3.7912009,63.450584,355.60254,0.20410272,0.11415836,0.21869127,0.43112192,0.34809682,0.038651,0.33384335,1.160706,15.312667,10.921353,14.844037,24.49737,43.86249,30.602184,44.21093,54.226265
524,1753.0,89.54903,3.0312064,103.3183,486.39862,16.29269,0.60411227,16.361689,110.19289,10357.876,321.26547,7172.8096,59395.96,544.88605,38.522556,588.39026,3004.7134,0.52864313,0.26522493,0.5298796,0.92551017,0.6575873,0.048743926,0.61105853,5.206556,20.602282,12.146088,19.527359,28.246527,48.261456,22.181898,49.288548,68.3958
525,1762.0,68.191414,2.2400482,76.29149,392.31815,9.336258,0.5745547,8.414229,95.12995,5749.8174,347.3917,3996.46,15298.477,492.10724,50.507786,574.33636,3030.984,0.6301837,0.30491704,0.6137614,0.97844803,0.34304488,0.016019702,0.36742443,3.2897353,19.312017,12.090594,18.067898,28.658619,47.929165,22.546007,48.276115,65.751816
526,1763.0,47.657505,14.02999,53.330715,200.09999,4.288448,0.48008654,4.7399225,40.691864,1723.8351,317.41013,1847.3989,12846.589,446.4828,76.060616,497.21262,3294.6704,0.7524965,0.38410768,0.74764776,1.1939205,0.114770755,0.020520158,0.18101649,2.0794654,17.217321,11.763317,16.449846,24.905035,40.98839,22.329325,41.796528,58.092945
527,1764.0,95.71423,18.879444,97.987015,272.40628,9.0223,0.841791,10.684794,65.7352,4660.7153,2539.0002,5697.987,6657.9688,591.9659,99.67442,531.94635,3849.7666,0.89879006,0.40599436,0.8833504,1.5635202,0.18985769,0.030151844,0.175822,1.1264747,18.037592,12.275597,17.892054,25.708305,48.695377,31.165953,50.056133,54.913612
528,1765.0,62.535126,13.776426,57.278942,153.11,5.359983,0.6824049,4.9568586,28.954716,3160.3508,573.2682,3116.2598,5785.526,628.9221,61.97301,694.89136,3778.6228,1.1332445,0.46072257,1.1113062,2.002332,0.09071065,0.016436879,0.10412885,0.5293841,17.072462,11.46513,16.65257,24.77517,41.169247,29.022581,41.51046,50.62788
529,1773.0,63.638752,4.8167186,71.66044,369.10205,7.4594946,0.50432634,7.494043,123.81884,2334.012,179.69644,1868.8387,6546.638,224.53435,21.191008,208.61966,1369.8453,0.45287502,0.20828028,0.4430155,0.81868196,0.2915489,0.017307451,0.304654,2.3310752,18.258379,12.006255,17.971193,29.165716,44.325874,21.899782,46.314976,66.05348
530,1775.0,31.75027,4.270715,33.280296,107.538185,2.217644,0.25434914,2.5890167,16.289778,54.587883,22.784885,57.918106,167.2153,29.7565,4.4256487,33.08626,298.2512,0.2759844,0.14027442,0.2830202,0.5369339,0.10583395,0.015485231,0.1261127,0.40556362,15.119164,10.615183,14.634026,22.77968,39.002907,19.17075,41.28626,52.50917
531,1777.0,35.33237,11.494852,35.633137,129.34583,2.4321415,0.3749822,2.3377352,23.95502,1781.8457,453.94568,1690.0045,4230.368,534.292,64.770035,554.36774,2419.0981,0.68781805,0.33930033,0.71991664,1.1835647,0.26844817,0.034588907,0.38165474,1.4055529,15.235647,11.203892,14.990848,24.289724,40.496178,24.422606,41.13017,51.25008
532,1779.0,18.015379,1.7847493,25.348612,85.42302,1.9554867,0.2807364,1.9799687,16.299088,184.57664,53.147373,174.8842,624.1888,90.19948,13.3414,96.3801,561.24805,0.5171825,0.28167397,0.55789524,0.8148487,0.07349178,0.01807256,0.085733496,0.5701577,15.227478,11.182223,14.693474,22.18111,34.730976,19.007893,36.17806,46.734917
533,1784.0,5.2507677,0.42310613,9.761461,86.663414,0.633338,0.073429696,0.7052019,19.712757,68.01132,12.168711,82.542076,383.09485,91.915375,5.9345894,86.7055,890.23065,0.5494876,0.2751198,0.5544002,0.89503163,0.062364306,0.0115298135,0.09332331,0.7884115,14.057706,9.450605,12.731739,24.638721,25.721954,16.53345,29.11068,46.834866
534,1789.0,17.160355,1.0628502,25.742264,210.57654,1.0997787,0.1491676,1.4119115,41.397217,181.368,48.868412,229.88118,1855.9839,200.30418,10.245494,182.85143,1217.7831,0.66179025,0.252033,0.6653815,0.9629396,0.10993716,0.010362172,0.10066016,1.136756,14.2424135,10.419226,13.240081,26.01244,43.030327,19.53542,47.297096,62.678425
535,1796.0,70.16845,5.301774,99.435684,695.20325,16.37467,2.0544577,15.788534,177.28122,23811.744,3718.7886,21636.826,60528.297,1473.774,210.04042,1399.049,6352.018,0.5827945,0.33164448,0.58537745,0.9844439,1.0482471,0.14045419,1.2526532,4.122664,20.76612,14.204829,20.433867,31.129251,52.631126,25.119263,52.725132,81.42612
536,1803.0,32.35618,2.7157044,42.56631,107.21704,2.8668354,0.47684795,3.1315355,31.623734,242.63693,59.02792,229.32335,1303.2775,65.281204,7.8134747,91.481705,963.1303,0.24721417,0.14963393,0.26728126,0.59263223,0.28085035,0.03144796,0.30609426,1.6425692,15.58089,11.873668,15.213925,24.966225,46.075397,25.726866,47.96357,67.136696
537,1808.0,35.92437,2.6462877,38.6873,239.13411,3.3108554,0.37837166,3.3388712,41.782322,931.9777,180.94922,1078.5256,3750.4832,243.44363,11.381307,369.01862,2305.0947,0.5474424,0.23283504,0.58207345,0.9553172,0.2145305,0.018622525,0.26548657,1.2763537,16.550428,10.747104,15.858512,25.982693,41.657795,27.932236,42.63164,55.888927
538,1809.0,37.249184,2.1478045,42.568237,159.29805,3.8572268,0.46095303,4.1627293,45.975426,1211.3933,192.69551,1210.2391,6243.2363,290.12723,49.742634,331.41376,2280.7568,0.6333891,0.2863246,0.6583634,0.98032075,0.18041483,0.019201655,0.18471245,1.561395,16.933569,11.659677,16.185345,26.66969,40.738194,22.669748,42.83842,54.192097
539,1811.0,13.964068,1.546868,24.736574,134.8224,1.627894,0.31451994,1.799327,23.332745,155.80734,45.761894,131.97188,1334.8939,82.807976,13.878714,87.12989,930.68365,0.44919235,0.21601835,0.48378924,0.7981732,0.0852602,0.015724175,0.0832079,0.8550521,15.121107,10.981823,14.314139,24.157684,35.997055,20.050638,37.80291,49.004284
540,1814.0,37.586998,7.791582,42.90128,191.7814,3.842018,0.32662758,4.0139995,42.24135,2142.4338,437.14856,2242.9326,5899.1177,483.94305,70.30338,456.7462,2558.4114,0.9059258,0.46458054,0.94519913,1.7826897,0.17580295,0.023397725,0.18986201,1.1827779,16.538528,11.293311,16.022339,25.717436,39.933292,21.141342,42.084576,50.905632
541,1815.0,29.20315,0.88437504,53.90096,274.32437,5.74846,0.5345287,5.651425,52.66358,93.46884,24.750828,108.80321,2323.977,27.779793,3.1088288,36.087116,220.46313,0.15329514,0.08458508,0.1557176,0.24971761,0.33730054,0.033555534,0.33771655,3.4759052,18.027346,11.577089,16.717321,27.10666,42.710114,23.215559,44.0979,64.52144
542,1817.0,31.432741,4.1069484,40.274475,106.06782,3.528375,0.38965526,3.2079356,27.435778,1055.6658,431.15112,1021.78125,1722.6312,274.4222,51.676003,312.35626,1807.2891,1.1081206,0.5450867,1.0880086,1.7863482,0.07755222,0.016470041,0.062030993,0.3665103,16.27258,11.003272,15.518555,26.117325,40.25276,23.576372,41.521275,49.191025
543,1818.0,21.441036,1.507803,23.647617,90.885376,1.295557,0.17356402,1.4769801,14.769082,41.230488,18.362482,42.299137,136.1969,21.117836,2.3000069,22.88022,365.23685,0.19596836,0.10824154,0.20211785,0.4648452,0.20176163,0.031596344,0.21645916,0.69129926,14.114819,10.047873,13.630897,22.08614,36.805275,21.335608,38.151203,48.370552
544,1819.0,24.91585,4.151346,26.033644,98.80457,1.5974392,0.13001812,1.7276409,22.303396,969.6137,267.1478,943.058,1872.3147,651.29297,56.28797,503.24344,3841.797,0.991926,0.45263815,0.98406,1.7083169,0.1500345,0.01884153,0.19430712,0.64816475,14.571397,10.107371,14.562152,24.655558,35.67979,18.542671,36.78914,46.23995
545,1823.0,5.6769576,0.5675983,8.893655,116.29474,0.5539518,0.122634664,0.47307137,20.067133,33.733665,11.58943,47.475746,1292.7961,89.51906,14.371803,102.39106,1453.7134,0.6536006,0.3116378,0.6975788,0.9794587,0.04406412,0.014105696,0.043769848,0.7779218,14.139169,10.187744,12.607136,23.852428,24.728645,16.369673,26.037075,49.170403
546,1828.0,10.569734,1.8617241,21.265848,169.22067,0.91042393,0.10380453,1.2804918,36.488968,99.40692,38.528618,121.45189,1571.0905,112.83148,5.0731325,87.54865,684.10345,0.5161939,0.24515185,0.52278185,0.7957183,0.0914383,0.009663254,0.08215252,1.8507738,14.510595,10.16506,13.965786,25.425575,35.273212,17.61063,40.84783,61.054657
547,1830.0,26.308266,3.1562934,35.46648,445.69064,1.9829301,0.15917774,2.1033413,56.00114,158.14372,18.337946,133.14268,1200.8805,58.149868,1.1363531,49.165672,1001.81757,0.24246305,0.06811357,0.23064889,0.68664515,0.24311951,0.015838036,0.23763813,2.2236998,14.919428,10.60127,13.441695,27.701721,53.078358,21.992573,52.951546,76.13096
548,1832.0,79.08883,4.955307,88.28409,507.8216,10.386363,0.49677372,8.778425,107.787,563.004,34.586502,553.36224,3978.2795,42.409817,3.2815835,47.1757,415.2947,0.20420747,0.09295383,0.21505892,0.36734763,0.32220787,0.014008297,0.33108976,3.877655,19.661335,11.628771,18.288004,29.840664,47.82506,22.04869,48.76921,67.44708
549,1834.0,54.385136,2.933202,62.01913,343.94388,9.113241,0.943456,6.986228,55.111946,1810.6367,580.91833,2127.4426,16664.42,229.25632,28.166506,259.32068,1525.4369,0.28176266,0.17634274,0.28332812,0.54974264,0.6931168,0.10494519,0.68381035,2.5554993,20.509764,12.713272,18.330418,29.033424,46.795536,30.175539,47.266445,65.02889
550,1835.0,26.561039,8.683488,28.634401,80.733826,1.9743168,0.26790342,2.086006,12.932714,864.5354,362.0474,659.6546,1650.1647,371.07767,83.915474,341.0725,2654.5525,0.98603195,0.46616834,0.90699226,1.6748582,0.12167958,0.022526177,0.14203979,0.41015193,14.9447365,11.012281,14.582685,21.575266,37.60526,20.084003,39.017075,45.879105
551,1837.0,63.232,4.6202245,78.37859,399.4063,13.087061,0.72496355,13.974157,88.9139,5062.1704,474.52435,8049.086,37432.887,269.30606,18.648245,334.17798,1352.0327,0.30471832,0.19801629,0.27666816,0.7603518,0.7478511,0.03378324,0.77669936,6.56743,20.344654,12.513742,21.796553,30.812538,47.004265,26.188654,49.58546,67.5896
552,1841.0,47.582367,3.482794,67.84525,251.00063,6.891578,0.4925645,7.2183285,56.226757,1237.476,247.8769,1066.1643,2776.0264,167.76038,23.27261,143.92903,893.89215,0.42237163,0.21415584,0.4503443,0.7746053,0.23439313,0.01796618,0.26098514,1.9824821,17.771955,12.179892,17.458412,27.49332,44.561203,21.947851,45.99527,52.539665
553,1842.0,47.946266,9.426247,47.67243,352.47318,2.8916214,0.38180858,2.9368567,83.578125,2501.0854,330.0076,2774.5125,13972.276,833.7324,18.553127,981.83374,3888.2878,1.1244475,0.32425746,1.1552346,1.8351507,0.21297266,0.013404564,0.23527738,1.7140986,16.120092,11.226483,14.516112,28.652117,56.04419,24.671406,54.32611,73.82561
554,1846.0,9.572392,10.301966,10.694448,131.2992,0.7996641,0.17501497,0.6545841,23.2116,363.16153,73.42785,396.78824,5694.108,523.8899,67.753174,476.03302,6527.698,1.1785765,0.48733062,1.2286985,1.8535686,0.065548085,0.017296748,0.05334658,0.6744894,14.54795,10.150739,13.370994,23.645075,28.967558,18.95826,29.291191,47.264877
555,1847.0,20.145193,14.494846,15.957539,190.91444,1.5757545,0.28573123,1.2975938,31.84583,609.73474,218.5548,663.90906,13749.7,725.7592,101.3864,686.869,5319.568,1.064217,0.46478406,1.0507953,1.7425176,0.15134819,0.023993498,0.17703398,1.7162682,15.965689,11.055729,14.840616,24.387356,35.323456,21.646385,35.62534,55.942177
556,1848.0,38.522297,11.993095,32.90932,122.865524,2.3460338,0.38159138,2.0128088,17.177315,1734.8402,951.31146,1900.4143,2301.3452,954.1053,75.689735,1055.8575,3196.8293,0.912255,0.42217013,0.9837867,1.4302584,0.25565442,0.043407716,0.33302686,0.7443698,15.22219,11.200695,14.457092,22.691046,40.343773,24.968174,40.084484,47.58268
557,1850.0,21.614223,11.045642,20.235315,125.92834,1.1653714,0.15631802,1.3956243,21.82108,370.93317,126.96218,378.06662,4704.461,361.0449,64.99276,350.56488,3600.9927,1.074347,0.45324698,1.112684,1.7216392,0.069004074,0.018796222,0.06158543,0.6533987,14.740985,10.1154785,14.2497,23.36815,33.317192,19.211683,33.90461,47.324993
558,1851.0,31.046175,8.947938,39.205322,104.003044,2.4067261,0.2949204,2.7243567,23.10999,589.461,170.58376,600.2648,1893.574,247.3477,30.186806,265.4846,2124.9727,0.72462183,0.31783912,0.6199258,1.2880292,0.15585828,0.016319172,0.1903586,0.7895869,14.911599,10.760531,14.627152,24.164114,46.39754,21.585167,46.82299,66.41006
559,1853.0,46.002083,5.384751,43.34788,191.74146,3.7737083,0.32961378,3.8572094,52.24762,312.726,47.16414,309.2504,1967.5579,100.52131,7.7495265,113.590805,545.41064,0.2398021,0.113702215,0.2387724,0.48860016,0.4134827,0.014132444,0.47552505,4.2077518,16.259428,11.453245,16.525352,28.498943,45.210976,20.583199,47.947037,73.31238
560,1854.0,118.216385,19.59004,116.583954,443.86542,13.441349,0.8242579,15.274002,82.66111,13819.005,1754.1161,10790.597,130232.27,1483.0125,163.63435,1408.233,6506.523,0.9835313,0.44951704,0.92945343,1.7658774,0.55302995,0.04590899,0.51705194,4.375187,19.701271,12.306468,18.72072,27.566862,48.832935,25.087408,46.232025,67.02058
561,1856.0,54.58061,17.604671,50.960304,153.50276,4.7176642,0.5535058,5.0422616,35.554478,3227.6965,561.6647,3097.5662,12690.094,480.2077,76.15225,528.36426,3844.051,0.97985846,0.4105521,1.0175846,1.7014912,0.110947095,0.018895788,0.110017866,1.0598115,17.131403,11.6479225,16.782467,25.605028,42.858265,23.957865,43.673977,52.582066
562,1858.0,11.016937,4.890802,11.22708,102.012405,0.72602504,0.17453277,0.69734305,16.399315,119.266624,80.14601,107.44797,1501.8408,238.55032,43.936363,210.19783,2088.8894,0.6952106,0.33883622,0.7394752,1.2068764,0.14049934,0.023015987,0.14739153,0.8629994,13.71182,9.992025,13.036933,22.967585,31.948853,20.974552,31.016218,48.17605
563,1859.0,16.273464,2.023103,25.235151,202.69168,1.0961703,0.120912656,1.4240534,39.61751,126.8238,46.864433,186.1518,1400.7256,129.05154,6.9250073,96.18625,678.19476,0.520322,0.2388964,0.51674443,0.8015406,0.1373264,0.011913139,0.115066506,1.3885018,14.499016,10.339941,13.61526,25.788277,38.064186,18.393045,44.04856,65.66274
564,1860.0,29.217152,2.809229,34.642654,114.46375,2.7045877,0.2867564,2.7625794,23.38906,596.7721,119.099594,577.1036,1776.9388,179.09515,28.512543,200.43382,1438.2736,0.57535625,0.30573672,0.5883129,1.0205004,0.13894524,0.019999387,0.18509959,0.8502409,15.992583,11.12048,15.325928,23.496017,39.519566,20.077372,40.774685,47.81631
565,1862.0,22.739418,2.2154307,28.434084,102.14358,1.7145197,0.19863605,1.6900274,15.887748,65.24054,17.482546,60.780926,164.1906,24.525618,2.359188,24.490063,342.31897,0.21461433,0.11095404,0.21672128,0.4914864,0.16126648,0.021389313,0.20338884,0.64283437,14.518084,10.083613,13.793628,23.088125,38.344116,21.42216,39.061428,48.789444
566,1863.0,92.1476,9.068136,115.319374,350.28717,17.579811,3.3062713,16.728237,79.98368,2152.4126,1070.6001,2377.0247,5368.683,122.97021,30.51649,110.471306,801.85455,0.28233242,0.19741668,0.2677215,0.54688036,0.47716466,0.061688434,0.6086917,1.7367004,20.095104,14.679658,19.120035,27.379175,56.45135,38.547924,56.40626,70.05063
567,1866.0,35.360737,14.538578,34.192017,127.305664,2.8399856,0.33905092,3.076745,22.817131,1082.1869,248.31013,889.2462,3434.627,348.73785,33.428944,373.3051,2604.2874,0.91786486,0.4185499,0.89514434,1.6693463,0.07500897,0.017917482,0.08779559,0.5729358,16.200006,10.714491,15.72631,23.387634,40.422333,24.314207,39.188908,49.69776
568,1868.0,41.175644,3.4579792,46.356346,151.30016,3.6771882,0.39699584,3.6408205,40.309246,189.714,39.57482,167.2531,793.2545,37.15414,4.048941,40.390392,267.8102,0.18085633,0.095224574,0.19052063,0.3051887,0.4474429,0.03353789,0.4702634,2.0530312,16.220402,11.292669,15.724251,25.998808,41.584194,26.336536,43.031445,52.080093
569,1871.0,71.94403,16.320599,67.0454,221.97018,7.1075306,0.90703386,6.9016566,57.64776,4430.1167,1716.9178,4071.5847,9187.918,625.924,85.50102,756.371,3005.7222,0.7924946,0.41882908,0.73937976,1.5348494,0.29554504,0.03348911,0.2998556,1.1030483,17.804197,12.4001,17.475101,27.440521,50.002537,36.048584,50.87334,63.650948
570,1873.0,25.403803,2.724412,33.384182,98.1069,2.6506062,0.34839678,2.5452814,17.617891,247.25339,90.99283,239.63362,570.5915,124.888954,17.169378,144.83553,760.3995,0.52227235,0.27742705,0.5154164,0.9759423,0.12960565,0.018612806,0.14436118,0.49176642,15.378056,11.421574,14.985517,21.65719,39.003006,22.288317,40.516483,48.048454
571,1874.0,23.12725,6.67478,24.011366,105.62886,1.37978,0.23941289,1.6348304,18.407766,530.99176,171.5399,438.03848,3002.0208,310.6973,61.11484,277.61084,2744.8896,0.81552047,0.356504,0.8349066,1.7419748,0.13463749,0.019141462,0.1555346,1.0311704,14.39616,10.599181,14.264511,23.669815,40.992935,18.764605,38.846554,60.23997
572,1875.0,18.659122,2.5505202,25.021599,208.70493,1.467321,0.23370965,1.4149568,16.406631,123.563324,47.01389,131.0711,390.87302,57.022453,4.7064714,71.860435,832.4616,0.3419702,0.141026,0.36178872,0.68982255,0.16927253,0.016498812,0.14948584,0.7947846,14.260415,10.430458,13.693392,23.480804,37.282795,20.796549,38.451088,50.85578
573,1879.0,17.85797,0.9684813,24.73568,322.19714,1.2574043,0.21554661,1.3873897,17.95349,389.0528,98.253525,363.36478,937.37585,335.39313,14.153308,317.96185,1561.4121,0.46624532,0.21694176,0.46126214,0.87460405,0.33570468,0.036215786,0.45731112,1.12908,14.203404,10.6128235,13.592799,23.004929,37.068314,22.623678,38.094486,51.154537
574,1881.0,17.019981,2.9859536,24.809258,144.60587,1.7009641,0.3441284,1.8332224,25.112135,172.42953,47.581684,171.61084,1314.1976,77.87559,13.502392,82.71492,809.1612,0.47116634,0.21805608,0.4976058,0.79021716,0.071106784,0.018010508,0.06468323,0.7714846,15.3413105,11.07815,14.666246,23.936913,35.612114,20.821291,37.219185,48.238407
575,1888.0,26.339394,5.248459,27.697641,106.635445,1.8563541,0.31408802,1.8012404,19.844748,253.27798,71.53071,220.90427,764.76514,79.39746,8.584175,93.85069,587.61725,0.35449472,0.18614933,0.38824615,0.6639545,0.17452252,0.024019878,0.21277224,0.9593188,14.695165,10.991408,14.103852,23.694702,38.94775,23.108131,38.60655,49.12436
576,1889.0,29.62239,4.862964,31.636292,92.88543,2.2213626,0.25947538,2.3810565,15.413475,32.224876,10.560965,41.00097,129.4524,14.874483,2.1063356,13.564586,207.08235,0.24558558,0.1372304,0.24585816,0.46731198,0.06161695,0.016136827,0.0642683,0.56002814,15.25678,10.818032,14.913706,21.742096,36.91974,19.542154,37.966236,47.55371
577,1890.0,15.411119,1.678092,20.730923,94.36175,1.0410055,0.14659967,1.135217,15.312217,6.407679,2.1281147,6.489181,74.78699,5.5990324,0.93085366,5.377656,125.63336,0.14249143,0.07269622,0.15910527,0.27294007,0.049947493,0.011750252,0.050328724,0.6136588,14.054722,10.009244,13.748283,22.650682,32.049465,18.098871,33.722088,46.918896
578,1895.0,14.470654,1.3677021,21.990925,96.8744,1.3007232,0.22998635,1.3572671,15.995361,109.84953,36.344753,95.39538,378.4835,65.68592,8.2926235,67.54866,677.8734,0.45366642,0.2240438,0.45738924,0.9176175,0.097603954,0.013980344,0.08594293,0.5885448,14.027077,10.643736,13.543366,22.558964,36.18986,19.157381,36.754314,48.148888
579,1899.0,38.179356,5.2052164,31.159908,127.99048,2.408041,0.28010228,2.4325037,19.13235,156.33707,71.275925,148.40169,846.7238,59.900898,7.4733295,61.789448,629.92633,0.39802048,0.19965439,0.40911674,0.7041311,0.09883883,0.016622363,0.11405642,0.60456437,15.613063,10.382866,14.920235,23.21878,37.869385,20.912512,39.56472,49.097973
580,1900.0,35.323536,9.607627,41.648335,124.41263,2.6487312,0.3660219,2.794022,39.845974,1709.612,307.10086,1666.4387,6198.492,646.654,59.048046,734.63074,3804.8245,1.0144086,0.39188293,0.88810235,1.9069862,0.193582,0.01881963,0.20459825,0.9795786,15.360084,10.890372,15.029304,26.335741,48.757652,22.698706,47.793636,67.19788
581,1915.0,122.77927,12.827113,112.86495,1072.5984,17.840696,0.6089898,17.275164,229.74757,38922.37,623.7404,20121.555,124495.414,1196.711,102.47635,963.44403,6130.8774,0.6883614,0.34056783,0.67480063,1.2320906,0.73792905,0.05166208,0.661171,5.7529774,21.05127,12.096967,20.062515,29.674908,49.114174,22.318233,49.552902,74.62727
582,1919.0,7.105091,0.6708528,11.375154,130.9832,0.7276331,0.1885071,0.62094635,21.710257,36.48224,12.174559,43.536873,718.59174,53.615295,6.944019,58.48565,824.69525,0.45729125,0.22281481,0.49717373,0.7794109,0.067455135,0.01158109,0.061314087,0.7234625,14.360998,10.279044,12.852297,23.435286,30.066648,18.452658,33.22223,46.874767
583,1922.0,29.954163,1.6577425,28.94488,86.75757,1.9894447,0.271611,2.0381029,15.266563,411.3182,186.98038,387.31506,665.875,245.03133,43.817406,248.39894,1225.8025,0.6498266,0.32431644,0.6529837,1.039028,0.13530445,0.021344224,0.15248166,0.43959826,14.864202,11.079747,14.377908,21.971577,38.841885,18.783928,38.73325,47.793022
584,1925.0,25.574888,10.846091,29.49496,123.25727,1.8591291,0.29071012,2.141042,22.015795,1103.1202,270.76367,892.0863,3345.3667,503.94995,39.290436,500.162,3071.691,0.8523782,0.39647657,0.84987414,1.6471498,0.12547894,0.02092427,0.16056806,0.71162343,15.373574,10.619241,14.318587,23.68295,40.431503,24.010712,39.460636,50.99394
585,1927.0,25.514776,14.618699,26.753975,112.92546,1.5108582,0.31713587,2.0382004,21.216093,499.49106,161.75702,561.1333,4248.8086,336.75546,61.89197,303.90854,2993.6694,1.0064503,0.48585144,1.0436543,1.7033807,0.063860275,0.02034876,0.04402189,0.63867736,15.303565,10.926703,15.029781,23.474827,31.423922,19.564432,32.33827,47.21898
586,1932.0,46.49229,4.435401,64.14106,290.83142,7.3121443,0.61730355,7.452078,65.98531,961.57794,152.4613,799.43225,12937.52,136.7276,13.645194,179.11035,1111.9683,0.3374428,0.18633027,0.35178965,0.7705715,0.39502063,0.030502204,0.353669,4.594036,18.911484,12.066336,18.044123,28.641487,43.05737,22.125757,45.017357,65.500305
587,1934.0,60.015453,3.8680303,76.61737,327.48816,11.675262,0.98939717,11.175208,69.28037,26909.006,1529.563,17294.43,15435.781,931.00183,91.59646,805.1553,3060.606,0.4986634,0.27506557,0.48464927,0.8484317,1.7948812,0.053569395,1.2147692,5.598209,19.615463,12.93148,20.914795,28.697208,45.187008,29.056759,46.374786,55.590878
588,1935.0,32.434017,2.096974,41.09129,152.04095,3.2591546,0.35590222,2.9535482,28.272142,1006.5729,212.95303,745.92566,2764.8557,204.8459,16.02669,201.43471,1132.28,0.3412385,0.19106907,0.341159,0.6751187,0.6432202,0.031536978,0.6893717,2.4105473,16.351088,11.208501,15.950181,25.075357,40.774796,24.53118,41.837433,53.128067
589,1943.0,17.993303,3.0459483,26.416409,100.822044,1.704653,0.268477,1.8671975,16.146526,132.5195,58.978516,115.8181,401.56958,60.186455,8.327212,51.716377,536.1458,0.42497328,0.22117154,0.41653216,0.7890839,0.0914003,0.015033653,0.08964459,0.62113917,14.566669,10.854308,14.259019,22.002089,38.3381,19.958685,37.968765,46.982777
590,1944.0,13.6911545,2.1622694,33.70411,451.69022,2.0647557,0.14706558,2.1712532,103.36457,313.15564,61.36121,361.1346,3188.189,144.40225,2.462332,156.3844,1458.071,0.45778295,0.11816943,0.406737,0.91834015,0.21334827,0.012665075,0.21366012,2.4970944,15.0389,10.515142,13.535078,28.486593,52.57152,18.134466,54.601143,75.1748
591,1947.0,56.235626,4.5510755,60.22375,245.7941,6.7866063,0.72186744,6.0142817,57.671814,1901.2743,589.61536,2431.8179,4010.6633,361.80786,33.12619,489.8394,1418.4628,0.47136065,0.2557133,0.4565182,0.8872724,0.3600433,0.0702168,0.41351944,1.7400782,17.75616,12.539366,16.885265,27.329157,45.7922,34.42429,46.07691,52.05569
592,1951.0,46.59138,2.100142,64.14336,208.74036,5.5162344,0.4180736,5.554985,42.884865,1901.1464,524.5247,2306.1885,3843.9956,326.3141,70.71559,364.0425,1998.5138,0.6854409,0.34248033,0.6794685,1.0425469,0.19055182,0.021074941,0.20758836,0.8743056,17.16629,11.727864,16.201761,25.99339,43.81499,26.846943,45.627342,51.082317
593,1955.0,33.497723,6.2699766,30.615187,180.213,2.1907904,0.35789746,2.0554936,19.615881,1576.974,275.8403,1538.8444,4820.145,709.1891,77.27085,588.4912,3202.5325,0.6459338,0.33110988,0.6361964,1.1146042,0.4538102,0.044061624,0.48638326,1.7927183,15.261477,11.053694,15.469996,23.850327,39.351467,22.759296,39.457367,52.88702
594,1958.0,56.65329,15.337881,45.87093,156.60342,4.765468,0.49273783,4.5394816,49.052605,3409.6472,837.7051,4237.0176,14217.313,799.7719,68.20644,842.43665,3926.2021,0.77831787,0.38129264,0.78669775,1.6451824,0.38290516,0.030051991,0.45803347,2.4995224,17.143272,11.790093,17.082804,27.089888,45.40041,25.658726,47.191486,64.14901
595,1959.0,61.658592,4.129482,59.109825,202.13237,5.1019897,0.4054424,5.4996862,50.55987,98.14265,40.73055,110.160416,278.6773,22.833971,3.4563012,24.012089,158.17041,0.18987723,0.1143108,0.18589292,0.30947706,0.17325811,0.022123028,0.18953846,1.0183398,16.985071,11.407677,16.432137,26.738699,44.562244,26.2275,46.169147,52.856773
596,1961.0,33.7274,6.395965,46.49678,191.39459,2.551469,0.39577702,3.4343677,60.08919,631.0441,72.16485,611.7529,6281.8477,264.20944,20.528063,259.94366,1881.3033,0.72899747,0.28416994,0.7455431,1.3799219,0.13467312,0.010189727,0.14203274,1.1708268,15.708971,10.853249,14.42853,26.809763,53.92858,21.844746,56.23103,80.08937
597,1965.0,18.232151,9.626951,16.412054,82.712204,0.8642163,0.15658762,0.86977124,14.50183,165.023,68.02104,166.35115,1503.3378,188.7345,37.72705,165.86276,2497.3337,0.83208793,0.44572616,0.83348876,1.5344692,0.06904799,0.01905335,0.074470155,0.8293105,13.878144,10.167464,13.152041,22.166998,28.624254,17.780678,29.909565,45.99052
598,1967.0,16.438536,3.0357602,25.435751,131.04076,1.7504575,0.3358278,1.9137863,21.718498,164.63708,39.393307,159.32259,1566.9703,75.62515,13.985286,77.72234,949.4837,0.51231575,0.27118245,0.5586966,0.9664154,0.050263856,0.015382594,0.04911694,0.8350414,15.521848,11.168016,15.000894,24.057531,33.865772,19.90582,35.18004,49.418144
599,1970.0,27.8442,0.85771227,33.334747,168.76048,2.878315,0.29254422,2.7363772,36.580994,754.98224,93.64564,639.49396,8563.126,366.7632,37.121784,432.53864,2761.0996,0.62282306,0.28996688,0.6186363,1.0561869,0.17005974,0.032433532,0.2536715,1.7350168,16.039095,11.047412,14.772136,26.848274,45.34881,25.513763,44.676075,71.00847
600,1974.0,24.929333,10.830205,24.10412,103.25226,1.158597,0.1870808,1.30908,18.238659,647.4438,148.12286,444.3021,3425.144,397.54462,67.32424,363.836,2962.429,0.8492889,0.35121608,0.91506517,1.7334541,0.16456868,0.022694668,0.17908499,0.8942434,14.112412,10.2006855,13.640907,23.487518,35.28527,21.438957,36.68431,48.096344
601,1975.0,13.266082,1.6184354,21.16828,86.24647,1.0971513,0.17819881,1.1899576,13.724108,67.534096,26.605497,79.26589,240.75928,49.144855,4.692323,60.57581,700.3325,0.36538443,0.20403248,0.3578821,0.7501429,0.14887398,0.018963832,0.12662442,0.6038962,13.795127,10.273676,13.268886,21.97033,36.95067,19.994783,37.411907,49.26168
602,1980.0,19.97344,10.1072855,22.473808,131.1028,1.5910717,0.23492666,1.6333587,20.843319,508.1409,161.08199,465.92062,2455.7786,237.60522,47.471027,228.9034,2686.7642,0.857047,0.38285246,0.8920062,1.7230521,0.0818638,0.01864976,0.10517573,0.8085845,14.502979,10.711181,14.387372,24.208166,41.925617,19.607134,38.779945,59.722614
603,1981.0,27.262203,2.678295,43.179718,203.59564,2.2258391,0.20113675,3.2079618,53.991917,54.882427,15.335321,79.68017,600.64185,27.511314,1.9934328,35.944416,188.54164,0.20762587,0.093227,0.19427848,0.34040123,0.15771963,0.01022283,0.2709211,1.9761839,15.261185,10.656507,14.907448,26.95999,46.09761,18.79433,48.797886,70.842155
604,1985.0,77.39903,20.509083,65.81816,224.80013,7.3586855,0.63633835,6.906053,65.82172,5027.113,905.1125,4460.0444,19546.404,635.296,68.26771,704.95,3811.1182,0.886217,0.36952052,0.8721862,1.695975,0.22804928,0.017936537,0.2309032,1.9925463,18.131662,12.156882,17.628984,27.79996,44.805546,23.673967,45.339096,59.014694
605,1988.0,49.132614,9.155582,54.077797,429.31952,3.113823,0.343593,3.6526437,94.656654,3139.6108,271.417,2770.311,15934.121,744.9169,11.988923,685.5625,5039.372,0.8801831,0.16585143,0.9256972,1.5938106,0.34147173,0.016783092,0.30137384,2.5023925,15.530865,11.345155,14.079355,28.561188,56.063396,24.027418,55.11214,79.59759
606,1991.0,15.604723,1.9445416,18.892023,133.32603,1.0963066,0.18034434,1.2492259,22.574518,49.83348,20.023394,58.57884,817.3108,41.17255,5.8139877,48.30257,796.6828,0.42798704,0.20568793,0.44782346,0.7149131,0.062958226,0.011665106,0.059143428,0.71749824,14.631732,10.279262,13.75949,23.601564,33.186886,19.90128,34.375362,47.42348
607,1993.0,40.479618,2.8264968,41.47495,266.80557,2.990569,0.2704795,2.839742,29.036499,97.11185,52.022068,118.87345,395.9349,28.58348,2.6195438,38.761726,206.67256,0.18438047,0.0927985,0.19529302,0.38871613,0.2839252,0.036793265,0.27114314,0.9909244,15.490948,10.779465,14.317627,23.96964,42.619267,29.183773,43.400986,53.016285
608,1995.0,12.748553,4.697323,8.604416,96.34012,0.496388,0.1346215,0.40486804,15.543908,119.91071,56.56953,83.94689,1358.1207,255.68806,30.459997,247.04799,2470.2266,0.9761567,0.3883965,1.0186346,1.7744683,0.075354084,0.01497353,0.05743118,0.66315645,13.097098,10.048549,12.145275,22.450031,33.82575,18.557497,34.907814,55.196186
609,1996.0,18.918438,0.75496805,34.14587,208.49794,2.751574,0.2102676,4.0778594,44.476955,201.38638,68.19008,296.01093,8480.516,128.2563,14.568009,154.89066,1002.9159,0.29857293,0.18920763,0.29199907,0.861344,0.3309742,0.026547063,0.34695598,4.4376416,16.363077,10.969751,17.697483,28.099867,42.063904,19.962534,43.028538,65.90044
610,1998.0,25.316334,10.990547,25.672455,97.55177,1.2764112,0.19158556,1.3720307,18.085062,735.9593,189.23137,578.7857,3625.7866,566.48596,67.8713,497.02795,3368.179,0.8478539,0.36223632,0.89944154,1.7272439,0.20967732,0.026761966,0.24206825,0.9513115,14.224853,10.123811,13.761323,23.617441,35.918056,21.86199,37.29823,46.751644
611,1999.0,40.81936,3.0961158,45.57264,113.67571,4.116609,0.4540923,3.763805,27.505804,769.5264,355.64902,668.0105,1456.9736,205.60666,26.323092,279.29285,1068.3705,0.5155624,0.2764562,0.52331585,0.97997737,0.20402978,0.03102188,0.26812607,0.6816845,16.518898,11.665791,15.43131,25.100603,42.17547,29.774963,42.245613,47.418324
612,2001.0,18.01273,11.181636,15.832664,223.53229,1.3377513,0.21753924,1.1449571,34.95237,379.7366,130.33153,467.7667,9844.111,499.26532,59.699547,490.07602,3810.4094,0.81247526,0.33224064,0.836755,1.5827417,0.12730151,0.02133355,0.17250659,1.9589903,15.728618,10.731289,14.899529,24.500751,34.37732,19.751446,35.346996,57.70873
613,2003.0,128.97255,19.59004,133.37099,469.07834,13.950501,0.7700879,16.442108,91.411545,15343.186,1755.7605,12653.404,142144.88,1531.7411,151.28262,1504.437,7118.8574,1.0439928,0.45136434,0.9807765,1.7902731,0.43799305,0.043059677,0.42275012,4.3333373,19.692589,12.218266,18.741354,27.62448,50.140995,24.775183,47.8332,67.21401
614,2006.0,28.103909,1.7100787,56.797924,254.87178,5.3758416,0.49527705,5.0543365,56.943928,2358.0293,617.0989,2598.522,5122.1733,443.75473,61.490673,474.57645,2005.2189,0.60657585,0.2710209,0.6488951,0.91537815,0.33838978,0.029900523,0.42554155,1.8448287,16.896015,12.336506,15.755834,25.618748,50.792435,27.8353,50.85374,64.4631
615,2007.0,21.02677,3.8116164,24.12492,117.50449,1.5074393,0.16343999,1.6410882,24.004204,878.6269,99.02715,633.97296,23469.443,693.9967,75.180435,530.85474,4106.9404,0.88769317,0.33971354,0.8431003,1.783161,0.18206832,0.018155452,0.2248133,2.169648,14.873082,10.093935,15.021112,25.361876,41.981586,19.037045,39.321407,67.31101
616,2008.0,56.275463,4.844841,51.239235,129.91208,4.432586,0.3441648,3.8236327,26.017788,4.417428,2.9583633,5.11937,212.34663,0.63196874,0.15453374,0.7895282,127.0179,0.037061635,0.01874267,0.04295522,0.20524924,0.117784105,0.024914686,0.14721797,0.9702932,16.153378,11.358274,16.119383,24.608147,39.201035,23.325918,40.955788,49.226803
617,2011.0,4.8554645,0.78312933,9.619417,113.235245,0.6880348,0.12681061,0.49598584,17.365711,50.44705,16.58594,48.366287,598.35266,65.689705,7.202378,81.41756,837.2048,0.3898851,0.18969882,0.39716947,0.7453417,0.1330504,0.018393071,0.1359794,0.7109806,14.263823,9.412343,12.20682,22.830507,28.94002,19.211063,27.196505,47.749664
618,2013.0,15.740512,1.4489338,35.31038,131.01982,1.4744058,0.13928986,2.251694,31.663101,161.02777,31.094822,183.0821,1777.2692,110.79268,8.6460905,130.9691,789.37604,0.3664153,0.17565002,0.3876307,0.6766951,0.1779604,0.01577847,0.3061668,1.7956588,14.742154,10.215826,14.548499,26.242247,42.370724,17.367887,47.249096,70.170364
619,2014.0,7.5178533,2.5648537,8.44604,112.96494,0.6177082,0.1355226,0.49800795,14.862015,181.82077,29.828722,139.55461,1504.5504,294.77856,19.290218,360.3683,3167.121,0.80879414,0.32033455,0.8035611,1.8113195,0.13980307,0.013814036,0.15067099,0.9434091,13.2200575,9.846081,12.342405,21.733395,30.226185,17.44948,28.569262,60.947685
620,2015.0,4.325745,0.47522137,8.925428,144.09357,0.6425906,0.16490264,0.51685023,21.984404,83.96399,34.347435,73.11153,1757.8297,218.5846,45.33976,241.72346,2202.7356,0.675223,0.28602323,0.77927935,0.9971552,0.10194998,0.020484198,0.0965536,0.90753806,14.321834,10.109841,12.626163,24.040316,29.116919,18.77853,29.92942,48.642178
621,2021.0,10.897263,0.41598612,15.2707,101.48531,1.0104203,0.13014185,1.0836542,16.715384,200.0101,44.652237,200.2085,1304.56,186.35802,23.480438,182.35536,2508.1711,0.6609213,0.30905613,0.63337404,1.1177571,0.16238649,0.01855516,0.19230409,1.2312577,14.049375,9.76771,13.396189,22.289703,35.329346,17.889854,33.583084,50.878487
622,2023.0,9.783423,0.44223785,16.788961,84.17361,1.1540694,0.1612635,1.4258227,15.015905,96.393974,27.591928,112.41609,679.45874,69.13547,8.116612,94.3245,1063.4448,0.46115583,0.21987791,0.46674803,1.0983878,0.08297742,0.015392875,0.10108629,0.9968017,14.352805,10.344698,13.843384,21.490084,34.066357,18.119995,34.024323,50.072033
623,2031.0,53.943188,1.9656138,54.79462,280.3977,5.3222055,0.55180395,5.1174355,40.280502,1661.8569,630.7403,1402.3143,4492.197,306.2058,28.969133,279.30667,1606.9158,0.38987234,0.19768855,0.39526927,0.70020133,0.54055893,0.0758555,0.4890375,2.095326,17.267906,11.667163,16.528824,24.894117,45.81104,30.331112,47.105843,55.87074
624,2035.0,138.83586,24.481596,148.18454,390.17212,20.084705,3.582255,20.126637,80.40478,24924.74,12962.257,19476.904,50698.207,1201.0712,235.32591,1110.3623,4425.902,0.7895462,0.42863125,0.7576747,1.3835067,0.44791093,0.14579907,0.42697796,1.8339394,20.24615,14.510825,20.010962,28.72091,56.21146,39.325027,54.65871,70.648026
625,2037.0,22.609745,2.2322922,26.639177,127.36439,2.0698376,0.36345416,2.0570033,22.48639,157.99019,51.601894,148.78984,1119.8049,62.141388,10.808251,62.504776,759.9362,0.40663645,0.19095404,0.4377055,0.6538554,0.089926206,0.023147611,0.07840227,0.8672608,15.587831,11.204656,14.99477,24.022959,36.481968,20.822714,37.777725,50.044655
626,2039.0,12.946535,1.7380605,19.558992,194.65842,0.8423284,0.09920689,1.2505271,31.58642,82.717804,32.19587,132.7899,1306.3746,160.39418,5.6215305,112.10176,520.71545,0.50503683,0.21683986,0.51393354,0.76791304,0.14333948,0.011305238,0.13070731,1.8381935,14.188473,9.925059,13.5081,25.258226,35.14421,17.376425,41.40126,62.946384
627,2041.0,32.169544,2.6998026,32.386696,100.214386,2.2722518,0.32838273,2.0754333,19.482168,178.7226,82.056526,150.48904,519.4625,102.23353,8.808155,111.7427,433.7982,0.33875275,0.15804234,0.3304478,0.6094333,0.22473004,0.029162614,0.28023946,0.73684776,15.047014,10.870453,14.237215,22.826391,41.990982,25.448582,42.751553,53.984005
628,2043.0,72.4237,12.512097,87.013435,258.39703,9.136044,1.0798049,9.853282,53.266273,5482.5283,2991.184,5613.571,7812.878,677.8743,118.79434,672.3762,3103.486,0.9064137,0.4315498,0.91108567,1.6364877,0.20423096,0.0319283,0.176339,0.93003213,18.431139,12.880171,17.879547,26.175343,45.946095,33.908062,47.359634,51.564053
629,2046.0,15.367249,0.5439752,23.00614,103.317856,1.8525233,0.21372195,1.930738,19.464605,338.21536,88.44537,281.75113,932.65344,185.75908,31.504223,195.3414,1186.5385,0.6898202,0.3699274,0.77492493,1.018602,0.085455865,0.020110903,0.0981707,0.57367,15.308742,10.729839,14.332349,22.706305,36.457443,18.359953,36.544365,48.590057
630,2048.0,5.891269,0.84415245,10.695096,91.087906,0.41401133,0.108973056,0.5399501,14.090031,32.23207,17.270935,38.357452,321.99948,77.085846,4.5568433,58.594456,579.62506,0.50541806,0.22708914,0.4755353,0.8759699,0.08426126,0.017520593,0.060553223,0.67078453,12.46878,9.768975,11.7787895,22.098373,26.420265,16.865147,32.664875,57.620125
631,2049.0,8.54512,6.034733,9.689618,121.63815,0.72000915,0.17269927,0.5656124,23.782082,317.46796,76.854324,267.7867,5242.137,653.7729,76.556854,612.5165,6729.4785,1.1538084,0.4228489,1.2024758,1.8800306,0.090878025,0.020846147,0.076948926,0.7385328,14.43884,10.178363,13.095491,23.83233,28.858885,19.06416,25.131506,47.64965
632,2053.0,160.62033,13.789638,159.59906,466.3505,23.216364,1.3156928,22.516256,110.73125,98646.5,4309.372,74003.266,179317.52,2588.3123,141.4117,2700.7473,10371.141,1.2437501,0.5114085,1.2600524,2.1516848,0.6080741,0.055524968,0.7185379,2.9130158,21.059336,12.320608,20.693153,31.504858,52.878487,32.4353,52.820004,66.056435
633,2054.0,2.9673347,0.53891796,7.585962,88.9388,0.5852937,0.11362376,0.47615406,15.308655,42.894913,8.17072,48.82705,628.5195,60.263798,4.4621534,55.14701,661.13745,0.4428472,0.21800657,0.4683202,0.69548416,0.08594593,0.016808642,0.06694218,1.2762383,13.8091,9.630489,13.596115,22.167753,22.430676,16.233826,25.619623,47.519928
634,2058.0,23.092112,0.98834413,29.631897,106.757545,2.2543771,0.32445586,2.426983,19.458353,259.60388,44.88365,256.5169,987.43726,68.30665,10.644901,90.96984,862.62305,0.3840594,0.20275596,0.39636728,1.0379763,0.12563781,0.018106252,0.17195955,0.80704117,15.1671295,11.236083,15.026297,23.91188,42.372833,21.673717,42.353382,64.91867
635,2063.0,111.14212,5.5795007,119.67298,520.9974,18.104881,2.3262491,18.085615,117.434364,2260.5305,1006.5984,2993.7698,9594.481,165.23425,42.840706,207.73776,934.44916,0.37308475,0.21315227,0.3732635,0.69523215,0.27589035,0.06612752,0.30350634,1.662557,19.812227,13.403483,19.48354,29.206673,57.848766,30.144508,57.472027,78.175835
636,2066.0,24.624346,1.2395456,32.912495,91.37794,2.3449383,0.330286,2.6312113,16.317785,266.0527,125.173935,273.05676,388.97675,118.833725,21.231905,134.15993,986.07513,0.535334,0.29890037,0.5259475,0.96567816,0.13489589,0.025355764,0.1580388,0.48077098,15.0244465,11.399289,14.807771,21.64219,40.439472,23.302942,41.52845,49.429626
637,2067.0,14.8980055,2.0481496,26.323912,348.2392,2.117689,0.31832927,2.1044934,19.017,653.1114,148.01767,866.2339,1947.5436,246.65012,23.119925,207.65854,2289.6628,0.80550104,0.38993356,0.71099174,1.4273919,0.11530693,0.01618689,0.1340048,0.800798,15.033274,10.8099165,14.719449,25.011402,37.559483,23.402655,39.060566,48.695255
638,2072.0,122.41161,11.322781,109.13555,1038.3619,17.137054,0.62267095,16.381289,209.24042,43478.023,924.51685,21287.121,178831.66,1333.1694,108.34906,1097.3414,6374.0703,0.72333556,0.36968085,0.6998531,1.239624,0.7468227,0.05248004,0.7017634,5.766764,20.945456,12.092836,20.05807,29.31528,49.12425,22.746496,49.545586,74.637115
639,2073.0,92.63959,2.9686117,115.49674,394.31424,16.276722,2.2933059,15.320215,83.54258,11516.233,3687.6187,9773.924,24253.365,595.15967,130.99359,673.55133,2689.851,0.61349326,0.3191602,0.5945792,0.92423475,0.4058271,0.11383945,0.4383794,1.8275898,19.797876,13.892498,19.734526,29.41882,54.890568,36.726982,54.18583,71.32373
640,2076.0,39.116886,1.1717697,93.63724,787.94727,16.303444,1.0948205,15.596302,164.28294,36821.98,2372.037,25192.295,86589.32,1732.8107,203.9466,1795.2882,5665.5947,0.58281326,0.31553218,0.5978634,0.9812837,1.1233433,0.10470107,1.3865958,6.8110204,21.118568,12.892399,20.802204,29.277353,49.236588,22.448587,50.28301,76.985245
641,2079.0,158.35892,18.715796,143.7884,481.88672,19.004728,2.4185913,18.310934,106.91297,17440.045,4871.1997,18358.207,44662.312,794.5158,196.93657,713.5622,4269.219,0.69974816,0.40073436,0.66687816,1.2477009,0.47228873,0.11880821,0.49074522,2.487821,20.508919,13.641946,20.312181,31.975056,54.263096,33.015945,56.18035,69.18926
642,2085.0,74.70059,2.6943803,100.260506,481.19946,15.104051,0.61279714,15.1501255,97.82773,4985.357,267.58136,4699.936,35400.31,274.3352,25.699085,352.47235,1617.463,0.38684887,0.22115694,0.40056992,0.6909852,0.6854757,0.049773823,0.6955243,5.315478,20.42532,12.127021,19.430576,27.833742,48.240166,22.408705,49.25788,68.51309
643,2086.0,99.56123,11.376211,100.486694,396.6452,11.330007,0.6949995,10.416963,76.19529,15352.114,1301.9812,15224.394,59135.965,1614.029,133.82997,1663.7994,7782.299,1.1821904,0.44161198,1.2592387,1.9255922,0.31063792,0.023829814,0.34419093,3.0583763,19.803759,12.134152,18.516577,28.418322,49.025337,23.271338,48.527756,63.691376
644,2087.0,16.464664,0.92758363,27.65251,141.51233,2.45973,0.42537636,2.4563003,22.096481,505.70407,138.12978,393.48138,3141.8423,232.78807,54.866756,249.40933,1911.7998,0.6813171,0.29322976,0.73285633,1.043736,0.09087794,0.023574637,0.08460755,0.83318913,15.803754,11.484838,15.67759,23.42698,36.972786,20.966133,38.65967,48.385826
645,2088.0,41.32959,1.7518746,57.465763,199.59521,6.578655,0.5499969,6.074432,51.08184,1377.5919,192.88542,1499.9944,8067.7456,292.20703,21.373415,374.80212,1529.4187,0.48266688,0.2219792,0.49598113,0.9095531,0.2769045,0.022604585,0.34788916,2.484716,18.106771,11.8203125,17.489601,27.323498,44.25159,21.81846,45.664528,58.95974
646,2090.0,40.685066,8.817411,44.911823,175.72151,3.3577754,0.3977733,3.76891,39.990265,3797.5059,643.4937,3671.876,18878.438,1086.9084,85.40266,1239.8439,4102.411,0.84657747,0.3575155,0.8181532,1.755601,0.3832766,0.025292862,0.5449455,2.5202856,15.923099,11.58149,16.183493,27.29778,46.822285,23.82619,49.571964,65.759735
647,2094.0,56.469086,10.779319,59.589596,152.54259,6.1771517,0.55970633,6.768809,48.331898,5866.281,785.6587,4058.617,16703.514,758.47437,87.77375,808.8059,3877.9446,0.86392987,0.37811095,0.86970806,1.6611853,0.25897667,0.026220664,0.27778605,1.8511649,18.264503,11.885026,17.653368,27.354345,44.556335,23.556547,44.402977,57.66862
648,2101.0,47.081112,10.333123,50.33942,148.89774,4.2683396,0.46629983,4.292687,25.061834,1072.5259,316.8094,1236.705,3446.6956,339.83582,43.01612,408.32053,2444.515,0.907772,0.4750749,0.8152703,1.6461813,0.101515986,0.016407805,0.10764345,0.5172422,16.956493,11.428299,16.092016,24.29445,39.247406,25.879238,40.188416,49.673042
649,2113.0,9.243907,0.2921414,12.571428,100.64778,0.4776093,0.124520816,0.57535976,15.6037855,65.03362,22.342775,78.493004,488.2604,137.14484,7.7437015,129.54138,972.74896,0.6250581,0.23834752,0.5923836,0.9706098,0.10509943,0.016307645,0.0812468,0.75085986,12.323931,9.714286,11.630189,22.533365,37.48814,19.49024,38.251434,59.16798
650,2118.0,47.68313,2.877464,56.986523,222.16258,5.923327,0.54342127,5.590773,39.945698,1245.9435,450.5757,1115.3584,2906.0781,208.66531,25.61677,188.50899,1078.6953,0.43017265,0.2439723,0.4044906,0.8184687,0.37036404,0.03315512,0.33436885,1.4544498,17.677956,12.208388,16.829296,26.374928,44.006653,30.396978,44.91161,53.010334
651,2126.0,10.547181,0.94779116,13.244671,110.0465,0.72376305,0.16514103,0.73468345,19.330843,90.76792,18.845858,81.73849,1456.6207,127.42567,17.169348,129.34169,1390.3448,0.6019478,0.2951147,0.6502228,0.9259986,0.081458285,0.020487675,0.062367033,0.7243345,14.085802,10.218714,12.885157,23.33778,28.372433,17.484917,31.03886,47.62486
652,2129.0,14.826305,0.96507317,39.838444,196.3393,2.3729458,0.23458152,3.3093219,46.30146,557.8153,120.24103,817.33923,4914.8955,292.23563,19.64595,385.0398,1337.3284,0.54563123,0.24620733,0.53962404,0.96509886,0.23112974,0.01558299,0.36206537,2.045975,15.50423,10.71217,15.16869,26.748556,45.58215,18.625114,49.31282,69.82772
653,2131.0,20.655344,4.756386,22.85003,106.153984,1.6597549,0.22425407,1.7344834,17.947622,362.93787,81.15569,269.92316,3460.2446,251.87709,26.504704,198.86505,2170.5334,0.69245535,0.30750096,0.73581445,1.2963408,0.11699502,0.016900582,0.111957826,1.5104828,14.642651,10.756957,14.682002,23.004984,37.89891,18.117071,37.607857,56.81269
654,2132.0,10.342147,0.7897112,31.04616,183.57085,2.897623,0.24489,3.3042758,32.116943,332.53165,85.66797,362.01614,1427.8167,129.90002,13.643316,114.921555,733.8685,0.5516221,0.2907769,0.5258089,1.0393268,0.08654656,0.013366096,0.1107695,1.3239895,16.206532,10.949209,15.537388,26.398823,37.461933,19.762606,40.754326,51.459263
655,2138.0,27.93024,5.3686504,32.29785,135.76875,2.4414103,0.31487304,2.368793,19.70306,1497.3153,466.4506,1411.9945,6054.564,721.86017,61.848637,821.9844,3676.3574,0.5506727,0.3338012,0.5911892,1.0694602,0.5206294,0.03936877,0.70494443,1.4753076,15.967324,11.58963,15.38182,23.772255,39.849667,22.066122,40.10138,52.91808
656,2139.0,43.943882,7.2299814,47.074,132.24283,3.8679388,0.41613406,3.9884677,30.794424,4519.2207,863.3069,4483.598,17848.84,1100.3752,103.56779,1171.8762,4627.4233,0.8605919,0.36202884,0.9289485,1.8006259,0.41694546,0.030877989,0.38349715,2.7290304,16.875257,11.614932,16.640245,25.880087,41.47972,26.351381,41.775158,50.454346
657,2141.0,60.559002,12.031409,67.304085,329.87936,8.382174,0.6775569,7.714282,71.01901,4352.5376,770.6482,4073.9312,43187.05,716.9995,79.81582,775.9303,3561.6064,0.6803122,0.33584797,0.6871629,1.2374775,0.4536464,0.040940225,0.5013822,4.753793,19.283354,12.165508,18.082062,28.488295,44.68528,22.208843,45.08604,67.009544
658,2144.0,69.18483,14.946439,76.93807,186.72075,8.35229,1.8831449,8.505449,45.92165,4740.983,2409.5532,4538.89,14953.227,756.0043,102.034584,794.858,3016.3008,0.631075,0.38569197,0.6004091,1.2811377,0.40025058,0.05108206,0.45447412,1.336809,18.224974,13.379913,17.689846,26.112831,53.076065,32.265438,52.860867,67.239
659,2149.0,12.188002,0.71243,25.461355,313.599,1.2683431,0.15453342,1.5104595,56.443943,163.69272,68.28496,234.99333,1514.8171,208.08296,10.77196,140.2339,816.48376,0.5261331,0.21096252,0.5282103,0.8705215,0.16670547,0.012886428,0.16120343,1.5801533,14.701154,10.459092,13.52451,27.069595,45.1642,18.649498,49.98147,67.89824
660,2152.0,38.60959,5.4751153,43.270576,139.27827,3.8097456,0.41025034,3.918196,25.765182,644.8391,307.7755,632.9916,1238.2574,198.03911,35.95526,194.95078,1168.9128,0.73121065,0.46935087,0.7027121,1.2138512,0.07572023,0.021601796,0.07172892,0.36560094,16.280615,11.367924,15.921623,22.859241,42.967087,24.478708,42.78617,50.29254
661,2154.0,12.886917,0.5875,23.058456,199.69563,1.012286,0.14487602,1.364301,32.294113,161.0297,62.621357,231.78589,1587.3368,239.47597,10.626687,199.00829,909.9662,0.68888724,0.2973322,0.6737986,0.96957535,0.12775297,0.013662129,0.10168308,1.0216128,14.243323,10.262316,13.488377,25.30443,42.01149,18.879763,46.036785,62.82742
662,2159.0,42.281162,3.7228603,74.425934,437.1338,11.368994,2.1223214,10.039432,87.62989,5529.824,1578.1077,4572.819,18540.664,519.32684,65.81879,519.2798,1663.3324,0.41474476,0.18787253,0.40383175,0.73748344,0.72938544,0.054606892,0.7679966,3.8496094,19.116762,14.254108,18.966993,29.952814,56.433147,34.12498,56.39132,69.94642
663,2160.0,26.276642,1.3633921,30.295649,101.98731,2.25086,0.22820799,2.13845,18.083372,1.0428438,0.3197568,0.7274442,112.75915,0.19221376,0.022746341,0.3208051,174.59956,0.022530945,0.011667353,0.025378335,0.25384647,0.16173348,0.022523696,0.15898687,0.791533,14.753796,10.670057,14.790224,23.370813,40.674004,19.274261,40.00833,60.995155
664,2166.0,50.306942,4.2169614,64.13075,233.89062,6.476607,0.60921335,7.6733503,45.091,678.7528,296.7656,670.1756,1540.5352,108.56695,18.049675,109.19551,636.28284,0.37062994,0.18297726,0.40841085,0.66141856,0.17636701,0.022173777,0.19979453,0.9836936,17.499662,12.191075,16.799305,26.210112,49.157753,27.250313,51.557365,65.72834
665,2167.0,6.0380177,0.63821334,8.4133625,118.86155,0.6522869,0.17017569,0.5364121,22.76132,75.44334,20.792055,91.83717,1363.3529,139.98436,28.40154,143.71074,1935.4326,0.63464034,0.28759286,0.6949964,1.0161124,0.08781864,0.019586856,0.07254711,0.84830886,14.249809,10.263984,12.755267,24.143536,25.92335,17.48736,28.053816,47.609077
666,2168.0,4.45122,0.7644867,5.2632494,80.9108,0.34789035,0.08064504,0.3141506,13.22209,13.047502,3.6035142,20.373674,165.93285,42.887074,2.0808382,47.282055,419.06076,0.37041944,0.15298629,0.3850735,0.6329581,0.061407134,0.013026118,0.06529338,0.5853184,13.009333,9.70217,11.331496,20.803669,23.347948,16.530928,28.08928,49.499527
667,2169.0,11.748281,0.65724504,18.943138,87.77107,1.0744836,0.18134041,1.1699479,14.226431,141.70958,51.928432,163.42996,418.09967,158.46877,14.645795,170.66284,1028.9691,0.523832,0.23255311,0.51075304,1.0117202,0.14452806,0.020315288,0.16946799,0.636524,14.061019,10.137518,12.8940935,23.755949,34.480743,18.544693,35.397697,46.97174
668,2170.0,18.798796,1.4676125,17.826286,92.44701,0.9966316,0.1449281,1.026045,16.565426,20.737997,5.322732,21.935438,174.25449,16.86526,2.8457563,14.274965,204.82002,0.19279039,0.0918598,0.21193807,0.37045228,0.13131902,0.019891229,0.13638704,0.9305138,13.891018,9.8737545,13.285076,22.779951,30.383974,18.204798,31.866652,46.763687
669,2177.0,27.612545,2.8473244,42.751976,366.29883,2.551491,0.2115836,2.9737082,68.103935,194.39992,39.32294,297.26852,2215.9722,118.931786,5.4363046,159.36581,567.74066,0.3110114,0.12812667,0.36177552,0.56676835,0.21624853,0.010492685,0.38776717,2.7916377,15.981672,10.699215,15.116584,28.323154,49.093647,18.150936,49.879646,73.85856
670,2179.0,16.963055,1.5879269,40.644382,161.02977,2.3407345,0.34789488,3.035834,39.959347,88.951645,25.04357,86.986015,426.0535,23.633486,1.5186685,30.957802,281.53207,0.21969016,0.101936586,0.2489796,0.46585613,0.15689892,0.012190942,0.17127895,1.21467,15.197558,10.890056,14.440829,25.411354,54.92257,23.77712,54.415714,72.64554
671,2181.0,40.354645,8.670759,47.220226,204.29573,3.6754227,0.66616595,4.1239634,41.6858,1300.1434,508.28525,1332.8389,6842.306,408.2139,40.735634,449.52368,2070.17,0.74855036,0.3533597,0.69466966,1.3223426,0.23042795,0.016452555,0.2061499,1.2053849,15.905797,11.707384,15.5266075,25.839563,54.68008,27.259926,54.27431,72.52723
672,2187.0,22.966572,5.552971,22.978626,97.12958,1.2191947,0.16810353,1.3769462,16.353218,468.5644,161.94972,374.38416,2058.798,319.23935,58.44375,292.71884,2531.8215,0.7135432,0.32902873,0.71569896,1.2625824,0.19132759,0.028300876,0.2676437,0.97429496,14.12332,10.0592375,13.6652975,23.115862,35.695595,20.8063,37.16096,46.75597
673,2192.0,18.24521,1.7597865,26.68609,151.7304,1.992521,0.3814838,2.17515,27.511744,228.82483,50.005974,196.49075,1969.8373,78.9914,12.201471,86.18238,756.54956,0.33911154,0.15977481,0.3912157,0.659141,0.17204584,0.0208861,0.19748622,1.4997153,15.854099,10.957491,15.217499,25.671854,38.04227,20.960638,38.56537,55.57371
674,2193.0,7.7814918,7.038904,9.542431,148.8875,0.72161704,0.17011715,0.6246822,28.93716,154.50471,91.730644,163.08961,3499.424,320.08884,41.36907,332.7109,3284.321,0.7732298,0.35809046,0.86869395,1.5929452,0.11182275,0.020449527,0.10645008,1.0866742,14.598929,10.2099,13.113183,25.786718,31.42972,19.672134,31.733446,49.601376
675,2196.0,50.863136,3.7946033,60.986,178.35992,4.9500184,0.4645549,5.7907605,35.594128,222.91217,83.505295,236.93546,597.86865,59.782646,11.375605,56.03357,404.80212,0.35638157,0.17743848,0.34276497,0.5920138,0.14616133,0.0324077,0.13297963,0.55689263,16.442259,11.34735,16.014254,23.98171,43.270508,24.290714,44.231586,49.221317
676,2198.0,26.254772,2.4818394,30.41186,402.02347,1.6090313,0.21000236,1.7922103,66.146,174.97913,39.05947,207.26787,1440.2727,150.69922,3.9453857,173.93495,799.34265,0.42704383,0.115162805,0.43246636,0.748546,0.21698864,0.016656553,0.19516028,1.7292364,14.328751,10.840879,12.694027,27.71662,50.13035,21.631886,50.74091,72.38653
677,2206.0,45.65717,4.511928,60.474625,229.58682,5.3978415,0.38034275,6.143437,41.821583,5976.0415,691.94,6066.644,14932.306,907.49457,129.75597,899.8915,6068.918,1.3834685,0.5560557,1.5345055,1.9621674,0.13815387,0.02390319,0.17425288,1.0443933,17.614946,11.598777,16.948353,25.745863,41.757877,21.774902,42.161713,53.37532
678,2220.0,69.02196,14.2724905,63.25918,232.96999,7.169002,0.54531807,6.767392,58.602978,3173.9456,346.01837,3242.997,10312.055,446.9576,58.937668,497.60544,3097.5635,0.673323,0.31555015,0.6607317,1.195158,0.4081821,0.019863619,0.3651801,2.5586371,18.081173,11.89906,17.648575,27.492828,43.639484,22.46287,44.48366,60.311863
679,2225.0,37.37377,1.823109,39.694626,138.16698,3.0334735,0.35964355,2.667811,24.970509,1034.2832,513.41406,959.68616,1705.6205,394.0366,49.739574,457.89102,1699.7286,0.66156363,0.3144105,0.6656706,1.0632633,0.1967108,0.028978493,0.2821605,0.6404298,15.724291,11.308732,15.053181,24.998947,42.68683,30.247322,42.086514,49.61042
680,2226.0,7.619053,0.8772653,19.320522,106.06818,0.96593875,0.1590058,1.1732061,17.078274,68.428024,23.485477,73.52304,428.70255,61.81166,8.060009,56.75991,682.03485,0.4391692,0.20472924,0.43848065,0.912133,0.07929037,0.012908937,0.06618774,0.7750275,13.328248,10.134314,13.087692,23.291302,37.667168,18.394512,37.57539,58.123783
681,2230.0,29.610811,6.6821856,47.8751,183.9249,2.9631667,0.47826797,3.78807,48.193108,972.8445,348.1673,1133.382,3077.0303,313.1219,37.046585,361.7416,2036.438,0.9072836,0.3867095,0.79273987,1.7637311,0.124308504,0.009580175,0.12758723,0.7731176,15.8777685,11.432428,15.072107,26.19176,53.432186,25.442438,51.60233,70.35487
682,2235.0,20.123514,2.8974793,25.32266,125.07818,2.086394,0.42051405,2.2309992,20.835169,150.54402,34.303326,168.24753,1183.815,71.76795,12.297052,72.78379,778.8273,0.4708657,0.23978163,0.48463643,0.7949708,0.08261568,0.017287277,0.0722457,0.66684043,15.610498,11.389212,15.157519,23.222511,33.093727,20.522774,34.36458,48.03971
683,2236.0,17.157675,2.226726,23.815388,91.519875,1.6784387,0.2609978,1.4998077,16.168018,175.64102,66.269035,173.50569,371.75967,118.15181,8.093449,142.53717,901.05084,0.4559171,0.2022454,0.47434068,0.95139724,0.14968747,0.017333426,0.15542768,0.64177793,14.525857,10.628499,13.66007,23.530367,37.758835,22.709595,38.791306,47.519157
684,2237.0,16.733562,3.306189,16.827404,119.15744,0.85837233,0.14788617,0.9171509,19.774408,21.502687,7.457661,30.810677,566.89856,34.275154,5.64853,33.214737,429.4809,0.39008093,0.20089938,0.41641057,0.60747707,0.057189204,0.0139733115,0.041267894,0.63261026,14.104405,9.879734,13.399561,23.028996,29.333796,17.365046,32.157146,47.15884
685,2239.0,66.37564,4.8214235,75.943016,447.8752,12.344843,0.6858839,10.830166,87.88996,143.02669,40.76483,272.9447,2292.4702,19.19039,2.1468916,30.333961,209.9458,0.119252995,0.07791627,0.12339762,0.20798805,0.2464775,0.033298653,0.31440806,3.5049422,19.30674,12.344752,18.892853,29.860144,46.782597,21.575626,49.482327,67.26051
686,2242.0,66.95942,6.4000893,61.83961,230.87212,5.720714,0.5837989,5.531261,57.768974,609.62976,149.42941,580.82916,3169.0698,153.15547,15.237449,172.226,726.4766,0.3389998,0.15614025,0.35322315,0.6167071,0.32448918,0.030408412,0.3247144,1.730021,17.323595,11.586049,16.254374,26.096254,50.265594,30.376665,51.473454,65.507805
687,2244.0,7.04757,0.6402269,9.259434,123.44566,0.6285223,0.16176833,0.5333049,20.48689,83.791565,22.041283,91.047386,1630.2982,169.45177,39.8445,163.71808,1973.6301,0.7341402,0.3772214,0.82016236,1.0319501,0.061192043,0.016769797,0.04914688,0.7613516,14.298841,10.108089,12.769689,23.41937,26.181747,17.287107,28.785952,47.53729
688,2247.0,12.311926,1.1165863,20.433315,90.466286,1.1130997,0.18297413,1.1302626,14.398901,146.1615,31.603943,139.83105,436.8808,109.91455,8.727948,111.734024,830.0814,0.43152332,0.19413218,0.4511451,0.82731205,0.1854877,0.020914614,0.18369572,0.7151206,13.95193,10.272519,13.181953,21.796272,35.62557,19.12671,36.22599,50.498566
689,2250.0,21.852833,3.4385796,30.075369,198.79222,1.7878795,0.3426369,2.396309,32.86627,115.149475,58.256496,156.60036,2462.4163,78.64634,14.490592,100.41825,1062.6532,0.4172763,0.22694382,0.43548253,0.6704765,0.08991519,0.019003173,0.14218947,1.7803375,15.965884,11.231128,15.241621,24.300648,34.99841,20.040863,36.806698,56.60895
690,2255.0,31.098354,3.8232288,31.354118,160.95921,1.6188141,0.2688274,1.975204,32.46697,69.70584,17.988739,71.48928,142.79793,39.836323,1.3692406,33.87341,287.53964,0.29022938,0.14157516,0.27087528,0.44859058,0.07644373,0.0093904985,0.055408657,0.55031216,14.551799,10.590908,14.048016,23.4178,44.154366,23.945515,46.37299,57.439537
691,2258.0,108.480576,24.913136,103.77303,705.62067,14.290227,1.0754302,12.119831,159.74799,24334.129,1706.7114,18010.34,55208.164,866.5148,58.060654,1065.5641,4082.3005,0.70275897,0.37760615,0.6712534,1.5652169,0.59428895,0.019522842,0.6102696,3.6582117,20.7588,12.169735,18.869846,33.520092,51.748795,33.478004,51.400795,68.11146
692,2259.0,12.0858555,0.630729,16.59094,83.83309,0.97822934,0.16259895,0.9488028,14.101578,152.07278,28.809582,155.93987,525.9288,132.0745,22.738634,151.45276,1987.9166,0.6536705,0.2772045,0.6906483,1.0505797,0.08325678,0.01626625,0.094570406,0.6626613,13.867779,10.004691,13.239014,22.031628,32.16181,18.715847,33.519245,48.342934
693,2262.0,12.009311,2.5587506,15.18295,98.89531,0.73682636,0.13633211,0.72327936,17.648819,23.58583,7.306242,22.67804,455.83932,36.556065,3.5948172,39.83692,422.8722,0.34628478,0.14478002,0.3935015,0.633542,0.07047429,0.011774762,0.06973837,1.5229834,13.422546,9.845658,12.749342,23.175325,34.091484,17.986393,33.386868,55.2668
694,2265.0,38.442642,5.9422545,40.544987,148.60124,3.507198,0.4388724,3.6477883,34.30744,152.39725,40.827934,209.35211,1250.7855,46.90391,6.5641613,49.655247,489.57782,0.33667558,0.15827101,0.37278938,0.5915957,0.083046176,0.013780764,0.08863006,0.9787419,16.623888,11.394172,16.026382,25.327253,39.634655,22.558392,41.35369,50.49786
695,2271.0,75.72229,7.8827734,68.18043,271.7165,6.2406535,0.55146414,6.161326,61.956287,636.52167,230.83073,612.129,1673.8779,136.95251,14.070787,149.389,553.5863,0.31851983,0.16047572,0.3307396,0.58486086,0.30861613,0.032592516,0.32013053,2.120907,17.224243,12.037859,16.26141,26.521639,48.379864,33.353794,49.09563,56.3117
696,2274.0,34.006836,3.999585,46.902893,325.78705,4.8548365,0.3260241,5.512544,67.90147,583.0357,201.66344,688.5427,7891.2427,170.58011,12.237303,249.3412,1033.6522,0.35179362,0.20140703,0.38827765,0.7275769,0.2674543,0.026186919,0.39169833,4.108121,17.596977,11.785698,17.201345,29.273613,44.947155,18.238445,47.22933,69.42093
697,2283.0,10.95095,2.5080016,14.428573,92.48999,0.70924026,0.11405485,0.7141351,17.960989,13.845476,3.4535882,14.815621,147.77562,23.39395,3.3811722,22.636211,363.85992,0.26380742,0.1257784,0.28033286,0.51247734,0.055615164,0.012882434,0.056510158,0.9561282,13.825564,9.565154,13.295261,22.898096,27.971714,17.171396,29.333004,47.140083
698,2285.0,82.959465,18.769812,72.34821,271.83002,7.3418465,0.6850955,6.696938,65.789894,5959.73,2127.2996,6023.9463,13553.221,736.0049,74.55117,805.4649,3507.9246,0.69738823,0.3898936,0.72657025,1.2124425,0.3294491,0.051525325,0.32783327,2.3479125,17.85121,12.509399,17.06493,26.817614,47.56241,34.210876,48.74677,55.94729
699,2287.0,42.419914,3.4417453,59.033974,283.26904,4.7663393,0.46373615,5.7079897,67.82756,536.9348,208.47496,671.84735,3498.7935,163.5157,14.921556,164.58684,915.86163,0.42037585,0.22489038,0.40932593,0.8356828,0.24700084,0.012552124,0.24819097,1.521721,16.70983,11.348105,16.348885,27.86878,52.109688,27.211666,52.404495,74.55435
700,2290.0,42.328102,5.080132,39.083744,125.634865,2.7840633,0.35372272,2.4404156,20.100756,262.76337,162.04128,235.68785,620.84015,86.625534,8.97483,115.28541,412.19095,0.3566046,0.16721572,0.3628525,0.64925253,0.17813565,0.029712535,0.19270824,0.6526994,15.46539,11.104211,14.7485485,23.125257,41.18452,28.63493,41.411087,48.03803
701,2296.0,29.238258,3.87207,29.933712,152.54768,2.5195994,0.36633545,2.6794574,24.710754,57.978897,13.977145,75.24861,441.45428,27.014717,4.4205203,30.36266,349.56564,0.34187415,0.16176149,0.34023392,0.4714066,0.061619755,0.014200081,0.05006532,0.6371646,16.15493,11.091358,15.523962,23.698921,32.6312,19.801067,34.7504,49.33274
702,2298.0,7.8420215,1.018995,18.122538,105.49557,1.1228317,0.18395907,1.1431125,17.225527,76.45471,27.630367,68.61037,414.64606,49.163876,5.326031,50.44705,696.77106,0.39557484,0.18629725,0.41566524,0.6997695,0.084350206,0.013740693,0.08675381,1.1081752,13.43195,10.393268,12.976916,23.561697,37.975014,18.044437,37.328022,58.969166
703,2308.0,17.150427,2.210821,19.975529,94.128204,1.4674749,0.17718825,1.4842186,14.206958,0.088645704,0.047577668,0.08706379,62.65965,0.055977333,0.005772565,0.08561371,123.94153,0.014155003,0.0053496105,0.01663769,0.22775126,0.076724276,0.012275055,0.06958042,0.6224659,14.283011,10.338593,14.1875925,21.880915,33.22341,20.693222,35.457024,55.15225
704,2311.0,15.614556,1.8888397,24.043694,78.84764,1.553769,0.19760114,1.7364807,12.196632,90.30987,38.98025,95.51667,251.16382,56.35508,8.925448,54.588272,539.77997,0.3850212,0.22471653,0.37905166,0.73687935,0.10446098,0.017375737,0.106189825,0.44452903,14.537938,10.658723,14.0976925,21.543795,36.97147,19.641176,37.173763,47.87156
705,2318.0,10.878573,0.8173214,14.618375,127.72843,0.78739876,0.15584193,0.8391574,19.575825,53.68664,16.082664,61.460392,833.5376,79.33396,12.467008,67.54749,757.0165,0.4955178,0.27288905,0.53255427,0.77451336,0.08124068,0.02002554,0.061174434,0.62800986,14.061209,10.025988,13.140175,23.230396,29.129314,17.191774,31.456396,47.249382
706,2321.0,5.1546855,0.6966366,15.700006,88.92942,0.8865138,0.15800293,1.0722035,14.210142,74.66647,29.543219,61.871025,388.47165,69.83696,8.106161,60.025326,616.99115,0.43788305,0.21922249,0.468144,0.7847512,0.09959716,0.020624125,0.09643337,0.74544555,13.893717,10.06694,13.146577,21.984947,30.359848,17.222942,31.478283,47.162033
707,2323.0,9.136801,1.2306617,24.225122,89.087265,2.1738062,0.32343957,2.0853357,22.401554,141.57079,57.108,170.07394,322.4071,55.61636,7.4296346,72.14937,439.54016,0.45716688,0.2769686,0.44893888,0.7276271,0.07349082,0.019091705,0.08885669,0.40664154,15.426757,11.158595,14.382713,25.609875,36.79625,23.642004,37.48992,48.302204
708,2330.0,32.139923,3.1489818,38.91648,177.67168,3.6591938,0.33526525,3.8898132,37.276352,257.5335,70.34155,297.8825,836.5364,91.936935,14.413914,92.401665,452.66608,0.36828145,0.17399496,0.37652045,0.60369486,0.20085423,0.020787133,0.21542773,1.3179988,16.307308,11.495469,15.719596,25.29331,41.418148,21.397745,42.648624,52.126835
709,2335.0,25.430428,2.7035007,35.048744,99.75303,2.4761205,0.2970004,2.5817857,20.475185,75.55303,23.958025,84.4531,286.26855,40.988277,6.2859244,55.499744,342.115,0.29472625,0.13859618,0.32050264,0.53875,0.09607303,0.016492471,0.11587161,0.7194146,15.348869,10.976534,14.695646,23.213726,41.24411,18.503681,42.80858,50.524452
710,2339.0,11.605656,1.6120462,12.683977,91.1705,0.5814599,0.06598869,0.9896036,17.425077,51.177315,7.3628645,56.9126,398.34653,53.720142,4.3789244,50.707726,401.21765,0.38544908,0.16991486,0.3884354,0.57264704,0.0871828,0.016770903,0.08138916,1.2449473,13.964405,9.473488,14.206465,22.159092,26.834606,15.336677,30.751842,46.5409
711,2341.0,6.4107113,0.9014863,11.144059,115.01985,0.5935144,0.13128798,0.53862494,18.749403,12.676396,4.517201,18.079441,334.00256,28.550406,4.7298284,31.454998,421.69888,0.369985,0.16810052,0.38853842,0.52857506,0.06617854,0.016759949,0.05297466,0.62202615,13.968659,9.70906,12.615921,22.895422,25.75193,16.997252,29.076817,47.28416
712,2343.0,21.634243,5.810351,20.373213,102.043686,1.2288156,0.19430542,1.2701265,16.575665,358.5661,125.20342,255.6521,2155.9285,298.331,27.792942,221.64127,2538.895,0.88131326,0.34643015,0.88196605,1.7034249,0.10592352,0.015628904,0.10653056,1.1766622,13.415127,10.642071,13.273097,22.76599,38.177734,18.098364,37.65708,58.010464
713,2348.0,24.923212,2.8783047,33.12579,123.19757,2.282434,0.28362438,2.5321372,26.943445,68.58387,16.988302,79.06307,217.83824,39.465233,2.5566034,52.894512,324.3396,0.31717274,0.13281222,0.335002,0.49115002,0.08085365,0.011856,0.09187137,0.6779523,15.405252,10.833509,14.469139,23.261219,39.981388,18.936682,41.51694,50.23741
714,2349.0,26.81767,1.9332412,51.068943,233.27899,5.28362,0.40853888,5.069278,46.792477,304.77304,53.926853,233.69363,5217.663,111.62463,8.816992,186.12065,811.3229,0.3098694,0.13284923,0.3353386,0.6348295,0.38544956,0.036031518,0.46099973,3.0251334,17.823278,11.134812,15.774868,27.875471,43.140152,23.24342,43.43378,65.16335
715,2352.0,31.820671,3.0394926,36.139446,103.18704,2.4110923,0.28941193,3.0418682,22.414303,63.80474,25.356604,77.10651,296.0582,39.223797,3.822478,47.284985,314.14496,0.31598604,0.1599761,0.32998794,0.6110637,0.11599282,0.013296692,0.13649677,0.4731206,15.320997,10.82796,14.962197,23.730833,43.42643,19.807278,46.12589,65.17108
716,2356.0,13.707819,5.0249076,11.308827,163.57047,0.7169276,0.13051094,0.5639382,22.090689,193.87503,131.2045,241.24275,4390.0396,531.31006,63.814358,503.39706,3697.923,0.81553733,0.4209964,0.80245334,1.6860868,0.15593298,0.02638652,0.1795077,1.4893382,13.742931,9.797339,13.096887,22.79067,35.16913,18.733105,38.276577,58.843
717,2358.0,7.35456,6.32233,9.460774,141.52489,0.707281,0.16963264,0.5582601,23.544542,188.63408,85.79604,175.63306,4192.922,386.79535,52.74132,434.39966,3375.6042,0.79615265,0.3708228,0.8562972,1.5846715,0.16899942,0.020680154,0.18612714,1.2645056,14.525814,10.258729,12.993456,24.472977,31.756655,19.511278,28.5506,52.835506
718,2361.0,20.274334,8.074541,16.225586,115.33857,0.8801304,0.17618664,1.0705634,19.600077,189.49016,80.03331,241.35124,2926.0928,289.30594,51.770206,280.34277,2853.899,0.97454804,0.48586112,0.9888698,1.6220016,0.07131952,0.021934386,0.05215239,0.6750812,14.394209,10.251552,13.890559,23.249569,28.945194,17.899227,31.070496,47.946472
719,2363.0,6.754983,4.796848,8.502387,115.30025,0.5321198,0.13939708,0.4763185,18.700779,116.31194,41.24907,151.5656,3220.1853,309.01367,50.739437,300.46014,2688.9766,1.0194217,0.47896883,1.1141557,1.6499307,0.07452231,0.020382583,0.058048405,0.6512083,13.953985,9.986381,12.463455,22.88847,25.527771,16.878439,27.68945,47.317257
720,2364.0,30.932076,7.1423054,28.5052,98.435745,2.0706012,0.2917642,1.9420209,14.461714,1041.3748,386.15125,848.01953,2364.9558,645.2078,60.410007,713.5727,2656.9104,0.75038457,0.38468543,0.71896946,1.4618033,0.28280056,0.032818347,0.31411356,0.90598214,14.941345,10.854163,14.31866,21.811243,40.00934,22.486961,41.094135,53.26742
721,2365.0,15.233811,2.0329654,14.637292,127.41588,0.8076488,0.17522626,0.7866886,20.37831,22.228481,8.113013,27.905819,569.46045,38.78625,5.6159954,42.674915,477.16278,0.38540053,0.16042225,0.41181043,0.61827075,0.0750659,0.014601408,0.06220065,0.69472253,14.1278715,9.967479,12.973032,23.128885,29.79853,18.478188,31.788286,47.214134
722,2369.0,44.319977,3.4705722,51.965157,194.49365,6.0075097,0.47332302,6.0028534,34.410027,2442.0134,150.80959,1832.1975,4608.855,199.38022,19.885618,195.31578,947.112,0.2821706,0.14571619,0.29416227,0.6124527,1.3439823,0.043669645,0.93553823,4.776364,18.175095,11.819668,18.841034,26.000315,38.996975,24.697401,41.34511,50.80608
723,2370.0,26.938948,5.795354,25.999136,121.76582,2.2936282,0.42125663,2.5148132,22.961864,553.50214,203.18619,660.5917,4929.7666,329.1514,56.652622,350.54495,2321.1174,0.98354596,0.48380965,0.98683894,1.6718736,0.084080845,0.022029035,0.06398201,0.6890523,16.119251,11.468527,15.583264,23.383213,33.22555,20.31327,35.007748,47.787178
724,2371.0,17.525291,4.7548084,19.488426,87.71772,1.244461,0.19419083,1.4898936,16.058605,408.4127,107.58808,347.94058,2799.522,336.50534,37.035698,329.1784,3275.7034,0.6696571,0.31516293,0.65181994,1.5695767,0.20714608,0.0197177,0.24463616,1.659485,14.369983,10.54276,13.997212,22.19633,34.122334,20.297014,33.074135,53.494366
725,2372.0,22.094717,7.6919994,20.776648,124.79996,1.1223027,0.2581005,1.4425906,20.055944,203.8455,122.17835,284.9981,3185.481,297.0057,41.061764,290.13235,2440.6619,0.92118376,0.48230314,0.9351935,1.6577926,0.078765154,0.021943843,0.055926945,0.6343941,14.69921,10.413841,14.422779,23.09099,30.426035,18.54229,32.543472,47.204235
726,2378.0,13.070465,2.1842153,13.611233,195.99301,1.1448867,0.21752878,0.8876883,30.527773,36.58287,13.39679,58.408974,1142.9213,54.200573,10.35005,76.80828,676.04987,0.32956204,0.14583038,0.35742968,0.5267075,0.13472319,0.020390479,0.19276036,1.929246,15.3612795,10.701881,14.120723,23.984533,32.531918,19.28013,32.108517,56.681267
727,2379.0,17.4791,4.771086,16.07825,84.150764,0.99742997,0.16095743,1.1178168,13.055401,179.03018,67.50204,175.21408,1128.2153,217.07301,26.914906,175.01534,1960.0219,0.87170655,0.4485797,0.88301396,1.6873535,0.07979978,0.018351566,0.058531605,0.5366776,13.7993555,10.200854,13.634453,21.482727,31.761972,17.139664,34.21347,46.236744
728,2381.0,13.667459,1.9941977,14.28003,121.07129,0.7718598,0.15841444,0.79096305,19.662607,18.939255,4.983379,25.23399,397.91522,29.631416,5.006022,35.23323,420.72052,0.34536168,0.16090046,0.37526944,0.536422,0.06774259,0.014459151,0.05108727,0.6585761,14.05417,9.916684,12.9854555,23.198399,29.724817,17.893478,31.807407,47.272057
729,2385.0,54.873505,4.8201466,57.977158,189.39069,6.9091535,1.1080761,5.8925085,41.236664,1507.8281,309.51196,913.80524,7625.4614,193.37758,24.835772,224.1937,792.7142,0.23843516,0.115323,0.24906394,0.48610353,1.0382451,0.047083326,0.948185,3.3517256,17.959623,13.238678,17.862644,25.748892,49.506054,30.705702,47.78758,62.453472
730,2386.0,31.935078,3.1928446,40.84299,170.6084,3.5126936,0.38145405,3.8007405,42.19047,225.78888,51.736126,265.05893,882.92,75.25023,8.566089,94.71093,468.97052,0.29604715,0.1413121,0.33900464,0.52651584,0.1987335,0.022623114,0.24125822,1.4933399,16.247013,11.282211,15.601294,25.865871,42.994278,20.868483,43.969864,51.437
731,2387.0,10.889243,4.7622404,9.545892,92.88817,0.67137563,0.13798171,0.6022732,16.053606,129.90044,65.36332,96.26913,1785.485,289.56195,42.259132,211.32089,2629.6626,0.8213228,0.35390648,0.8771641,1.7334086,0.1416096,0.022490228,0.13404009,1.0189122,13.749159,9.863414,13.027587,22.342625,28.493439,17.927074,28.52944,47.23784
732,2397.0,13.131324,2.8592505,13.218178,100.02347,0.5363382,0.13839413,0.64348036,16.699848,281.0976,67.83629,239.17894,1626.4539,387.40686,31.288464,279.02368,2754.8396,0.9494372,0.35646296,0.90726453,1.6905634,0.1281696,0.018810414,0.109172314,1.2474943,12.558453,10.089918,11.76224,23.092293,34.753906,16.792833,36.902775,60.936653
733,2399.0,5.217912,0.515328,15.420194,143.53363,0.58976156,0.07339454,0.96808034,23.289188,59.42621,25.73372,119.82218,1915.787,104.14909,4.9489417,91.48192,662.50714,0.5461441,0.2637672,0.57710785,0.80053395,0.088191554,0.01006209,0.07700949,1.5067005,13.64323,9.822491,13.420239,23.632307,31.124685,16.441257,36.504124,59.447693
734,2402.0,44.334805,4.19363,62.157036,202.53835,5.564709,0.47367677,6.638173,40.59211,399.26483,111.68261,479.9126,901.8418,92.613655,14.736696,84.03084,421.68643,0.3480054,0.20141481,0.36423177,0.52023536,0.16377054,0.036687165,0.1429673,0.9075526,17.06598,11.653629,16.564215,25.316849,44.525696,27.896673,44.965588,50.817146
735,2404.0,53.15048,3.5223782,63.479458,203.9753,5.4460115,0.57987356,6.3039584,42.26262,205.84483,68.158936,241.59406,419.43137,44.261223,7.6550336,44.208775,499.76498,0.2654249,0.1461938,0.27309558,0.49382845,0.16322215,0.025782792,0.16418257,0.90246093,16.863232,11.504359,16.616179,24.620241,44.84928,28.384045,45.309593,52.25675
736,2413.0,67.05742,2.618695,54.088978,784.93225,6.3199806,0.45384815,8.233645,116.740326,164.79478,37.078945,227.94041,2899.086,37.56685,1.385284,96.614586,733.42365,0.19628765,0.07296855,0.20785506,0.53918034,0.13889146,0.030709539,0.2698674,2.6331563,16.39557,11.740363,15.578557,29.14508,53.68524,20.791441,54.209625,80.78274
737,2415.0,26.680893,1.7123414,43.200825,162.40894,4.0261726,0.36403057,4.5072584,29.288504,406.01788,157.65868,435.3905,896.8372,93.720825,16.66379,96.819016,676.20337,0.41160074,0.22740346,0.42567402,0.70280474,0.15009534,0.03290125,0.15070003,0.6751347,16.38995,11.453684,15.610897,24.114895,43.021164,26.909565,44.0082,49.842983
738,2417.0,56.967503,6.936115,76.54832,321.07666,19.42138,2.683413,17.407808,90.63925,16235.025,5184.065,20162.469,48841.11,697.7056,92.514915,851.4527,2051.2527,0.2665403,0.16665459,0.2694242,0.56550515,2.7405243,0.21685673,2.7562609,8.697227,26.374073,14.864384,24.866455,34.148144,48.10711,33.266315,49.462524,68.23046
739,2418.0,18.594257,1.1774203,33.693867,135.66475,1.6401025,0.19711237,2.1887677,29.367113,202.10893,49.093857,290.9521,2304.9749,141.07999,13.790762,164.9577,889.2603,0.39157686,0.19670735,0.38945344,0.6999961,0.21559499,0.017336292,0.28579056,1.7471273,14.6880245,9.98229,14.484732,25.080135,42.68036,17.153318,47.356216,67.27339
740,2419.0,28.084364,1.5201638,34.733448,266.2329,2.6313117,0.31757548,2.284522,25.745178,508.01218,188.66277,487.62195,1927.0267,142.34659,10.7465105,182.69376,982.6608,0.38427636,0.21992014,0.39315885,0.71738726,0.26548195,0.027056018,0.33028784,0.9504941,15.602397,10.754083,14.283055,24.982418,41.858997,29.634134,42.176964,53.645954
741,2420.0,37.6939,4.334886,76.00156,447.34888,9.139899,1.0136476,10.718137,90.65888,3830.2405,1272.2175,3239.5105,12755.298,338.26263,41.503723,291.90833,1632.7051,0.38843852,0.22765297,0.40280628,0.66171235,0.5595626,0.051818468,0.42594954,4.7848425,18.717514,13.200804,18.728788,28.430023,49.014496,31.667786,50.16853,60.759075
742,2421.0,63.530113,4.253144,80.29971,270.41232,7.9416943,0.5889689,9.272563,56.582695,621.31134,79.30004,590.21277,2800.1733,66.80376,12.95775,73.28618,589.0828,0.30046678,0.1330344,0.32732162,0.61970073,0.19855113,0.019821122,0.2079097,2.4838157,17.970232,11.888473,18.396187,27.951561,46.1852,23.708893,48.339806,58.583195
743,2422.0,16.454063,1.1764677,23.687151,133.15538,1.7222883,0.3485107,1.7999542,21.878405,30.743795,9.901858,38.530655,319.2331,18.026554,2.5678854,18.473583,209.27693,0.22009492,0.09930168,0.2391313,0.3607741,0.09218269,0.016106062,0.09572322,0.8026785,15.112804,10.915334,14.478378,23.814545,37.09102,21.165388,37.2177,49.346878
744,2423.0,40.305595,4.1689234,59.824707,278.00415,7.816788,0.43274835,8.327276,59.772385,2294.7988,137.57642,2012.2494,5728.947,178.77817,13.014127,226.99895,847.33124,0.269312,0.13417,0.27693972,0.5266585,0.9656252,0.02378695,0.8823965,5.327712,18.760914,11.638784,19.700989,27.657589,44.795418,21.84044,47.424484,58.83789
745,2424.0,103.28288,7.8841066,118.79587,497.6925,17.152702,2.581448,15.669081,122.20247,2665.2812,943.3463,2435.9612,5843.7285,175.00081,24.875025,239.16765,859.57104,0.26334435,0.13565703,0.28477788,0.47032496,0.597584,0.108504415,0.65092564,2.3903098,19.845074,13.756835,19.626295,28.892654,55.538876,31.013994,55.854862,70.10504
746,2428.0,20.810608,7.6100645,23.793283,135.72984,1.6367329,0.36043462,1.7381256,21.743544,565.8062,203.98346,588.34814,4422.4966,374.5754,62.349747,382.41556,2852.0476,0.8556917,0.38521892,0.90002316,1.6386865,0.11167217,0.02509891,0.09927105,0.85861886,15.119609,10.987084,14.512123,23.978058,37.098263,21.596905,37.926006,49.34434
747,2429.0,87.37054,5.0302997,107.10289,458.7974,14.945928,2.4369864,13.687771,111.83722,1051.0433,419.12228,940.64044,2827.1216,78.21547,6.202934,108.39463,402.1855,0.21200253,0.0961752,0.21374048,0.3684585,0.4031343,0.040601563,0.44203937,2.9996693,19.873938,13.761237,19.08903,32.1594,54.92892,36.089336,54.165085,67.98146
748,2433.0,42.295265,1.852077,66.757706,388.87625,5.3563824,0.4985078,5.5441413,75.8737,201.04356,63.269554,238.50871,623.44836,35.851513,1.4368966,43.163235,361.52866,0.21005863,0.078055166,0.21838085,0.3439433,0.31542602,0.014844471,0.35009032,2.2826972,16.956244,11.823112,15.642577,26.535404,55.11575,22.888788,55.02501,73.13333
749,2434.0,59.995167,3.9367042,86.13916,401.1185,12.9672985,1.7698994,11.6622925,65.951775,760.6961,378.82584,715.30853,1783.5328,72.00519,9.096937,89.16755,307.96326,0.21344519,0.10490294,0.21972251,0.33865073,0.42084858,0.067381926,0.46232826,2.7316282,19.293087,13.160559,18.15775,29.908146,51.034683,38.05685,51.037148,61.08577
750,2435.0,57.088783,3.850077,69.81511,293.76855,6.920109,0.54315084,7.1820416,59.304543,542.7019,64.88265,560.3632,1989.9537,67.304115,9.589874,76.24639,565.0499,0.30185154,0.13694325,0.33772355,0.52265155,0.19557591,0.01841821,0.21651019,1.96884,17.65184,11.79152,17.25395,27.951033,44.868607,23.293667,46.27442,56.777477
751,2436.0,23.526758,1.8025353,30.632738,88.510895,2.2457724,0.34782165,2.1946943,14.12908,131.78714,77.14346,137.03412,325.18066,59.68774,6.7328196,71.706894,661.49036,0.347714,0.19926153,0.36284503,0.6701223,0.1613354,0.032974746,0.1387754,0.7597224,14.854556,11.084507,14.2615185,21.208523,39.56576,24.240686,40.524055,49.972595
752,2437.0,63.056854,3.4317656,82.69465,388.91757,8.190663,0.5395368,9.071032,79.23744,328.87607,79.25108,340.5814,645.1322,35.524258,4.1782928,35.99204,240.61191,0.23040609,0.11083187,0.24108028,0.36068967,0.18341975,0.028823676,0.2039774,1.4134388,18.086966,11.950663,17.103657,27.383345,51.51917,23.24176,52.781452,68.16949
753,2438.0,59.330425,3.770533,58.008068,173.95993,6.2837553,0.8603366,6.6550217,45.16863,606.12195,197.86911,686.47284,1796.9799,129.68922,20.338606,123.74937,757.25366,0.2640005,0.13083835,0.24212617,0.5250036,0.6324008,0.042067774,0.5248326,2.811076,17.648033,12.979522,17.783869,27.191015,44.124866,33.66488,44.24409,53.512608
754,2440.0,32.28754,4.184734,36.70378,102.99547,2.9264183,0.33415017,2.925579,19.355742,548.9489,248.13922,490.8377,860.3572,194.36423,33.074127,166.1837,1246.1277,0.7330527,0.4811533,0.73453957,1.1975808,0.07933564,0.024819184,0.07959837,0.43964717,15.6845,10.986338,15.446976,21.785759,40.240044,25.085434,40.726856,49.247593
755,2445.0,24.063696,4.3076754,28.924532,108.17859,1.6483896,0.21489762,1.8586829,19.429007,676.0205,153.74112,560.6246,2723.5405,341.33026,37.45863,337.9993,2586.009,0.7453573,0.3378948,0.7060279,1.3187015,0.19979692,0.018332245,0.27170077,1.5257906,14.052253,10.658557,13.761567,23.769386,40.092567,19.24236,42.146236,67.054535
756,2448.0,8.732797,1.2438428,13.876363,110.74023,0.5994793,0.10771651,0.72838426,20.475296,34.60045,16.050182,54.14038,675.3961,93.121216,3.5467947,68.4733,455.31793,0.37665382,0.1436355,0.41370767,0.7091974,0.12080091,0.013766171,0.12598549,1.7722448,13.076458,9.690465,12.526813,23.84338,36.702824,17.194277,38.975273,62.06184
757,2451.0,10.530391,6.3853908,12.089185,133.79762,0.87634706,0.20036018,0.765494,23.129763,290.9213,112.00003,324.05643,4270.6973,423.85938,55.64053,468.70425,3558.171,1.1162982,0.43675265,1.1823338,1.795383,0.0827686,0.016681382,0.069120005,0.7114793,14.464685,10.285679,13.267036,23.610712,33.49636,21.147633,34.22886,47.385426
758,2455.0,7.5429544,0.70995474,9.869999,116.80833,0.5542123,0.11113235,0.58960056,17.55703,13.374312,3.5735145,20.022991,376.50833,28.810612,5.413642,32.469017,408.66397,0.3780961,0.16065572,0.40496555,0.52847195,0.0710443,0.014326134,0.060007706,0.6387357,13.968911,10.159408,12.682456,22.586626,26.205772,16.142292,29.724361,47.12065
759,2456.0,11.624184,1.9083334,15.172171,77.539764,0.83214873,0.11656493,1.0418613,13.035797,22.250057,6.1392617,26.61935,117.87067,39.07938,2.7629337,30.638815,321.94852,0.36268923,0.1620075,0.3857076,0.59764224,0.07841899,0.013742233,0.06524687,0.594601,13.906367,9.796783,13.329906,21.78948,30.781044,16.285177,32.203327,47.685352
760,2457.0,5.1792164,0.8080966,8.058018,111.57407,0.51580256,0.12707524,0.47877917,19.549976,12.878063,4.042412,16.458406,368.4994,26.279404,7.7645717,30.948437,442.01358,0.3754644,0.16703199,0.40643683,0.5574615,0.06779103,0.017481314,0.055390745,0.74136394,13.938207,10.173071,12.375069,23.660618,24.838337,16.636797,27.041323,47.948315
761,2459.0,25.900215,2.4824975,28.107855,120.93235,1.760962,0.3660558,1.977722,23.648598,72.336075,21.750568,87.94887,187.92723,38.30968,3.1632283,43.83078,256.282,0.37456945,0.17983508,0.36479273,0.5438222,0.06635562,0.011484574,0.063107245,0.3557604,15.076407,10.853222,14.434543,22.969786,41.220097,22.673126,42.118748,49.8989
762,2467.0,22.628117,2.9150248,32.73386,121.499084,2.4901843,0.27695838,2.8337643,23.05313,92.329956,28.858534,106.46859,264.1922,43.005898,6.994044,53.138134,332.40704,0.35249984,0.17878193,0.37546682,0.5326984,0.07615928,0.015210502,0.090089366,0.73290056,15.760243,11.260157,15.105147,23.393028,38.900337,18.612194,39.63524,50.280067
763,2471.0,6.72874,5.150421,8.898291,139.90662,0.6624592,0.16627322,0.485281,23.702063,90.93142,46.21819,94.967926,2521.8088,258.59644,39.646786,270.91888,2883.5166,0.7446328,0.345788,0.79841,1.2649273,0.11369936,0.02142105,0.10372566,1.0015521,14.389327,10.216099,12.795561,24.5339,29.342548,18.92421,26.870205,49.53111
764,2475.0,49.186195,2.415084,61.50745,283.49536,4.965129,0.43326262,5.765434,62.599953,145.96259,64.84535,152.53635,314.80685,22.092232,1.6758394,28.307955,216.58871,0.19837919,0.08640582,0.21786791,0.43716487,0.18186773,0.02057904,0.17062487,1.300562,16.737946,11.850218,16.106283,24.864782,49.523563,26.870466,51.604183,62.58745
765,2478.0,127.28411,19.819296,117.91659,536.5811,16.711996,1.2099787,14.522307,156.4555,20176.068,1511.808,14574.941,23651.555,586.49164,69.12451,658.3418,3330.7073,0.6493945,0.3525163,0.67260844,1.1734998,0.31240422,0.03664516,0.5270411,2.656144,20.668472,12.366871,19.738348,30.23965,52.680573,33.805595,52.594074,70.86133
766,2481.0,78.58449,12.998731,83.1071,250.62271,8.935229,0.6917755,9.272404,52.13343,5137.702,1091.0939,4047.6897,12089.5625,514.6862,72.25844,473.16757,3474.6921,0.7734817,0.3978522,0.7631933,1.3139241,0.19549328,0.031892456,0.36610645,1.618209,18.238085,11.846122,17.89268,27.979345,47.40905,30.98338,48.357178,58.614544
767,2482.0,79.118744,12.980397,86.73846,357.36343,10.918411,0.9260333,9.820846,92.674706,6655.277,741.3743,4042.5818,8731.369,327.39026,52.149754,404.56265,2418.0984,0.6915125,0.3691368,0.6770878,1.1934676,0.22110225,0.028988078,0.34982404,1.4518474,19.114733,11.826183,18.619543,28.026812,49.782898,32.110405,49.812748,68.3062
768,2487.0,46.977207,1.957668,55.53024,149.27315,4.855688,0.44519442,4.9222336,26.380718,123.96109,56.396267,125.99518,215.89551,24.786335,3.8328283,27.045656,195.32698,0.20554897,0.11358355,0.20865627,0.3498712,0.1795683,0.033762846,0.19368751,0.75494254,16.493668,11.388512,15.667653,23.511051,41.984676,28.843502,43.56443,48.665894
769,2488.0,60.158886,9.321464,61.608837,306.87073,5.6891565,0.46257365,5.7493253,80.33257,3774.2363,596.36615,2637.5217,5832.8936,359.75516,49.14091,385.62283,3520.1865,0.70828694,0.35042623,0.6723584,1.1742682,0.14284971,0.031187924,0.2640983,1.2656986,18.26118,11.688632,17.170109,26.151815,44.8961,28.285793,46.2659,62.375008
770,2491.0,20.31441,3.815439,38.687206,130.63878,1.5672445,0.2047906,2.4790146,34.749935,512.513,109.23963,628.3145,3688.0967,335.16354,33.990185,369.02637,2160.7234,0.7820248,0.3517214,0.7146088,1.2597233,0.16585939,0.014416695,0.19943485,1.3754675,14.633829,10.727815,14.319313,25.051252,44.483746,18.192083,47.953968,68.30062
771,2501.0,10.197114,1.3450878,19.314089,143.666,0.94459945,0.10649044,1.2873801,37.042244,147.60971,28.93601,182.90742,1670.0487,149.56613,4.1078815,136.69568,522.20386,0.39235833,0.15045959,0.4112336,0.7212995,0.23714902,0.011373019,0.2751953,2.4179199,14.37083,9.900717,14.308778,26.000929,39.52859,16.510399,44.856606,69.99003
772,2504.0,6.392528,1.5522485,8.590376,120.182274,0.6314115,0.16655983,0.532176,20.728224,16.199097,5.9308004,23.217106,351.08795,27.36684,6.352725,35.85072,497.15976,0.3384703,0.13561825,0.37521735,0.5531935,0.08527906,0.01674236,0.06679373,0.8871415,14.129058,10.203877,12.679686,23.87351,25.600111,17.955212,28.038967,48.39999
773,2507.0,13.629285,1.3757252,23.70286,258.75876,0.8617799,0.103744686,1.324243,45.98443,63.697468,19.891832,98.45073,689.394,99.84824,5.1481333,90.01756,461.40005,0.4517253,0.16535,0.5163292,0.5414557,0.1271468,0.01161297,0.12995942,1.1909745,14.054178,9.945387,13.305006,25.240217,40.702316,16.833555,46.257236,63.277435
774,2509.0,4.8715687,1.0106063,8.87257,92.75145,0.8000659,0.13171618,0.761,17.539091,22.640839,10.903249,30.720837,510.52823,43.006,6.585047,44.713932,441.52124,0.32146066,0.1378966,0.35289985,0.64965254,0.075275645,0.014392785,0.07828148,1.6976137,14.031729,10.031377,14.440662,23.367691,28.764177,17.349722,28.493906,49.00333
775,2514.0,14.271512,1.2564679,16.616417,125.692505,0.8169947,0.106708124,1.0118399,20.277868,10.449506,3.2169821,16.05891,247.71385,14.947005,2.1749918,13.677173,194.24286,0.2608858,0.12632687,0.27383384,0.37822002,0.05902005,0.015536071,0.05333263,0.60764664,14.294736,9.768277,13.721066,23.270643,29.314821,16.884117,31.385675,47.338795
776,2520.0,20.093737,6.539542,17.191391,120.94234,0.88848424,0.18158355,0.9658443,19.143541,156.13695,57.184902,216.72995,3075.0527,244.43828,35.704376,257.56998,2532.0833,0.90427655,0.44839707,0.89101523,1.3245136,0.074414164,0.019111881,0.055722777,0.63029546,14.255322,10.200702,13.71706,22.891546,30.038208,18.47027,31.876438,46.801945
777,2521.0,7.7085958,0.64245623,9.319561,86.6271,0.6279016,0.09216733,0.6458498,14.245052,13.968479,3.54997,16.375345,137.19691,28.252125,2.778466,30.346395,318.23837,0.38309234,0.15751901,0.3964278,0.56333,0.06332241,0.016046384,0.052158315,0.4675418,13.47663,9.507574,12.615572,21.738956,30.785955,16.576128,33.48267,46.855736
778,2522.0,12.224732,1.067011,16.934664,85.60966,0.90565145,0.12678878,0.8697584,13.6160555,12.674321,2.6722443,13.164891,89.967,13.961597,1.0356964,11.747063,146.21774,0.22896536,0.10583089,0.2458441,0.3744329,0.06583192,0.017091438,0.048762906,0.546247,13.61555,9.627889,13.095305,21.988539,32.71039,17.264639,34.887867,47.29672
779,2525.0,34.272358,2.5369282,36.39288,93.806076,3.1787622,0.3946726,3.1277769,18.945248,30.481422,17.301058,36.046124,65.43276,10.321371,1.4257674,10.298189,115.67741,0.19496351,0.107261546,0.19108707,0.36786538,0.07540736,0.021337816,0.09389343,0.35226193,15.528134,11.250521,15.510086,21.305906,40.311222,24.290474,41.195076,48.676872
780,2526.0,9.457577,1.29579,11.399515,81.174,0.78779566,0.083017655,0.8913555,14.817582,23.470303,3.3423839,28.968729,103.68796,33.62378,3.0805106,25.94937,363.04437,0.3680615,0.17871124,0.3556034,0.59374607,0.06184285,0.01337647,0.069050916,0.44205877,13.988886,9.514925,13.279336,23.34353,29.584364,16.99246,31.954746,47.608402
781,2527.0,7.7745485,2.3589315,8.897877,88.36023,0.6234212,0.08989967,0.6889992,16.101414,158.65211,47.22234,157.32817,3453.282,252.77237,26.355602,200.7037,2287.1038,0.8680049,0.41511187,0.8978726,1.331393,0.089707494,0.018180056,0.08205541,1.2201785,13.90717,9.692899,13.336214,22.440058,27.504034,16.399147,29.38918,45.88802
782,2533.0,22.915066,5.8454113,23.080193,100.69016,1.5714593,0.26980564,1.7514744,14.578698,333.87677,151.66081,293.4723,901.84607,206.05283,46.111637,178.45802,1546.6119,0.6684353,0.32476783,0.6648029,1.191244,0.119736694,0.028641744,0.12774928,0.7221806,14.507889,10.8472395,13.960229,22.051662,37.918564,22.181784,36.64637,49.124348
783,2534.0,6.8115926,0.9091727,12.234632,94.916725,0.72523594,0.12120899,0.5919481,16.82757,12.704681,2.512754,12.664302,240.50293,14.798964,1.1314329,15.022903,256.71182,0.23485117,0.098152414,0.264902,0.48248523,0.07716572,0.013113429,0.080670185,1.3341303,13.672049,9.614379,12.807491,22.330883,29.139164,16.740725,30.86464,52.926365
784,2536.0,4.309733,0.4338141,10.452725,82.702736,0.5919852,0.07376468,0.6790773,15.251438,13.771911,2.4861915,14.992935,318.50085,18.24758,1.7875174,14.627883,260.76437,0.2772151,0.12285957,0.2709271,0.48162904,0.07132071,0.016258107,0.0762265,1.1539178,13.918711,9.509334,13.323811,22.216387,25.134573,15.492584,24.673857,46.4305
785,2537.0,14.548718,2.1127048,16.90328,124.01447,0.8875772,0.13070394,1.1252632,19.141277,13.988921,4.423207,20.954483,274.9814,15.34263,2.3015525,14.150702,263.63004,0.2896662,0.13799928,0.29485303,0.47446954,0.06379744,0.015268063,0.049868252,0.620277,14.4031315,9.827533,14.073132,22.988781,29.554235,17.324463,32.111614,47.443035
786,2538.0,11.652426,0.44458956,10.013731,77.50979,0.833036,0.10614277,0.84438664,13.687453,87.56824,15.428634,113.3948,509.3917,68.70452,6.6410413,90.01735,1307.4397,0.5406281,0.28180078,0.5600035,1.0229018,0.06412625,0.015089163,0.09699084,0.62280345,14.038075,9.43443,13.320294,21.552671,27.951418,17.005388,31.962463,45.768597
787,2545.0,13.800938,0.4940002,12.04678,93.253235,0.78092957,0.1534481,0.71027607,14.084205,89.03906,25.33753,81.19862,661.03186,110.5094,18.509756,122.97654,1228.2429,0.6583809,0.28633797,0.7321458,1.0387318,0.07856809,0.015892966,0.063955285,0.5999367,13.582597,9.863726,12.950566,21.69381,31.49819,16.97178,34.949932,47.0209
788,2549.0,5.2476625,1.1380906,9.536108,90.97435,0.6111691,0.06801616,0.6720026,15.746854,15.504437,6.3112874,18.89849,767.9363,36.168564,3.5923095,35.59802,446.50235,0.42799103,0.18018611,0.45863652,0.64393353,0.053515077,0.011907988,0.060902476,1.1035142,13.7045765,9.140788,13.177508,21.964266,26.237425,14.9991865,29.863403,45.755512
789,2551.0,63.04113,5.7276726,74.30161,331.13702,13.451736,0.9715078,10.534971,82.97276,1579.703,183.42342,1046.5199,8348.034,75.30565,9.200855,101.76763,643.025,0.31879544,0.16517457,0.33210146,0.608227,0.2834739,0.0369899,0.4315171,2.5503457,20.102869,12.3628645,18.968702,28.740988,49.15292,28.589012,48.686172,66.58023
790,2553.0,12.586213,3.959681,13.136958,90.42954,0.7518938,0.16183473,0.8359506,14.772438,27.43449,13.153323,27.308111,188.74124,47.8743,3.0476415,41.64087,278.97418,0.42666107,0.18441465,0.41433382,0.78606486,0.056228213,0.01254635,0.043943692,0.527548,13.4298315,10.164142,12.684594,21.99889,34.658157,18.567596,36.861137,54.325954
791,2554.0,24.42497,4.7062163,21.961159,124.46603,2.1167853,0.31776905,2.1970198,20.046356,55.783398,19.033497,54.999798,328.4443,25.945778,4.2611365,28.37626,397.6379,0.3103382,0.13710342,0.33163843,0.5490266,0.061757628,0.012702242,0.09933328,0.5432342,15.539409,10.631084,14.7981,23.994402,37.289303,22.387657,36.93995,48.68384
792,2555.0,45.027134,5.419099,40.916107,156.67276,4.948429,0.6506547,4.762786,26.796276,114.35977,39.73321,130.6774,466.9275,20.59053,5.2956996,25.39562,339.33807,0.33801702,0.15482472,0.33303517,0.5491518,0.044152573,0.010131872,0.08401832,0.48215368,17.146683,11.44329,16.631184,25.006596,41.644844,29.174152,41.440384,48.813393
793,2556.0,74.18521,5.7773623,82.696,463.84824,9.915112,0.5762333,11.322945,80.2503,670.1376,54.91473,697.91187,9512.048,91.34714,16.166294,127.79722,905.83484,0.30521634,0.14211667,0.33048126,0.52643496,0.28686288,0.034129817,0.46349052,4.742003,19.18608,11.975342,18.363945,27.143196,45.983025,22.271875,46.296185,67.283455
794,2557.0,58.765503,7.357059,51.925625,193.6714,5.563072,0.562703,5.8739443,38.296505,92.8114,37.18534,125.00501,877.5257,24.950596,4.2627563,26.842237,333.43686,0.39119318,0.1972621,0.39163902,0.62094903,0.031803414,0.00643962,0.05018947,0.5358082,17.534021,11.10007,16.61408,25.39984,40.3732,26.532326,43.438965,50.28545
795,2558.0,18.794458,3.1571672,25.513647,126.09194,1.4291768,0.27327198,2.0804763,23.927914,32.353443,14.626175,53.19285,650.03394,32.67996,6.0542912,35.039646,388.81393,0.43315768,0.1984578,0.44323596,0.63033646,0.050727688,0.01312591,0.040166255,0.6223872,15.268997,11.140616,15.029956,23.007607,29.294422,17.001877,31.696688,46.602356
796,2559.0,18.570919,2.2240562,25.28935,98.16034,1.3466046,0.18193826,1.5446297,15.763886,36.334606,19.21222,46.411556,271.62128,33.441624,5.321984,34.489113,375.63373,0.37354657,0.1653366,0.36645013,0.6182544,0.060652167,0.012342028,0.06822512,0.59036046,14.153453,10.147902,13.864856,21.811836,34.406017,17.00832,36.337612,46.40831
797,2560.0,106.89584,19.133173,136.50735,515.63513,21.69539,4.5167546,18.549421,133.55942,6296.0264,2265.0225,8366.326,18852.385,297.4429,45.56595,402.76297,944.89716,0.29994044,0.16432506,0.29954585,0.5851588,0.99116194,0.092506774,0.844378,3.018296,21.107271,14.6616955,20.038082,31.142921,54.538616,38.99498,52.60348,64.675255
798,2563.0,43.95983,5.0854144,54.419106,224.97879,4.227952,0.44225097,5.0858307,41.638294,296.28897,58.209595,399.52347,3477.0623,88.4639,15.534782,108.90531,676.792,0.35204417,0.1750307,0.37701592,0.6124969,0.15019679,0.018485727,0.18221623,2.0422122,17.119143,11.456185,16.358788,24.877962,40.043312,22.24646,42.65946,57.565315
799,2564.0,17.365128,3.3303025,17.55984,115.47708,1.0308497,0.10098503,1.1532614,17.929617,14.559041,4.650378,19.52108,197.36035,16.585913,1.9745958,16.590117,366.98294,0.35685143,0.16339447,0.3474328,0.54263985,0.03001092,0.009031215,0.05425143,0.48099932,14.532793,9.21023,14.179664,22.873507,30.574093,17.890108,32.268154,47.36652
800,2565.0,26.640772,4.983763,33.004845,217.64493,1.9572501,0.35412323,2.870632,33.92003,93.8263,28.025976,137.25699,1200.1643,48.400455,11.144764,64.31728,642.64343,0.31942967,0.14651231,0.34172532,0.5398472,0.12783335,0.019353326,0.15847522,1.809628,15.905377,11.0157795,15.365646,24.249342,35.5983,20.15898,37.46874,56.16159
801,2566.0,313.68365,7.463627,177.56023,1311.878,43.752552,0.8123514,38.756218,282.7496,17978.387,221.39238,12719.476,32782.332,240.62361,23.261698,311.11404,1474.2064,0.28792801,0.14191371,0.31907934,0.51704216,0.9132346,0.09016567,0.86803347,5.170195,22.64234,12.2828665,21.724983,32.189156,55.79953,26.682562,54.497543,78.47977
802,2567.0,141.06282,5.958488,113.49894,1106.6602,23.522163,0.9128147,21.705578,172.93198,10896.5205,173.09987,10320.25,31425.54,250.51662,26.096308,308.14893,1592.3326,0.29213104,0.15115222,0.3168055,0.52058643,1.0615839,0.06693354,1.0581661,4.94194,21.9833,11.948487,20.904198,30.91339,50.02504,26.943064,51.515354,75.09331
803,2568.0,10.220151,1.4107362,11.008929,86.20228,0.484689,0.121247165,0.5368785,13.649775,18.95245,4.268346,20.052692,166.54625,36.40978,2.3628466,34.597866,349.2866,0.3328669,0.14420234,0.36397162,0.57297534,0.078631416,0.016288184,0.059458684,0.61133426,12.956276,9.492058,12.373693,21.876112,27.19054,16.629803,32.526455,52.06692
804,2569.0,24.55595,3.1774611,27.107634,133.33073,2.3132231,0.38364837,2.4093165,22.95466,51.937824,15.315268,71.34373,453.24622,32.267384,4.799619,39.56201,407.66086,0.31527165,0.13346608,0.33837396,0.4936545,0.08691694,0.020108351,0.07246182,0.737379,15.771607,11.074723,15.414124,23.31273,32.81072,20.195763,35.078915,48.193638
805,2572.0,3.5933,0.37073645,5.4326935,87.277054,0.23339628,0.05559463,0.26742622,16.090515,4.2138023,1.4507521,6.929049,940.3463,44.2619,1.9054278,36.292088,431.3603,0.40088606,0.14955102,0.470081,0.6819131,0.07747727,0.011606443,0.06384359,1.3105375,12.076184,9.1501875,11.758506,22.436127,21.146967,15.535916,26.478611,57.35378
806,2573.0,20.943512,2.7569532,25.510263,163.24109,1.541945,0.2245015,2.120508,32.28271,90.966064,17.75096,112.12271,407.80762,64.327095,3.9716406,71.08867,334.37543,0.3321102,0.15560785,0.34987727,0.49994332,0.121476136,0.015556284,0.114633895,1.1546625,15.254185,10.839217,14.363904,24.637373,33.98559,17.779457,40.482243,55.62189
807,2576.0,7.9300866,1.4669703,11.223331,129.08987,0.65641046,0.15730877,0.55675644,20.496637,10.4703245,2.6529832,13.693182,331.61057,22.376211,4.136923,26.165169,463.30286,0.30259514,0.1335009,0.34696907,0.53037405,0.058120944,0.014097303,0.06574633,0.76422966,14.169231,9.942735,12.928284,23.090656,28.501556,17.594263,30.389027,47.56031
808,2577.0,3.4091704,0.5019322,6.6400003,93.901085,0.32877597,0.06417126,0.34730145,15.89984,9.095971,1.6190308,8.616917,304.31586,33.446625,2.195394,28.474407,385.43918,0.34555802,0.14836113,0.38314077,0.5671906,0.07365562,0.014417931,0.069612086,1.1605022,13.06221,9.251985,12.34281,21.979078,21.924496,14.646144,25.303894,46.83364
809,2578.0,10.137622,1.4131515,15.728523,103.7248,0.84609413,0.13837357,0.90366036,17.558449,28.153353,4.626033,24.132986,514.0595,37.130714,2.562112,36.206192,445.0196,0.30768374,0.116561055,0.34807765,0.57865584,0.09564228,0.0130992625,0.07882695,1.5923637,13.103292,9.939631,13.230411,23.018534,31.232227,18.29613,33.147514,54.777245
810,2580.0,11.771835,1.7877283,11.544747,99.859245,0.5010298,0.05125078,0.7382723,16.405329,28.369413,12.41417,37.125473,216.46606,53.87673,3.1679945,45.051403,382.72476,0.47044703,0.19157608,0.44337854,0.7490714,0.07643094,0.014704768,0.0647059,0.5060084,13.426001,8.844301,12.471591,21.713812,30.422651,16.652895,35.823566,48.66944
811,2581.0,34.423508,3.5745084,42.458504,166.43517,4.040553,0.45161006,4.317886,34.587532,156.85258,30.678587,202.82181,788.7728,39.855106,8.925961,49.217384,467.06287,0.33083892,0.14313854,0.36287776,0.5249465,0.08750566,0.016503131,0.079862215,0.95363057,17.17878,11.588362,16.089947,24.947378,39.33851,21.664352,41.972004,51.581364
812,2582.0,15.10962,2.3240285,20.425776,138.28918,1.1302155,0.21482155,1.5002881,29.339153,77.71734,13.470695,93.0941,385.76645,63.226093,3.9030745,68.66214,331.95847,0.39321613,0.17892793,0.40866175,0.5521868,0.10078471,0.013945729,0.10811691,0.8886415,14.866317,10.448432,13.454978,23.853964,33.715603,17.892923,38.803146,50.383972
813,2583.0,73.295586,4.0573063,89.96199,462.23883,9.438035,0.59254825,10.97625,78.03558,1251.4172,188.52536,1451.7509,15137.6875,212.38535,23.654066,263.8934,925.8722,0.35019895,0.16841781,0.36672464,0.6222058,0.52020305,0.048214957,0.6026004,4.962514,19.040083,12.026285,18.141705,27.038408,46.216686,22.40164,46.292053,67.396324
814,2585.0,21.57242,2.799611,25.279306,90.94438,2.0352986,0.1840372,2.6391432,15.0945215,23.460321,13.1569395,29.616117,185.3182,24.197268,3.3506331,22.169277,306.37698,0.27850986,0.12021523,0.29961863,0.5835685,0.06609366,0.015089365,0.08565096,0.9826639,15.191182,10.965247,15.020291,22.563873,35.373104,16.87895,37.42449,49.53394
815,2586.0,27.614975,2.9509397,33.416542,108.4888,2.4476523,0.29021132,2.6272535,23.227953,87.88791,25.6497,84.45616,288.65292,42.0444,4.9353943,54.814713,328.12592,0.33752766,0.14886898,0.36790645,0.53796864,0.08661254,0.015186065,0.09050215,0.63771534,15.538735,11.038947,14.739511,22.862804,40.48508,19.255178,40.875095,49.73979
816,2588.0,17.496496,3.1845124,18.537628,118.87781,0.9739463,0.17775849,1.3256991,18.419529,17.53621,4.827417,21.242973,395.98965,24.83177,6.745271,26.321526,413.5884,0.32869974,0.16824198,0.36701673,0.542844,0.05764916,0.020075832,0.060088854,0.64440525,14.548294,10.030593,14.408274,22.816032,28.84324,17.602432,31.85023,47.231583
817,2591.0,8.266033,1.2654481,12.1073675,79.83347,0.7315488,0.10098965,0.67711234,12.991289,19.265232,3.276248,20.518585,96.214745,27.28916,1.6297385,26.813562,332.60287,0.28803557,0.12185759,0.3000835,0.56740946,0.0626383,0.013722896,0.062061734,0.61641747,13.65115,9.328416,12.827858,20.815063,27.773388,15.857402,29.825333,47.60083
818,2592.0,20.633068,2.4141953,24.350672,98.50896,1.574557,0.2916195,1.6678075,18.16573,62.64143,18.407198,70.32677,141.4703,36.753925,3.432727,40.039837,266.77618,0.36484462,0.18853803,0.35652706,0.53699934,0.07261148,0.013441245,0.07192758,0.37960094,14.998923,10.644909,14.1283,22.149818,37.44949,20.723452,39.891262,49.808266
819,2593.0,19.009178,2.7044826,25.33571,86.190796,2.0578995,0.25559053,2.0689578,16.955915,46.392185,19.586353,65.11623,207.38383,37.42726,8.355074,38.190643,333.12347,0.31095228,0.16462807,0.32978737,0.57234323,0.08913191,0.022477686,0.08191046,0.7060862,15.205737,11.154117,14.762455,22.432245,34.274677,18.450268,35.954025,48.154385
820,2594.0,11.712809,0.8821683,15.248796,114.90118,0.86243737,0.15165505,0.9757978,18.93874,79.22334,17.399317,95.10782,1402.9672,126.82634,13.741069,132.58894,1137.7257,0.60199386,0.32001734,0.6264723,0.9306839,0.08032107,0.02057616,0.059581153,0.6232592,14.1686945,9.946414,13.379348,23.016338,29.296812,17.320282,31.615477,47.21447
821,2595.0,25.236635,3.0288544,28.645535,133.01411,2.410827,0.40121472,2.4353454,24.482136,66.427826,17.31887,85.92452,534.95325,34.004353,6.13191,43.538532,432.06512,0.3281574,0.14401804,0.3579009,0.54007465,0.07876923,0.016504351,0.074715614,0.7429874,15.748068,11.302273,15.344286,23.39388,36.670544,20.775255,37.770702,48.392376
822,2596.0,6.0126033,1.4174564,11.287541,125.554794,0.5907523,0.1525965,0.4791712,19.358418,7.929185,4.467008,9.713653,297.5401,26.287392,6.5885715,28.326511,435.35916,0.33134487,0.15930836,0.3641124,0.6046358,0.060581207,0.014777123,0.053416334,0.88764465,14.0294895,10.112122,12.7931795,23.667938,25.664978,17.526207,24.363153,48.71287
823,2597.0,8.451735,1.0588403,13.896313,92.767555,0.83094513,0.13300215,0.7465206,17.161644,24.958235,4.083013,22.893269,780.6178,37.379463,4.3270955,35.160713,412.08466,0.26247913,0.13175958,0.28409883,0.56033415,0.13178565,0.015139107,0.12061203,1.530121,14.001784,9.712005,14.633828,22.268219,27.991838,17.886663,28.756212,45.945637
824,2598.0,9.37644,1.832864,11.4922695,91.9102,0.591028,0.14386716,0.75973517,14.613639,21.758556,7.730383,25.19457,178.20717,44.87757,2.5021305,34.37183,317.78662,0.3518063,0.14463142,0.34976417,0.57124794,0.070824124,0.013810255,0.060031448,0.9101127,13.16738,9.97889,12.725687,22.091629,27.385227,17.070354,31.67131,53.89799
825,2599.0,16.817362,1.7217394,23.985123,105.267235,1.2691631,0.14753957,1.4646071,16.48403,26.872595,10.58249,27.547197,161.8648,32.37563,2.1554139,33.01088,250.38919,0.27310213,0.12115236,0.2853543,0.47731367,0.08455764,0.013947849,0.07928061,0.7056768,14.058467,9.990152,13.669584,22.550243,37.679733,16.556057,39.09455,55.542747
826,2602.0,30.019129,2.8103468,39.678284,134.82695,3.684387,0.4302806,3.877648,32.27187,105.67259,21.746048,127.58886,542.0916,34.135628,5.7074566,42.53097,328.33078,0.29150483,0.13098517,0.31408802,0.4722658,0.0763425,0.015573483,0.06711059,0.9650158,16.921682,11.415001,16.122929,25.197771,38.914646,21.530846,41.344593,51.347813
827,2604.0,19.879568,1.2465869,26.432568,83.63102,1.4676156,0.16239946,1.6687514,14.694008,23.87145,12.7080765,27.60539,75.160255,15.168149,1.8290849,19.062595,308.45987,0.20996767,0.10307083,0.21560463,0.4408977,0.100731455,0.017180085,0.11855194,0.6003243,14.332171,10.10529,14.461226,19.729675,34.94918,18.723202,37.172653,48.727448
828,2605.0,25.352173,2.4989884,31.479643,101.00683,2.2162883,0.2375899,2.4957018,17.232141,32.33226,15.886482,39.20223,77.86664,20.38151,1.7650144,21.956038,183.94789,0.26008072,0.120554455,0.26544672,0.47256565,0.06607163,0.015432296,0.0733409,0.33271673,15.161188,10.673578,14.921731,22.124079,39.145332,20.212357,39.531258,48.73601
829,2606.0,20.277134,2.037517,24.450436,93.31742,1.2113007,0.18811974,1.5259738,16.45567,26.546198,11.674933,28.45843,120.30928,26.273533,3.4626966,23.5156,313.28122,0.2756846,0.13098058,0.27927777,0.5236744,0.08052063,0.01517416,0.064797215,0.5928623,14.115141,10.025448,14.035139,22.867102,32.906796,17.301426,35.364433,46.81536
830,2608.0,18.3426,2.8095582,21.705221,84.78093,1.50041,0.22260384,1.6579678,13.338593,41.64489,17.166313,39.608727,164.03989,33.23812,5.0397844,33.11971,276.88742,0.34517926,0.17100596,0.37954018,0.54132205,0.06920457,0.019158062,0.057282586,0.49228483,14.46677,10.526945,14.050044,21.265192,34.101936,18.577637,35.410824,46.733353
831,2609.0,18.033136,2.24421,22.716755,88.17726,1.516719,0.20202005,1.7295252,13.950015,31.587273,13.188302,27.997105,70.59332,20.870241,1.7948351,18.06246,180.75838,0.25064713,0.1319238,0.25375086,0.47289294,0.07106371,0.01602473,0.0799491,0.32840085,14.566631,10.417367,14.120823,21.187971,36.052177,18.945219,36.58501,49.27691
832,2610.0,4.96571,1.2131834,9.248195,147.41087,0.6944712,0.10932826,0.57468563,22.546623,15.790239,10.008938,31.482403,989.7188,52.81948,10.412628,72.95126,761.7292,0.30912662,0.13116749,0.33917618,0.58045405,0.112038344,0.018791359,0.21382065,2.313969,13.907355,9.633881,13.504364,23.012466,31.831202,18.432533,31.248888,59.182476
833,2611.0,14.208625,1.5712303,18.48998,85.245445,1.0418878,0.14505959,1.3678285,13.70904,24.139235,7.140682,22.575512,205.00018,29.48074,3.5427456,25.334509,328.8049,0.35402706,0.17365457,0.38951135,0.56863695,0.065675914,0.016400779,0.077730544,0.89661866,14.2040825,10.070618,13.928536,21.609917,28.334791,16.407972,30.244194,46.619358
834,2612.0,8.911478,0.8619281,11.428396,121.05033,0.53577805,0.107405804,0.6130613,18.273336,45.110455,9.560031,56.560547,662.0426,68.52052,3.033373,62.194386,440.41922,0.34780973,0.12001848,0.37981862,0.69741577,0.12851311,0.013566972,0.11672206,1.6944675,12.777288,9.634024,12.502509,23.410877,33.660137,17.30607,35.983112,61.13889
835,2613.0,16.934902,2.7123642,19.5864,115.115555,0.9974535,0.17065208,1.3204807,20.415506,23.41185,8.044095,27.6999,269.77084,29.077543,5.0239873,23.504288,347.71585,0.27314833,0.14935842,0.2849767,0.46155533,0.08460321,0.018538918,0.060634483,0.71566296,14.648743,10.160969,14.156066,23.28166,29.348583,17.84679,32.067738,47.83843
836,2616.0,15.945448,2.2698026,13.131221,79.8058,0.91130626,0.1904909,1.0169548,14.840354,30.298372,9.747981,28.161673,87.10812,32.923546,1.5337175,31.293941,254.65417,0.31656116,0.14034414,0.32198477,0.5080723,0.06488684,0.013487639,0.053467546,0.43892244,14.013801,10.518611,13.400538,21.128649,35.61004,19.233067,37.234447,53.932377
837,2617.0,14.449423,2.253557,16.147797,123.14806,0.8475977,0.12129442,1.1505165,19.84885,21.656946,6.6143494,33.397694,441.90207,32.80097,5.7192907,38.841248,411.00516,0.40001735,0.17901424,0.4474458,0.5516181,0.067117244,0.01624003,0.053395532,0.6036835,14.404694,9.8029375,13.969407,22.994663,29.517206,17.211329,31.269009,47.237144
838,2619.0,30.717152,3.0919955,39.25054,203.37721,2.8869865,0.42344487,3.5523214,31.2313,156.98653,39.168793,186.04808,1323.252,72.74691,9.705493,91.45819,615.06683,0.2842145,0.13375016,0.28940302,0.4484595,0.21145247,0.02728069,0.2396844,2.0296845,16.174072,11.223188,15.862562,24.074802,38.99737,21.930826,41.422302,57.682613
839,2620.0,10.052128,1.942015,11.851349,98.89832,0.6271147,0.1465354,0.80874836,15.452621,36.110233,11.0527,34.35322,264.84683,60.69815,3.2684658,52.60483,359.85483,0.41002375,0.124417,0.40150264,0.5956154,0.098742515,0.014851649,0.08507053,0.80162185,12.866658,10.086635,12.187237,22.303875,31.438465,18.168123,34.37972,57.632187
840,2622.0,14.574728,1.6743555,15.031658,123.15904,0.726444,0.096135125,0.95178086,20.490612,19.59783,5.665241,31.219976,438.29575,32.350216,5.4074016,39.505096,401.96368,0.4001605,0.176,0.4520213,0.55130315,0.06652209,0.015549611,0.051770337,0.6069226,14.157828,9.837871,13.526422,22.97424,29.318056,16.015934,30.753637,47.231503
841,2623.0,9.2779255,0.9256434,14.002841,105.74361,0.6544125,0.13333109,0.7384069,17.03944,32.074627,6.564533,31.88495,431.5382,45.11356,3.7680194,42.426945,417.26398,0.33034834,0.11696265,0.3688139,0.5803679,0.10189086,0.014679917,0.11674532,1.4094679,12.872631,9.826592,12.348149,23.45925,35.553978,17.517162,36.669445,61.565075
842,2624.0,10.431311,1.1806715,11.194263,97.88176,0.51355034,0.09971252,0.5681524,15.515177,20.45365,6.5683446,19.780157,154.28546,44.016716,2.3474884,37.79492,360.7417,0.34210086,0.10816423,0.3402712,0.5582153,0.08977495,0.011661829,0.07581314,0.72730225,12.416802,9.7017,11.888702,21.844793,33.58996,18.033663,36.69312,54.167534
843,2625.0,9.4217205,1.3745208,9.342855,77.57454,0.75374055,0.13807227,0.6356808,12.420903,14.676927,3.402336,20.211174,93.902435,20.81565,3.38102,25.68315,288.41107,0.28604043,0.118335575,0.31833836,0.5778216,0.072489806,0.016498033,0.080992125,0.38053668,13.725191,9.875245,12.801499,20.313162,30.295322,17.048494,33.27087,47.531574
844,2629.0,27.671099,2.4719613,33.14949,197.68814,2.8025072,0.41836774,2.9596124,30.586733,89.78949,29.83649,139.71948,1081.2141,40.30034,7.294518,39.18598,442.476,0.2584772,0.1320729,0.25596502,0.45701936,0.16439654,0.027061423,0.1990192,1.8977209,16.279812,11.38061,15.690075,23.97989,37.650368,21.034159,39.69375,57.24088
845,2630.0,31.747887,2.2556531,42.970036,177.82976,3.8627455,0.42491105,4.2463894,40.366547,106.23525,23.217842,159.72095,581.2342,36.71085,4.475297,37.901146,314.38998,0.26050395,0.12373777,0.26931092,0.46298027,0.08498658,0.011776515,0.080373086,0.94139045,17.010767,11.465958,16.083555,25.474623,39.486782,21.943703,41.956078,51.07671
846,2632.0,35.404198,1.7033359,43.710167,200.01595,4.2544384,0.35574073,4.6500263,36.117302,61.29597,26.611893,61.027454,128.46129,14.280991,1.4301609,14.701936,140.21718,0.20431852,0.11155788,0.20926043,0.32910278,0.089446634,0.013527657,0.10127764,0.45459643,16.480457,11.43287,15.796785,24.291355,44.61422,24.157701,44.482002,51.856625
847,2635.0,8.599435,1.3232892,16.757107,123.36299,0.71705925,0.09013653,1.008633,32.016537,53.538963,12.788351,68.93078,759.60614,71.59067,1.914761,63.2828,419.10507,0.3336571,0.11177555,0.36968166,0.56093353,0.124934174,0.009005627,0.12609644,2.0289404,13.807152,9.852793,13.498098,24.500048,36.416183,17.488132,42.72257,60.060345
848,2638.0,15.8052635,2.0948858,25.124567,125.0818,1.6751876,0.34114563,2.1067357,22.213213,45.05456,15.600743,56.775364,398.5194,29.736542,3.8872683,32.442284,342.62305,0.34644297,0.15533584,0.34706333,0.48618072,0.0667108,0.017508326,0.049207512,0.66626495,15.364772,10.919546,15.167523,23.120308,32.571304,20.241852,34.739124,48.09715
849,2639.0,20.903105,2.3345923,27.198917,124.19397,1.6499848,0.17424221,2.2298098,27.15413,35.448185,13.336516,44.772804,215.59633,22.486874,2.459967,20.523005,331.83154,0.3663219,0.15996996,0.34281424,0.5285722,0.053239048,0.012789168,0.072471015,0.44450673,16.143425,9.732419,15.30533,25.29766,31.971424,15.794795,35.060986,47.624134
850,2640.0,15.79063,2.3399673,15.464212,111.65152,0.940066,0.16308339,1.1273415,18.7761,29.507826,9.826083,37.271942,446.16272,35.21265,7.9491334,39.608482,470.7288,0.3595385,0.16942684,0.40651393,0.5251378,0.07622893,0.01942404,0.059143614,0.664719,14.357364,10.031173,14.012459,22.976568,29.334593,17.927185,31.895027,47.32694
851,2641.0,25.427942,2.3311028,29.870686,85.90543,2.0104792,0.2557467,2.3356242,13.898069,41.258972,18.984732,41.20756,90.70835,27.1798,4.611051,28.327463,272.606,0.26408768,0.14400968,0.27510992,0.51551175,0.09281228,0.019428197,0.10874408,0.43019858,14.634511,10.932776,14.346405,21.160036,38.64953,21.083075,40.077114,50.301037
852,2642.0,18.49495,3.3481326,22.618523,124.35408,1.4645525,0.29745272,1.6961476,21.692017,45.46286,15.315686,47.542202,359.99573,31.160225,5.423906,31.889275,408.61798,0.30986163,0.12886195,0.33212465,0.46723688,0.08094857,0.021441627,0.06483338,0.731523,15.049317,10.657517,14.450984,23.436186,31.315823,19.709158,34.783764,47.80421
853,2643.0,19.120678,1.9522076,19.302431,92.60336,1.3620864,0.22504012,1.416818,14.156243,13.954107,6.983014,15.633836,47.54022,8.615561,0.9388339,8.796494,178.96863,0.19819556,0.11711946,0.21105258,0.48494372,0.06081075,0.015780253,0.066050924,0.3597649,14.405111,10.303343,13.957825,20.42574,34.56338,19.01611,34.34307,47.605106
854,2644.0,14.801811,1.5349028,22.012112,85.78656,1.6941155,0.24405305,1.8487096,16.500044,35.23241,14.589236,43.802315,186.92485,34.79599,5.497654,28.718796,221.51141,0.27492285,0.15398791,0.27375093,0.5046268,0.08602375,0.0195968,0.09156211,0.71969265,15.060717,11.101462,14.467382,22.591732,32.284725,17.97614,34.62287,47.551105
855,2645.0,17.557785,2.2465594,24.498384,123.35141,1.651079,0.35635006,1.9197656,20.025953,21.988453,8.480332,28.501297,244.44283,14.842243,2.4403324,13.5745735,177.85358,0.2476846,0.12622276,0.25424433,0.37336874,0.06401068,0.01594792,0.05179725,0.60988194,15.147598,11.059544,14.936005,22.9934,31.657972,19.855227,34.585396,47.381943
856,2648.0,41.707935,4.042272,53.10611,214.48604,4.590661,0.4238091,5.162766,40.435608,181.82086,45.48778,225.39154,392.79974,44.627525,7.832031,46.19987,388.70865,0.33588636,0.1569185,0.3434413,0.55205965,0.12280012,0.025366904,0.100342974,0.5769623,16.287172,11.328001,16.001637,24.543814,44.415745,25.374163,44.538166,51.992855
857,2649.0,8.153737,0.94115406,11.329012,109.23988,0.50701094,0.104104415,0.55177206,18.817167,29.078781,7.965757,38.13106,573.6888,61.481472,2.8747942,51.89846,431.9609,0.3189781,0.11247664,0.3355021,0.6827065,0.12448076,0.013408764,0.11086893,1.7366499,12.5890465,9.619616,11.925967,23.534655,32.570984,17.239994,36.283344,59.453724
858,2650.0,40.798725,3.8917115,62.709057,194.55469,4.9369164,0.50642216,6.6547256,41.100403,184.90417,37.175365,246.07861,1025.4619,46.07354,11.565308,47.84255,455.26175,0.3266944,0.16672193,0.3495195,0.55509573,0.12502712,0.016966997,0.096617736,1.2797518,17.271896,11.905065,16.96574,26.69158,39.639202,21.795296,41.300003,55.496887
859,2651.0,27.587088,1.7003239,38.55443,145.03699,3.477002,0.2987366,3.7231438,26.116087,35.66655,20.767109,44.41144,187.66522,13.922023,2.1005735,12.897352,161.71184,0.17695513,0.09693665,0.1693187,0.34161192,0.098434426,0.021594794,0.11863641,0.7044179,16.261278,11.330941,15.788885,22.89893,40.347046,25.751974,42.818848,50.421886
860,2653.0,43.520134,3.376056,68.35181,216.02928,6.4419584,0.5785682,6.9395905,42.003788,50.72525,12.974624,56.989723,320.96536,8.168939,1.7253386,6.8616424,126.12562,0.14003028,0.0851152,0.1407842,0.21850483,0.06444941,0.013717603,0.084568605,0.7288923,18.212015,11.363686,17.402462,26.596748,43.20703,28.32077,46.4,52.830315
861,2659.0,167.03384,11.962006,209.72519,616.3816,27.892782,3.0541117,33.7616,164.58214,6572.7563,1678.2767,8368.073,13114.103,276.9289,43.57548,276.84677,1389.9153,0.2711491,0.13239661,0.28787413,0.49944293,0.7073079,0.10266532,0.69955015,3.8380277,21.211685,14.399723,20.63474,30.274555,55.748573,35.585396,56.03569,65.04565
862,2662.0,41.34771,4.96905,53.201233,200.94667,4.0490866,0.43998963,4.755783,40.577675,200.47762,38.09054,283.43185,1582.1343,49.682285,10.000036,78.811935,630.2376,0.3078224,0.13490131,0.33534786,0.5032601,0.10681959,0.01542611,0.16857165,2.084028,17.07465,11.557595,16.34463,24.94519,40.633987,22.111376,41.6726,58.078823
863,2665.0,80.82962,6.515522,105.095955,460.10773,13.365833,0.7833918,13.060908,91.60358,790.10236,253.52946,835.5596,1329.7772,45.86413,6.8690796,50.79761,417.42096,0.23843221,0.11648898,0.25014472,0.42736924,0.27230385,0.039893426,0.26542747,1.6126604,19.037176,12.629957,18.12286,26.761948,51.877205,25.029837,53.09772,67.62348
864,2666.0,15.198404,3.011326,16.678915,124.71104,0.7948626,0.15003361,0.811135,21.090326,15.2361,4.6060004,18.589735,307.3789,21.872719,3.8079898,25.931484,345.13184,0.27661464,0.12429429,0.31699646,0.4698137,0.061654624,0.013186354,0.050055355,0.697803,14.231478,9.813885,13.016336,23.319601,28.269222,17.693777,31.940117,47.398186
865,2669.0,72.37272,7.541776,68.3985,176.8943,6.0935025,0.49118623,7.508576,35.451675,265.01663,62.09755,309.60352,895.93665,45.895027,7.072307,42.31078,393.30148,0.30272296,0.17162192,0.27927396,0.5462067,0.097738594,0.010243886,0.0995574,1.3397994,17.51936,11.609177,17.895044,25.86352,41.65091,23.772392,43.57141,55.544994
866,2670.0,30.7292,2.9225307,33.62285,143.24825,2.6445165,0.4228514,2.6992939,24.9992,25.598967,10.32687,47.83835,260.9221,13.076042,1.9896245,15.91578,151.65814,0.2069756,0.09605821,0.22177769,0.31872466,0.07127263,0.013509704,0.070741855,0.78770703,15.806598,11.308378,15.456693,24.19353,37.622456,21.364723,39.75014,49.21246
867,2671.0,37.18409,5.1804056,34.7224,156.14963,3.3941913,0.37945616,3.1961164,21.31876,34.983585,16.338774,39.795155,192.81583,11.064432,1.6619009,9.307752,187.41377,0.29392743,0.15759376,0.2728862,0.49518,0.033515885,0.011390939,0.052147344,0.42031837,16.44629,10.729179,15.95604,23.215023,35.41785,23.40973,38.610355,48.950954
868,2672.0,32.49855,4.1855006,40.36628,92.65495,2.8154466,0.35912883,3.031733,21.77971,60.447094,26.995424,57.09918,113.10351,23.379208,2.8932674,26.179579,238.82372,0.25490364,0.12192667,0.25410935,0.44614866,0.08287218,0.015912114,0.11322812,0.40844256,15.424627,11.129762,15.110634,22.564629,41.021885,25.021524,41.833786,49.518623
869,2674.0,27.46627,5.00141,33.006542,216.83725,2.5455306,0.3953959,3.1794064,33.88637,113.98657,31.865103,149.2545,1257.1893,49.608723,8.05235,64.85036,602.2381,0.30280203,0.13336423,0.30551562,0.46744332,0.13012393,0.020624729,0.16376771,1.8678602,16.252237,11.153653,15.558706,24.341537,38.046627,21.007318,39.79884,56.884987
870,2675.0,59.310116,3.5477483,77.51589,1118.08,8.587918,0.4772987,10.605816,162.85158,636.7332,65.570625,748.7976,10717.493,73.5961,3.0694957,148.13756,1095.37,0.2096381,0.086343385,0.23511155,0.4655646,0.54767984,0.014806566,0.42786393,4.2590227,18.744001,11.513956,18.714367,30.724308,54.418907,26.71886,49.880398,80.848694
871,2677.0,26.541243,4.9679036,23.54654,211.27876,1.5587655,0.2240831,1.7819173,32.010914,50.220222,15.800461,80.14872,997.5527,46.50026,7.7850957,62.530228,633.6783,0.2978448,0.13047712,0.31879714,0.4927562,0.15146458,0.020304494,0.18306434,1.821499,15.647677,10.584023,14.741437,24.252869,34.415043,19.61383,36.715942,55.92217
872,2679.0,99.3808,7.5735188,98.96503,531.6892,11.588179,0.77256423,12.978629,120.93616,1047.051,136.56055,1098.061,6396.6934,106.10581,12.013856,164.29172,739.8604,0.26313356,0.122421525,0.27952448,0.4776522,0.64523154,0.035491437,0.5661709,5.432805,19.679663,12.106576,18.68727,29.765879,48.034534,24.205065,47.73351,67.01207
873,2682.0,17.37157,2.8863864,19.404137,119.4635,1.0578624,0.14065026,1.2354133,19.86103,15.253277,4.7365556,22.531088,282.7515,13.106617,2.2526886,12.335314,321.73767,0.2643495,0.15337622,0.27859756,0.4559324,0.053057227,0.011790758,0.045489144,0.6641312,14.5498,9.758522,13.894177,23.062838,29.948238,17.685287,32.611244,47.327908
874,2684.0,33.42004,5.484833,37.08373,99.964676,2.5691662,0.27791205,2.4982738,20.60627,68.77473,20.88629,69.5443,229.1408,33.394444,3.4139357,42.188732,318.63513,0.27842507,0.12496674,0.2904303,0.45802832,0.07063285,0.014204104,0.08485462,0.6939583,15.388678,10.981227,14.735652,23.177557,39.879803,18.952114,41.091114,48.86173
875,2685.0,55.291153,6.090206,53.591244,108.81868,4.2500706,0.45479345,4.16843,22.7845,214.70256,109.047485,206.38765,340.91452,45.12203,7.775035,54.937336,354.29456,0.27654415,0.14054374,0.2865446,0.46266785,0.15203659,0.024131091,0.14294738,0.67836756,16.422794,11.518776,15.502175,24.447397,43.352547,29.612276,43.151062,49.24814
876,2690.0,95.01604,4.6945972,91.00728,258.8358,11.524921,0.82835585,12.138687,57.210133,171.29004,90.079735,170.68855,343.69205,14.441182,2.8195243,14.239811,194.53123,0.15993732,0.096598044,0.16050261,0.3262935,0.1585607,0.024977522,0.15845396,0.93491507,18.61998,12.35379,18.198498,25.347271,49.665012,31.843737,49.935524,55.733803
877,2693.0,81.24987,5.136418,94.82024,472.5876,9.838336,0.53967625,11.606726,88.05407,569.9829,82.32306,827.1792,7193.2783,113.48151,11.157656,159.84438,634.1532,0.2628744,0.12745936,0.2764379,0.45299113,0.47770783,0.037188776,0.47036558,4.7401667,19.19909,11.728076,18.217422,27.449303,45.932602,22.209112,46.33662,67.117714
878,2694.0,37.201984,4.1359344,43.06151,172.86043,3.5772758,0.34379947,4.2921567,36.375862,84.17906,20.730879,137.35806,570.3942,27.870249,6.161042,32.962456,405.83438,0.36590853,0.16127655,0.37437883,0.50490576,0.042608373,0.01195232,0.041674238,0.896958,16.96616,11.494144,15.986223,25.575207,35.802235,20.100433,38.939064,53.23472
879,2695.0,49.378067,3.945572,34.10477,269.26794,2.2145848,0.30621803,2.0400517,101.629234,79.02527,24.312332,72.10119,374.6937,25.122238,0.8906187,33.27375,461.67688,0.31728014,0.07404372,0.35535228,0.52722144,0.05943532,0.008038924,0.10458464,1.1855153,14.772484,10.779541,13.570824,25.941189,54.676853,21.395973,56.705948,69.39333
880,2696.0,36.78675,4.373821,38.56092,114.72063,2.8458226,0.3383149,3.1340463,20.798063,66.8851,27.997398,71.44194,148.86578,26.576609,3.7424736,32.35192,244.06569,0.3077337,0.14680195,0.3207338,0.5423904,0.06450514,0.0108405845,0.08450382,0.42148358,15.931033,11.384606,15.078586,22.958359,38.166286,19.950987,40.166138,49.421394
881,2697.0,18.41619,6.092272,21.113094,102.61409,1.7279646,0.30145508,2.0006583,15.371378,23.984127,8.234712,24.570639,174.72807,12.896098,2.2881954,9.448091,215.61874,0.2722025,0.14730246,0.2701124,0.4757096,0.043831814,0.013862998,0.055679306,0.47547707,15.25956,10.477733,14.792102,22.477663,31.537546,19.333015,35.637104,47.33528
882,2698.0,47.9016,4.006907,53.558342,214.95813,4.2160497,0.36922243,5.26009,55.079502,73.233154,39.378235,69.467636,160.25984,11.839535,1.0466567,12.551177,216.22249,0.21346422,0.10434116,0.22247928,0.44158232,0.08285614,0.010601709,0.092226684,0.5486797,16.378004,11.398435,15.427766,25.615261,48.21848,24.232378,49.687088,60.070892
883,2699.0,90.041985,3.3970315,99.09522,415.97647,13.787809,1.8232934,11.919143,94.01906,224.46497,133.45865,167.76637,926.0497,16.303482,2.4094093,20.747137,148.81517,0.13413446,0.066953786,0.13239269,0.20271592,0.23574315,0.024739988,0.25458717,1.5576065,19.543238,13.147086,18.205359,30.990704,52.10097,31.175697,53.995773,72.31892
884,2700.0,91.321144,7.852881,95.086555,430.83917,9.80792,0.5114112,10.596326,94.1234,431.378,62.441116,495.56924,1699.9166,54.191193,7.497517,61.12438,542.3219,0.31746805,0.13514788,0.33073932,0.46611384,0.14866985,0.016307965,0.12849894,1.6046413,18.961998,11.607187,17.791813,27.726542,45.879307,23.226208,48.086723,58.791462
885,2701.0,19.376251,3.281473,25.55836,134.02567,1.3515217,0.28942534,1.723353,22.459173,31.986591,9.644267,40.562363,308.41544,23.966389,3.3024533,28.689081,431.38187,0.27893627,0.12232656,0.30432963,0.46487582,0.063624285,0.011798632,0.054736786,0.7570941,14.809155,10.53739,14.188628,24.018053,33.517265,20.172974,34.693222,47.72988
886,2702.0,80.73714,4.915402,72.84997,205.96129,7.7134748,0.57614774,8.520239,45.138855,96.833565,54.14962,125.43283,205.44836,13.815595,2.8342128,14.726744,225.2525,0.16104783,0.09542841,0.17135479,0.31423625,0.14583968,0.021408511,0.14748146,0.7945982,17.72289,11.75953,17.433681,24.488417,46.363895,29.807365,47.1931,54.18127
887,2703.0,28.852495,4.014069,30.72238,98.998924,2.1080909,0.24878646,2.2588441,16.475084,39.52223,16.072252,32.28383,145.7754,12.626909,1.4169296,12.937232,204.1777,0.24799548,0.11294474,0.24976167,0.46275327,0.056554303,0.011921937,0.059322923,0.56139207,14.821645,10.851189,14.444843,21.911777,38.877808,19.63735,39.359375,48.055172
888,2704.0,35.325085,4.720262,40.63172,95.59993,3.3456354,0.3173029,3.3211274,18.449015,36.436752,17.721617,41.185333,94.43625,10.730706,1.7500097,11.689076,114.14604,0.23217826,0.14095064,0.2488083,0.38088045,0.040501013,0.011664478,0.046324115,0.36333922,16.237118,11.424338,15.440507,22.68824,40.149452,20.863508,40.85398,50.19276
889,2706.0,45.668736,5.7573967,43.6878,137.8492,4.01078,0.33279446,4.0739584,21.911613,79.06413,42.506058,100.37598,333.22003,31.89615,4.9770074,34.238075,282.03137,0.34154078,0.17332758,0.36047325,0.5431681,0.041205917,0.010554437,0.056954686,0.87194806,16.561031,11.259909,16.230719,23.455688,38.49972,20.591785,41.007473,51.677296
890,2707.0,218.23312,11.487021,271.39136,497.2501,58.119785,2.861829,82.21874,147.76648,21262.754,1195.3212,21483.459,23718.639,211.75565,28.401737,222.36598,947.0917,0.18326871,0.105253525,0.19123721,0.39620432,2.2878072,0.24932888,2.211977,8.372353,27.754446,14.921121,27.080935,32.976482,59.129128,27.24076,57.265278,74.756454
891,2709.0,132.37321,10.79251,145.33649,544.2841,19.543709,3.590617,20.008753,147.80481,1422.5837,526.97577,1688.4789,2463.8223,100.10601,13.208469,83.6224,380.8838,0.20015427,0.11626522,0.19314674,0.44362465,0.40179402,0.052166805,0.40751562,1.7328075,20.397657,14.382168,20.003317,30.980906,54.801712,38.06788,55.681908,67.9144
892,2711.0,37.994755,3.8549893,43.219955,141.37231,3.602025,0.25449607,3.9920259,28.928753,63.491894,17.02078,67.917885,246.2191,21.270336,2.0452628,20.896542,156.59036,0.23010531,0.12157439,0.23040918,0.32521266,0.06524133,0.0125105595,0.076956175,0.88468254,16.520035,11.139225,15.778937,24.387337,37.12287,18.627676,40.84544,49.877934
893,2713.0,31.440443,3.9884026,32.69387,357.87482,1.490578,0.11826559,1.7665272,77.38246,92.99897,21.108212,119.91582,1163.5537,53.705338,1.5278304,40.062668,368.8503,0.27946022,0.11688425,0.29594147,0.49807492,0.17086881,0.0096530905,0.14327139,2.415906,15.065396,10.078344,14.649321,26.94635,42.75408,17.590834,47.003246,68.25609
894,2716.0,48.42973,6.38424,47.89365,187.94974,4.4877725,0.44098562,4.6112275,40.237904,142.05814,27.986446,193.08539,665.45667,31.241287,6.8756375,39.338654,462.17316,0.3011719,0.13720262,0.32612047,0.5104879,0.07199929,0.01277356,0.06727334,0.9825518,17.32911,11.547966,16.182178,25.671259,40.188675,21.759993,42.856396,51.32446
895,2717.0,43.46508,6.4726167,50.155895,163.41951,4.194917,0.4114123,4.8619986,47.025414,108.3473,16.444551,175.37206,691.8338,31.038519,5.095345,39.11631,435.9013,0.30409932,0.1316382,0.31574014,0.46778774,0.073707,0.012006685,0.059343066,1.0515286,17.276798,11.428174,16.213634,25.935453,36.6554,21.362974,40.028557,51.60775
896,2719.0,41.569153,4.9530935,53.153847,210.04503,4.446673,0.40772945,4.676429,49.02743,63.52763,12.42103,117.64932,599.0867,17.657692,3.0202477,17.285885,280.36896,0.24083482,0.12660566,0.25213668,0.3533745,0.06263903,0.012470947,0.056868862,0.93505627,17.374704,11.444976,16.355509,26.038887,37.391098,21.138298,40.486893,51.30241
897,2720.0,61.132275,3.210618,67.11228,247.66447,5.1833434,0.4408738,5.9123316,61.5777,62.79883,14.867129,114.464355,463.62842,15.917627,2.213571,19.388853,164.54047,0.21070805,0.09834138,0.22631454,0.31607482,0.06556012,0.009266608,0.069402546,1.1427853,17.443945,11.500377,16.573822,27.436872,42.181576,22.10832,44.49744,52.68895
898,2721.0,20.41799,2.3365088,22.487345,105.54816,1.3706856,0.169397,1.1083679,17.182257,5.9641185,1.4679049,5.618921,72.03613,4.416717,0.48632368,4.534021,115.38329,0.11730631,0.05664249,0.14039873,0.21575512,0.04806572,0.010250639,0.047277268,0.5912545,14.074502,10.063636,13.79747,22.887186,35.586872,18.530844,37.062748,53.592793
899,2722.0,34.179302,3.1786153,38.303577,118.35937,2.7250817,0.32174477,2.9642262,26.000267,36.9874,10.889417,38.560513,149.42755,15.162967,1.2123994,16.819427,148.14122,0.2328742,0.10280736,0.22527593,0.3208299,0.061770085,0.009353843,0.06841951,0.6044665,15.692303,11.0538225,14.711557,23.89382,39.816063,19.479189,40.7551,49.580334
900,2723.0,30.223206,5.459649,29.697138,131.4983,2.5176601,0.37547737,2.456894,24.988697,47.789127,13.792296,55.284344,407.95508,15.337052,3.413013,14.888498,307.71017,0.2600422,0.12745833,0.27100414,0.46148968,0.05993906,0.015794022,0.053941477,0.84883064,15.934331,11.313398,15.332106,23.877298,36.120426,20.547495,38.01303,48.906033
901,2724.0,33.599865,3.8951075,36.62777,135.76836,2.8428473,0.50050235,2.879007,23.751776,30.925741,9.071589,47.162376,427.33835,12.973791,3.5219522,12.90553,222.61371,0.23849575,0.10397539,0.25259227,0.37483937,0.05116802,0.012914503,0.058969565,0.9496107,16.016573,11.617729,15.787574,24.32518,34.309452,20.505674,36.868813,50.54264
902,2725.0,30.647005,3.7170255,31.911934,106.28481,2.6408987,0.2625798,3.1125567,19.21878,37.463665,13.401637,53.82877,399.08725,16.059734,2.1119673,16.351717,200.76393,0.21994363,0.105478056,0.23395619,0.39037898,0.047023922,0.011761222,0.07949233,1.7473652,15.536352,11.144147,16.123108,23.472599,35.619263,18.135565,38.452164,50.68774
903,2726.0,84.53964,5.789292,95.37486,469.34232,10.06835,0.5719434,11.856655,87.991104,853.354,100.05118,1081.293,9563.295,119.50624,16.039087,174.9229,908.3465,0.30240676,0.14122646,0.33033645,0.5261059,0.46422613,0.03759077,0.46959612,4.764043,19.235985,11.952224,18.25564,27.414387,45.97295,22.317474,46.334568,67.2841
904,2727.0,37.435005,4.4359646,48.932735,200.43929,3.6655452,0.4337839,4.184707,36.379375,108.48616,29.5522,172.77133,1281.4089,29.0038,5.479665,34.11676,449.38635,0.25282556,0.1183895,0.26342538,0.43463516,0.10038234,0.018706487,0.15378949,1.9308499,16.86669,11.522336,16.225761,24.388824,40.46276,21.955776,41.31945,58.00708
905,2728.0,49.340027,5.6572027,52.302372,214.03539,4.3968315,0.5335041,4.7905517,55.842106,185.50406,51.599155,160.05229,783.4242,44.42146,5.985778,50.59946,346.99567,0.2819564,0.12961087,0.26652122,0.5504698,0.12943327,0.01072087,0.16621706,0.9895445,16.216103,12.158964,15.421573,26.631447,50.615032,20.77426,53.258945,71.64278
906,2730.0,16.1875,3.253665,17.061646,121.71991,0.86302894,0.05693417,1.0760331,18.485136,9.743985,2.6933846,12.250057,167.72966,12.312944,1.3155687,9.290512,198.52367,0.26259735,0.12834325,0.25909922,0.39279154,0.0439459,0.012008225,0.056498017,0.5515534,14.552286,8.675785,13.2580185,23.28041,30.687988,14.637627,33.459988,49.59044
907,2732.0,46.60685,2.781977,49.204006,130.48607,3.9010596,0.31666884,4.017725,26.84927,18.186146,12.078502,20.412436,90.06697,5.531577,1.0660192,5.6510444,107.548996,0.13124265,0.08009007,0.14155999,0.21867977,0.046236783,0.009604756,0.05779842,0.69445485,16.696001,11.411443,15.7502365,23.87727,39.14595,21.088324,41.725685,50.116215
908,2733.0,48.836906,3.1019108,56.76852,267.9424,5.9774623,0.581248,5.760745,63.400257,103.13116,46.657158,106.62476,253.48485,17.471724,1.7688438,18.020088,247.34123,0.17589211,0.09187366,0.1794868,0.35625654,0.1500099,0.017454702,0.14770083,0.98696274,16.996689,11.8916025,16.330978,25.17593,51.17773,28.5103,50.9421,62.223225
909,2734.0,66.3971,6.7170177,59.197407,142.907,5.7760034,0.54935175,5.8464675,33.24679,120.974754,39.974697,161.74977,498.77396,22.292938,3.6427875,28.692686,355.699,0.3027624,0.14509377,0.32882226,0.54026586,0.066080995,0.009233163,0.075900614,0.59210193,17.809078,11.20046,16.675285,24.94967,41.267082,26.721617,44.21876,50.64868
910,2735.0,39.84718,3.3367922,28.757925,117.8474,2.4832778,0.3929827,2.1424286,20.364094,14.7271185,5.706224,14.491825,55.11823,5.7988057,0.5225679,5.3570724,82.99393,0.13507804,0.088871166,0.12749624,0.20964853,0.04942449,0.010773422,0.048480555,0.40735844,15.894773,11.301787,15.072536,22.64186,41.471527,24.93387,42.89638,55.63649
911,2736.0,92.6954,6.265644,101.55361,421.51712,11.346967,0.68468934,12.1508465,91.47856,435.66113,70.58434,540.3529,4561.2373,50.96005,5.372554,61.016575,429.59763,0.22668178,0.103125624,0.23336384,0.41653335,0.40500978,0.028540952,0.44702125,5.2289777,19.769535,12.107528,18.746054,30.0598,47.230427,23.23966,48.361954,67.31134
912,2737.0,12.719787,2.0303426,17.31689,193.09772,1.3224237,0.15536842,1.0166811,33.394657,21.753666,5.391599,26.135391,567.51544,19.95562,2.2655294,19.864067,360.5369,0.20999709,0.08920281,0.19843034,0.36332965,0.07568675,0.014945119,0.16992871,1.5309362,15.415313,9.555322,13.830223,25.20879,32.64323,18.351177,33.679466,57.058765
913,2739.0,98.63976,5.565747,86.02886,265.6326,7.826246,0.78482443,8.72865,62.017532,226.75865,89.394455,237.60988,583.6724,35.0079,5.1871133,38.588448,323.7548,0.31879574,0.15626861,0.34363887,0.5295423,0.09299291,0.009525096,0.09959928,0.5477013,17.659983,11.995934,16.405426,25.597174,48.406624,24.949768,48.532192,54.977737
914,2740.0,19.613825,3.0623512,26.106905,125.1219,2.114558,0.34593698,2.2521894,20.412592,20.301085,5.108906,23.115202,158.2568,9.803815,1.0187998,8.709341,164.9956,0.23054409,0.10137365,0.2279553,0.35126913,0.03811002,0.011245906,0.06546281,0.49804786,15.75465,10.673361,15.209029,23.558971,34.39921,22.356632,35.803947,47.84157
915,2742.0,15.766188,3.8426166,20.88302,79.12168,1.1876417,0.16539636,1.4765911,13.337832,20.53683,7.427671,26.074982,101.01805,26.684742,2.0834394,25.65258,276.54974,0.32154325,0.16223256,0.33143428,0.52681124,0.05624725,0.013479519,0.05466736,0.50705755,14.4244,10.5739975,13.311099,21.15619,31.707485,16.716764,33.25984,49.608253
916,2743.0,33.079815,2.3774343,44.107063,148.3862,4.046973,0.5147891,4.285482,32.50034,24.959032,9.054564,28.671965,331.63144,7.508947,1.9980147,6.2118764,160.02846,0.14274433,0.07701182,0.14777666,0.23687053,0.03711809,0.010037779,0.049170345,1.0344036,17.05482,11.721228,16.28833,25.539698,40.474575,22.30606,42.163033,52.315964
917,2744.0,28.124695,3.790142,32.469086,87.37816,2.265151,0.24036345,2.5403948,15.953589,30.726358,10.290411,32.15295,89.76599,11.751104,1.1733887,12.840291,195.59512,0.25290617,0.11545504,0.25904325,0.47800654,0.052460138,0.012367054,0.07475427,0.41914025,15.338364,10.994699,14.8159485,21.564312,38.095936,17.959057,40.820595,55.203686
918,2745.0,20.670439,1.8794936,31.827631,215.38269,2.3918743,0.44372478,2.9821477,34.482494,22.828663,10.938489,33.761204,705.4568,12.475339,2.8846836,11.448976,221.09637,0.1371646,0.07911754,0.14235248,0.20637992,0.08248759,0.018427389,0.122442864,1.9028199,16.138474,11.478081,15.621095,24.585255,37.154087,21.888739,39.35984,57.05944
919,2746.0,57.263542,4.5389566,54.72284,195.73647,4.4521837,0.46632966,5.862917,55.33699,66.73155,45.928474,92.96944,226.19658,21.059923,1.9473267,23.671143,205.6198,0.21699311,0.1146155,0.2280274,0.4408015,0.11177586,0.008949344,0.101431794,0.6905761,16.672556,11.473339,16.25219,24.955872,49.065548,25.97484,50.821827,65.651726
920,2747.0,18.422083,2.3448956,24.89738,131.5119,1.954534,0.37008652,2.0308483,26.088196,12.618943,5.8182416,13.341372,214.63878,6.535289,1.755031,5.226539,150.00752,0.13408479,0.07021385,0.14680141,0.21573997,0.039270952,0.013802749,0.04092174,0.8365824,15.50125,11.167608,14.770786,24.522116,35.638523,21.16682,36.809586,48.74719
921,2748.0,21.218555,1.9822084,28.660154,96.717834,2.2124815,0.19467854,2.3490942,15.858648,10.35562,5.16604,9.521076,50.75736,4.0404525,0.8192436,3.941546,100.383354,0.11594213,0.063927084,0.12842715,0.21771762,0.05168976,0.012544327,0.06569106,0.54299766,15.350761,10.925996,14.91786,22.81239,35.450745,18.766573,36.642895,49.1123
922,2749.0,18.481218,4.90699,23.731365,125.902145,1.6668915,0.2375195,1.8219099,20.646566,25.968798,7.5623436,22.457972,165.7731,11.089781,1.6424747,9.43841,259.69708,0.26126575,0.12336051,0.2666245,0.47238648,0.04344021,0.014442709,0.07407741,0.48127255,15.361919,10.045527,14.787303,23.045265,32.93915,20.383717,36.114708,47.740112
923,2750.0,30.928705,3.5110447,41.23252,99.12277,2.9612865,0.29348424,3.6382196,21.162315,41.290237,20.55001,46.39271,74.14182,10.260775,1.5311577,11.670827,188.09766,0.18905342,0.114072695,0.19797084,0.43239963,0.09265257,0.012353162,0.12627931,0.46072158,15.711761,10.870904,15.388463,22.114855,43.192284,22.027365,43.81956,50.641838
924,2751.0,126.69342,6.020426,108.42519,1355.063,17.45936,0.747896,15.620514,230.18752,2669.3677,127.522194,2450.8474,7211.9614,131.42253,7.5648828,164.60616,716.0698,0.2266188,0.097543165,0.2367083,0.35484174,0.55218285,0.033706672,0.5976403,4.1106715,21.209108,12.166978,19.946714,32.86808,49.635147,28.938173,50.430473,73.92631
925,2752.0,14.088337,1.6112458,14.459286,108.41537,0.7606832,0.11881011,0.8266095,19.86069,12.249885,2.4105017,11.520349,225.45656,11.697865,0.48248714,8.219779,142.74516,0.14938395,0.06277793,0.15044527,0.27286637,0.067406125,0.01021839,0.060965408,1.5407771,12.911343,9.944145,13.154069,23.940071,30.981558,18.439287,34.65711,58.95366
926,2755.0,58.151363,3.641937,71.35482,259.20374,8.656686,0.66541594,8.4152975,51.957848,109.16507,39.588978,116.64624,471.86414,11.0145235,3.3977673,12.224425,155.8372,0.18083605,0.0981674,0.18555479,0.31171605,0.07374348,0.01953274,0.12733816,1.0843217,17.917244,11.8478985,17.473696,26.340399,46.995296,29.61644,48.111473,55.120052
927,2757.0,60.173084,6.3281817,53.44168,166.77242,5.485577,0.40443107,5.9992685,42.474026,100.71413,54.990566,105.95767,205.05377,12.967459,2.4265316,12.432926,209.84763,0.19499406,0.112327404,0.20320833,0.44216436,0.10863231,0.016049996,0.101746105,0.62436044,17.026314,11.12622,16.805948,25.067465,44.89889,28.173595,44.65145,52.74464
928,2758.0,49.91119,5.1178756,55.075356,207.4413,4.5639453,0.45323688,5.309692,39.08833,247.81216,66.45691,264.2296,1179.5603,53.75891,6.1476226,67.022606,558.9224,0.28975314,0.13984571,0.29377395,0.45291516,0.14828494,0.017938161,0.21201447,1.4207671,17.230494,11.254389,16.29101,25.57566,41.860313,27.115042,43.698982,57.95549
929,2759.0,35.588757,4.3073974,39.61483,91.15043,3.363017,0.3007611,3.3190248,18.4888,37.77084,20.850433,39.937737,68.785065,9.653209,1.2408003,10.737281,167.86241,0.19885243,0.10067561,0.21252003,0.4392405,0.06624027,0.0121428985,0.08836687,0.3897222,15.813025,11.134008,15.393972,21.775272,41.803646,22.07533,42.382095,49.71123
930,2760.0,21.380157,3.4291692,21.14924,95.852615,1.603556,0.20273656,1.7364545,14.482323,19.69941,8.199165,20.286795,54.265614,9.825617,0.9722453,10.115776,178.21913,0.23206016,0.10850377,0.23805152,0.49266428,0.05111486,0.010576372,0.056897126,0.34472963,14.567637,10.317643,14.054473,22.124058,38.760582,20.99361,38.01813,56.925713
931,2761.0,57.795143,6.450294,74.84093,232.7397,9.408633,0.65531427,9.524158,49.28132,123.52657,33.942932,162.38556,541.6797,12.204971,2.7666385,12.810455,262.04474,0.23534529,0.12058242,0.23518929,0.46510983,0.053003263,0.017720506,0.10003708,0.81384075,18.295025,11.640984,18.14668,26.083536,44.770126,29.913898,45.76145,53.837006
932,2763.0,63.38777,5.3897104,71.77079,260.50452,5.275423,0.47999698,6.3007703,53.369392,295.60526,77.21939,351.90036,1565.4506,71.34645,10.1733885,71.549774,465.29678,0.25134787,0.1370411,0.25549257,0.46626395,0.23311219,0.029115925,0.26293376,1.9771285,17.202686,11.506356,16.505903,25.683388,46.06786,27.207218,45.7899,61.631092
933,2764.0,56.01211,5.8851943,65.72076,223.89178,5.8103776,0.47072423,6.5684524,44.647614,226.44316,85.344925,202.06886,446.57584,29.31051,4.0399504,29.928446,284.06747,0.24177983,0.117164284,0.2595043,0.48053113,0.15700635,0.014912834,0.17231472,1.2290436,17.560247,11.8026,16.605307,26.194715,48.14792,24.812387,49.932762,64.13341
934,2765.0,40.93508,5.5992312,45.319485,144.65042,4.150496,0.41516453,4.066161,36.17074,75.54031,15.435224,116.274,495.19034,15.8910885,3.679167,16.039276,320.31357,0.26587892,0.13206762,0.27119032,0.45896927,0.05599275,0.012218032,0.04868972,0.9075705,17.178423,11.520657,16.151648,25.436348,35.72393,21.186111,39.290524,53.041237
935,2767.0,115.33593,4.7029967,104.23345,566.46704,12.9794035,0.69565505,11.548418,168.72716,537.5699,60.51729,511.06894,1696.7211,34.531757,4.3166075,36.19251,250.49821,0.19995752,0.0943844,0.2030947,0.29942062,0.20144208,0.019097751,0.19645844,2.528813,20.119467,12.029722,18.703451,32.48151,49.968616,25.277597,50.241337,65.81866
936,2768.0,37.88022,4.447433,47.608116,200.43929,3.9647698,0.43360668,4.400601,37.3958,126.63393,29.695696,227.14047,1326.968,35.29688,6.3122845,38.8327,445.5419,0.25812852,0.13246995,0.26339927,0.4431559,0.12019009,0.018404502,0.15757446,1.9904275,17.13095,11.491867,16.255661,24.88654,38.803154,22.081642,41.38262,57.662876
937,2771.0,56.347267,5.8065553,55.74856,205.82472,4.823417,0.40173092,5.214435,57.508587,90.82958,16.961498,146.48972,666.0135,18.364162,3.6922677,18.258877,339.98364,0.26701427,0.13102093,0.27343196,0.46414596,0.06583864,0.012338116,0.05845462,1.1767994,17.438559,11.526612,16.503265,27.178375,39.13745,21.119194,42.025005,54.90636
938,2772.0,59.33945,3.8341973,66.88851,233.29716,6.4353795,0.47158942,6.9894466,57.521008,72.84278,15.208829,91.00859,546.3738,12.574857,2.4311368,11.454215,168.65414,0.20367628,0.104464315,0.20799172,0.30479693,0.07478778,0.01147594,0.07410522,1.1181939,17.766628,11.589099,17.175097,26.70812,42.54376,22.107224,45.013153,54.01047
939,2773.0,66.573784,6.078752,79.831726,406.9135,9.6010895,0.6068574,8.469845,85.79384,422.72302,68.91524,479.64243,4557.0156,47.932205,5.1821995,61.552776,465.9504,0.22767414,0.10543189,0.23830792,0.49545386,0.39439365,0.02842666,0.39574242,5.0464344,19.49634,11.977924,18.27313,29.69573,45.66626,22.104553,47.304253,67.87585
940,2774.0,48.924408,2.2767115,56.1512,203.76978,4.7047753,0.2928903,5.4795914,44.48333,58.22106,25.108717,73.32785,107.91223,13.844241,2.0693452,13.540165,125.80751,0.19603775,0.12635341,0.20546468,0.3339701,0.07497502,0.0133905085,0.06285741,0.5551827,16.547228,10.8527355,16.236605,23.901363,44.262257,26.20075,44.437805,51.742546
941,2775.0,36.318478,3.736164,40.958374,137.49745,3.5574741,0.43910733,3.4532852,28.996119,37.824932,10.38959,66.65787,305.91934,13.851211,2.8401973,15.67364,151.72635,0.2221909,0.103183635,0.23242503,0.31942704,0.05777026,0.0136649115,0.058100663,0.75153697,16.77819,11.442199,15.858457,24.110403,35.228004,21.077242,38.494244,49.570976
942,2776.0,49.9052,4.9887495,46.09518,174.85226,3.7190673,0.34368703,4.061733,34.965233,83.65867,18.534466,92.15165,187.37784,24.401169,2.3873065,26.642912,225.31117,0.28987962,0.16008347,0.29159257,0.47790274,0.056322698,0.012090565,0.05884881,0.40985978,16.341248,10.729223,15.448815,23.972296,42.900192,24.16511,43.1978,51.601383
943,2778.0,27.278028,4.9274397,33.04905,96.303246,2.45436,0.24566863,2.7373264,22.201965,46.260326,16.416477,51.705456,264.83078,19.560438,2.8587399,19.35409,270.86594,0.24984129,0.13671952,0.26394254,0.4770476,0.0641457,0.013046987,0.07843289,1.3524959,15.694585,11.135645,15.049184,23.685911,35.129,17.843761,38.221615,50.81216
944,2780.0,38.781895,4.471403,39.720535,95.35313,2.910468,0.3418548,3.1066027,20.88667,58.766483,27.47157,61.616383,95.72487,26.084938,3.6424742,22.08635,184.68784,0.25527522,0.1486266,0.24900463,0.47926447,0.06629792,0.013701253,0.08138115,0.32615432,15.782208,11.069344,15.489883,22.230627,40.34593,22.122303,41.86151,48.780552
945,2783.0,38.07141,5.7740326,37.235046,133.52498,3.5806966,0.47794557,3.3907707,19.97668,27.97786,12.851072,34.429993,220.79146,10.097081,1.7090805,9.093638,147.2582,0.24286902,0.14471556,0.23611273,0.36779898,0.03697315,0.0108809685,0.05620209,0.46868372,16.483072,11.025587,15.7590475,23.421589,35.50222,23.812286,38.615086,49.941177
946,2785.0,49.66569,4.653033,45.947563,145.20306,3.6789246,0.26774946,4.0929875,37.209686,111.16453,43.580948,95.04222,225.82637,35.0596,4.2663517,41.83217,245.05823,0.25913122,0.13249026,0.2697669,0.4774304,0.09765496,0.011743834,0.118905015,0.5431672,16.401827,11.169453,15.690008,25.414978,44.9114,21.627804,47.544712,59.0241
947,2786.0,63.63462,7.095708,67.574745,199.89256,6.5019755,0.54290974,7.1999817,43.29319,226.01866,93.03459,249.52412,421.23602,47.894913,8.583828,48.43017,238.94365,0.2744553,0.13704406,0.2827626,0.47107705,0.105492614,0.014267846,0.12812437,0.7457614,17.70119,12.073115,17.294073,25.732874,45.57862,28.18812,46.712986,53.88874
948,2787.0,25.294464,3.1301107,33.90458,195.09238,2.374229,0.4515853,2.9171195,31.359224,57.464287,16.817924,77.42428,1059.112,25.123838,5.190344,26.86973,310.26602,0.22793467,0.10541451,0.23768747,0.32404825,0.10991286,0.018830804,0.16596499,1.8467792,16.205189,11.471401,15.596597,24.394608,38.290848,21.317799,38.382465,57.113644
949,2789.0,16.706427,2.6812446,18.269142,121.615135,1.0461595,0.1660745,1.2188764,22.623583,11.846481,4.5174184,17.374922,247.28285,12.185246,2.5144053,11.605175,238.75241,0.2355776,0.10120262,0.25516304,0.3403241,0.055417333,0.013595971,0.046833854,0.77271366,14.626657,10.266267,13.941061,24.094866,28.808084,17.912653,31.83264,49.32733
950,2792.0,19.06332,2.9504485,23.42172,134.73389,1.1138204,0.15390162,1.4628963,22.479342,22.137117,8.133419,26.009144,306.19223,23.400394,3.3026938,26.95177,337.16998,0.28099155,0.1287204,0.30583575,0.4678969,0.06304263,0.011661286,0.05406661,0.7393283,14.749288,9.764528,13.99771,23.450207,33.19581,18.922474,35.07167,47.671864
951,2793.0,22.983757,3.149033,26.374771,88.86842,2.2269347,0.2512968,2.3867028,20.589033,27.988924,11.042155,41.06797,197.32564,17.354189,3.166985,15.217984,156.26627,0.24351424,0.12753455,0.2446275,0.39531675,0.057829928,0.014370564,0.07271715,0.8278545,15.697103,11.2413645,14.861948,23.49868,33.954205,18.209929,35.197983,49.600063
952,2794.0,32.179466,5.548684,30.049889,119.15322,2.6733205,0.4031712,2.281191,24.192572,34.263554,11.155912,52.501984,378.02936,13.434007,3.0848598,11.824305,279.7256,0.27301055,0.13512316,0.28461513,0.46772078,0.04129,0.01446093,0.03517702,0.7117185,15.910367,11.408804,15.388244,24.070614,32.7338,19.870253,35.00322,48.91456
953,2795.0,43.919125,3.845015,52.218193,178.50993,4.3611298,0.36930418,5.4519444,51.841434,76.74739,44.667423,69.96782,222.52495,15.912399,1.4797904,17.516666,173.13173,0.187143,0.08212012,0.18373987,0.33220872,0.13942757,0.01341127,0.14344087,0.9234485,16.044071,11.398751,15.388103,25.903275,51.090393,27.690214,53.76499,67.49813
954,2796.0,32.39057,5.2892475,32.376064,129.31808,2.8620596,0.37162682,2.6021101,25.983068,44.921238,11.796811,65.26138,419.06808,15.154168,2.3329387,13.42885,263.47925,0.2667966,0.1380169,0.27372396,0.45017368,0.05108511,0.01374454,0.043989792,0.6664679,16.307596,11.202497,15.643756,23.772636,33.54229,19.58907,36.676533,48.3752
955,2798.0,16.026308,2.1953917,25.09326,148.96306,1.1487584,0.1648238,1.2804934,41.996162,30.19482,13.750129,32.69741,121.52858,27.48446,0.67342156,25.340036,359.80765,0.25074556,0.08364289,0.2402652,0.4902761,0.0854397,0.009363496,0.079799324,0.9649461,14.058572,10.315642,12.640197,24.515593,47.944748,22.640272,47.33747,62.410442
956,2802.0,12.273941,2.491287,12.657962,97.23362,0.51168466,0.11056009,0.5625137,15.39338,19.83541,5.0975947,21.186724,146.38303,38.13038,2.208353,35.722675,373.73346,0.3489167,0.12945813,0.34947294,0.55405766,0.071591996,0.011192175,0.057693608,0.65765005,12.300873,9.6189165,11.546191,22.375536,31.265886,17.062233,34.483288,55.75488
957,2803.0,99.21418,7.850185,92.88215,342.57516,12.838118,0.87415284,12.815268,60.40223,283.01602,111.63028,334.40048,481.3413,18.556755,4.618488,17.792784,243.91212,0.19505744,0.12165552,0.2027494,0.43368828,0.19195807,0.021529017,0.1924946,0.9307052,19.092829,12.378965,17.960712,26.119804,52.889088,30.906393,53.76425,66.37622
958,2805.0,10.186281,2.2120774,16.557938,142.3322,1.0142857,0.13086526,1.31969,21.325994,12.741981,7.7762523,24.01719,348.59708,19.577026,3.8014953,20.12684,309.35806,0.21719421,0.09695266,0.21946272,0.34724033,0.11789764,0.018892372,0.13574035,1.3263298,14.16046,9.824373,13.7695,22.776308,33.43523,18.79146,36.900284,58.754646
959,2807.0,19.533335,5.2671347,18.809301,114.217155,0.9595176,0.14434175,1.2678372,19.69555,20.582771,6.041738,24.381863,300.3914,23.446293,4.2536244,24.738804,309.88916,0.29597527,0.15114783,0.31108212,0.46866113,0.05767119,0.0147806825,0.042473197,0.62560934,14.620601,10.053141,14.087543,23.132967,29.247486,17.476185,31.98309,47.411278
960,2809.0,69.26085,3.4061716,79.73787,230.75943,7.2290573,0.6244254,7.9912214,59.249004,104.67275,33.713917,114.85342,373.75467,12.828734,1.6588391,14.883806,177.01218,0.20652674,0.09047671,0.20203507,0.3186262,0.06576233,0.012081747,0.07462662,0.7652095,18.033665,11.472259,17.291193,27.018402,44.89591,28.780066,46.024307,53.174942
961,2810.0,10.161726,2.285784,15.092344,159.44989,0.8024933,0.11171169,0.70507574,24.710398,12.788278,8.384286,19.384089,423.91376,20.019285,3.9183683,22.808489,329.69742,0.21600027,0.09275861,0.21826613,0.3570623,0.111901425,0.017709471,0.16544263,1.507338,13.977166,9.528794,13.2379055,23.423916,32.850643,18.361298,35.758324,57.575275
962,2811.0,44.766487,4.993797,48.017765,171.45886,4.3626127,0.3321749,4.71959,37.914734,80.43549,27.918604,108.99259,263.96793,18.929798,2.4869313,18.156853,188.21788,0.2447621,0.14267813,0.24850485,0.37013713,0.062243022,0.0109786615,0.06475461,0.7003658,16.856602,11.412738,16.135431,25.108746,41.481865,21.560904,44.033134,51.89099
963,2812.0,24.42907,4.1585894,33.232414,434.61002,2.2278771,0.19915237,2.1728427,116.90415,80.14704,14.581228,101.96771,988.4992,36.311398,0.61997783,39.906498,398.9493,0.2773616,0.083069466,0.29678214,0.47947043,0.16500217,0.012158178,0.15501332,2.6095066,15.131717,10.827742,14.179802,28.099064,46.444244,20.737253,50.68658,71.13418
964,2813.0,21.528116,3.9035122,27.53996,118.3811,2.0268614,0.3846713,2.2299283,22.767553,23.10756,7.7061977,30.15196,321.82727,11.618357,2.7285874,10.862664,195.31876,0.24441095,0.12200101,0.2559788,0.3406703,0.040004317,0.014823102,0.035995033,0.76499015,15.686679,11.281486,15.283265,24.06915,34.22097,19.856712,35.14032,50.32277
965,2814.0,71.560974,6.056931,77.82881,262.8794,7.901306,0.4989204,7.345838,70.868065,299.6126,36.853638,290.95584,1063.0621,27.722963,3.814978,27.398682,352.81302,0.22819802,0.107295744,0.24156386,0.45530844,0.23538786,0.017242245,0.18794106,2.107272,18.18191,11.845051,17.523468,29.115734,45.62842,23.14052,47.097263,60.887966
966,2816.0,61.65215,17.627003,64.29095,173.1375,5.1912374,0.482334,5.4135385,40.082638,1215.4661,302.05957,1386.5281,3954.17,207.53874,49.327515,247.07942,1887.7175,0.89235675,0.47301403,0.8417003,1.3296311,0.060834583,0.015049965,0.06702246,0.62812126,17.349834,10.9683895,16.450876,25.824247,41.624836,26.206518,43.279263,51.712128
967,2817.0,96.62873,3.8460205,112.77661,358.61176,12.528963,0.9269474,13.115855,71.6036,355.35117,181.46411,384.89352,787.52576,24.215422,5.1257124,22.554731,242.19385,0.16357337,0.092674755,0.16562521,0.29850325,0.29343837,0.043461986,0.28961012,1.6559579,19.106796,12.916706,18.26637,27.239399,50.627552,31.449408,51.237495,57.432632
968,2818.0,157.12567,19.748217,145.81302,512.2926,22.718435,3.6476886,23.527506,141.97159,4075.6604,1660.3076,5026.3027,5832.9995,196.74696,24.140306,206.87231,1320.4799,0.21376522,0.11909576,0.20226395,0.4145119,1.0055523,0.09351693,0.7245593,3.2278738,21.00263,14.30818,21.199379,29.437193,53.252636,43.34226,51.971195,61.62617
969,2819.0,22.163635,2.5093915,26.452787,176.91286,1.5123525,0.2524892,1.7877839,51.943966,38.537132,8.891519,48.671757,224.34589,34.179108,1.285931,35.42579,236.09435,0.2831053,0.100964084,0.30203956,0.49508068,0.07910945,0.006686155,0.11667425,0.80441177,14.824184,10.319704,13.086766,25.506407,52.3312,20.857578,53.95368,72.40706
970,2821.0,70.36161,7.5548725,86.90218,269.72232,7.9576645,0.5832684,8.849339,60.31402,510.54086,111.540405,519.5933,793.0037,71.85068,8.902989,78.642555,436.65213,0.2981014,0.14421014,0.29463983,0.47075447,0.16511028,0.030486055,0.1868118,0.8566853,17.777985,11.705768,17.543514,26.570236,46.41522,27.99549,47.438873,59.123135
971,2822.0,22.528177,4.401192,26.51025,223.86243,1.7164792,0.2064969,2.2888277,32.107723,35.094067,11.022791,55.781452,820.51355,26.886015,4.380238,26.84847,393.21393,0.24897794,0.11738056,0.24802437,0.3686556,0.11498694,0.017487874,0.15829875,1.8341115,15.903703,10.5307455,15.202298,24.181215,35.718155,19.704992,37.644066,56.081005
972,2823.0,26.573889,4.788119,28.509506,110.564316,1.7557971,0.2813577,2.0418549,16.88755,24.143532,9.065966,38.832767,187.58871,16.219797,1.2442092,18.15442,192.81839,0.2805579,0.15554315,0.26441348,0.4044751,0.049305487,0.0096063465,0.059401497,1.1330283,15.42968,10.9277,14.5499,22.219656,34.378487,17.953564,38.932156,52.32831
973,2824.0,22.60898,4.3576703,26.700518,100.02456,1.5830256,0.1993317,1.7328529,17.713076,27.289581,8.853752,30.116692,151.31242,15.777513,1.1534122,17.775024,211.70404,0.26363477,0.11689623,0.26526448,0.46375814,0.05917899,0.012012186,0.06292265,0.6206978,14.570675,10.56718,13.732975,22.269,38.154373,19.487999,38.845543,55.320908
974,2825.0,16.679413,5.2599974,18.793924,117.22178,1.1690556,0.2524376,1.3893813,21.433867,16.58189,7.7479863,21.623661,270.18845,11.570645,3.0884426,11.236284,307.17203,0.26629913,0.13270329,0.2879523,0.4716402,0.04267649,0.012295147,0.03910393,0.75255096,14.871541,10.571823,14.448832,23.88132,30.132877,18.441572,31.907394,48.522198
975,2826.0,9.174571,3.4210298,10.196108,87.99997,0.7373888,0.1710829,0.94267124,15.248056,14.872645,6.0578923,17.303865,146.42183,21.285412,1.543887,15.743994,169.07928,0.26482916,0.11634654,0.24340332,0.36385876,0.05667955,0.0139686875,0.0545608,1.1553688,13.968274,10.552325,12.801651,23.0268,27.525078,17.231817,31.487856,58.16371
976,2827.0,23.806974,5.292973,22.576574,128.65291,2.1746464,0.3401905,1.971881,24.997581,33.335503,10.459003,47.558163,327.64297,14.421893,2.9511344,13.74447,272.77698,0.23784086,0.10775039,0.25355503,0.377452,0.073647566,0.016213037,0.066543974,0.898387,15.564469,11.028544,15.062817,24.636913,36.505966,20.761963,37.389103,50.26708
977,2828.0,66.30943,7.102558,69.750435,209.36028,7.2035646,0.51500523,7.8719034,40.048717,157.91058,107.00023,203.06152,535.69244,25.259317,4.923364,26.561533,276.47882,0.24706602,0.11801711,0.2655715,0.4766837,0.10531533,0.011875061,0.13229162,1.489177,18.029543,12.143461,17.1294,26.331785,46.246178,24.304993,47.350357,58.06861
978,2831.0,34.127823,3.8936,40.790905,148.31355,3.3119285,0.39450192,3.1945562,35.977478,49.795486,12.604715,72.42726,409.8407,16.3227,2.716815,16.070637,213.23672,0.22027177,0.09908579,0.23453882,0.33065242,0.074984156,0.01630158,0.071227215,0.9313518,16.507584,11.369179,15.679884,25.12157,38.402126,21.441872,40.629524,50.379826
979,2832.0,23.586082,3.1190655,24.250628,198.98912,1.6834495,0.21838453,2.0415027,33.150036,26.672121,9.404467,46.658806,785.40436,25.430447,4.036084,25.852787,324.74786,0.22957751,0.104859,0.23492515,0.32330924,0.12071514,0.018027442,0.15047228,1.7951756,15.806757,10.698638,14.95708,24.343956,34.80994,19.300507,37.118977,56.26446
980,2833.0,14.122602,3.4142947,17.007908,214.8405,1.1978427,0.19951445,1.0450298,32.01015,28.324198,10.397435,45.64104,867.17487,43.33274,6.4628267,44.716362,456.8061,0.2668477,0.13187452,0.26484758,0.46486753,0.12500104,0.017926516,0.16018419,1.8482455,15.506442,10.438818,14.277569,24.076408,32.79111,19.056047,34.58904,56.155243
981,2834.0,39.617775,3.976257,42.702236,144.7199,3.5558736,0.44730282,3.2789598,27.132313,52.571312,13.015414,59.189873,480.22943,13.815956,2.9987195,14.756118,218.47665,0.240488,0.10401702,0.2554318,0.35777622,0.044360906,0.011774072,0.05464795,1.0173761,16.415066,11.570201,15.846697,24.798569,39.464863,21.486664,40.980095,51.072674
982,2835.0,44.369236,3.9677184,45.618183,141.84674,4.3290567,0.44930062,4.1766853,35.77632,64.48582,14.51675,76.68495,475.57544,14.087404,2.7722743,15.578768,216.43417,0.23482305,0.10226633,0.25441208,0.3345233,0.046160188,0.011350774,0.049618255,0.9992291,17.309217,11.602838,16.254213,25.860199,39.0472,21.761307,41.663853,52.19522
983,2836.0,7.2881174,1.7271154,13.442753,116.98011,0.69861317,0.16124135,0.58310306,21.351881,7.3437843,2.8497372,10.943143,218.69325,11.1032095,2.5915842,11.318575,236.12848,0.23300597,0.100081734,0.2622154,0.32365656,0.04291094,0.011343881,0.04406218,0.8006035,14.337375,10.180259,12.78449,23.517868,27.07347,17.54818,28.034708,48.134266
984,2838.0,65.77468,7.543218,76.71951,193.23828,7.298125,0.5596885,8.748125,41.362186,294.5046,106.215866,272.0615,947.0253,30.493654,8.022091,30.356264,337.94083,0.21871784,0.12786157,0.20521297,0.48598406,0.18442151,0.01524692,0.1650224,1.993547,17.76582,12.010255,17.794758,26.539577,47.19039,27.674833,47.231365,57.325768
985,2841.0,25.426462,4.076645,25.752895,151.15839,1.4115252,0.23335505,1.8515526,37.241848,42.722363,10.701655,55.54849,328.48956,27.896029,0.8261309,24.788109,193.42995,0.28052032,0.12174732,0.26982552,0.3806417,0.07143414,0.008577211,0.06706417,1.4062653,14.924556,11.055637,14.00432,24.932182,39.813206,18.82147,43.624393,61.427143
986,2844.0,44.566204,2.9786665,50.231777,245.417,4.190831,0.5147529,4.449165,36.12424,85.716225,37.591587,138.2652,524.03577,23.543924,3.7405531,27.19256,202.35051,0.20903291,0.10468158,0.21175587,0.3138389,0.13681157,0.019121628,0.17749764,1.269032,16.76119,11.518737,16.177042,24.342056,42.40535,26.993414,43.00858,60.042736
987,2845.0,20.201616,5.0118566,24.914812,122.27137,1.3511171,0.25547662,1.6901009,20.250286,24.222023,8.774351,36.99202,292.3715,14.805218,2.5919025,12.724338,314.9504,0.2675369,0.15324643,0.27991104,0.461942,0.05465084,0.014114954,0.045776773,0.64346975,14.942832,10.386693,14.646951,23.144491,29.393864,18.141216,32.369556,47.405895
988,2846.0,26.763046,3.501436,32.45295,111.460976,2.097526,0.24096276,2.2519274,22.136923,22.225105,5.9937716,34.379333,118.29291,15.616588,1.0995934,18.159378,122.322815,0.2211284,0.10722902,0.23197542,0.3269052,0.058498666,0.010253333,0.07242853,0.67560816,15.433861,10.727607,14.517395,23.318048,33.558308,18.988375,40.192802,56.110283
989,2848.0,7.0252905,1.2677665,9.488826,115.0215,0.61546606,0.11867539,0.67344195,18.622055,46.21998,8.58029,46.496822,503.86273,31.403408,1.6681399,25.240927,314.6913,0.26240745,0.096593685,0.2811828,0.5773632,0.09970964,0.013609418,0.10189207,1.6661669,13.316715,10.103836,12.950748,23.648035,32.60849,17.26766,34.104652,61.492172
990,2849.0,9.719465,2.0406394,11.903595,89.25768,0.591173,0.059204727,0.83204114,15.922252,10.260432,3.4231224,11.657108,101.01607,14.074573,0.97654206,12.622266,194.96611,0.29393923,0.12678503,0.27565366,0.5618517,0.04560318,0.010670807,0.04161484,0.51703477,13.572478,9.565633,13.086575,22.020802,31.455858,15.315854,34.282276,51.689014
991,2851.0,78.5027,3.0312064,94.31029,467.23306,10.456256,0.5974908,12.0166855,88.52715,3381.3457,378.9342,3265.2827,37180.812,451.04004,39.63844,479.76755,2990.9075,0.5304768,0.26679236,0.53214985,0.9280843,0.4789873,0.0406087,0.49712837,4.763903,19.38892,12.139065,18.375578,27.536812,46.619164,22.309114,46.30769,67.28873
992,2853.0,32.83384,3.1495287,42.74312,117.73193,3.1914535,0.32718244,3.8780224,31.886477,185.2427,63.30733,197.55838,598.18774,64.72105,6.9300866,78.42091,938.38654,0.5292281,0.2614915,0.5202763,0.95460504,0.06422228,0.008889944,0.09114426,0.41102764,16.072947,11.113025,15.404689,24.045498,43.93115,19.288008,47.239788,59.74206
993,2854.0,34.00394,3.7653313,38.441532,106.12226,2.720821,0.29899323,2.8385642,22.527254,36.813217,12.043247,42.01074,146.72557,14.927416,1.1404672,17.24871,182.55452,0.2132024,0.099015675,0.2261593,0.35980308,0.06189467,0.009607734,0.072375275,0.6303287,15.670819,11.088736,14.709995,23.551643,41.650665,19.25871,42.274513,48.938877
994,2857.0,44.376137,3.8677096,34.477013,376.64227,2.2349212,0.52998465,2.0412998,85.398705,77.12956,25.998981,83.8181,407.69214,23.715422,1.049361,27.557419,259.26035,0.26150122,0.09575343,0.2865123,0.52285933,0.107423574,0.0086573325,0.12729825,0.9796908,15.398134,11.040751,12.945883,27.218025,61.082363,26.314003,58.05027,76.293564
995,2858.0,36.16552,2.9898098,36.541573,271.79166,1.9171152,0.27405682,2.2302337,84.2101,47.03267,15.176913,61.509766,1780.6276,26.24536,0.9777833,32.05169,377.5354,0.25285396,0.088980794,0.2683311,0.6045496,0.09799302,0.006982746,0.12499944,2.33655,15.503538,10.6793165,13.477012,27.474794,49.653717,21.750954,53.843773,73.33783
996,2862.0,46.945034,4.6961737,47.371338,157.86292,3.8272767,0.32323784,4.3215103,38.5664,48.353767,23.20975,58.246464,116.65647,11.943678,1.0510422,14.1546135,163.23323,0.2511121,0.12242868,0.2508911,0.3703574,0.051926013,0.009419441,0.0627596,0.3626875,16.433374,10.974725,15.594461,24.926691,43.801144,23.504221,44.71607,50.10056
997,2863.0,182.13316,8.153761,125.5894,606.3096,25.710596,0.9316167,24.008564,152.67206,4746.312,175.77022,4638.757,12246.697,114.39419,9.335586,163.30548,802.61847,0.23065397,0.114929445,0.24642138,0.4817482,0.8047095,0.07537226,0.7793243,4.4636602,21.512514,12.261164,20.565674,31.68929,54.903286,28.467415,56.734867,69.425
998,2865.0,27.539396,3.7107172,28.666348,118.87526,2.394032,0.39713863,2.4191053,24.870998,11.928133,5.1257086,24.45931,223.06857,7.5943375,2.296411,6.46134,142.52957,0.20973252,0.10749608,0.21545146,0.28834677,0.03446699,0.015193533,0.031226847,0.73193836,15.790447,11.446987,15.436353,24.055668,32.379154,20.347183,35.358837,48.826107
999,2868.0,55.137283,4.6000137,54.977013,180.30756,4.9735155,0.51770985,5.3972,54.71136,132.25928,21.343023,177.0776,817.84595,23.421062,2.657634,28.73374,322.76965,0.2339487,0.108752064,0.23932543,0.44526982,0.17179295,0.0124460785,0.16369356,1.2838115,17.39168,11.655782,16.520424,27.01153,41.822926,23.107513,43.58126,55.11746
1000,2870.0,20.485659,2.615263,25.389536,134.28877,1.6953523,0.3586913,1.9150035,22.273623,24.65933,7.4332194,30.827547,299.6662,13.076941,2.082481,13.584188,203.47182,0.23403715,0.09649013,0.23759595,0.32276803,0.054764066,0.012659063,0.055493016,0.67834115,15.141876,10.921138,14.752866,23.325998,32.986332,20.912825,35.015625,47.01206
1001,2872.0,32.1584,4.0005283,32.21621,118.872826,2.7765465,0.41851982,2.607687,25.293106,28.013016,8.626598,43.771614,351.1295,13.140444,2.765502,11.651128,194.75694,0.24544998,0.122016296,0.26036447,0.33924294,0.041483823,0.01398647,0.036330357,0.7667274,16.312872,11.453597,15.621435,24.497074,33.119045,19.862558,36.50054,50.360905
1002,2873.0,11.759563,1.7605273,11.992863,91.57256,0.74637395,0.17632039,0.744781,15.526341,12.129865,3.565836,14.889363,42.876686,12.839428,0.6795958,13.888766,154.54207,0.23912348,0.085413426,0.23902944,0.35989437,0.063307144,0.0110806385,0.05810339,0.46156836,13.029401,10.331043,12.204354,22.159918,33.290268,19.68816,35.73168,55.52638
1003,2875.0,67.838844,3.763985,77.407776,259.91476,7.0567136,0.509033,7.2742805,58.619915,236.69583,68.834305,260.87433,1433.407,40.19677,5.445467,41.48997,324.66922,0.22748019,0.11672326,0.2298078,0.3305484,0.20366181,0.026035694,0.2635613,1.832621,17.823093,11.524555,16.927526,27.462175,46.60928,27.8817,47.281136,61.55416
1004,2877.0,7.735796,2.4562058,12.320027,82.85134,0.608254,0.06628921,0.9572618,17.477829,7.819955,3.10109,12.563717,97.68393,17.025188,0.5982357,13.081062,194.68044,0.26175812,0.10838786,0.24213389,0.44222733,0.047123317,0.010789284,0.04959003,0.9437497,14.099602,9.493841,12.678308,22.367132,28.572824,15.524973,31.846096,48.646194
1005,2878.0,32.921837,2.8545547,34.621773,135.93724,3.0209384,0.47692937,2.730378,24.89803,39.877586,10.440452,54.109894,359.54477,16.153765,2.1166916,17.829613,212.8648,0.2275208,0.09557408,0.22745977,0.31892133,0.05883179,0.011664533,0.06495295,0.8240429,15.98791,11.489242,15.702302,23.384014,37.734722,21.994253,39.755516,48.099796
1006,2880.0,27.475512,4.675724,30.889532,119.930504,2.49711,0.375965,2.44855,25.254301,23.984943,7.7921367,42.649426,335.76117,12.972665,2.7046382,11.591869,216.21828,0.24226075,0.12136751,0.25974306,0.33652577,0.044324826,0.015131464,0.03800797,0.7683789,15.995707,11.347427,15.510401,24.163,32.379154,20.005081,35.388287,49.145615
1007,2881.0,12.099765,1.9477913,18.6208,97.70432,1.0623995,0.14488165,1.182588,17.77338,12.032909,4.1522202,15.537195,90.10508,10.893293,1.4357163,11.179756,170.46944,0.22498345,0.09205232,0.2430526,0.38380504,0.054823242,0.014324296,0.049574763,0.5418022,13.971625,9.968732,13.178599,22.68781,33.40437,17.478495,34.168987,49.510822
1008,2884.0,11.88042,2.1090126,15.437946,176.74405,0.85915667,0.07931238,1.1850547,25.393282,19.305723,5.641614,53.506992,1871.8745,25.34733,3.0154603,29.141104,543.5118,0.22968392,0.098751105,0.22446553,0.5170804,0.10716557,0.011360417,0.17881995,2.4279907,13.532244,9.325602,14.407358,23.844141,34.583652,19.71879,35.78848,63.60854
1009,2885.0,9.970307,1.2377518,16.842054,135.418,0.85119945,0.19495586,0.7678546,21.999998,7.016628,3.616521,11.564806,194.30809,9.6585455,1.6526775,12.303456,158.67519,0.20676506,0.089412995,0.2307826,0.3186816,0.056178328,0.010137208,0.055679113,0.72844875,14.426399,10.226505,13.169773,23.261925,31.355923,18.920488,34.362316,46.965324
1010,2886.0,24.162867,3.2294052,29.890203,99.68056,1.5629821,0.18101065,1.9486585,17.235596,39.45561,13.504793,38.50138,101.480576,27.508093,1.883614,28.337265,257.09485,0.22917058,0.09990527,0.23618355,0.4598425,0.111067615,0.011448115,0.14255989,0.75202423,13.858334,10.31241,13.65838,22.540499,41.726383,19.802574,40.942078,60.26334
1011,2887.0,27.304558,5.310716,31.22701,123.50367,2.4873738,0.34917808,2.4609709,23.017834,29.921362,8.083117,50.03907,344.177,14.567186,2.8865852,13.115679,280.7781,0.26110727,0.13507894,0.2700664,0.46214578,0.0548214,0.016057122,0.044456158,0.7012339,15.949777,11.150504,15.57212,23.33285,32.957603,19.997562,36.16384,48.362194
1012,2889.0,10.5036545,1.7878399,11.735367,87.02157,0.42958024,0.055997584,0.6280794,15.179284,9.834058,2.7252157,9.233408,118.602806,16.760815,0.9942038,12.000091,161.21262,0.26603046,0.11239045,0.26020223,0.37107232,0.054500043,0.012859922,0.050927866,0.6214437,13.245534,9.34504,12.616495,22.052132,25.807898,14.563753,31.139122,46.72195
1013,2891.0,29.90655,3.1346655,34.74766,225.89346,2.7471063,0.41815183,3.2930987,34.647686,71.72317,19.114086,99.0648,1065.8049,29.243692,4.782627,28.645098,303.20984,0.22784586,0.10488296,0.23417044,0.3299502,0.123748295,0.018200023,0.15980531,1.8888831,16.40265,11.317913,15.739156,24.45117,38.597054,21.169657,39.91344,56.97368
1014,2892.0,83.396385,7.7131915,88.19816,236.03075,8.804384,0.5940878,8.7562895,56.473526,276.51242,68.69804,299.65335,608.167,33.274883,5.476417,28.266308,281.05484,0.26101995,0.13597451,0.2673582,0.4835719,0.08389264,0.013996258,0.10892468,0.8861902,18.245903,11.435606,17.622953,27.789728,46.103893,28.85981,48.575222,54.847694
1015,2894.0,21.71241,2.555356,24.980476,134.75023,1.7060045,0.377617,1.9335678,22.015291,17.625679,6.516442,21.290691,215.81995,8.283987,1.9532253,8.072549,148.15544,0.20162357,0.09100563,0.20612085,0.31307843,0.05345231,0.012359967,0.05141384,0.6698626,15.069672,11.100261,14.853968,23.181524,35.55211,21.270725,36.967007,46.939503
1016,2895.0,22.444033,3.534453,23.234282,126.41577,1.2829312,0.21976672,1.5791281,26.36183,31.826748,6.9640155,39.570538,194.4255,24.525806,1.1739426,24.02542,167.46443,0.24906279,0.11122663,0.2565242,0.33800754,0.073161334,0.009286908,0.07951875,0.77247787,15.005008,10.710697,13.655545,24.214039,33.493042,18.347301,41.002964,56.87365
1017,2896.0,10.1333685,1.8896984,9.8428335,99.313965,0.7224981,0.15066965,0.69536406,16.348572,12.122866,3.9147577,15.274873,45.00439,14.47554,0.57449764,13.7306795,194.80414,0.24096702,0.08268405,0.23075315,0.40084273,0.06312727,0.009830098,0.058028165,0.51517427,12.850139,10.141164,12.149942,20.727737,37.148933,19.207592,37.19685,57.163216
1018,2897.0,15.855124,4.3855853,17.854317,144.20512,0.8699801,0.13684931,1.1463795,20.660004,15.021138,5.860619,20.595621,281.11783,13.341995,2.899447,11.650892,288.71872,0.29132864,0.13751829,0.30123723,0.4624454,0.05049214,0.014596959,0.041608185,0.6423959,14.468062,10.031754,13.967848,23.228973,28.931526,16.904863,31.947186,47.422215
1019,2899.0,16.032572,3.9116614,20.736174,89.42396,1.2797756,0.14011715,1.6717478,17.057737,11.102603,4.0714693,14.039084,131.40616,10.441492,2.7472413,8.583629,137.727,0.2016018,0.11749757,0.19643585,0.33328196,0.047378443,0.014417602,0.070809655,1.3275503,14.621335,10.312966,14.147109,23.031038,30.556477,18.020842,32.68558,48.686237
1020,2900.0,78.73317,3.1441588,76.62333,477.04242,10.670586,0.89461714,8.359894,113.08798,267.07465,94.50386,246.36342,890.8595,28.353317,1.6956335,34.034824,205.81677,0.21450268,0.08376014,0.22462822,0.33857256,0.21286212,0.013729669,0.25724158,1.468583,18.487923,12.443171,16.33519,28.054173,60.135983,25.68635,61.005096,79.27884
1021,2901.0,15.025529,2.0382187,21.410254,98.3968,1.2242043,0.16558386,1.3940775,15.745418,14.4713125,5.5844245,15.71559,108.109344,10.240835,1.5972123,10.372487,219.27235,0.22018741,0.097905956,0.23680127,0.47206196,0.065921865,0.010770419,0.060322784,0.58445716,13.981586,10.118911,13.721023,22.096489,35.499535,17.435978,37.362892,53.37624
1022,2902.0,11.57673,2.7061553,17.940788,84.89805,1.0241494,0.10057525,1.3089491,13.505148,12.454429,3.94539,14.230749,111.64731,11.987129,2.027423,10.622759,168.46957,0.23979436,0.12094994,0.24608867,0.34273365,0.04329815,0.0142396875,0.05028729,0.553512,14.248217,10.025848,13.745796,21.963509,29.060783,16.66847,31.489418,46.1009
1023,2903.0,14.422684,3.613663,20.584356,85.917274,1.6305081,0.23909858,1.8983744,14.915232,15.902187,6.2393346,17.857594,117.66054,9.090191,1.9037557,8.326658,129.53539,0.1880954,0.09356383,0.19493452,0.3144034,0.060913216,0.016512884,0.069877654,0.88218504,14.788988,10.936007,14.433032,22.244541,31.070517,18.805552,32.377415,47.428894
1024,2905.0,14.053378,3.4184177,17.27708,225.72066,1.281138,0.19343047,1.0735244,32.556713,23.709501,7.823224,37.999634,819.59576,25.803955,4.1666045,26.8944,390.6342,0.2514314,0.1160697,0.24992895,0.36806142,0.114564516,0.015939254,0.1580619,1.8764713,15.624236,10.464045,14.409813,24.308807,34.276226,19.017424,36.13553,56.035652
1025,2906.0,31.963606,2.4972878,40.319164,129.3102,2.1074696,0.18882583,2.7025876,40.633854,40.334587,10.165192,46.724613,292.86084,20.684223,1.4664582,23.603168,203.70364,0.23031396,0.099058695,0.21944787,0.36490464,0.11142669,0.009781569,0.124953575,1.1190386,14.708445,10.174854,14.133765,24.733187,43.570213,16.550404,47.601036,63.272602
1026,2907.0,6.9306397,2.1283486,9.909188,89.11573,0.5855019,0.13118641,0.7556229,15.83091,16.361706,4.772261,16.591995,214.68045,23.157494,1.2014502,15.61488,199.1787,0.27521273,0.10916104,0.265142,0.43169737,0.057859607,0.01214313,0.05373842,1.2906011,12.930908,10.193797,12.608329,22.524256,26.12558,16.751726,29.929195,57.263004
1027,2908.0,4.6970787,1.0626469,9.031805,81.313774,0.39326906,0.07270178,0.4245637,13.005623,8.020933,2.6317844,9.4447565,112.41974,15.055813,1.4914141,13.757848,275.0184,0.2700341,0.118899204,0.2808695,0.4893998,0.05271962,0.012757995,0.050372787,0.7073088,13.140773,9.585345,12.083643,21.849722,21.663336,15.370599,24.818583,46.655342
1028,2909.0,36.548763,2.90632,49.484283,186.67705,3.7897613,0.38562974,4.492694,39.053787,39.689835,11.467866,79.078766,567.8316,16.01327,3.0796351,14.19259,209.84822,0.26624504,0.12990393,0.2684793,0.3844912,0.043385882,0.011223295,0.043462582,0.94844145,17.17373,11.535221,16.155981,25.994837,35.7386,20.519276,39.480774,53.28504
1029,2910.0,13.942925,2.77888,16.359255,84.1655,0.81859285,0.082109205,1.0280731,14.540384,12.271074,3.7697916,14.475369,124.56102,13.423607,1.6482401,11.514044,187.43484,0.24631852,0.119343705,0.25364575,0.377319,0.050991762,0.0138610015,0.057034507,0.75154954,13.915533,9.928494,13.2303,22.390594,28.703297,15.720584,28.94999,46.122314
1030,2911.0,12.8160095,3.0885615,15.417774,78.62373,0.8779485,0.16873677,1.1262528,13.067658,15.377929,6.6649933,20.56418,93.78568,17.116568,1.2479314,15.585998,161.81271,0.24738511,0.11793927,0.23520611,0.3545297,0.049678262,0.011869219,0.056861002,0.8370722,14.452495,10.554761,12.770935,21.423595,29.141155,17.645603,33.938053,48.545227
1031,2912.0,28.21521,3.462611,30.324411,96.08427,2.0828447,0.21954857,2.3389695,17.386559,29.199371,11.293359,26.617369,62.914673,9.918056,0.84382606,9.531427,181.72993,0.24438353,0.10597608,0.24572524,0.47431168,0.04880443,0.009524869,0.06081675,0.3644357,14.822811,10.647389,14.43882,22.494715,41.036713,20.411959,40.39416,57.474373
1032,2913.0,8.57072,1.4719636,12.955977,84.4531,0.81982917,0.13729641,0.897446,14.51018,8.5905285,1.6643506,12.557841,558.6333,9.680338,1.1250496,8.059807,141.82016,0.20430884,0.096512705,0.20237297,0.33273402,0.053292274,0.010553738,0.04842803,1.1482959,13.978771,9.963284,14.75072,22.206755,26.30387,17.903742,29.310059,46.55907
1033,2915.0,15.2830105,2.1813936,21.775984,100.00597,1.4181485,0.21876226,1.4386662,16.181387,20.49803,5.880587,20.080202,97.85819,11.407415,1.4841038,12.481709,211.33936,0.22775736,0.103239104,0.23601753,0.4760354,0.07056069,0.012069845,0.07050074,0.5859383,14.155198,10.341658,13.50857,22.492249,38.724976,19.020868,38.75274,56.216198
1034,2917.0,15.839222,2.6993768,20.474184,128.38124,1.3785641,0.33262128,1.6463413,20.839157,23.530838,6.588593,32.05946,262.1265,13.387679,2.4715643,14.918196,287.5584,0.2392535,0.110881954,0.25649622,0.4580931,0.0767781,0.013329742,0.07708605,0.74588126,14.868308,10.836894,14.202047,23.70082,33.316425,20.492947,34.403667,48.485123
1035,2918.0,4.3123746,1.6728926,6.904929,90.03885,0.42891744,0.10355319,0.38920343,15.62087,13.327419,3.082165,16.775682,254.49446,22.902254,1.5465428,19.338623,302.5788,0.265216,0.0992707,0.28022796,0.50050616,0.06768742,0.011530689,0.06329705,1.458182,13.245506,10.027994,12.712125,22.555008,22.210632,16.396738,25.109112,55.44299
1036,2919.0,89.51628,5.816442,75.63951,213.96507,7.862407,0.8386958,8.291964,45.180725,95.245926,76.0987,119.7485,372.87692,13.489615,3.8748646,18.146873,119.35043,0.17146535,0.09297529,0.18946114,0.31674567,0.12461933,0.015158914,0.12204289,0.9830798,18.098412,12.746198,17.113708,27.022476,48.556744,27.905613,48.156605,56.71114
1037,2920.0,15.086592,2.4905972,16.752792,130.4203,1.0023308,0.17572412,1.0438747,21.210135,12.1129,3.0075028,17.83038,247.56082,11.526097,1.8164951,13.145742,296.96408,0.24516918,0.10769376,0.27249047,0.4592317,0.055819526,0.0107307155,0.0553574,0.6766949,14.379997,10.218576,13.454777,23.123764,30.510727,18.466597,32.408764,46.930466
1038,2925.0,12.984725,1.8230339,20.708944,98.57803,1.2967467,0.17611209,1.4800535,16.9089,16.884523,5.20465,20.485023,77.77087,15.982686,0.73071873,16.67336,171.30081,0.22775605,0.07830081,0.23289312,0.36939454,0.074106485,0.01109299,0.07068135,0.59725094,13.921765,10.306867,13.0650015,23.6106,42.761658,20.528093,42.004772,65.60875
1039,2926.0,20.705885,5.403747,24.966057,120.23163,1.7212688,0.34488836,1.9154892,21.666588,21.973782,6.860831,32.178955,261.61826,12.188156,2.7111316,11.010609,267.25098,0.2645961,0.13365771,0.27575433,0.47483182,0.05167641,0.015212984,0.037410434,0.7157575,15.315972,11.09888,14.977917,23.889643,30.875751,19.48105,34.449055,49.326508
1040,2927.0,18.091078,3.0197272,25.069155,77.986916,1.464208,0.15095127,2.3332026,12.949844,14.7638,8.311089,23.81076,145.92805,11.787724,1.6853584,11.833184,220.00003,0.27402017,0.14817794,0.2710358,0.53336257,0.033489987,0.012066443,0.05191052,0.9010282,14.929053,10.512703,14.816712,21.386389,30.982737,16.783796,33.94624,49.600292
1041,2928.0,27.850153,2.335043,34.05206,96.68076,2.1886644,0.28236353,2.5965927,15.695706,20.305523,11.972782,26.673037,53.33622,8.087916,1.5250764,8.138561,134.92955,0.14942607,0.083985075,0.15736903,0.32707274,0.09446824,0.01873226,0.10900703,0.5563951,15.194654,10.628641,15.0553465,21.757051,40.34199,24.1274,39.033375,48.503372
1042,2929.0,29.184011,4.3696136,28.403816,133.79897,2.237217,0.32520095,2.104427,23.414722,32.191265,9.8048525,42.5218,343.06003,14.256769,2.067767,14.547515,207.94472,0.22106405,0.100660436,0.24063607,0.33130577,0.06459357,0.014348915,0.061531015,0.7802066,15.650644,10.805977,15.142764,23.916695,37.241344,20.39666,37.662067,49.661804
1043,2930.0,18.667332,2.4273517,26.176006,130.04584,1.4064153,0.30410448,1.7152904,22.580692,20.357452,7.0164247,28.09713,254.01808,13.117211,1.9603661,13.073614,212.86581,0.2218516,0.10026944,0.24349111,0.32917756,0.059205066,0.013464987,0.05856022,0.76099145,14.949283,10.676795,14.210956,23.925724,33.596085,19.80801,35.30417,48.714237
1044,2935.0,17.297478,3.4443343,21.359509,118.932076,1.3313926,0.29566574,1.692677,19.883759,16.564308,6.0611143,23.897522,235.4479,13.391695,2.507936,11.093974,213.58261,0.23809299,0.11654957,0.2406977,0.3236295,0.053684454,0.014742827,0.04288849,0.6484851,14.94959,10.70799,14.783048,23.058903,29.666393,18.019135,32.938366,47.41061
1045,2940.0,81.24987,5.136418,94.82024,472.5876,9.838336,0.53967625,11.606726,88.05407,569.9829,82.32306,827.1792,7193.2783,113.48151,11.157656,159.84438,634.1532,0.2628744,0.12745936,0.2764379,0.45299113,0.47770783,0.037188776,0.47036558,4.7401667,19.19909,11.728076,18.217422,27.449303,45.932602,22.209112,46.33662,67.117714
1046,2941.0,33.12197,3.6873548,36.06657,137.96461,2.8632712,0.43209702,2.9209013,30.266624,66.413536,15.010784,68.96793,439.33044,15.350162,3.2000272,15.541451,224.80614,0.21109734,0.09045364,0.22448541,0.31738317,0.07295986,0.016972654,0.084626354,1.0232009,16.16945,11.264887,15.533525,25.805105,39.32716,22.64246,39.29102,52.644306
1047,2943.0,11.859737,1.5825891,15.9005785,91.233574,0.90264267,0.16283722,0.8151979,14.802358,7.1391068,2.236645,8.862765,60.918835,8.42513,0.93315756,9.228999,105.21485,0.19494234,0.095838554,0.2203968,0.3293308,0.044931673,0.010919055,0.04030005,0.50386995,13.781798,10.026414,13.275754,22.061087,31.825901,17.857855,34.863586,46.333607
1048,2944.0,24.242693,3.1301107,31.922838,200.242,2.5859137,0.429993,3.030367,33.11714,58.128822,17.21168,87.61585,990.3255,28.24018,4.6836224,27.99902,308.8222,0.2297549,0.1060165,0.23514512,0.32404995,0.12301629,0.01968805,0.15631726,1.827878,16.319414,11.41761,15.572473,24.440594,37.696373,21.044361,39.44294,56.99199
1049,2945.0,51.971832,3.7690399,51.041866,198.27911,4.740647,0.37568983,5.2087917,42.860554,66.11104,29.023846,63.089,177.09558,13.305223,1.1842736,16.100504,148.01195,0.1964189,0.09962667,0.2063478,0.32427752,0.079876356,0.012030899,0.088653505,0.5358484,16.713114,11.285511,16.040571,25.208197,47.229122,24.649052,49.278572,60.77043
1050,2947.0,28.674856,5.425197,30.16702,124.49636,2.466549,0.37378883,2.443138,24.96121,25.998964,7.8191886,39.761353,322.52396,12.214553,2.7267044,12.144883,270.82202,0.26413834,0.11462003,0.27068028,0.37695077,0.04311774,0.014708162,0.04210089,0.8070591,15.953571,11.302089,15.478258,24.278986,34.37052,20.084827,35.61563,50.574497
1051,2948.0,30.139837,2.492944,34.748528,93.57778,2.3533733,0.2708436,2.7716794,16.308144,23.118683,12.159257,22.907377,59.112698,8.969747,1.1226565,8.792216,119.52169,0.20512071,0.09148354,0.19855021,0.3206361,0.0474577,0.0109089445,0.061413176,0.3293671,15.0941725,10.929916,14.911127,22.814583,39.254044,21.184269,40.31937,48.1232
1052,2949.0,34.54495,2.4525962,35.567,315.1056,1.5944538,0.19382071,2.0924003,73.42824,67.74526,9.640278,88.31368,954.29047,44.975204,1.3483928,39.19403,261.1957,0.25638333,0.09886237,0.26157588,0.35289183,0.1636228,0.008014496,0.21396422,1.9274998,15.058628,10.383138,13.554423,26.791811,49.62608,18.001081,51.348507,74.25239
1053,2951.0,13.217581,1.9480203,17.962296,101.70409,0.98213583,0.14832222,0.9789826,15.126902,16.118479,4.4695153,19.13279,111.298294,12.793122,1.0187519,12.374029,211.56621,0.25092432,0.09622864,0.25746801,0.47458467,0.06318993,0.010194563,0.05362204,0.59459686,13.1725645,10.267337,12.909725,22.132486,34.776817,18.258121,37.296032,54.224102
1054,2952.0,20.600529,1.4874582,28.987396,91.002556,1.9304934,0.18936343,2.2792723,16.796064,22.620443,7.6396804,22.04901,68.18133,10.4283085,1.3583269,14.18108,203.807,0.19097836,0.10080829,0.20753849,0.44467542,0.06855186,0.012059823,0.08581806,0.41723356,14.805314,10.283773,14.658144,20.888626,40.890717,19.532568,39.87182,56.606377
1055,2953.0,6.601049,1.4559104,8.55892,90.938614,0.3449833,0.07620809,0.36431623,14.186646,9.523426,2.4477448,7.7425804,127.74824,17.489609,0.9473013,13.40866,261.7434,0.29927632,0.119712956,0.29915637,0.5871086,0.05518328,0.010102223,0.04916075,0.85486585,12.254527,9.400169,11.464875,22.22045,24.512413,15.831413,30.05811,54.8803
1056,2956.0,40.5963,4.423948,44.27356,134.49422,3.5665493,0.355599,3.6060965,24.475061,29.985748,18.67022,37.95767,63.455517,9.617053,1.5660715,9.666513,94.36719,0.19942059,0.115541615,0.19442433,0.31141943,0.054476127,0.013323113,0.07838651,0.3422951,16.207422,11.068965,15.948984,22.942217,39.945763,23.179417,41.642406,48.98715
1057,2957.0,10.783084,1.4423817,12.854967,119.20841,0.6959491,0.12783869,0.7816219,19.537247,6.3142877,3.548078,8.824912,185.60033,9.630593,2.7294912,10.10206,158.20729,0.24590573,0.115006,0.25599352,0.3484498,0.039029367,0.011775032,0.037998952,0.74753356,14.186003,10.1237755,13.122518,23.721514,27.895147,16.837421,29.981903,49.561058
1058,2960.0,54.085377,4.411653,49.235832,135.69652,4.524704,0.3397,4.68582,27.130032,63.901203,33.34783,64.184135,136.42336,13.475307,1.8621689,14.311343,144.54198,0.19678736,0.10556178,0.20459415,0.32806745,0.0934412,0.01184607,0.107047975,0.41702142,16.76546,11.026857,16.289953,24.400461,42.043293,24.39792,43.641315,50.69069
1059,2961.0,20.108873,5.284681,24.826492,131.10162,1.6102306,0.3166893,1.7680368,21.866734,30.143166,7.207726,39.186764,359.8212,14.404605,2.8236322,14.011979,260.9037,0.25986677,0.11281369,0.27050346,0.365024,0.058145504,0.015756568,0.057951737,0.73015606,15.271464,10.836205,14.635099,23.567408,32.818115,20.018389,35.15029,48.22581
1060,2962.0,22.390173,2.439772,24.972359,95.18208,1.2888153,0.20368038,1.4566944,15.936516,37.50677,12.784317,40.137527,151.09972,28.318933,3.583295,24.034443,258.744,0.2416152,0.12115932,0.23476127,0.46781462,0.10642143,0.012841374,0.1265199,0.66480905,14.13379,10.450974,13.745924,22.200502,35.007336,19.053242,37.016094,47.24305
1061,2965.0,110.71314,6.869469,127.146355,901.09973,36.432358,2.1684167,46.63397,188.98645,22754.504,760.9134,21331.035,45430.848,361.13806,26.116444,459.99716,1400.3611,0.18855229,0.09306074,0.1938099,0.29344514,2.7009306,0.13545668,2.750704,8.861411,26.355427,14.581425,26.125937,34.992332,55.257244,25.743704,54.74238,76.41005
1062,2966.0,38.26061,3.2618647,42.487617,145.9433,3.4875364,0.31822157,3.8717194,24.706322,33.93792,16.315113,44.20637,115.50555,13.535349,2.1509767,12.297464,103.61462,0.24932693,0.1409069,0.23623775,0.35054615,0.04724646,0.0109151425,0.05313255,0.5329124,16.527037,11.373255,15.36133,23.757898,40.26754,20.46474,41.731724,49.997704
1063,2967.0,37.956924,5.091349,42.817894,177.2353,3.641845,0.21749687,3.8035052,42.454407,82.93858,25.048738,108.80575,502.4074,25.298138,2.9874089,25.175152,264.5599,0.2590707,0.1502756,0.2847283,0.48633245,0.069799796,0.010732609,0.08122243,1.9860446,16.616343,11.20923,15.959841,26.100079,40.017307,17.573702,40.298832,52.831528
1064,2970.0,19.770998,3.9995308,25.840601,97.80892,1.5370346,0.18937106,1.6417338,16.998278,21.171082,6.2134123,23.334373,141.97011,14.488528,1.2270582,14.02679,162.25327,0.2325611,0.10434257,0.2446171,0.3678352,0.06383928,0.013790492,0.0714261,0.6235332,14.711029,10.494685,13.893748,22.645424,35.009693,18.867514,35.73665,55.480877
1065,2971.0,22.63566,5.0592494,25.81774,135.9635,1.7530539,0.33691376,1.8515025,22.747076,30.32312,9.361477,37.995106,343.34412,13.482383,2.088024,14.446895,260.2438,0.23997413,0.10592366,0.2564649,0.36928004,0.05709068,0.011258033,0.05650027,0.76314753,15.242016,10.863771,14.79134,24.136469,36.296867,20.990398,37.04317,47.68361
1066,2972.0,27.994015,4.3911343,30.949766,135.32645,2.557868,0.38613275,2.526656,25.064533,27.134636,7.6170893,45.966915,345.43445,14.1374,2.0704103,15.184765,251.1486,0.25954327,0.113916524,0.26202857,0.3693248,0.054907285,0.012691374,0.055188574,0.68692374,15.887541,11.32201,15.520727,23.474863,33.925426,20.540209,35.845135,47.83576
1067,2973.0,41.62756,4.8950377,43.82378,111.189445,3.5774593,0.3825547,3.8781164,23.333101,36.400528,18.50861,44.04216,98.54775,11.292966,1.4962454,13.658154,155.55524,0.22964099,0.11564401,0.23753367,0.36731216,0.05639871,0.010027751,0.064890355,0.39670488,16.292913,11.282073,15.406846,22.824387,41.487244,20.610273,43.89437,49.857113
1068,2974.0,6.8548236,0.8133985,13.328649,88.514656,0.8118937,0.13261856,0.7683103,14.601061,4.3577075,1.5797911,3.8267982,104.13698,6.619556,0.8947275,5.912832,120.45319,0.16831385,0.08826253,0.18806504,0.2970877,0.039769776,0.011091767,0.04397867,1.0301075,14.020729,9.92383,13.827332,22.431812,28.090546,17.833944,32.40278,46.328255
1069,2975.0,72.45431,4.7246547,92.91834,370.54633,12.230976,0.965988,12.839119,93.796326,256.39813,66.86813,322.58594,944.56384,22.866375,6.6717505,20.585604,193.94058,0.18458748,0.09804885,0.17960566,0.28776968,0.22277598,0.02701162,0.22867014,2.1200109,19.70161,12.741211,19.204994,28.554605,47.99268,23.08264,46.190365,60.679363
1070,2977.0,149.2118,5.823384,176.68599,491.24255,31.136625,4.1200323,33.16428,122.16549,2103.8896,1067.2228,2322.1924,4177.0894,55.86871,14.502629,60.764404,389.0667,0.16252285,0.09713371,0.1649426,0.26399007,0.8411046,0.19344667,0.723556,3.2590125,22.239683,14.729231,22.096087,31.264362,56.28795,37.081898,56.317333,69.45354
1071,2978.0,57.72029,4.2558427,56.932873,181.054,4.965636,0.3806948,5.6042323,46.19053,77.666885,44.89703,85.5201,301.9851,15.672917,2.114677,18.881985,168.31718,0.19341256,0.09950057,0.2059822,0.35252553,0.11881297,0.011462715,0.11735075,0.7066103,16.969116,10.9028635,16.328121,26.078045,47.31152,26.451805,51.339756,63.866646
1072,2981.0,15.013618,2.053097,14.846754,131.52922,0.90374434,0.16296054,0.9381003,21.107134,7.8486557,3.4069817,12.941918,179.76517,10.066976,2.5327907,10.053412,149.67056,0.221557,0.10995328,0.23964578,0.3329575,0.049261358,0.012169661,0.03876844,0.7097456,14.230263,10.110828,13.4938545,23.826677,30.349876,17.847677,32.267822,49.238735
1073,2984.0,69.47101,6.1379004,85.86219,369.55063,9.583089,0.59044445,9.772483,76.49479,255.71562,62.76054,276.4903,433.5502,27.733149,2.2982366,23.720537,264.88824,0.2260239,0.10806184,0.23542939,0.44451192,0.1715439,0.016835168,0.1738267,1.0615796,18.306107,12.239866,17.237799,26.957037,52.456486,27.20413,53.28429,66.51361
1074,2986.0,95.92802,1.9988778,100.87605,381.81262,14.758289,0.8161047,16.304144,65.660675,375.00433,88.04811,456.01,3015.688,31.123585,4.7433896,32.933613,346.03766,0.12356264,0.08165664,0.11676932,0.20169607,0.5023666,0.029221976,0.5049392,5.326545,20.125198,12.587497,20.033258,27.755018,48.458366,22.938574,46.474773,66.82516
1075,2989.0,92.448105,7.2755466,97.54122,276.53973,10.50101,0.5565675,11.644866,57.516926,409.1247,94.01346,480.0504,1339.5806,26.987947,5.0718937,26.93408,384.51175,0.24128622,0.11048562,0.25662598,0.47297025,0.17047678,0.020110184,0.20532826,1.7737461,18.915922,10.843479,18.359297,28.405252,48.071194,30.465225,49.69258,59.3002
1076,2991.0,26.721916,2.2955074,30.102543,98.20688,2.3574169,0.24861534,2.421443,15.386613,6.7993827,4.2358174,11.234484,52.118805,3.2725756,0.6577676,4.5807548,100.47166,0.1496178,0.07643868,0.15891661,0.28842217,0.045208722,0.009637852,0.061911464,0.37628213,15.305418,10.79215,14.783477,21.031687,38.51608,19.86241,39.84285,58.83221
1077,2992.0,29.790657,3.5216053,31.616543,139.33745,3.4047546,0.45034313,3.2074225,26.273256,23.653532,6.555568,34.154392,285.3587,8.77897,1.7379245,8.632913,146.99289,0.18156162,0.09470311,0.17872636,0.25483125,0.045162555,0.010265935,0.051888306,0.6989286,16.489716,11.381021,15.854474,24.094814,35.56179,21.591309,37.728558,49.40306
1078,2995.0,145.78229,7.873563,121.30325,495.76495,22.39905,0.85133034,20.759478,113.87385,2689.555,144.59407,2882.23,10007.337,107.218475,6.09716,150.69348,720.2943,0.24936792,0.12151967,0.265801,0.48662958,0.6629378,0.051667742,0.67902666,3.850596,21.529581,11.729752,20.426195,32.029854,51.731842,27.74984,54.156357,66.4829
1079,2997.0,79.768135,8.694881,99.95325,746.25824,16.531925,1.4910156,16.770023,212.84187,2929.146,531.8279,3073.7217,7683.283,227.02124,17.956139,272.73755,1100.0353,0.22838418,0.116714075,0.24445905,0.4207886,1.129514,0.16907853,1.1177812,4.6934114,20.437891,13.639766,20.182718,31.029337,54.402573,25.268278,55.481476,84.400764
1080,3001.0,162.29901,10.523723,118.99652,586.4027,20.209871,0.9243793,16.860065,161.59952,2479.0315,159.15576,2493.532,3830.1672,76.323074,6.487336,114.72965,547.07996,0.238881,0.102517076,0.25561762,0.46323323,0.47864118,0.026106013,0.47387975,3.069516,21.123089,11.909587,19.596558,33.379974,51.951473,34.031296,52.13712,68.22444
1081,3004.0,46.463757,5.8226833,63.210052,291.938,6.4567876,0.47547477,6.4054728,62.365623,211.81674,37.20389,258.15527,3502.6929,45.95427,4.774761,59.723442,434.7862,0.22363721,0.1017724,0.24633662,0.46565187,0.35306063,0.03134209,0.32535326,4.0692153,18.569279,11.499381,17.189575,28.162252,43.09268,22.014275,44.818916,64.64069
1082,3005.0,50.820335,5.1801705,47.247696,192.1373,4.8071723,0.28402483,6.0027447,43.908295,153.37993,32.628906,205.3708,1003.60297,30.46382,3.6622958,31.237993,306.44815,0.23419772,0.12009004,0.2344497,0.5388181,0.12339858,0.010842761,0.13497937,2.686405,16.997883,11.530592,17.698524,26.394833,43.00039,19.114325,42.89482,54.675053
1083,3006.0,80.95957,8.571226,105.784874,509.59576,12.292218,0.84859496,13.359997,95.47793,672.72327,200.09348,782.8189,1333.8091,51.068172,7.736932,47.577423,411.44513,0.21121174,0.09904385,0.22517782,0.43813914,0.26547432,0.04840741,0.30058447,2.1711097,19.003504,12.43214,18.37973,29.096025,51.74657,27.490803,53.15326,65.031975
1084,3007.0,22.78649,2.5238974,23.098568,121.66779,1.2788707,0.19715236,1.734832,20.65835,26.142252,7.6007004,25.444887,145.00662,17.92744,1.0438124,13.37164,138.26472,0.27448386,0.12571141,0.251148,0.33157265,0.050960504,0.007913345,0.043927968,0.6229211,14.156273,10.64481,13.390353,22.822557,38.965252,19.30626,42.700253,57.86096
1085,3008.0,10.538084,1.6989759,19.33405,99.98045,1.0736161,0.17748992,1.2680728,16.368498,11.380519,6.4252343,14.154091,89.1309,11.341808,1.5159402,10.808715,134.13708,0.20658669,0.0874341,0.21292192,0.32240105,0.064641505,0.014156427,0.067362525,0.81995213,14.067463,10.376629,13.343276,22.729246,33.096474,18.043343,33.849167,47.38488
1086,3009.0,29.746372,1.603155,36.669415,108.17318,2.7584202,0.3397123,2.7379947,19.678228,15.661425,5.3479424,18.460018,155.80133,4.0597916,0.9401307,5.4933786,126.91146,0.104422316,0.06485884,0.10610796,0.2892692,0.08648783,0.014172198,0.1044637,0.8382748,15.257827,11.613056,14.276891,24.305462,42.196205,19.12916,44.398148,68.50014
1087,3010.0,26.70323,2.708421,34.194664,141.8293,2.701844,0.4380989,2.7883537,25.269655,15.81041,6.603743,20.396317,264.33887,7.16593,2.1323864,6.0228853,141.37865,0.19486147,0.110220365,0.1806338,0.27307522,0.03504746,0.012519827,0.034979235,0.77424914,16.19376,11.541399,15.59753,24.896069,35.18601,20.506952,36.43578,51.689484
1088,3012.0,13.153331,1.6420361,16.16861,118.19586,1.003671,0.12552375,0.96711636,18.288073,3.9296315,1.6387504,4.430542,106.676636,4.2386627,0.770422,4.151474,129.35089,0.14375722,0.08170113,0.139394,0.26760495,0.029936073,0.008781337,0.041939892,0.4782236,14.561233,9.308232,13.354801,22.982689,31.30953,18.515354,33.25854,47.798008
1089,3014.0,27.705566,2.8872023,39.929768,151.28897,3.8005226,0.47043526,3.7657957,20.655384,20.174013,11.025806,18.599419,232.68797,6.969393,2.310302,6.2287827,118.00907,0.1947712,0.1184282,0.17193441,0.29044458,0.041152675,0.013655121,0.059292834,0.5488338,16.520582,10.806288,15.665252,24.027905,37.53312,26.602674,40.095066,51.769424
1090,3015.0,13.1132965,1.4024222,18.528801,130.56287,1.1924005,0.14285754,1.2467483,20.13508,4.5518527,2.2191734,5.587779,112.020546,4.752283,0.68039346,5.4027424,138.22023,0.13863114,0.06882392,0.14473967,0.26769164,0.041685972,0.010332957,0.062210813,0.50424653,14.886282,9.388748,13.941546,22.433813,33.88757,19.181456,35.585552,47.99052
1091,3017.0,48.533154,2.9026113,35.269844,200.6112,2.8754866,0.3232697,2.6895432,43.28939,51.08577,16.195965,67.228035,114.09005,17.16233,1.5270978,18.216703,105.77533,0.24022263,0.12699129,0.22696488,0.33291417,0.068426795,0.010720063,0.06436267,0.48757583,16.026176,10.920887,14.474611,24.77779,43.599987,24.801243,43.87677,51.617023
1092,3018.0,5.9328146,0.552252,14.892797,138.11508,0.779018,0.1157252,0.64552337,17.139261,2.7466455,1.3318851,3.1524346,150.97412,5.2223186,1.0434028,5.5780663,156.4904,0.14374885,0.08287732,0.14571872,0.3152366,0.041483942,0.011806539,0.06405319,0.66196334,14.340217,8.597804,13.254533,22.214558,28.000147,16.826353,31.056108,49.43792
1093,3019.0,13.362541,2.4960032,20.822783,117.73704,1.321883,0.3383324,1.7994031,20.2979,8.199688,3.6092308,11.710117,176.0801,7.2715297,1.7786882,5.7586594,132.84062,0.19459945,0.10781944,0.18493585,0.2667077,0.04321793,0.014778581,0.034416333,0.5784694,14.950535,11.074027,14.814995,23.138615,29.001907,18.096975,32.833942,47.374146
1094,3020.0,4.6894827,0.5355829,12.514582,126.15726,0.6565707,0.086733066,0.6154082,18.109467,2.6989062,1.3832599,3.609088,127.97529,5.3480363,0.9026416,5.2655263,144.86226,0.15189932,0.085391715,0.14321156,0.32146952,0.040763523,0.010997325,0.05620666,0.64888173,14.212252,9.3563595,12.37347,23.118069,26.739168,16.147476,30.364756,49.741817
1095,3021.0,6.4567666,1.4827404,11.976537,115.08932,0.8543812,0.1448662,0.70126086,17.382437,4.0266023,1.8301756,5.852106,100.55826,4.9183803,0.97624004,5.531862,147.67941,0.1357949,0.069513015,0.13984309,0.26544106,0.04468391,0.010359316,0.06514464,0.61970663,14.67792,9.530659,13.03356,22.887766,27.352158,19.004438,29.933279,47.93169
1096,3022.0,13.6623335,1.8386564,14.185922,121.90013,0.927842,0.12801228,0.87682223,16.844822,4.1611867,1.8050089,5.043774,136.1593,4.65244,1.0478445,5.092551,149.81789,0.1502387,0.08871426,0.14747676,0.2986053,0.03244415,0.009785403,0.055606343,0.59457886,14.310177,9.240791,13.258437,22.898228,29.830664,17.68532,33.10908,49.815067
1097,3023.0,16.292852,3.5968413,20.15153,90.35984,1.3279772,0.21055175,1.4216514,16.32426,14.256141,6.604157,18.136988,119.22052,12.315273,1.6382406,11.648051,133.1632,0.20490585,0.09621252,0.22394821,0.32458207,0.056196492,0.013816354,0.06273648,1.0743713,14.397565,10.700694,13.74846,22.510176,31.312397,17.915236,32.960648,47.01663
1098,3024.0,23.970716,2.9520087,28.725609,98.95064,2.0972514,0.23229042,2.1192133,17.166649,15.414096,6.912881,13.581466,116.4073,7.4150887,0.9349066,7.7437105,126.56119,0.16255686,0.08784333,0.16471289,0.2601281,0.054348692,0.015031574,0.068343066,0.83056945,14.900066,10.853237,14.572774,23.331589,36.67941,19.065067,37.488106,53.30034
1099,3025.0,23.688488,3.011333,30.554335,105.60656,2.3825707,0.24043874,3.455417,18.490725,20.136707,7.5422215,24.21686,271.73178,7.6698046,1.8288941,8.350647,142.32811,0.14323537,0.08821978,0.13319308,0.30502835,0.05200642,0.012445747,0.079866156,1.6548392,15.402402,11.01136,16.338394,23.650284,35.53795,18.581274,37.83938,50.32587
1100,3027.0,19.094648,2.3404515,20.025711,198.01152,1.6352698,0.2541178,2.0046644,30.12696,12.056946,6.4526086,20.349344,546.65125,11.948711,3.3720942,12.208916,234.50125,0.16573784,0.08879157,0.1640131,0.2528745,0.08814096,0.017935159,0.13384682,1.7369887,15.667876,10.922717,15.14331,24.343649,34.067425,20.199415,36.185238,56.08479
1101,3028.0,22.418936,1.7425039,25.128643,137.31491,2.7761152,0.3224163,2.8031728,21.325022,11.130674,4.660118,12.665044,131.63245,5.354804,0.80631125,5.224094,117.30369,0.14426424,0.07937385,0.14482707,0.2624541,0.03674618,0.011757044,0.062922634,0.52452546,16.17364,10.465181,15.770181,23.857483,37.45071,20.817919,37.888443,49.44396
1102,3031.0,35.820534,2.9885983,37.86921,134.41864,4.0933833,0.4741684,3.8317907,26.3256,22.95106,13.863928,28.973791,154.09055,6.4542828,1.1602781,7.0046864,117.86195,0.19313382,0.094362624,0.18715313,0.31190726,0.03620426,0.0105244685,0.07064989,0.566314,16.54517,11.37984,16.417006,23.15499,40.042625,23.353437,41.085583,49.354538
1103,3032.0,31.174702,3.6807513,30.052248,139.3978,2.540015,0.39422774,2.398691,23.371613,26.321291,10.131361,34.52533,252.82889,11.712678,2.6624978,11.566074,149.78694,0.20638193,0.092974715,0.21595766,0.30781195,0.05871584,0.015886094,0.053453576,0.7587154,15.83344,11.205269,15.345832,24.213886,36.347275,20.739206,38.393486,48.803562
1104,3035.0,51.421387,2.7538295,57.952118,227.72662,6.3551264,0.358527,6.7821345,45.34013,3.4778247,2.57078,3.642103,124.30245,0.40157312,0.074945174,0.62181854,99.85048,0.04513124,0.019485297,0.045673337,0.20419861,0.049220584,0.008380538,0.07832581,0.5711944,17.198566,11.319763,17.391283,26.74334,44.908066,22.627249,46.691185,53.89614
1105,3036.0,111.754005,2.9539526,109.68789,403.4403,13.207458,0.9910958,13.722918,73.01098,17.406645,6.3944526,15.010691,502.03268,0.7835318,0.1906809,1.1244316,117.380394,0.052112002,0.01981764,0.04404886,0.21668038,0.107088916,0.0133604305,0.16438837,1.2906096,18.99757,12.35867,18.18912,28.93245,59.522705,30.132343,55.92958,81.18503
1106,3037.0,61.169655,3.1660895,83.98396,522.13763,10.213254,0.6127411,12.105827,85.28281,29.608692,7.5432253,28.728497,4389.353,2.949586,0.67667824,3.6361315,306.66187,0.051075023,0.024060046,0.043925233,0.20387642,0.38397765,0.031804506,0.37567973,5.001825,19.200983,12.019808,19.600883,27.48936,46.049683,22.74881,46.647682,67.33884
1107,3038.0,6.3173842,0.48768646,13.84178,154.65427,0.7548941,0.11945449,0.8601999,29.653593,0.22629492,0.17509526,0.30029047,136.99538,0.2971848,0.09717408,0.48240596,148.73352,0.046376757,0.018682895,0.04845301,0.2640457,0.026469318,0.007661988,0.049927324,0.8957971,14.614706,9.277077,13.373706,23.848389,28.158106,18.982092,32.122032,51.680313
1108,3039.0,8.356991,0.82710385,16.392946,181.96458,1.0564196,0.084687926,1.1290178,28.11974,0.9381678,0.7194977,1.7218637,1142.2668,0.83251923,0.21617576,1.2435151,298.62247,0.050043803,0.016008958,0.04355133,0.23619922,0.048881415,0.009257392,0.12798633,2.4876435,13.855232,9.609471,15.852531,24.314432,32.440113,20.197857,35.165653,64.09367
1109,3040.0,12.411507,2.5348005,17.395075,217.2277,1.548294,0.17330237,1.4279767,30.435724,1.6246774,0.8516758,1.5920144,449.52026,0.83954334,0.2294214,1.0314417,242.71504,0.046803817,0.02001846,0.043274116,0.21500336,0.05668355,0.012553627,0.14324842,1.5131775,15.772171,9.842214,15.595055,23.940132,34.682076,20.573637,36.073074,58.10596
1110,3041.0,32.118607,4.7643285,35.0792,148.97612,4.0576787,0.4746676,4.3518133,23.310158,1.7501394,1.0061755,2.214525,140.86609,0.48126876,0.1511896,0.48681083,100.67336,0.049917895,0.029463716,0.048182927,0.21209162,0.02746744,0.009136399,0.050388712,0.49844486,16.52616,11.11491,17.48381,23.711966,36.559647,24.66547,39.86717,50.162285
1111,3042.0,84.21146,5.000187,99.213,390.87494,13.781558,1.3484753,14.754212,65.18885,37.74481,10.043123,23.461468,1095.8104,1.9330603,0.5878839,2.0000727,147.13403,0.052967384,0.024964357,0.04839398,0.20512961,0.1990608,0.01861308,0.33738208,1.8323834,19.843592,12.164524,19.393417,29.301336,50.056053,34.942135,50.276,62.388596
1112,3043.0,21.714014,4.6011386,25.753477,117.30536,2.8334312,0.3767082,3.1092472,18.610344,1.5727993,0.7064084,3.032184,135.88182,0.73653185,0.2159122,0.8503791,115.48089,0.06693179,0.03506632,0.08039585,0.21287394,0.036003277,0.011129658,0.06677894,0.59689313,16.078186,11.02214,16.82256,22.797722,34.944958,21.545586,37.164265,49.11058
1113,3045.0,18.55937,1.8817217,22.38575,93.32218,1.515759,0.15138792,1.3718597,15.5230875,0.54534477,0.24151483,0.5945579,65.658554,0.19596054,0.062388804,0.29360446,108.90843,0.036999006,0.014223713,0.042861372,0.21597557,0.03322914,0.011130614,0.035964858,0.5662177,14.5205,9.852864,15.760287,22.3348,31.206291,18.096937,33.37557,47.50451
1114,3046.0,6.5847535,1.3411648,14.710653,121.40388,0.96765727,0.13689029,0.82995135,20.226686,0.460477,0.3394815,0.8586561,92.41109,0.52628314,0.13633658,0.7525701,139.03593,0.05585074,0.023698598,0.07249739,0.21946049,0.035421316,0.008392511,0.060543973,0.64844996,14.756754,9.416488,14.511765,22.447031,31.816221,19.33358,32.436554,48.620644
1115,3047.0,7.054776,0.46515787,11.121178,133.30582,0.7739863,0.16632934,0.64878905,21.88638,56.574547,20.16868,57.11337,1692.0599,111.21076,18.239223,129.31715,1972.5405,0.57389957,0.23935924,0.6446664,1.0044788,0.0610629,0.011812267,0.067667626,0.9323941,14.534748,10.207118,14.408442,23.821344,30.186714,18.47926,32.127766,48.73971
1116,3048.0,13.43139,2.7075152,18.680758,224.97363,1.2394091,0.20069318,1.0797157,32.513218,30.313017,9.555342,42.821465,919.0175,44.311565,5.710482,57.35875,473.37363,0.2753014,0.11475062,0.28260887,0.4565404,0.11169943,0.016530627,0.16415417,1.8814714,15.559952,10.450022,15.367058,24.100512,32.682053,19.07697,34.140263,56.34624
1117,3049.0,6.232221,0.59358454,10.507585,95.667915,0.51272124,0.06295893,0.53349334,17.636593,0.51040286,0.31282583,0.5108452,149.88618,0.63958913,0.07644774,0.95723194,124.546,0.07238969,0.020575872,0.09485948,0.28835684,0.042611115,0.010048962,0.047390282,1.3405571,13.604641,9.563388,14.096271,22.94621,24.569138,16.084751,31.439495,47.878483
1118,3050.0,12.8304615,1.2661899,14.363332,226.8707,1.2592331,0.22167158,1.0326574,33.47892,169.66417,42.452858,233.84377,4976.218,233.88603,35.761868,234.15149,2573.9158,0.5972278,0.26960605,0.62057436,0.98013896,0.11261265,0.01909683,0.17580093,1.912286,15.657897,10.829004,15.463666,24.30906,32.499916,19.01209,33.624233,56.415813
1119,3051.0,13.827801,1.2883902,15.014993,213.91008,1.3001639,0.23265068,1.1044651,30.987167,225.86696,52.83761,263.70273,5030.9644,240.2824,41.296352,251.18742,2465.3054,0.5810023,0.25771886,0.59418553,1.0062637,0.1467031,0.019468576,0.20972647,1.9469893,15.674938,10.913313,15.5681925,24.213253,33.86469,19.701862,35.28711,56.04408
1120,3053.0,25.722588,1.8990586,34.39906,146.90002,3.0914705,0.3156671,3.4093013,36.537804,2.0366912,1.0494912,4.8814044,388.8868,0.60650873,0.117150806,0.98165816,179.94714,0.06142064,0.028517077,0.07068664,0.231298,0.0495153,0.009345358,0.13052148,1.1506428,16.182772,9.896703,16.513294,25.00219,40.127792,21.238647,43.03732,60.833977
1121,3054.0,10.528479,2.0734522,13.033202,108.075264,1.0095739,0.10956637,1.1686654,20.988716,1.4375612,0.54131734,1.8822838,363.3488,1.0353484,0.07622116,1.0400876,147.59436,0.084818505,0.02566042,0.09010758,0.24509147,0.04517947,0.009197617,0.060630307,1.7981973,13.459622,9.997068,14.495461,23.362736,28.115623,16.393564,33.074043,56.79187
1122,3055.0,11.589236,2.1488624,12.4938755,104.56879,0.8659733,0.12259788,0.85053843,18.751959,2.1028585,0.8950736,2.670363,304.47626,1.1964537,0.09101842,1.202283,141.9299,0.08368639,0.023762727,0.09727267,0.28238317,0.054396488,0.010464949,0.060483817,1.6942946,13.311746,10.121243,14.691294,23.52877,30.380743,18.432693,34.172604,58.35806
1123,3056.0,4.6970463,0.66229385,11.000599,118.307175,0.5195675,0.10077138,0.5672744,19.49644,7.4056225,3.164852,9.3973675,244.81589,12.885873,2.659225,11.310927,288.06717,0.27618346,0.11629481,0.29641375,0.48279482,0.0398403,0.011844946,0.041817494,0.748829,14.128795,9.888376,13.770278,23.079237,26.704685,15.206122,27.168364,48.18745
1124,3057.0,5.229951,0.7613121,9.657262,90.782036,0.34054738,0.07112216,0.38206884,16.159145,14.866243,3.202639,12.762822,849.33685,40.102814,1.468257,38.887585,388.9565,0.37018162,0.11328883,0.35831136,0.6256129,0.056645118,0.0094324,0.054051377,1.479199,12.500192,9.301283,13.703025,22.577475,24.574965,17.270031,30.629972,56.667896
1125,3058.0,5.247684,1.0853022,14.302986,123.06917,0.893104,0.14263082,0.80148876,19.92562,0.30817392,0.1722119,0.64363766,86.05024,0.42946038,0.090009354,0.5885616,123.657646,0.060126245,0.02923718,0.07479597,0.22340068,0.025083536,0.008663692,0.050666213,0.5868452,14.46299,9.729797,14.557319,21.938965,29.180494,18.978956,30.66503,49.45737
1126,3059.0,9.726185,0.63552636,20.048653,98.22031,1.0910752,0.09752117,1.0454696,19.106985,0.67675406,0.35815105,0.87578976,268.5171,0.47235388,0.10954156,0.7978272,126.971985,0.052618094,0.0181491,0.07904148,0.2267022,0.061226938,0.011061655,0.082984105,1.5631087,14.412047,9.734937,15.180111,23.271324,27.416422,17.915342,29.917868,48.85301
1127,3060.0,32.282497,2.2074633,43.780163,143.10883,4.231577,0.45900264,4.4881945,36.26477,462.59186,59.93155,439.488,2362.5122,94.238945,8.373538,130.78947,1456.3048,0.453387,0.22476763,0.44690037,0.99876976,0.06529329,0.009720574,0.15755624,0.9055968,16.981976,11.016612,16.688816,25.39998,42.867367,25.232012,44.434635,57.92669
1128,3062.0,10.833737,0.6880717,16.0408,104.673294,0.7173461,0.0857483,1.0174463,21.925943,88.679504,24.078629,170.71892,6728.432,164.34656,10.096567,150.31061,1702.0734,0.70023066,0.26694658,0.7352477,1.083251,0.06352794,0.008423084,0.073593974,2.106247,13.679085,9.840628,14.537774,23.105757,30.028875,16.002504,37.342903,58.88117
1129,3063.0,2.9253304,0.49324182,8.45026,85.81094,0.35493273,0.066564955,0.40105325,15.379596,6.401137,2.6585608,5.146548,219.63756,15.045506,1.4838614,14.730219,280.58188,0.27565277,0.11486725,0.28893435,0.5117128,0.044145416,0.010897065,0.050620127,1.4183632,13.352728,9.536996,13.0969515,22.526213,22.163269,15.548361,26.569141,50.354137
1130,3064.0,6.7602797,1.1646621,15.813628,127.297104,1.0959191,0.18312787,0.9460023,20.588531,0.3491076,0.2107835,0.68148375,90.42087,0.36061543,0.07667604,0.57998997,125.32056,0.051805634,0.027240442,0.06774437,0.22472599,0.027785374,0.009594494,0.05752144,0.61534417,14.710194,9.9492855,14.853233,22.049767,29.873343,20.405973,32.448513,48.981953
1131,3065.0,5.104013,0.5593253,9.072971,95.927284,0.35500312,0.05458569,0.41558453,16.501421,10.576583,2.9702394,13.090943,1288.6921,37.651928,2.002744,41.67068,386.25107,0.34664902,0.11972923,0.36494714,0.70630276,0.053920656,0.009693931,0.055893652,1.4611304,13.063875,9.145328,14.115138,22.475086,23.769161,17.419333,31.40996,54.733013
1132,3066.0,17.630638,2.3199794,24.406342,124.06741,1.6113056,0.23897603,1.8647879,23.412012,17.348858,7.5964074,18.463316,183.1689,6.318661,0.8165899,8.011729,256.59088,0.18801555,0.08770682,0.20046273,0.45439857,0.04145102,0.010317537,0.093267106,0.63945794,15.426658,10.17534,15.631456,22.181595,35.323822,20.790443,36.513153,50.76963
1133,3067.0,7.1628275,2.3786304,9.416306,97.98477,0.63473856,0.083171465,0.6768225,18.786865,245.85551,55.145832,136.1458,7441.8657,343.59555,28.061565,313.2351,4850.8394,1.2601147,0.3633809,1.4827455,1.915913,0.06257421,0.014841704,0.06162227,1.2614173,14.294616,9.678469,14.451282,23.228333,27.787823,16.46322,26.94246,48.94613
1134,3068.0,5.2562194,0.5908515,8.900712,87.99484,0.6152194,0.082289904,0.6756214,17.228579,18.809105,5.7605615,15.654011,879.8239,45.498173,4.4856267,47.97887,377.57462,0.38326392,0.15314594,0.42089102,0.65520805,0.07091095,0.010458214,0.095937416,1.502419,13.907741,9.591577,14.20512,22.579943,26.938217,16.5995,29.537806,48.757973
1135,3070.0,6.106105,0.7326441,9.198248,96.57727,0.373149,0.08506203,0.35221067,17.55508,9.697182,3.1299267,13.365817,799.1114,42.24313,1.5996045,38.07381,437.27075,0.32691446,0.09660624,0.34737375,0.63348573,0.06365046,0.008743213,0.063374855,1.6139063,12.394735,9.535813,13.31975,22.781384,24.04799,17.406178,31.542395,57.94477
1136,3071.0,11.186038,1.7097853,17.86008,95.75682,1.07143,0.16994107,1.2590572,15.1012535,37.016888,11.48673,35.49093,274.74326,31.842886,3.0242991,36.876472,437.96103,0.38318747,0.14073762,0.39309794,0.6551474,0.048424974,0.0100921355,0.056512795,0.6186702,13.896786,10.132021,14.536597,21.818733,35.165546,18.201641,36.605022,47.50856
1137,3072.0,4.3103137,0.59694827,10.977792,136.83705,0.49221805,0.09850369,0.56247747,19.495773,5.996345,3.0994654,7.2968674,238.93898,21.214254,4.1176987,17.130735,298.0536,0.28469113,0.13495988,0.29886353,0.46939686,0.04254804,0.011650364,0.041529078,0.735628,14.0192585,10.008627,13.679522,23.075748,24.452314,15.617438,25.155615,48.26543
1138,3073.0,4.6595855,0.49204516,8.6227455,87.279175,0.33347934,0.0573765,0.39241374,15.743719,10.225102,2.9240372,11.893845,690.3255,33.803555,2.059417,30.568556,294.44266,0.28720397,0.118247025,0.3035085,0.6165277,0.05896705,0.0103875715,0.052517135,1.3378211,13.243041,9.368511,13.397576,22.503862,24.444513,15.713956,29.545221,52.657207
1139,3075.0,5.6994543,1.7377805,9.60793,154.44415,0.8428268,0.113892466,0.74473953,22.63125,28.870384,8.581389,59.64014,1126.5269,46.586983,9.299499,67.629196,768.26587,0.27449125,0.11854225,0.29561964,0.57724845,0.11359649,0.015529724,0.21123518,2.2784655,14.313501,9.669177,15.154515,23.028885,31.364649,18.641863,34.498962,58.878975
1140,3076.0,11.184289,0.8884914,17.108335,175.60927,1.3547405,0.112828165,1.2577927,26.930357,1.6962107,1.3141618,4.270399,1174.631,1.1832001,0.3216065,2.0308254,292.33707,0.063285686,0.021654423,0.07042961,0.2255491,0.0862311,0.012542588,0.15570895,2.4548914,14.766044,9.77918,15.88256,24.059763,31.947903,20.17604,35.11747,58.899105
1141,3077.0,13.157611,1.0161868,19.255861,98.93502,1.3283219,0.13531852,1.0875641,18.670937,1.5055002,0.41963357,1.7962862,337.74893,0.6328843,0.1614834,0.97773325,156.92546,0.047030736,0.016505407,0.06911052,0.22179988,0.07113864,0.012995668,0.092064366,1.7736682,14.654627,9.860409,15.810999,23.305395,27.436388,18.280476,28.403458,48.89093
1142,3078.0,25.804667,3.8229413,28.53743,97.041435,2.8493147,0.20271416,2.5668411,16.685577,1.9012358,1.0511671,2.5956893,43.001793,0.43199974,0.07273776,0.61598057,107.68637,0.058877658,0.027326357,0.070654996,0.21517584,0.06259858,0.012975718,0.06598486,0.446398,15.256099,10.759816,15.213133,22.503904,40.721886,21.303354,39.91662,56.88637
1143,3079.0,13.264037,3.3121328,12.451553,252.30331,1.2111297,0.21994817,0.92291766,33.89665,80.67614,27.092098,93.5363,2517.0874,85.27667,12.354931,101.224625,827.2127,0.38976216,0.19804648,0.4100752,0.66683203,0.12051405,0.018200343,0.1680086,1.8426126,15.595551,10.726837,14.238184,24.22013,32.65373,19.121773,33.868137,56.238194
1144,3080.0,5.098856,0.54900056,11.238621,97.65956,0.7095795,0.08494443,0.74795485,18.146936,13.088172,4.0519195,15.356726,489.2581,19.677404,4.200665,17.481804,386.28278,0.23258929,0.12772253,0.24336748,0.51954556,0.07590244,0.0118455,0.09861333,1.8259714,14.277071,9.782045,14.394737,23.205627,25.900957,17.673603,24.634455,48.08247
1145,3081.0,5.910122,0.66122156,8.598424,98.29294,0.38424775,0.08430921,0.35622707,17.358498,8.950376,2.993806,12.467086,839.03235,26.204935,1.2167509,20.755878,312.7074,0.2700923,0.10714321,0.28161484,0.6078534,0.07342022,0.010023348,0.061239462,1.5375649,12.483317,9.477275,12.488983,22.756441,25.16346,19.409641,31.37248,56.819923
1146,3082.0,4.1602163,0.92498624,10.54391,121.04677,0.57776666,0.1355854,0.5700998,19.951883,0.26456124,0.23569122,0.5658182,145.93726,0.7377149,0.26102486,0.82579523,143.11156,0.07740039,0.031205136,0.09307422,0.21484476,0.042683974,0.012062054,0.035637602,0.6858937,14.026379,10.022708,12.907826,23.1396,25.22139,17.269098,27.542133,47.399204
1147,3083.0,4.499279,1.1067746,10.555713,120.50483,0.61490303,0.11919841,0.5927925,20.095448,0.3449255,0.2243425,0.87663627,179.79628,0.7372693,0.25561073,0.8107667,144.64568,0.0798298,0.031616174,0.09810925,0.22302113,0.03999808,0.012181905,0.035848014,0.651409,14.044403,9.999887,12.925137,23.093178,25.387722,16.726822,28.462278,47.36261
1148,3084.0,9.0965,1.9303465,14.046963,186.9558,1.1553454,0.10208711,0.9724883,28.65963,1.7090584,1.3998812,3.2749527,666.2707,1.2917086,0.34035152,2.231911,315.70386,0.06535987,0.021124158,0.07239314,0.23933862,0.10445784,0.01616364,0.19068906,2.7150607,14.545711,9.494682,14.624542,24.180838,32.208298,18.86214,33.26235,58.651245
1149,3085.0,5.64463,1.1348052,12.254082,115.253525,0.91080016,0.15836558,0.69563144,19.939032,0.2836645,0.17679569,0.6321004,88.37523,0.42317837,0.114879414,0.60320175,126.260704,0.051585484,0.027788116,0.069089234,0.22531071,0.03011725,0.011186381,0.049768616,0.5760855,14.446539,9.807215,13.608805,22.1298,27.721516,19.088861,30.11388,49.120728
1150,3087.0,17.708126,1.4083968,19.421804,111.02166,1.2836412,0.13747326,1.0066226,19.233099,0.8163351,0.8960206,1.1188209,120.08765,0.52308756,0.15118547,0.7399636,151.20726,0.04832883,0.0172707,0.065638974,0.2282073,0.10664685,0.014166461,0.09939451,1.382291,14.31219,10.101515,14.112084,23.881834,32.130737,18.301487,34.29634,48.46421
1151,3088.0,7.40636,1.116804,11.651906,87.28775,0.70596963,0.123125084,0.657374,15.102628,19.5133,2.689043,17.902168,299.7335,26.280624,2.2006953,25.990925,251.8641,0.26011676,0.124455124,0.29260814,0.49526227,0.057087377,0.01145877,0.051315226,1.2512413,13.8718605,9.664651,14.166739,22.008358,27.976109,17.12962,31.497583,47.100548
1152,3089.0,13.465599,1.0782528,17.01415,96.14165,1.2997565,0.1256043,1.0438262,17.686726,0.9875786,0.31437528,1.2230955,214.86018,0.48362887,0.072595395,0.75879043,126.92949,0.05587312,0.020818174,0.07892453,0.2207106,0.045410994,0.010581931,0.044983625,1.3467659,14.4019985,10.007943,15.33744,22.929173,28.016626,17.69466,32.168015,46.826694
1153,3090.0,21.302181,2.4140692,20.086075,195.60657,1.524265,0.23046997,1.7156669,30.989325,217.83618,54.510757,354.91156,4764.734,227.98009,44.244698,235.28539,2590.3435,0.6145993,0.31075233,0.63473433,0.98053384,0.10683341,0.020924717,0.15621613,1.8231894,15.66028,10.875557,14.892677,24.162416,35.19321,19.463963,36.155354,56.24353
1154,3093.0,18.289534,7.5353737,18.015207,146.4411,1.1076717,0.15799306,1.2798815,18.337383,581.4732,91.86651,437.7278,4477.1724,351.8423,33.539112,327.4382,5013.4727,1.1538659,0.42512912,1.3429371,1.9376061,0.07361487,0.015412625,0.07490894,1.1334592,14.044515,10.019383,14.014754,23.798473,38.253567,18.855312,36.616474,57.447033
1155,3095.0,7.6461577,1.2398378,11.329534,87.69606,0.7888858,0.12776305,0.71650213,15.585495,22.077192,3.018307,22.661625,359.16708,26.484123,2.6323073,26.77313,341.62643,0.28642273,0.14228086,0.32648733,0.55872273,0.0498925,0.010822997,0.05369321,1.2195823,13.989474,9.632726,14.459064,22.06775,27.914278,16.956892,32.113556,46.524513
1156,3097.0,6.040622,0.7297453,8.738937,165.40515,0.6891401,0.11845735,0.5283002,23.112738,101.81209,44.572628,151.54355,4433.6753,300.44037,50.98919,341.63867,2884.262,0.5603458,0.29909676,0.59611976,0.9944822,0.13628834,0.019933686,0.26337007,2.466314,14.001254,9.835094,13.106242,23.448816,31.443811,18.84597,31.610806,58.138275
1157,3098.0,3.6810439,0.4684336,5.3205466,88.50959,0.27061057,0.061247535,0.29909894,15.605195,6.77372,2.9961874,10.83649,756.77856,38.582386,2.8324032,40.25611,451.78198,0.39713496,0.14615567,0.42141768,0.7126894,0.06211424,0.011111174,0.05123267,1.3270895,12.297014,9.318701,12.010191,22.577444,21.494865,16.973642,26.943779,57.393414
1158,3099.0,8.065847,1.3076627,12.634059,99.85244,0.89290214,0.10898265,0.9473926,20.604311,1.1558664,0.8290718,2.3245585,436.94537,0.89422035,0.08328367,1.0055006,179.60545,0.085383534,0.0296122,0.09995265,0.28949502,0.047308154,0.010571516,0.04472354,1.5511023,13.747028,10.30957,13.879175,24.109009,28.848598,18.737823,32.553505,59.77266
1159,3101.0,16.858368,1.055975,17.910465,96.60587,1.2944757,0.14816755,1.0717502,16.067337,0.60945654,0.4186091,0.7375247,79.25464,0.44282088,0.09406506,0.61781144,112.64376,0.05036664,0.01921475,0.0727971,0.21926528,0.05480797,0.011278154,0.06693962,0.8099589,14.245272,10.223032,14.344137,22.761488,26.958466,18.020842,32.801857,46.74633
1160,3103.0,7.3628426,0.9948062,11.813357,99.51942,0.6568574,0.057990756,0.87021655,20.272068,0.51145136,0.36325765,0.82550335,133.85443,0.6572344,0.05768959,0.73979324,135.4721,0.090469785,0.028006189,0.09965424,0.27208832,0.040095653,0.010190509,0.041709922,1.2215886,13.119555,9.669643,13.129864,23.31988,25.3947,15.133477,29.553999,56.90398
1161,3104.0,15.689495,2.2630446,12.900563,97.11411,0.91438353,0.11516225,0.83611465,17.706194,1.3033453,0.31579152,2.3670805,503.2166,0.72244054,0.057840824,0.96646243,144.65291,0.0637734,0.022256859,0.085133284,0.21945871,0.049047746,0.009802332,0.042232525,1.2793218,13.712709,9.760394,14.394402,23.338095,26.813152,17.588005,31.786657,53.982037
1162,3107.0,16.633707,1.5032848,30.747324,116.391045,1.9611273,0.14389995,2.344722,33.73979,3.548051,1.5306346,5.9560647,344.12265,1.4041376,0.1327725,1.7172942,156.11559,0.07932841,0.026860291,0.084957756,0.21944287,0.10764498,0.011528962,0.14706582,2.3679821,15.218331,10.474025,15.039709,26.82122,39.340862,17.538382,43.278896,68.30524
1163,3108.0,8.397345,2.6485608,7.304051,97.850685,0.38779154,0.087721,0.37375233,18.700464,142.86638,33.100147,151.83418,10415.556,383.78564,24.254135,307.4164,3487.4304,1.1356251,0.3853984,1.2012198,1.8458534,0.074837886,0.013206269,0.052586515,1.452533,13.16657,9.616863,12.816111,23.577963,28.313976,20.193367,30.263876,59.847748
1164,3110.0,6.390578,0.18371996,6.0034137,91.296585,0.32705742,0.06392971,0.37985462,16.155247,57.20012,11.741179,77.369286,3200.7373,137.7501,12.332918,149.21956,1556.4569,0.69989634,0.34020227,0.80192435,1.0417802,0.0665951,0.011945369,0.053117435,1.2957176,12.990491,9.44553,12.895326,22.508371,24.77228,15.213336,30.267756,54.85437
1165,3113.0,13.762989,1.1941847,15.255535,96.125824,0.99625325,0.08294793,0.885858,15.854909,0.68837994,0.33636305,0.9178386,78.31889,0.40163833,0.064783126,0.6093572,119.626144,0.066510014,0.022821771,0.0923203,0.23348936,0.04269741,0.011088689,0.045092683,0.84837425,14.089132,9.715234,13.870406,22.660137,27.60518,16.018372,30.096273,46.16182
1166,3116.0,3.660968,0.98342466,6.7488093,77.33071,0.34843352,0.06315499,0.39001626,14.326891,16.859398,3.5690413,22.297935,361.15286,37.111652,2.443551,35.679825,433.76324,0.34637153,0.13570634,0.3333315,0.49018025,0.06207344,0.013053227,0.060866866,1.1509306,13.32274,9.504918,13.288836,22.024244,21.276655,15.203707,24.072702,46.158813
1167,3117.0,8.777111,0.9723826,15.76171,95.73783,0.98250544,0.11174391,0.83133644,18.019815,0.5281168,0.3613715,0.70151836,152.70686,0.43839046,0.13425623,0.6842238,126.020775,0.05903612,0.02128189,0.08281299,0.22586581,0.045042768,0.012873291,0.059857145,1.248075,14.304026,9.788943,13.857966,23.019226,25.661236,18.058949,26.324993,46.043545
1168,3119.0,7.1258907,1.2980229,12.804661,121.701164,0.66649926,0.13879909,0.59028876,19.109814,7.9257374,3.6540453,9.551768,297.30853,19.15256,2.9121091,23.590736,397.4436,0.31757873,0.14215016,0.32513905,0.47910562,0.049655948,0.010746076,0.040454738,0.6938559,14.236271,9.768708,13.076881,22.874763,27.133686,17.099321,29.616997,47.11571
1169,3121.0,16.859941,1.3802679,17.610065,105.053024,1.1709762,0.12924537,0.88567406,19.988033,0.5787696,0.40415013,0.9054609,124.54736,0.42297179,0.14515343,0.65707695,128.20958,0.048339788,0.018489474,0.07120394,0.22997685,0.06220737,0.0139787905,0.07297601,0.842898,14.367471,9.87585,13.970782,23.685793,27.502085,18.348858,28.080793,48.63993
1170,3122.0,4.267808,0.20075461,5.599303,88.72251,0.30609742,0.06294499,0.33175918,15.826238,47.174328,13.849114,75.20699,2844.2617,136.51224,15.091913,141.23991,2062.4443,0.7371711,0.33593836,0.8189988,1.033645,0.05834934,0.012209756,0.05078621,1.3533659,12.572126,9.701497,12.335885,22.758785,22.374174,15.808001,26.468468,57.164616
1171,3123.0,12.506613,2.57468,18.008583,241.23824,1.3909786,0.23431183,1.2353148,33.945644,2.2660208,1.5950102,3.7099087,574.8967,1.647784,0.44946474,2.2737632,228.71014,0.07654767,0.032719195,0.07885405,0.2088467,0.10584788,0.016406504,0.13059999,1.9540147,15.5820675,10.739716,14.799725,24.398449,34.494343,20.045248,36.34558,56.116592
1172,3124.0,20.724571,10.10178,18.460796,108.52098,1.2370505,0.181394,1.3536777,17.375357,129.1227,52.044575,166.75903,1616.3796,144.2653,16.203424,148.81136,2061.9429,0.7512215,0.38448605,0.70125574,1.1888652,0.04133584,0.015514816,0.078196466,0.56298983,14.682073,10.040093,14.833042,21.60388,31.274393,19.440784,33.531445,47.7639
1173,3125.0,42.55597,11.950146,37.948833,126.55854,3.8907073,0.5487839,3.6313834,20.515514,663.4584,288.45,562.22626,2300.5278,191.35901,34.274338,186.15892,2240.301,0.7346582,0.32614946,0.6559481,1.1739937,0.050556537,0.01980789,0.09120501,0.8599227,16.533768,11.592756,16.475788,22.164724,37.412945,26.854677,39.991394,50.15068
1174,3126.0,14.843645,1.1576899,18.883598,98.396,1.4159073,0.13761821,1.2617217,19.134848,0.9985473,0.3569742,1.6910839,745.8914,0.50040835,0.09514746,0.80870944,137.83896,0.045521315,0.018963391,0.06856067,0.21930054,0.07386454,0.011370698,0.08001514,1.5001223,14.600957,9.7449,15.685093,23.680265,27.920527,18.71347,30.422726,47.884697
1175,3127.0,26.591593,13.018291,21.892147,195.60657,1.5539768,0.23178163,1.7691119,31.137554,339.91116,69.44475,302.0495,8489.238,280.17105,54.76056,306.97888,3472.887,0.7724205,0.38296595,0.75875866,1.219523,0.073445596,0.017892255,0.17875956,1.993909,15.627155,10.877754,14.79139,24.193789,36.070942,19.740921,37.189957,56.610706
1176,3128.0,6.306646,0.44976464,10.097586,113.59676,0.741575,0.11683855,0.6129414,18.589457,38.70974,8.442289,42.64692,815.19727,88.82868,10.1611185,99.45428,1363.7645,0.6235409,0.321903,0.5989798,1.0636668,0.04127199,0.010677891,0.071815476,0.4862187,14.379193,9.532797,13.11906,22.611149,27.865034,17.761736,30.217583,47.06207
1177,3129.0,5.8256855,1.1484421,7.9342446,87.56685,0.67801005,0.1299527,0.60195076,14.704333,10.824647,3.921269,9.113392,231.57645,22.988148,3.7649765,25.066124,335.73572,0.29602122,0.14103754,0.33001575,0.5746349,0.05592418,0.011816091,0.058052838,1.0012455,13.835422,9.742215,13.11084,22.202354,27.222786,17.30769,28.734161,45.949276
1178,3130.0,79.40019,8.191062,67.947266,461.16687,9.259712,0.44501036,7.7189517,100.86668,4284.122,811.65485,3839.0574,10981.471,439.1298,26.819715,425.00247,4674.2383,0.7255723,0.20478842,0.70993274,1.2857988,0.13689087,0.026718557,0.21773429,2.039913,18.433907,11.44566,18.207617,29.855331,45.763897,27.802816,47.573143,56.1474
1179,3131.0,33.234806,3.230885,34.67478,124.28881,3.8757446,0.5035473,3.7396505,22.086897,236.50143,87.0107,245.38492,1217.909,89.68372,19.275703,84.852356,1237.1155,0.5621038,0.34313425,0.5530214,0.98108214,0.041255794,0.016338497,0.07452145,0.5649404,16.604816,11.501106,16.575542,22.527086,36.59425,22.864504,38.858097,48.455708
1180,3132.0,7.2807274,2.5455,9.23242,158.41052,0.6828493,0.10634247,0.5364955,22.630724,19.860224,10.102807,30.345108,702.7403,40.93774,9.176317,56.679886,727.7369,0.29762298,0.13038829,0.3168799,0.588523,0.11426105,0.01742439,0.18514404,1.5575951,13.771722,9.536179,13.00695,23.011366,31.554731,18.383757,35.598625,57.879932
1181,3134.0,14.340043,3.2749953,14.541845,116.52843,0.935397,0.15363865,1.104037,19.25305,20.868883,7.1127257,31.162127,392.48898,24.433567,6.354344,27.728952,485.6155,0.33472407,0.16795653,0.37636092,0.5270801,0.05905704,0.014038996,0.047046807,0.6542103,14.382762,10.001627,13.709911,23.005737,29.174751,17.544533,32.308758,47.22354
1182,3136.0,6.149913,2.4338298,7.711485,116.76728,0.5675964,0.15013841,0.47727653,18.77072,11.539533,3.7619376,16.446594,340.34488,21.973318,6.0181255,26.253626,419.43256,0.36395204,0.16834548,0.39218882,0.5445325,0.051015902,0.012997621,0.04170686,0.65495014,13.956821,9.999411,12.537509,22.932713,25.259434,16.953766,27.480478,47.312393
1183,3138.0,41.149036,13.472236,34.41683,143.55507,3.6315608,0.5416596,3.4459295,22.818932,506.09897,230.26315,481.05676,2087.1787,182.37964,35.94807,152.41428,1562.2633,0.8468277,0.48626032,0.8158815,1.2420596,0.040309284,0.015771836,0.066112615,0.46216002,16.43433,11.418674,16.421494,22.956287,36.70021,26.049376,38.604893,48.93569
1184,3140.0,13.872601,1.6549487,12.865518,211.34972,1.3260647,0.15667233,0.97074,31.857647,191.35919,32.201206,240.57736,2854.792,188.2335,23.66374,206.85101,2507.1008,0.5702279,0.29283032,0.5584017,1.0584806,0.08592023,0.017284483,0.22519815,1.272676,15.524547,9.8906,13.959118,25.007593,35.59929,18.532042,36.310703,56.568214
1185,3142.0,8.4543295,0.82990956,11.297797,95.89193,0.623761,0.09264443,0.6133381,17.833248,0.85974574,0.44537476,1.7248559,417.04895,0.8950119,0.08136134,0.9926673,180.44138,0.080745295,0.023094175,0.098783165,0.27050447,0.049450904,0.010611941,0.044311177,1.4342924,12.921534,9.912878,13.175918,23.452524,25.732067,18.360016,29.814117,57.62852
1186,3143.0,4.2777467,1.5938652,8.682691,180.59184,0.83155924,0.11402118,0.69519496,25.033255,59.652027,21.979723,97.40261,2122.8118,80.5013,10.773316,101.671585,1105.1625,0.33854967,0.18949743,0.35535112,0.69814354,0.114883445,0.015233563,0.20425558,2.2556558,14.353092,9.645722,14.68021,23.129984,32.143177,18.497723,34.457573,58.725155
1187,3144.0,28.271852,4.9489255,30.362911,224.64163,2.6385128,0.42985812,3.2760487,32.442215,133.837,37.033134,160.7946,1247.2928,50.618523,8.364996,64.95484,594.8836,0.30179638,0.12889421,0.31939515,0.49069914,0.12909809,0.019566944,0.163163,1.9138248,16.28915,11.31659,15.79274,24.15187,38.502922,21.431046,39.88459,56.929325
1188,3145.0,7.3377595,3.622435,7.176294,83.35039,0.4772965,0.112785265,0.42046314,15.091999,86.62222,16.359821,79.25751,2222.959,192.07271,17.187199,180.49431,2021.5251,0.808283,0.3765583,0.8426546,1.252814,0.07141677,0.014541395,0.056967363,1.2562529,13.370065,9.607338,13.487879,21.96615,22.500315,16.455086,29.109093,47.134598
1189,3146.0,18.32331,3.2879322,19.450941,104.878746,1.4596926,0.26797754,1.4413458,16.99911,59.776203,13.61007,63.057816,291.4299,30.21475,6.1266336,33.837414,374.30295,0.26794186,0.12935007,0.2930239,0.5199655,0.14185356,0.017970147,0.1441534,0.9531723,14.142022,10.572272,13.856445,22.541977,38.22775,20.009508,38.771355,52.055412
1190,3147.0,5.2065387,0.78887624,10.846061,116.00862,0.54051703,0.11077216,0.508051,18.836416,9.205381,3.4440544,13.046882,268.98047,21.344141,3.0894067,23.571844,399.25974,0.35601264,0.15535234,0.37306395,0.48103225,0.046437196,0.01184061,0.040034384,0.6548294,14.01522,9.711342,12.58654,22.875418,25.69521,16.41313,28.012753,47.278904
1191,3148.0,12.373201,1.716152,19.91357,145.31993,1.1662725,0.14179404,1.5787787,23.44442,170.72658,71.70508,313.51212,3702.0586,229.8773,47.12136,235.50157,2721.1611,0.5503811,0.2962825,0.52719986,0.99076915,0.10543858,0.018078525,0.22547029,2.3379817,14.626279,9.943066,14.561021,23.224293,34.48562,19.117435,35.342724,57.422123
1192,3150.0,50.99005,7.391061,48.43648,166.47725,5.5483074,0.48566344,5.6010365,31.606256,88.6803,39.590015,102.31658,442.50534,18.072092,3.3345885,19.550138,329.36853,0.3141701,0.14529355,0.33048585,0.50297976,0.035848998,0.007479311,0.058929004,0.5821711,17.680265,10.902083,16.957296,25.34145,41.818714,27.954418,43.73087,50.801506
1193,3151.0,22.32442,4.790908,24.032661,184.76024,1.6556118,0.15763043,2.2120085,27.364141,42.460186,13.688465,54.503044,1072.9155,37.0276,5.7572165,53.32392,714.31793,0.30793276,0.13927753,0.3295116,0.54782605,0.062040847,0.015130865,0.16295615,1.347071,15.669412,9.975327,14.597109,23.463964,35.526516,20.171442,37.083298,56.74646
1194,3152.0,44.134674,3.1308978,53.95164,486.69696,7.2768717,0.5009213,7.8814397,71.99554,1866.5277,437.61346,2293.9377,6872.9653,229.01344,20.978819,322.35684,2719.467,0.5340506,0.2382794,0.5252596,0.984519,0.24477363,0.018707624,0.31492233,2.2977853,17.980099,10.869122,16.975325,30.29711,45.63374,30.782179,47.208054,55.514153
1195,3153.0,11.92046,1.2371712,16.011711,94.123886,0.82846034,0.14567618,0.7776361,15.880397,15.361688,4.43082,11.868614,176.90753,22.766981,3.28608,25.462547,329.02573,0.23302823,0.10427185,0.26013365,0.47325897,0.09672816,0.011236928,0.10133124,0.6883946,13.748449,9.849762,13.262411,22.273142,30.94632,17.965925,33.93619,46.65125
1196,3155.0,60.448017,5.1732326,67.843376,471.17566,7.641101,0.484089,9.262252,103.96799,1903.4061,553.6278,2103.756,5099.295,207.81464,10.595707,300.19022,2885.5027,0.5015837,0.17865586,0.51708704,0.925237,0.32037678,0.02539775,0.28553894,2.2183282,18.18244,11.577239,17.17671,28.991156,48.65358,26.688951,51.771282,63.698433
1197,3157.0,12.193719,2.6192098,15.234389,217.38469,1.4899887,0.20928305,1.2445167,30.96197,1.8639191,1.3475243,3.2102087,334.69608,1.3386421,0.37875593,1.9934901,225.727,0.066097975,0.030470027,0.0730098,0.21466695,0.079491824,0.015368496,0.17055804,1.3548771,15.460681,10.346365,14.465248,23.933125,36.121822,21.551691,37.280235,60.522152
1198,3158.0,11.063045,0.59873986,15.721709,94.58789,1.2073698,0.13094118,1.0482279,18.32359,0.90020925,0.3438151,1.3386325,289.41028,0.5384461,0.14696702,0.898547,142.69542,0.051020253,0.01924878,0.074148774,0.22013684,0.07029101,0.012493671,0.07931997,1.4405733,14.5221195,10.003955,14.99917,23.2669,25.546621,18.496328,26.669973,47.397026
1199,3160.0,6.71274,1.1941029,8.014486,85.70356,0.7491509,0.12565771,0.6584685,16.489172,23.008753,4.0982776,23.94913,519.79333,37.422043,5.2350073,37.817078,376.9932,0.3056526,0.14034358,0.34410608,0.5660215,0.09308792,0.013872155,0.089120775,1.388764,14.039303,9.75897,14.447711,22.293985,26.611801,17.645384,27.367971,46.11822
1200,3161.0,4.344851,0.7519407,7.0462546,127.16492,0.4674722,0.10453005,0.4925986,20.188793,7.663889,3.853896,9.869251,422.92828,25.475164,6.195074,28.609322,427.81384,0.39669207,0.16746765,0.43164015,0.59634066,0.04853107,0.012446139,0.0449868,0.8219239,13.969425,10.106467,12.506728,23.701279,24.38572,16.02983,25.120941,49.14622
1201,3162.0,13.713166,3.667536,14.300456,196.4841,1.2298486,0.21148549,0.9743771,30.900127,36.743687,11.437545,52.854805,1161.1953,40.093475,9.207184,62.371365,675.4885,0.3287562,0.14583038,0.3472793,0.5267323,0.08328461,0.0147756245,0.15228017,1.9054874,15.515108,10.727645,14.346749,24.085783,33.12118,19.261307,33.32002,56.646446
1202,3163.0,10.747538,1.3948485,10.994138,113.52513,0.8740538,0.10178888,0.83914566,19.738432,2.269277,0.7247403,3.1537504,370.89825,1.03533,0.08321869,1.1565297,145.18797,0.081655286,0.026092833,0.08847343,0.2536371,0.072643474,0.009766813,0.07599484,1.7269167,13.18394,9.931052,13.866393,24.093332,30.334782,16.97742,34.861313,59.135803
1203,3164.0,4.939054,0.622367,10.680493,141.46693,0.668616,0.16088684,0.5796679,21.173923,0.29511157,0.24822052,0.5720967,144.76234,0.7164758,0.25709602,0.8198217,145.3303,0.0681714,0.029984867,0.08306057,0.20572035,0.043267358,0.012009341,0.037120856,0.68723774,14.124942,10.185681,12.9252825,23.325636,25.498972,17.93083,27.482471,47.408737
1204,3165.0,34.103054,6.5994143,27.685091,117.26868,2.9862196,0.3867922,2.9545853,19.88188,41.00954,18.440527,46.15602,263.08627,19.023893,3.9355948,17.163694,280.00638,0.32022628,0.16540372,0.3263537,0.5113914,0.037081316,0.011719728,0.056725163,0.4384776,15.875725,10.909708,16.090322,22.851746,35.31612,20.10909,37.028492,48.09046
1205,3166.0,8.935562,5.533786,10.750272,118.99543,0.8807004,0.16702323,0.6633755,19.38223,137.35704,30.49644,106.4529,2366.067,215.75522,25.132206,246.15347,2743.6428,0.904702,0.45732135,0.85368663,1.6620159,0.03713671,0.015237108,0.058851544,0.54254645,14.504179,9.685511,13.707991,22.27464,31.120209,20.50992,29.47243,48.843964
1206,3168.0,14.316801,0.62796575,20.191654,95.28136,1.2366663,0.10743633,1.0369092,14.991767,0.39257577,0.2948605,0.5499603,59.748592,0.2533371,0.05933653,0.48781422,95.22908,0.06379079,0.024102371,0.08606059,0.2300274,0.03737971,0.01097324,0.033169743,0.52788,14.251687,9.873307,14.553349,22.280455,30.768213,18.100096,36.415237,46.45192
1207,3169.0,25.79243,4.3174973,26.411886,94.0574,2.1650116,0.29925534,2.2428389,15.939518,66.58946,19.395927,64.63241,269.08783,35.4322,4.3755355,46.453213,327.99295,0.32284588,0.14569242,0.34259632,0.5143608,0.07302236,0.010190592,0.085179344,0.6300497,15.43752,11.051034,14.54592,21.874016,36.204056,18.046759,38.79122,47.901134
1208,3170.0,19.204477,2.6062973,26.02399,189.15279,1.5998306,0.12966913,1.68408,43.7671,4.374804,1.4558947,4.540722,373.37634,1.6193447,0.09473165,1.7547052,155.68332,0.086741485,0.028951202,0.09201526,0.21650636,0.10017684,0.007631342,0.16060066,2.4309363,14.6493635,10.433335,14.127636,27.247532,41.089436,17.769918,46.802307,69.76154
1209,3171.0,12.924284,1.4889956,13.008041,88.47882,0.8525449,0.16397732,0.7252596,15.478761,16.892412,4.3611073,18.98699,191.2741,21.569992,3.8520882,25.389402,330.23804,0.28404823,0.13237472,0.29597014,0.54216105,0.067603864,0.013375067,0.070944436,0.6040139,13.865368,9.821849,13.335145,22.337889,31.699589,18.07439,34.78456,45.610435
1210,3172.0,9.300866,0.79391634,11.177708,86.21386,0.67305046,0.10669916,0.64224356,13.802385,11.974276,3.4687426,12.314154,133.71313,19.042482,2.6675966,22.891293,278.87592,0.32427287,0.14362231,0.3532022,0.5600846,0.047781214,0.011779593,0.043004062,0.4944947,13.5910425,9.767283,13.048456,21.557236,30.998495,17.765959,36.2177,45.916958
1211,3173.0,11.817614,1.1339228,17.28557,102.98221,1.3202314,0.13874716,1.0686544,19.259169,0.78539395,0.3918906,1.0042815,204.64322,0.5212605,0.0924636,0.721179,136.0561,0.046587,0.018253673,0.070722915,0.21962887,0.07783794,0.011289174,0.080384046,1.4135505,14.411745,9.9207945,14.534968,23.203945,28.394552,18.063234,30.512383,46.611458
1212,3174.0,9.853815,4.076042,9.109983,355.23175,0.7575419,0.11829204,0.62157536,20.56871,467.82584,45.22994,316.02783,8512.709,434.73975,35.306828,454.0176,5624.899,1.4859082,0.3927069,1.690052,2.0704558,0.07120175,0.0134171685,0.06015439,1.2946507,14.22476,9.867226,14.384595,23.471876,31.531864,17.71104,32.049477,54.422768
1213,3175.0,7.1960244,1.8502415,12.379867,118.84211,0.9451165,0.13077997,0.7356121,19.988937,0.40011406,0.19157758,1.0043862,98.01665,0.53869164,0.11029026,0.70844334,132.04092,0.0633314,0.028475083,0.075096026,0.22196494,0.030955052,0.009836415,0.05168473,0.4812804,14.523259,9.263626,13.568346,22.697104,28.080744,17.805895,31.184513,47.760693
1214,3176.0,13.676891,1.135181,20.235933,110.806564,1.4751576,0.13169841,1.2099372,20.835526,1.3395276,0.6313307,1.7293918,494.19492,0.5547241,0.111587,0.83901566,143.49608,0.04591927,0.019292178,0.06724522,0.2211945,0.10492286,0.011588072,0.09664245,1.7509811,14.603707,9.890971,15.743967,23.629412,29.982702,18.519178,32.34625,46.254467
1215,3179.0,7.235548,0.8214966,13.652209,184.4604,0.92393243,0.17343023,0.7805941,39.281036,25.444334,6.982727,25.322746,1457.1918,24.306763,2.2753885,32.61258,795.3805,0.3124105,0.13064219,0.33226582,0.7776151,0.048797667,0.0087631345,0.08160245,1.124678,15.189285,9.306419,13.1105995,25.95306,34.515938,22.33793,36.417793,57.49296
1216,3180.0,21.81561,0.98821366,52.101772,316.4232,5.5253487,0.39117488,5.4881916,43.29569,305.43454,55.230858,227.6604,9370.706,88.07516,7.89579,124.508766,1433.9696,0.33695975,0.19883394,0.35360888,0.8230004,0.295476,0.02174982,0.36835754,3.6460304,18.14221,10.920087,16.301245,27.982635,41.85792,22.40035,42.54218,65.629684
1217,3181.0,17.714352,2.629431,25.518454,242.01584,1.269135,0.16296878,1.5736257,52.48405,256.33493,33.81884,324.16586,2309.2861,187.1969,5.8243637,169.7842,929.73303,0.429607,0.15883584,0.44700256,0.6843936,0.18606131,0.0097522,0.32614413,3.116383,14.845319,10.285623,13.780349,27.294102,42.27726,16.768986,48.713387,72.566
1218,3182.0,9.43335,0.6163678,17.174591,94.68157,1.465521,0.099740766,1.4099005,19.728176,0.43924332,0.19717807,0.7770469,290.75058,0.22387865,0.031350937,0.46405572,176.26515,0.046798173,0.01994811,0.07630512,0.24654925,0.033046376,0.012214339,0.055775087,1.0322976,14.649205,9.834294,15.135072,22.19319,28.527004,17.980549,27.603718,48.508995
1219,3183.0,4.509999,0.76971334,12.660365,117.20792,0.7367716,0.1059878,0.6256104,19.188147,0.28093386,0.19618112,0.595822,94.30709,0.57170177,0.12925695,0.78074735,129.16463,0.05694388,0.026184805,0.07641472,0.2422549,0.04630992,0.014598568,0.06780388,0.5788899,14.153912,9.462503,12.940892,22.030752,27.038332,18.156052,27.659773,49.56619
1220,3186.0,16.051796,2.1992238,24.658707,129.95781,1.6288725,0.3044659,1.9197057,24.08437,33.90925,19.896946,39.19598,404.33374,20.4485,2.2334697,26.127108,537.6335,0.26599166,0.13270909,0.30807337,0.60558337,0.055808373,0.013403311,0.09720579,0.7947245,15.122443,10.394248,14.895854,21.957006,34.461567,21.402178,35.33627,49.57813
1221,3188.0,6.111416,0.871678,7.920265,86.507965,0.43053797,0.10690274,0.38962188,14.814052,12.081094,1.3128909,6.9076257,320.71017,34.01942,1.3514642,24.771584,271.71585,0.27178574,0.12825923,0.30532393,0.490363,0.07229453,0.0086288005,0.056316223,1.3195055,12.5200405,9.764011,12.6940365,22.109175,22.921097,16.53902,31.667583,54.476604
1222,3190.0,5.6297536,0.5903148,9.81866,153.66367,0.66771346,0.11608766,0.5755008,23.661196,61.78682,25.891657,77.02952,4129.799,193.01535,45.901672,222.29492,2785.8257,0.5536935,0.29980195,0.5863399,0.99927044,0.058903735,0.012017235,0.1758224,2.41402,13.406918,9.877838,13.107905,23.543497,33.21,18.652105,32.601437,60.97194
1223,3192.0,7.7581525,1.216342,13.656113,98.60529,0.79495746,0.13566257,0.68236977,18.72806,13.916754,3.4989922,10.3300295,471.0885,24.769548,2.7284863,24.430244,391.01434,0.21653384,0.10473823,0.25392425,0.4860466,0.13538261,0.012389578,0.1414377,1.8712735,13.936124,9.70704,13.482611,23.12376,31.880564,18.290577,32.032562,47.288002
1224,3193.0,5.4318833,0.6041757,13.52849,118.788734,0.8852618,0.10315749,0.7835122,18.818455,0.26554233,0.22733401,0.5964259,89.47301,0.4243536,0.10210554,0.63285977,133.16731,0.060360912,0.02807476,0.07526268,0.23914245,0.03366258,0.009790379,0.061496954,0.5408723,14.423692,9.632736,13.291894,21.769917,29.059074,18.547794,32.54031,48.684895
1225,3195.0,200.86275,8.804491,133.41278,843.4267,23.071392,0.77950585,21.531616,251.91501,7126.9067,224.46486,3737.0837,15691.679,158.73279,13.440231,266.11145,2120.8347,0.32619438,0.12810993,0.36535576,0.6329858,0.3050286,0.030616883,0.60853153,3.6275065,20.766043,11.930017,19.733805,32.222847,54.859688,28.582438,54.62121,67.790596
1226,3196.0,59.787354,6.879046,76.345535,298.3428,11.1128845,1.0027868,10.550667,67.56409,492.41684,99.92565,393.796,1504.7009,27.249025,6.584673,37.39514,674.984,0.24641019,0.113450795,0.26266196,0.49103406,0.1456432,0.01632491,0.3107341,1.9868433,18.328476,12.084095,18.434666,26.836216,48.581387,29.653902,48.968544,61.421673
1227,3199.0,5.508763,0.686262,10.0045595,91.79978,0.54885316,0.08488454,0.4902137,17.42431,0.33236122,0.2211775,0.35168612,127.924034,0.4979355,0.06269857,0.67611873,128.1022,0.07067094,0.026146166,0.10166892,0.22771034,0.041617747,0.011181678,0.043009073,1.1763014,13.583532,9.457394,12.816302,22.788343,22.122046,16.137594,29.11356,47.07173
1228,3200.0,16.912872,3.1775262,14.551902,85.53025,0.8339922,0.07455932,1.1188222,13.896148,14.554097,3.9960823,17.158875,85.03661,17.783792,2.3416266,16.653753,324.4286,0.34553692,0.1707243,0.37081343,0.58137167,0.04134541,0.011049946,0.043274675,0.36935467,13.789751,9.469856,13.310176,21.962765,34.521133,16.676092,35.560387,48.275528
1229,3201.0,6.8536477,0.89980537,14.374767,137.72502,0.89794964,0.18782859,0.7804893,23.040354,0.2915252,0.29279375,0.6074294,160.13556,0.51338446,0.13668723,0.71760875,152.96382,0.06475674,0.031670928,0.08147287,0.20746171,0.037275136,0.00932946,0.054998517,0.8555994,14.431443,10.320863,13.656177,23.889992,31.364756,20.164946,34.423473,48.252464
1230,3202.0,6.5561085,0.93546826,14.878149,116.78638,0.94710076,0.16097695,0.8029589,19.074163,0.35732922,0.2777131,0.75263524,92.329384,0.45657888,0.10872344,0.66524225,140.4461,0.054456767,0.03283721,0.07347297,0.22362818,0.035447363,0.010962952,0.06681092,0.553689,14.44625,9.712242,13.477779,21.655972,29.435003,20.078932,33.079247,48.095238
1231,3204.0,4.917399,0.4830709,12.734722,126.1933,0.6621885,0.11199206,0.7214218,19.62054,0.19404972,0.14617452,0.3871101,152.70677,0.5190426,0.13065422,0.62028927,138.71463,0.075414464,0.038054556,0.09829852,0.21927156,0.02974568,0.009054228,0.034572605,0.66813993,14.1574335,10.248099,13.438137,22.835384,27.244864,16.247736,29.921528,46.831245
1232,3205.0,18.89906,5.426887,22.126436,108.77784,1.4656373,0.19210137,2.3022575,17.593971,22.011917,9.974149,32.22594,224.58766,22.176065,5.9352937,19.831278,327.0782,0.36661047,0.18996479,0.36139464,0.58258873,0.03843261,0.012314798,0.05178864,0.4977588,15.249848,10.254689,14.572992,23.257933,29.773092,15.588577,33.461082,47.50539
1233,3206.0,91.799644,10.932399,90.33661,388.86823,14.163545,1.7912478,11.524178,78.315155,720.71075,194.50832,854.7868,3191.6782,64.07457,20.548962,67.00702,563.58344,0.25795865,0.14053313,0.25116944,0.49691564,0.21767361,0.08041538,0.2639429,1.9300401,19.353518,13.696081,18.926676,28.534689,52.9526,32.613968,53.84538,72.14906
1234,3207.0,9.812458,0.8051254,11.679224,100.17129,0.69233835,0.10922568,0.61154246,18.599453,0.5781409,0.19125547,0.62866694,478.42197,0.6013064,0.045309838,0.7118814,134.06169,0.070085615,0.025192237,0.09178275,0.2559737,0.042230222,0.0077566197,0.039638404,1.4161543,12.86266,9.925587,13.846904,23.467836,24.742872,17.798758,33.51756,55.882206
1235,3209.0,60.76038,6.680249,64.577515,260.30783,9.317511,0.786512,9.1709585,50.309013,272.15622,78.28327,261.80496,898.0663,30.518755,8.331142,33.71131,420.68466,0.25964794,0.12861499,0.2845423,0.52784944,0.07803937,0.018295083,0.14245334,1.069362,18.31107,11.610322,18.082859,26.96943,47.11937,30.582876,47.214905,55.8576
1236,3210.0,29.480133,6.299489,28.737514,114.669655,2.929497,0.43553275,2.9727228,21.00596,47.665367,17.600336,52.86044,287.285,18.553392,5.2156487,17.135448,342.6951,0.33008096,0.1723572,0.33504674,0.5699569,0.03988533,0.013517295,0.05699388,0.5294727,15.984511,11.162593,15.723524,23.21358,35.62065,22.239895,38.33081,48.62018
1237,3211.0,8.294898,0.93135077,14.02706,182.68558,0.9720311,0.08043235,0.9024947,27.967663,0.74914,0.65839046,2.1270998,1138.1462,1.1140337,0.25595114,1.6346763,298.73856,0.07183737,0.026750745,0.08906846,0.23478606,0.037242785,0.009784942,0.12387714,2.4028509,13.828142,9.60925,14.666382,24.32869,32.15254,20.189962,35.382,63.924343
1238,3212.0,23.422642,1.8693986,31.740955,214.05937,3.125523,0.4643953,3.316589,32.82272,3.88627,1.9811959,7.007391,750.692,1.3532232,0.53323865,1.8969505,220.5115,0.078856304,0.042400897,0.08741466,0.20703736,0.04502863,0.015796237,0.123408176,1.9488393,16.338758,11.595497,16.23277,24.335585,39.019154,21.58824,40.594185,57.689648
1239,3214.0,13.674784,1.0384736,18.64415,95.23794,1.1946669,0.10804076,1.0719055,14.607728,0.32996202,0.19641513,0.380408,58.1329,0.2255521,0.083967,0.36888382,96.089676,0.059023973,0.024831267,0.087049626,0.22309439,0.03356733,0.011109245,0.030490505,0.5345641,14.320905,9.88984,14.446103,21.91798,31.296072,18.185558,32.123028,46.498745
1240,3215.0,8.795579,1.0875839,12.221012,92.778305,0.8071948,0.15348321,0.7102574,14.503888,4.9002023,1.7367873,3.7680569,88.615875,7.868757,1.5081083,6.5842843,170.0703,0.19394365,0.11353002,0.22660553,0.43754888,0.040030487,0.012354964,0.041574698,0.55422425,13.668755,9.890812,12.748472,21.282677,32.210575,20.710732,32.748894,46.543858
1241,3216.0,13.30694,1.9253385,15.760358,201.12506,1.0440811,0.08785186,1.1392127,28.877735,1.6176475,0.89350355,3.1832995,1343.973,1.1611592,0.27386445,1.8567426,291.48602,0.072205134,0.025965068,0.078532785,0.23388474,0.056561068,0.010200714,0.1392579,2.5476236,13.766958,9.485144,14.978466,24.489208,34.54428,20.340696,35.644463,63.704697
1242,3219.0,6.0603623,0.6677259,9.354339,96.4137,0.54123026,0.08581386,0.48545986,18.202925,0.5283278,0.20398268,0.4707405,221.17809,0.6921816,0.05352443,0.8033207,136.03639,0.08060161,0.027014589,0.10674071,0.27463764,0.04247284,0.0094153145,0.043891367,1.31028,12.769292,9.488693,13.156542,22.97674,22.132097,16.34863,30.373365,56.083035
1243,3220.0,23.117683,4.6919518,26.758669,105.957825,2.0500908,0.18945079,2.4902232,23.402056,87.98704,11.389424,65.13597,490.95105,22.538044,2.8559813,19.739353,312.98126,0.2066104,0.11478337,0.1973692,0.47935855,0.124776624,0.012258087,0.18163328,2.1579428,14.923666,10.567707,15.771448,24.587389,40.407585,18.950207,41.50297,64.39841
1244,3222.0,10.846425,0.71578634,17.390572,113.851364,1.075982,0.09935539,0.8790784,20.779457,0.82001173,0.33075377,0.990774,332.37057,0.57369244,0.052929703,0.7051185,137.6163,0.066461906,0.023549546,0.08638754,0.22518791,0.06347568,0.00845958,0.0636375,1.7599905,13.308709,9.979151,14.395172,23.807194,31.797817,19.227356,34.220737,56.91419
1245,3223.0,13.02595,2.1284318,14.864419,188.67401,1.3214195,0.107045084,1.1777536,27.962095,1.8968825,0.9994328,3.0878634,754.74713,1.0027809,0.31939402,1.6633167,269.85715,0.063191935,0.026315846,0.074003085,0.22782771,0.068620846,0.013756664,0.16658849,2.4627955,14.696172,9.597203,15.524466,24.186018,33.486385,19.029383,34.999928,56.449
1246,3224.0,5.1031365,1.0201483,5.8155074,85.82822,0.38916552,0.07040382,0.3756077,15.760132,18.59097,2.6793375,21.197971,734.3926,42.645027,2.2338815,42.055355,411.89175,0.45673501,0.19296333,0.49957052,0.75729233,0.053801388,0.009856872,0.052622333,1.1236973,13.117523,9.328345,12.9104185,21.97371,23.978912,15.223158,28.356573,46.905598
1247,3226.0,9.402894,1.2551658,14.181863,179.78429,1.152465,0.11102198,0.85748905,28.45866,1.1015122,0.94055456,1.6533898,513.5977,0.9428953,0.3092954,1.5318234,273.62384,0.06496665,0.02654029,0.076488525,0.22518963,0.059236992,0.014751738,0.16628122,2.3114994,14.486795,9.659707,14.222818,24.11617,31.956865,19.005278,32.570206,56.7391
1248,3227.0,12.54811,1.0199622,17.82837,97.69538,1.3267776,0.14411654,1.0270236,17.765524,0.43182924,0.19183023,0.46245825,215.19545,0.33694273,0.05409329,0.50266975,118.7136,0.052761957,0.025855783,0.07762212,0.21973161,0.033711173,0.00988177,0.044161133,1.2684332,14.36821,9.984661,14.625764,22.908092,28.185684,17.904202,34.235847,46.362118
1249,3229.0,6.809256,0.61509264,8.720001,97.48653,0.5237987,0.06349994,0.54272044,17.933327,0.47635055,0.21670376,0.56562066,206.40578,0.64186645,0.06520859,0.84958476,129.12854,0.07678002,0.026202353,0.1060194,0.28758556,0.04502615,0.009641765,0.04298635,1.2860427,13.409406,9.494531,13.782658,23.072252,24.417337,15.105089,31.0626,54.710014
1250,3230.0,12.092659,2.4144802,15.897312,221.77446,1.508753,0.19083464,1.1752212,32.02873,1.6261727,1.2795182,2.7195647,350.5836,1.0939752,0.30682185,1.6688774,222.94333,0.063358836,0.027989078,0.074306704,0.22861873,0.07267597,0.01653113,0.17067276,1.429417,15.441408,10.454141,14.451574,23.07985,36.236908,20.42764,37.21715,59.176983
1251,3231.0,18.351786,4.065415,21.566711,146.49829,2.102483,0.37351987,2.1323357,22.880009,1.4241322,0.70561206,2.7150564,256.44742,0.69923687,0.22185637,0.77884454,150.26604,0.07163393,0.037618384,0.0825244,0.21008742,0.042609606,0.012190924,0.05824807,0.8615023,15.4383745,10.998411,15.657141,23.9891,37.379276,21.266426,38.239403,49.35556
1252,3232.0,5.0758514,0.66552234,13.484904,125.87987,0.8742141,0.10012744,0.7963848,19.665985,0.22705823,0.15698089,0.6151769,92.90177,0.4006958,0.088082135,0.5671712,125.65624,0.062466376,0.03322551,0.08111632,0.23833755,0.026646117,0.009568566,0.044932116,0.55025214,14.50167,9.369629,13.610638,21.97344,28.157377,17.727348,30.986599,48.443584
1253,3233.0,7.954154,0.6079736,9.486598,95.71012,0.55995643,0.058110822,0.5859903,18.133255,0.49847215,0.219845,0.6902637,216.59015,0.57675546,0.07254297,0.81010956,132.45398,0.07194315,0.02554074,0.10390997,0.23555632,0.045053657,0.010260732,0.043072663,1.2590852,13.704092,9.53981,13.943631,22.969036,23.958406,15.247132,30.825823,46.789303
1254,3234.0,16.306395,1.3381999,17.959501,106.948814,1.2477552,0.14019084,0.9480603,17.710829,0.54153955,0.45763168,0.6047563,101.906555,0.36152428,0.10678251,0.53778005,135.5931,0.048324093,0.01976354,0.075704575,0.2202787,0.050972708,0.0116081415,0.059892245,1.2444807,14.336309,10.076046,14.034516,23.18143,31.05473,18.400852,33.64266,47.14725
1255,3235.0,17.32255,1.3701468,20.242586,101.52946,1.3427875,0.1477881,0.987599,16.934834,0.49378458,0.359525,0.6577644,60.7414,0.32036567,0.09223683,0.48366258,112.09021,0.047122657,0.019860985,0.076242514,0.21701355,0.059395608,0.012037267,0.06370529,0.6572355,14.323174,10.11516,14.311686,22.844738,30.90171,18.071913,32.807423,46.818424
1256,3236.0,5.568572,1.0986395,11.565446,122.76129,0.7415138,0.16832711,0.6502261,18.950356,0.21245873,0.14460589,0.4115648,142.95006,0.6394165,0.17661701,0.68659437,138.65895,0.065564714,0.03458258,0.08518201,0.2091097,0.03549192,0.010117384,0.03873299,0.6878058,14.183898,10.214204,13.400296,23.122568,26.981167,18.266542,29.741377,47.28228
1257,3237.0,11.016016,1.046812,14.928472,95.84338,1.1968688,0.121192254,0.88388807,17.657001,0.7012174,0.17045681,0.8665976,222.717,0.4763561,0.05454315,0.6432468,124.994286,0.057019133,0.025315994,0.08518498,0.21966721,0.044305064,0.009099326,0.04320898,1.3378252,14.163214,9.837379,14.977696,22.872921,24.828476,17.281992,33.94453,47.178406
1258,3238.0,7.3884645,0.21049894,7.5403976,99.14919,0.5677991,0.09364242,0.54662025,15.124433,44.29533,9.9362135,38.283672,1286.8561,116.55028,26.440493,116.1609,1813.5142,0.63445556,0.32685515,0.7309078,1.0037706,0.082085036,0.016020222,0.11697847,0.9430944,13.792764,9.833329,12.828077,22.633986,26.270033,17.533209,25.95203,47.96855
1259,3240.0,12.314574,2.3922582,15.142979,118.261215,0.8987984,0.08512873,1.0660267,22.360096,0.46983072,0.25575778,1.1928749,99.77019,0.6490064,0.103098795,0.7337411,134.36288,0.07221171,0.03587959,0.08975135,0.2578836,0.041174315,0.01149632,0.06493092,0.510789,14.602849,9.316976,13.69229,24.485582,29.93541,15.454097,33.70562,48.710407
1260,3241.0,4.4265823,0.36828876,8.519455,98.81329,0.4739343,0.06532786,0.50246465,18.72636,0.39284855,0.2618126,0.5395524,372.7548,0.6493648,0.07436479,0.86513233,156.35815,0.08004308,0.02605069,0.109830454,0.2867283,0.044010743,0.010395459,0.044489466,1.3363518,13.412653,9.610752,13.414474,23.556633,22.139196,16.321762,27.60943,54.97643
1261,3242.0,7.688472,1.2440922,11.574016,99.7115,0.8004492,0.12063734,0.74610925,19.5912,15.716276,3.4684393,14.907245,412.99606,24.036116,4.540794,23.415998,417.80252,0.26004714,0.11761789,0.29215905,0.58799833,0.08912082,0.012033439,0.10287675,1.6302036,14.118364,9.792284,14.58065,23.056118,29.984367,17.81403,29.34927,48.60201
1262,3243.0,18.87362,1.3684351,21.064388,91.758995,1.6317842,0.114168316,1.5598488,18.161148,1.0765312,0.28129143,1.724613,186.94572,0.51248515,0.099857666,0.75846446,138.76994,0.06554327,0.028084517,0.09385132,0.2215532,0.057581306,0.0141501855,0.08050179,1.2393386,14.689791,9.962575,14.573575,23.108921,27.786358,18.328844,30.054722,46.03467
1263,3245.0,12.953188,3.4221716,20.748373,96.63715,1.5423024,0.16641851,1.8097626,16.903435,23.661898,10.739859,22.304178,148.0375,19.712278,5.6282797,18.827665,327.13123,0.3377696,0.16895281,0.3391792,0.6348374,0.03568048,0.0129634105,0.055434145,0.7067438,14.8247175,10.749261,14.271854,22.630884,33.851143,17.879427,36.53542,48.59061
1264,3247.0,74.16855,5.7773623,82.30994,463.73056,9.897251,0.56409687,11.301797,80.2503,584.21265,54.175343,616.0128,7646.1567,93.20679,16.048042,124.15222,888.65796,0.2875648,0.1413743,0.31315136,0.51496357,0.2845616,0.034047402,0.45802194,4.8310585,19.18608,11.894813,18.356455,27.143196,45.942677,22.193787,46.296185,67.283455
1265,3248.0,4.250256,0.16580072,6.8796883,84.97074,0.5156756,0.08473172,0.5191398,14.609809,29.855433,7.9883285,26.774982,993.24664,81.666756,19.927187,87.11465,1410.572,0.623543,0.33152238,0.6980159,0.99857324,0.05277267,0.014500343,0.07736488,1.0348374,13.820934,9.87566,12.671523,22.530554,24.872932,16.850836,24.408066,47.614853
1266,3250.0,18.63972,1.075621,22.239344,103.31593,1.4044863,0.16416034,1.1714848,16.051907,0.3980347,0.22656356,0.5418999,62.944653,0.23411722,0.06937378,0.39377657,104.05408,0.046479553,0.022822957,0.07272248,0.21634947,0.04905778,0.010293262,0.055696383,0.60524255,14.181077,10.059885,14.534024,22.276468,32.10104,18.907536,34.054527,46.006645
1267,3251.0,9.1378975,0.8301289,13.456612,98.043526,0.6770194,0.070216075,0.66676,17.384108,0.5834535,0.20354266,0.6886021,124.72637,0.45690343,0.05392385,0.6447231,143.6865,0.06912215,0.023155307,0.09634212,0.23889178,0.040805493,0.009983081,0.053391773,1.0382589,13.691093,9.526025,13.691467,23.247988,24.692442,15.502383,30.198608,48.55112
1268,3252.0,17.826988,1.8567843,27.260233,211.95029,2.352324,0.43411154,2.9459777,32.877563,2.8728518,1.8848482,4.339547,550.0292,1.2021146,0.4819895,1.6774441,221.44562,0.07848029,0.04139692,0.088390134,0.20662071,0.04497985,0.016331334,0.1147878,1.8944077,16.07683,11.454631,15.867763,24.336765,37.28497,21.383467,39.156826,56.690624
1269,3253.0,20.505846,2.0258977,22.316414,96.18901,1.4780953,0.17504919,1.3157202,15.018354,0.5083748,0.20562042,0.7644147,57.27026,0.22870728,0.067382865,0.3709027,104.131516,0.04990474,0.025699494,0.07293335,0.21590099,0.03233802,0.010931819,0.041726165,0.5584143,14.273674,10.050931,14.724633,22.04494,32.551773,18.93417,35.058098,45.892708
1270,3254.0,7.0625863,2.3009744,11.797497,160.95538,0.7692454,0.10379514,0.6204331,24.649027,16.326065,6.10818,24.855326,898.2397,33.138584,8.185655,42.291767,760.9591,0.27031505,0.12804547,0.290073,0.58258367,0.070554055,0.014356059,0.19659998,2.3780532,14.066306,9.463556,13.607666,23.314503,33.15011,18.426836,34.059254,56.385254
1271,3255.0,12.11007,1.2778308,14.441454,85.708786,0.81040454,0.13825442,0.7010476,14.478315,10.737444,1.999377,8.058459,111.459435,15.986722,1.7036775,15.262835,285.5704,0.27603188,0.12641436,0.32437733,0.56188047,0.044310525,0.009795347,0.04360144,0.60857016,13.67217,9.901266,13.574951,21.772182,30.260431,17.031364,36.274117,46.4634
1272,3256.0,5.36916,1.1439704,11.335954,126.68714,0.70920855,0.1587949,0.6411724,20.484543,0.21905412,0.15804198,0.40811396,149.78568,0.5490481,0.19615518,0.6217003,142.34726,0.064870454,0.033609357,0.085678525,0.20877512,0.03147621,0.010290145,0.03373281,0.74071556,14.145327,10.181492,13.268743,23.353569,27.678844,18.095913,29.489864,47.397133
1273,3257.0,6.922296,0.5981257,13.007431,89.98735,0.9826641,0.08598001,0.9629535,17.096783,0.4796277,0.2112018,0.6792083,209.6013,0.4829547,0.1189764,0.75437015,127.50189,0.061968878,0.025937578,0.09611013,0.2294011,0.042438556,0.012109172,0.055969488,1.2655293,14.4606495,9.909963,14.976274,23.21207,24.349192,16.896997,25.548658,46.09506
1274,3258.0,16.419046,4.3940697,20.786955,115.03823,1.4395925,0.17078847,2.0759988,18.259192,16.744652,6.0377235,21.17271,161.25604,11.962595,2.252616,9.085304,235.70628,0.28182647,0.16744336,0.2640617,0.51736933,0.0353686,0.011885456,0.050413687,0.48877016,15.236631,10.29373,14.448834,22.754385,29.555435,15.806981,32.09533,48.051533
1275,3259.0,5.6613517,0.7509717,6.443374,96.21658,0.35953674,0.09051994,0.32022563,17.447779,9.178251,1.8904049,9.943552,854.24695,35.535816,1.7709723,30.360703,467.1179,0.34013656,0.12149427,0.3576651,0.698948,0.06792084,0.009136866,0.059755865,1.4914327,12.26757,9.492425,12.246613,22.912838,24.347221,17.451233,31.310154,57.187
1276,3260.0,4.2745075,0.6361874,10.044579,114.465935,0.6086625,0.12822382,0.59405714,19.824823,0.26767504,0.14749432,0.5568184,168.80482,0.6133863,0.21043782,0.66632533,145.79926,0.07835097,0.0356,0.10290383,0.21115442,0.028524209,0.011433887,0.036291026,0.7010172,14.054117,10.177997,12.7814665,23.331762,25.345839,17.114046,27.978203,47.399197
1277,3265.0,20.181084,2.3002834,19.990738,107.91213,1.412112,0.1728523,1.3246093,17.220673,36.26127,6.542248,37.63332,228.17574,25.090847,3.8658817,26.046116,374.79034,0.26458985,0.12627104,0.2830605,0.54783034,0.08949053,0.011030764,0.12695454,0.804702,13.610425,10.107499,13.553565,22.496397,39.094307,17.789423,39.029545,61.21647
1278,3267.0,10.797866,1.3961611,16.25464,204.6688,1.3509629,0.24843147,1.1826799,31.441769,1.4792187,0.82847583,2.165235,617.6076,1.3321389,0.50912666,1.9755795,235.28316,0.077784844,0.035595704,0.08724695,0.20597468,0.07295599,0.013799755,0.15449177,2.0399475,15.59891,10.944325,14.610739,24.539991,33.168285,20.020939,34.917953,56.467552
1279,3268.0,8.173789,2.2961745,14.310002,105.182945,0.7208902,0.09819745,0.9230587,25.527819,27.69173,7.9656353,40.328194,491.94675,49.551876,2.7073722,41.975254,409.29013,0.3361775,0.12289073,0.35924724,0.6964965,0.07957258,0.008736211,0.104980536,1.8244927,13.403563,9.878592,13.191699,23.813866,35.154297,16.918165,40.131958,61.26568
1280,3269.0,6.707484,1.0973357,13.526161,131.2177,1.0744745,0.16773091,0.87780094,21.375448,0.35079366,0.23208675,0.7612966,83.35817,0.47860625,0.099002026,0.69058985,133.83286,0.0577326,0.0254186,0.070711315,0.21426696,0.040607054,0.008158404,0.057154555,0.56981105,14.874861,9.703675,13.674084,23.242077,29.431389,20.444613,31.841461,48.379395
1281,3270.0,20.508417,2.1580074,24.107746,88.29486,2.0453622,0.2285065,2.2270203,17.343037,35.353226,11.597268,32.0218,105.115654,12.366952,1.9907923,14.974349,294.51248,0.21356003,0.10696235,0.2422543,0.5430236,0.08417462,0.011045486,0.11070622,0.47950646,14.707732,10.599677,14.80671,21.259884,40.16138,20.417591,39.712063,50.650414
1282,3272.0,12.439386,1.3865452,14.618972,120.75176,1.1299711,0.13571934,1.0662087,20.200653,0.57441765,0.2530416,1.1558498,101.010635,0.49260882,0.11851828,0.68424654,134.46991,0.059672464,0.028060796,0.074319884,0.2288952,0.03138924,0.010306389,0.047159288,0.5616896,14.525017,9.514891,13.469586,23.066017,30.562004,18.255623,32.97379,48.203545
1283,3274.0,4.9373493,0.58552706,8.488926,93.03579,0.54870176,0.061503086,0.5981555,17.893599,0.419259,0.2987377,0.58232147,186.95107,0.62888104,0.08853161,0.8711426,144.88194,0.073817074,0.026759515,0.108385764,0.24462964,0.0424776,0.0118077835,0.047211107,1.3559111,13.850217,9.666785,13.987868,23.19179,21.918009,15.712782,27.386738,48.783646
1284,3276.0,7.584829,1.168563,12.492624,89.29924,0.799194,0.118687466,0.7841973,16.938847,14.595057,2.78815,16.079443,910.52783,24.41218,3.234428,22.988195,398.73727,0.26603967,0.12554823,0.28235525,0.48210242,0.07299637,0.012216371,0.0887865,1.4783336,14.19554,9.737015,14.661109,23.147915,25.900759,19.103264,25.61874,46.668358
1285,3278.0,67.449005,2.7526178,83.75014,461.7636,10.328503,0.60197234,11.520768,80.61591,3282.6987,234.21158,2645.676,42670.23,425.8965,68.08404,415.45413,3372.7886,0.5647474,0.30312032,0.57449716,0.98764664,0.30538228,0.03786145,0.4887059,4.7786407,19.343042,12.139278,18.508299,27.233498,46.62924,22.33581,46.30914,67.28823
1286,3280.0,23.31774,4.9790583,28.372595,252.7403,1.947227,0.3510428,2.7061563,33.94137,60.92807,15.381727,77.20544,1111.4281,36.905426,10.258355,45.149975,631.8758,0.30462357,0.14668445,0.3271824,0.5164955,0.06957621,0.017736286,0.15925127,1.83552,15.869913,11.067678,15.45292,24.303776,35.235645,20.036846,37.391045,56.223938
1287,3282.0,8.027278,3.9061933,11.476121,87.464905,0.64889747,0.13302955,0.79346615,14.495395,12.680405,4.7111516,15.855314,148.88133,25.95452,2.5372136,22.633226,351.59775,0.33078068,0.14871272,0.3544495,0.58243656,0.048117064,0.013097988,0.048987664,0.86107296,13.417474,10.101777,12.823233,22.44245,26.388222,16.57251,30.220476,49.37388
1288,3283.0,17.492735,1.8641633,19.64411,214.87051,1.7332003,0.23463741,2.1088116,33.090805,1.7864254,1.0655179,3.1812017,554.6826,1.320474,0.44181678,1.7537619,233.12265,0.076378286,0.036825143,0.08533149,0.20570523,0.05948007,0.015980816,0.1279039,1.8833809,15.713234,10.810404,15.260272,24.378433,35.28675,19.836288,37.839146,56.32762
1289,3284.0,22.228956,5.61811,19.676338,116.794334,1.3451606,0.18848406,1.5142763,19.839056,14.350269,5.694089,18.073048,252.4783,14.193533,2.2189124,16.855383,341.3542,0.28530896,0.1282445,0.29330748,0.581839,0.036283784,0.010281494,0.048189975,0.61524904,15.099555,9.789643,14.354416,23.253384,31.687595,18.577438,34.537056,49.915737
1290,3286.0,13.071966,1.2466571,17.010626,97.1017,1.3127182,0.15012512,1.0930165,18.32667,0.6428114,0.2108475,0.8281335,193.50375,0.35338482,0.072270334,0.5299205,114.34706,0.048726674,0.023842094,0.07487714,0.21946095,0.041257784,0.010786408,0.05761355,1.2911501,14.520405,9.863165,14.660723,23.04918,27.917526,18.175724,30.095453,46.09637
1291,3287.0,21.373074,2.1804616,35.057384,157.00749,3.4810915,0.37664038,3.4309506,42.304703,4.4789643,1.1682138,9.1804285,889.9733,1.2799504,0.21313672,1.6470919,208.36842,0.07251956,0.035910923,0.080830075,0.21732308,0.091995955,0.010355632,0.14472353,1.6899995,16.582544,10.968291,16.006666,26.746548,40.019936,22.324558,41.845333,56.193363
1292,3289.0,4.324497,1.0636318,7.85397,85.068565,0.46238732,0.09966887,0.4081434,15.32432,6.7351484,2.3298879,7.0398026,465.057,25.364735,1.6840664,25.241827,405.17773,0.31656948,0.12918238,0.35820597,0.5352527,0.046662793,0.010361376,0.04859464,1.4461024,13.419287,9.79659,13.301451,22.753736,23.503931,16.84333,27.07778,49.65135
1293,3291.0,7.0268316,1.159342,12.218808,88.81572,0.73762995,0.1255007,0.6626643,16.334694,10.211504,1.8971844,7.5607305,410.61884,20.284672,2.159613,19.622614,339.73798,0.27886027,0.13041674,0.30838954,0.5209283,0.049355347,0.010753058,0.065980665,1.2603383,13.922458,9.693811,13.609985,22.249157,27.299692,17.507574,30.300886,45.60667
1294,3292.0,12.862459,1.0199474,14.514495,100.3003,0.90391886,0.12385599,0.7496782,17.558249,0.7000329,0.19940871,0.80558276,355.60306,0.53969616,0.052108537,0.7251801,127.32369,0.058248904,0.02648365,0.08511658,0.22028269,0.044276338,0.009497675,0.043773387,1.345586,13.810686,9.812409,14.7197485,22.851986,25.256546,19.46801,33.962112,46.778522
1295,3293.0,14.74407,3.9511056,16.84666,214.70541,1.2603931,0.19667432,1.1088152,31.987263,24.635033,8.361,34.108788,972.19055,34.21547,5.91879,42.70719,633.08124,0.3037186,0.13119248,0.31308255,0.4661337,0.06554941,0.016550707,0.1539959,1.875144,15.543335,10.412465,14.461942,24.089273,32.709827,19.05703,34.66157,56.167336
1296,3294.0,4.8349395,0.42804006,8.648145,95.68056,0.2857938,0.046349715,0.30103058,15.878769,3.5454562,1.4264743,6.4471517,1151.7859,32.247173,1.0927377,25.043167,386.43198,0.35945544,0.12433121,0.38860276,0.6047207,0.05229021,0.008596919,0.05355781,1.4626567,12.292896,8.820987,12.272975,22.373125,22.439566,17.644484,32.08092,56.66056
1297,3295.0,22.09072,4.9722643,20.986578,199.12247,1.6192137,0.20991205,2.0235422,31.100544,38.40813,9.9687805,48.627647,947.3799,34.984024,6.402269,42.290615,645.7425,0.30082703,0.13345365,0.3166842,0.45768914,0.06855004,0.016822465,0.1557585,1.8649015,15.683789,10.64304,15.05795,24.077158,35.114334,19.287502,37.19345,56.21443
1298,3308.0,12.864824,0.9075355,18.645243,106.367714,1.0504822,0.16445962,1.2691197,16.816772,17.261637,4.3125477,22.736067,130.56123,14.947586,1.6706486,14.032423,219.42055,0.18936814,0.08580713,0.20763245,0.37016848,0.11821964,0.014129123,0.12399965,0.7671257,13.813219,10.096259,13.540506,22.679148,36.96156,18.297478,37.81497,59.243965
1299,3310.0,16.057806,1.417717,15.856634,120.26908,0.83166474,0.16858703,0.8296948,19.007257,10.054397,3.779504,13.154803,238.56079,14.389995,2.0044782,13.533297,194.75359,0.23596641,0.1160697,0.25100198,0.36174142,0.0661489,0.014512324,0.05011807,0.62732834,14.182567,10.018996,13.191783,22.942057,29.872925,18.173096,32.01016,47.217228
1300,3311.0,15.94173,2.0383358,16.105696,89.99262,1.0545404,0.20698252,1.2820361,14.82151,20.971962,7.5809455,22.914145,123.509605,20.218027,1.8317689,16.838694,131.60588,0.26119858,0.12554327,0.25005856,0.4523196,0.071931675,0.017341569,0.056948554,0.529351,14.593213,10.593001,13.427267,22.086136,34.336388,18.557947,36.91036,56.035816
1301,3321.0,36.718147,9.394294,39.603176,104.16122,2.6196938,0.44987997,3.3164356,21.645954,686.0988,183.7785,567.82056,2344.1372,271.33054,43.06782,248.62363,1751.6796,0.78906506,0.39028105,0.75244284,1.6042664,0.13979532,0.017584423,0.14307396,0.5883179,15.624068,11.440021,14.689303,23.163248,43.40137,20.146368,46.631184,64.1375
1302,3335.0,24.857157,2.1828265,25.079958,461.3899,1.7154636,0.2833946,1.7171575,15.796091,1644.2487,323.238,1423.8535,3296.3643,1085.9501,52.119507,828.28076,4168.891,0.7394942,0.3404266,0.7228442,1.4047376,0.38491634,0.0492572,0.4785541,1.2967172,14.715374,10.470639,14.316349,22.062656,39.426304,22.557234,39.36485,55.334827
1303,3347.0,14.157841,3.0318177,11.205621,94.96688,0.42064258,0.08743258,0.5684284,16.39359,192.51706,32.620846,238.62746,5149.0864,433.33173,20.450602,311.02548,2667.9758,1.1095283,0.4240734,1.0859424,1.8306566,0.0962777,0.015459062,0.06305739,1.3104973,12.754959,9.427364,12.783523,22.421928,27.179932,16.145685,30.68343,57.63657
1304,3350.0,102.77103,33.070526,101.385284,343.5711,12.747693,2.3552842,10.730417,61.475105,11257.176,4355.901,10012.693,20930.549,875.40186,116.23802,945.04236,3373.9497,0.8205551,0.4090371,0.7561927,1.4377457,0.34104472,0.033192687,0.38089517,2.0481708,19.07457,13.863074,18.196215,25.73604,57.032578,38.62161,55.7363,66.31288
1305,3355.0,30.966763,9.362824,34.91682,105.99845,2.4734263,0.28357515,2.681492,19.745533,1939.3042,473.65744,1190.5845,7062.9526,676.2901,63.43307,608.0229,3107.0188,0.780683,0.38528776,0.7841484,1.5931895,0.2875415,0.028364861,0.2987449,1.459785,15.6699295,11.149531,14.9868355,23.156727,39.55033,23.166122,40.96467,53.25812
1306,3357.0,37.15892,10.129656,44.902145,128.75575,3.701796,0.5372274,4.1264224,29.87666,1685.2164,241.00105,1576.2974,6969.79,412.49393,30.398895,525.8969,2764.5852,0.7144583,0.34756666,0.6808873,1.5727497,0.17670132,0.02106529,0.2567661,1.0328671,16.860725,11.20806,16.386196,25.12861,42.42878,26.515867,42.621044,57.969563
1307,3359.0,204.61209,54.24497,222.93024,451.29538,53.610237,8.206663,53.74758,144.92747,187238.53,46247.83,176342.6,246110.08,2516.179,463.01288,2977.4333,8496.099,0.56041723,0.4083864,0.55415905,1.1043613,2.2808158,0.31055436,2.926258,8.811774,30.1611,15.565994,29.579046,36.08053,50.904926,44.212963,50.33496,65.95803
1308,3360.0,12.084547,1.2463969,22.972307,142.16934,1.3091035,0.33855358,1.7507795,23.453215,116.735985,42.47241,114.927536,1079.7124,55.44095,7.554999,63.023823,812.8858,0.3736505,0.18387748,0.41297966,0.65671414,0.115635596,0.017927047,0.11224534,1.0190558,14.994243,10.686526,14.1807165,24.320477,34.694405,20.8764,35.61269,51.05561
1309,3362.0,24.435297,0.8512791,28.8166,106.51759,2.6859183,0.33293968,2.2763958,18.27311,478.975,146.75664,508.4142,715.08575,201.00032,38.305298,210.40791,1257.3308,0.75544083,0.41821593,0.7266817,1.0470734,0.098888844,0.02210528,0.098161235,0.36958638,15.459657,11.02627,14.973841,22.525288,37.960754,23.338657,38.838135,48.215366
1310,3365.0,8.719249,1.071229,16.863361,86.128525,0.9692675,0.14285219,1.1087936,14.416331,49.40216,22.19642,51.864906,367.52722,55.778023,6.5756273,50.053417,638.63464,0.41061383,0.2160117,0.4260236,0.6780755,0.09092875,0.019143106,0.09033827,0.6831392,13.99606,10.051942,13.392199,21.995888,30.286276,17.12681,31.361183,47.04867
1311,3366.0,11.554663,0.9954914,16.316097,120.35989,0.89446354,0.16343154,1.0598049,19.559847,44.50494,18.294706,61.373848,806.5452,54.26468,7.85567,53.78608,676.5965,0.45364374,0.26290426,0.48782337,0.7189159,0.07024764,0.015213912,0.052417755,0.61105776,14.196158,10.254679,13.584784,23.034512,29.909122,18.024746,31.97191,47.000053
1312,3370.0,18.47453,0.7724143,25.963295,90.50249,1.7790201,0.24679449,1.7674474,14.008161,346.1243,145.81128,343.37802,675.5204,191.75378,32.11077,199.06903,1384.927,0.6412536,0.32102355,0.66468495,0.9720368,0.1288148,0.031084105,0.14374891,0.49535856,14.613032,10.70943,14.002703,21.469936,38.060932,19.961529,39.245388,48.335182
1313,3375.0,26.197914,2.1549127,35.784595,128.57013,2.7976649,0.30978352,2.9677126,29.677372,251.22993,84.03485,252.1459,617.2849,77.89279,7.6522417,88.9323,624.49396,0.37006015,0.19334565,0.39256752,0.6725074,0.12401914,0.017014205,0.16707212,0.9697455,15.9625,11.20312,15.410803,24.360355,41.3867,19.913874,42.05832,50.61253
1314,3379.0,34.363583,9.023157,39.832554,106.790695,2.8429987,0.37985924,3.4842184,24.308395,665.5052,206.80408,596.89276,1194.8938,239.90012,28.294682,230.88701,1595.3971,0.8554453,0.40438342,0.82676566,1.6377479,0.09969733,0.017313138,0.10336006,0.38824126,15.660399,11.135961,15.359901,23.18585,41.872185,21.062181,42.43305,51.124313
1315,3381.0,23.734358,1.8843254,43.951626,190.81013,2.897228,0.4876833,3.9981918,43.863304,135.09738,61.281734,167.64355,514.3128,36.55992,3.1990273,51.545937,481.90512,0.38904998,0.17054164,0.39816073,0.67282045,0.078093566,0.007953852,0.08759826,0.5391713,15.371446,11.405896,15.144805,26.183323,48.999153,22.298866,51.054523,61.827778
1316,3383.0,18.658628,1.3960525,23.468077,86.071335,1.6838763,0.15570284,1.9230002,17.253115,20.74275,7.1573772,22.006565,65.68451,12.141722,0.9605198,11.707826,131.40712,0.2494571,0.12223041,0.24872212,0.36104825,0.058198128,0.011851416,0.052016545,0.44713646,14.932241,10.409358,14.819001,22.663279,32.919987,19.504074,38.272415,47.294544
1317,3389.0,41.044697,2.2228067,63.99344,226.17056,4.699607,0.48566052,6.150055,46.14147,741.1142,134.1753,719.321,6366.8105,163.03177,20.113783,193.33849,1170.9775,0.3932827,0.21261004,0.411351,0.6515746,0.2616557,0.026837343,0.2599677,2.6171253,17.273466,11.885742,16.5263,25.815565,42.314465,22.550198,44.074894,59.97507
1318,3403.0,22.985992,2.172289,30.804968,129.6262,2.622797,0.35334828,2.8896468,23.867306,141.9967,43.38153,138.77238,672.38934,50.367813,4.2028813,55.802742,589.432,0.40214744,0.20428385,0.4134019,0.6886049,0.07686589,0.013217485,0.087439634,0.55235934,16.052519,10.783232,15.52114,24.287338,37.897785,22.335875,38.534004,49.623486
1319,3405.0,21.694553,8.402122,20.969902,114.16505,1.0655121,0.10296436,1.3762658,17.926228,389.43866,145.408,415.68362,2544.726,514.98035,38.360546,469.6963,3302.1096,1.0531166,0.5256238,1.0143148,1.8391812,0.09200578,0.019062845,0.08603076,0.4336279,14.683545,9.085161,14.237436,22.783007,32.431175,18.22931,33.536613,47.167545
1320,3407.0,40.524662,7.744998,44.552567,155.45277,4.263855,0.51942915,4.3977113,34.218857,3307.31,1445.0441,2764.7368,8896.323,731.5773,105.11756,731.9905,3662.042,0.830245,0.39006603,0.81327355,1.6674865,0.33948326,0.029488502,0.27761889,1.5957192,16.75614,11.68144,16.400276,25.825312,42.54816,33.21845,42.80276,50.028366
1321,3410.0,16.200125,1.228715,26.687689,92.59413,1.6281605,0.31144252,1.792058,14.992628,94.19164,56.869553,101.76856,242.48854,58.21442,6.582196,49.124252,563.8108,0.33790398,0.19635329,0.3424674,0.5791206,0.14854357,0.027423637,0.18405928,0.6628752,14.435911,11.042399,13.727638,21.039076,39.049316,23.481205,38.407658,48.502914
1322,3412.0,45.621643,2.0849125,59.88073,241.0077,10.600469,0.7237713,7.5889893,57.323345,298.79694,35.090946,225.1726,2673.2122,26.153791,1.6954898,44.370754,367.5677,0.18368156,0.08806009,0.19056131,0.32776368,0.3358097,0.036071874,0.48723286,2.5834904,19.82611,11.794909,18.66308,27.026478,45.875538,24.321808,46.778557,66.74274
1323,3413.0,93.90485,6.239958,106.65848,690.8267,15.850338,1.8913764,14.772529,155.75764,6686.7627,1712.3882,6437.0586,30611.443,372.86572,56.979347,427.1186,2557.0781,0.3936887,0.2287444,0.40534306,0.6442506,0.87577695,0.15642324,0.76682264,3.810845,20.482464,13.55588,19.89781,30.936361,53.231014,26.100735,53.449314,84.139275
1324,3417.0,13.713098,1.153733,20.885012,117.73598,1.4081396,0.12792137,1.4982958,20.359863,75.452835,6.989596,67.985306,185.01678,25.015158,2.7899218,20.626236,346.20337,0.22873622,0.115216196,0.21377474,0.47197843,0.13402888,0.01687232,0.13101147,0.9234948,14.412763,10.044764,13.418894,25.448145,34.259403,20.06201,37.712414,49.15039
1325,3418.0,12.849239,0.90531075,18.75729,104.92702,1.0300225,0.16292277,1.0793812,18.202885,52.064716,7.314051,45.29432,598.3472,28.29793,3.8772948,28.038975,283.67007,0.17129804,0.09094098,0.18773931,0.3215996,0.5307701,0.021237964,0.40473858,2.5387688,14.243023,10.004674,13.6081915,23.356478,31.193056,20.292578,35.93862,48.209686
1326,3424.0,13.766947,0.8358072,18.187012,97.17753,1.0000838,0.16066378,1.155236,15.9415455,14.104073,3.4959867,14.657509,82.38585,13.014728,1.9672527,12.200113,173.40248,0.1957552,0.08402778,0.20344386,0.33188173,0.09032586,0.01615096,0.092782475,0.6492617,13.747921,9.973204,13.235674,22.283163,35.154312,18.347189,36.467857,47.612938
1327,3425.0,29.66539,6.922071,32.01964,88.435555,1.8172818,0.3218539,2.2082791,16.419945,939.5793,532.72894,795.0081,1323.228,517.7508,55.069786,469.37677,2398.124,0.7839808,0.37424082,0.77038634,1.3808914,0.202227,0.037374083,0.23354365,0.76570666,14.663282,11.077135,14.021658,22.13628,40.38106,24.126593,39.459545,49.015953
1328,3429.0,6.702595,0.6859557,12.046051,118.65248,0.58932024,0.14505844,0.71568775,14.758271,40.07977,25.110514,46.27354,272.90097,64.27881,3.6537297,55.90693,559.33563,0.43880516,0.1986486,0.42921627,0.7377621,0.08893081,0.013375679,0.056763366,0.67224056,12.427192,9.907004,11.955995,22.291822,36.722088,18.34644,36.98583,55.431248
1329,3432.0,51.250465,6.355983,90.177246,387.24103,12.524119,2.228865,11.376097,74.57869,2317.109,746.4248,2154.0667,8571.46,173.89299,27.057276,175.77156,1239.7286,0.39314947,0.21106878,0.36335102,0.7899868,0.34216624,0.026828619,0.36120427,2.1411815,19.092531,13.907794,18.171764,27.705559,60.449516,33.081375,59.305485,77.25694
1330,3437.0,40.959053,5.887736,47.69355,168.17653,3.9189162,0.30640778,4.461046,41.69357,844.5282,583.97675,872.1324,2137.1382,249.16551,39.282677,226.39165,1886.3552,0.68992734,0.34883028,0.66252095,1.1904303,0.13980505,0.019512521,0.19071944,0.59795237,16.296703,10.914239,15.630865,25.504072,45.417614,26.762157,44.922092,53.16324
1331,3438.0,4.5815783,0.7306577,8.504971,123.333885,0.6075853,0.15774687,0.46961167,20.064428,22.630373,11.785054,24.258936,725.6145,53.437187,9.037925,56.68372,827.8978,0.43800244,0.21886043,0.46480906,0.687023,0.082734466,0.017716466,0.07039655,0.7576469,14.179659,9.99017,12.580094,23.134842,27.329857,17.616646,26.282558,47.52251
1332,3439.0,5.7835555,0.7975037,9.940412,146.0407,0.6804893,0.1715391,0.52111155,23.184704,33.13142,19.065006,29.512531,908.3379,53.90537,8.57962,60.236504,834.2447,0.38677838,0.19214797,0.42501202,0.6767755,0.10186259,0.017993424,0.09820601,0.9784477,14.399066,10.272774,12.9014,24.048405,31.13677,19.314081,29.013567,48.56843
1333,3442.0,24.146742,6.3226743,24.312798,89.07099,1.3325156,0.23947504,1.4082162,15.737296,514.35895,186.66602,583.2631,869.2183,519.08813,42.58664,513.6587,2498.1174,0.8792593,0.37738457,0.84961045,1.306209,0.19836004,0.026315339,0.2491384,0.5880642,14.208711,10.315336,13.315533,23.649324,35.631977,20.277044,36.64759,46.431873
1334,3445.0,32.03708,4.685388,35.753803,280.069,1.6619608,0.22091737,2.3709097,68.90097,812.33167,228.59633,869.8797,6487.378,560.51953,16.183409,457.91547,2434.0952,0.98613465,0.24263524,1.0222206,1.5575289,0.16362315,0.01636348,0.14815487,1.2595838,14.884934,10.750984,14.169011,25.38711,49.515446,24.590223,50.17496,71.007805
1335,3450.0,6.9521937,0.75413764,17.415977,97.74445,1.2392325,0.21028025,1.3106153,15.213283,77.950455,33.09537,67.93657,516.26965,55.862907,4.8785458,57.79796,595.5679,0.38423604,0.20588769,0.40127608,0.74496245,0.10621453,0.017427366,0.100580916,0.8981421,14.059972,10.471299,13.621046,22.777195,38.008675,17.789267,37.76369,57.535007
1336,3453.0,31.212067,3.2421007,39.74762,126.24637,2.8804834,0.5485236,3.6013646,36.784096,151.37585,47.78259,178.4206,873.9545,47.16009,5.7024198,59.593094,646.97656,0.30146727,0.18594542,0.30772096,0.6273287,0.16937003,0.023633106,0.19273582,1.0482771,15.253018,12.073735,14.9829235,25.053051,48.15522,20.918093,52.8857,68.74211
1337,3454.0,12.862873,0.66324824,18.179686,102.67365,1.2286952,0.23234288,1.4823734,13.293191,143.15633,36.397198,129.3605,413.55273,110.346855,11.208003,126.80591,879.50464,0.46440482,0.22606918,0.4619853,0.94489187,0.14522658,0.017695047,0.15374681,0.6871272,13.709288,10.61038,13.478227,21.378643,39.92226,19.768042,38.543373,60.920177
1338,3456.0,6.8568172,0.96826583,10.964786,114.35934,0.84619755,0.12989944,0.6590752,19.530977,52.623707,7.444784,57.173397,546.4626,36.467957,3.4357064,39.258743,656.03845,0.41781104,0.23862138,0.431437,0.75927365,0.052731477,0.014229431,0.07965159,0.47119224,15.076307,9.467255,13.467228,22.162495,29.633583,17.155653,33.019264,47.540264
1339,3466.0,18.85001,6.945303,19.276274,99.16471,1.1622863,0.22698823,1.4098641,16.346632,218.13293,84.360085,223.31433,672.83966,156.16771,17.836779,162.79855,1924.5109,0.767946,0.37865323,0.74140084,1.4138205,0.08709415,0.015373965,0.10926069,0.4357257,14.189872,10.220212,13.867788,20.29388,36.47427,22.28803,36.63857,47.670975
1340,3467.0,8.387178,0.70705974,18.27713,181.94427,0.6020407,0.07105286,1.1694204,30.004322,12.915046,5.0329566,35.173817,1001.77167,28.37108,0.9959439,20.90294,182.29285,0.276175,0.105207965,0.27205893,0.42436257,0.08591184,0.009138752,0.09590823,1.8064047,13.90702,9.58748,13.855016,25.157242,32.003006,15.484361,39.145706,59.60388
1341,3472.0,39.42123,3.0962634,47.70716,233.48209,2.7738373,0.25366178,3.9248054,61.057526,173.31203,40.128963,225.1462,1641.9297,73.516975,8.0782385,78.45091,636.10236,0.38162297,0.16581802,0.4103524,0.7447592,0.11518236,0.0095402505,0.1601495,1.1661831,15.968093,10.770691,14.631602,24.760365,53.437077,19.48987,55.63128,78.09058
1342,3475.0,34.130535,5.187072,35.994396,95.846725,2.8181489,0.35204163,2.9364476,16.237803,534.3356,217.79858,590.0864,913.9045,212.90681,29.469206,186.87993,1357.6635,0.9713417,0.546909,0.89875996,1.529176,0.06385974,0.019920368,0.057274,0.31440756,15.539964,11.265,15.251935,21.140589,39.620975,22.931374,40.891018,48.32093
1343,3477.0,16.91613,5.096931,22.141756,133.91469,0.7971064,0.13885984,1.1552134,31.334358,187.27788,93.79043,278.16034,2786.1777,316.15564,21.172112,289.956,2287.4475,1.1243795,0.37307292,1.1346668,1.8257943,0.082121275,0.010413487,0.07368618,1.0049176,13.72128,9.986721,12.378925,23.31899,40.2535,16.956423,44.276596,59.406578
1344,3478.0,95.44411,23.218954,89.61425,316.30582,12.655491,2.491804,10.375077,64.74287,10211.725,3978.0063,9373.316,24474.703,790.29675,118.0876,871.1407,2921.211,0.7447957,0.3838045,0.6883939,1.4347568,0.34155557,0.032266296,0.39603308,1.7926196,18.98585,14.033458,18.645681,27.88335,54.99932,38.41363,54.78532,65.840965
1345,3482.0,13.849097,1.553599,21.598606,79.086975,1.6900752,0.27737293,1.8197156,13.561534,76.63059,55.8432,81.223175,179.73688,44.24394,5.0413666,37.04081,444.12967,0.40940005,0.24643607,0.4175059,0.7775747,0.074640736,0.019226713,0.06559453,0.4140781,14.840344,11.150255,14.733096,20.6751,36.58079,20.974642,36.978596,48.63692
1346,3485.0,2.6776576,0.22814892,6.7159576,85.56232,0.35995778,0.060399782,0.36961386,15.799744,24.10826,7.230472,23.823908,648.40216,57.16519,4.236818,49.20686,641.7355,0.4800888,0.26124004,0.54385304,0.7537602,0.07224934,0.012308782,0.059329994,1.1911392,13.090997,9.508511,12.507195,21.824406,23.813951,14.174963,29.419151,46.53096
1347,3486.0,23.657919,1.1762179,28.18654,93.3756,1.4510202,0.24802794,1.7292037,13.479649,21.620817,10.98329,23.456081,76.83861,16.252893,2.0063572,15.213447,167.08195,0.17378339,0.10236926,0.17030984,0.34830084,0.13805021,0.027191605,0.13697217,0.5642105,14.078573,10.359558,13.80701,21.845158,36.646812,22.489952,36.75383,46.91187
1348,3488.0,48.887638,2.65977,57.906204,286.54132,6.5214105,0.62756336,5.8117604,52.41622,1868.5668,381.63464,1551.109,5620.25,211.22044,17.808086,233.54,1739.5029,0.36284527,0.18077669,0.40848637,0.7044508,0.33603033,0.04313962,0.7121942,2.8545926,17.807589,11.917605,17.071947,26.695578,49.371666,28.443407,47.341347,63.50851
1349,3489.0,25.401041,1.0671062,32.4033,330.46896,2.7082014,0.40042493,2.6543846,24.601448,403.6485,93.144264,356.0841,2019.9932,109.24108,8.471811,132.15588,1030.683,0.39331266,0.21036991,0.40670186,0.7086474,0.19090083,0.021558499,0.36373135,1.159989,15.951206,10.679456,15.139301,25.140461,41.602,27.745256,40.35026,57.114574
1350,3490.0,79.64587,3.6866078,93.33157,512.6207,17.04156,1.2164552,15.163495,156.13376,7702.9077,487.811,4983.1514,20595.168,204.23671,19.835615,265.83966,1216.841,0.3940349,0.22704704,0.4108431,0.7085001,0.43319595,0.044680197,0.7930428,3.095384,20.842672,12.417891,19.903929,31.340311,50.894978,30.025286,51.66441,70.466606
1351,3491.0,113.43471,3.539502,137.01196,731.8588,23.848757,0.90519726,23.308357,206.01482,10410.382,502.3322,6784.6055,15212.058,185.83801,24.70908,184.77556,1372.1184,0.39256948,0.22799233,0.42189375,0.7004522,0.24740748,0.023380416,0.54437363,3.3277607,22.432264,11.756976,20.982664,33.606724,52.328156,30.341133,55.038715,67.45978
1352,3493.0,142.8676,3.4971566,106.712204,1098.7572,26.352692,0.95032835,23.66673,203.37888,23638.34,439.0031,12582.406,69705.32,394.32944,39.90257,423.68097,2572.56,0.40267622,0.23165613,0.40448108,0.7754246,0.7057347,0.07815768,1.1450827,4.8305454,22.272247,12.457998,21.511175,32.24703,50.793633,27.097181,52.717903,75.26597
1353,3494.0,85.15598,5.22842,98.96343,475.4328,14.540957,2.229982,13.053768,98.818245,3669.345,1675.6218,3949.772,11247.101,240.03926,44.625984,270.54285,1070.6941,0.38757053,0.23385194,0.38346395,0.6868557,0.46507084,0.08722629,0.4873669,2.1955426,19.731752,13.840869,19.099096,29.756432,54.132885,24.652555,54.766983,69.71184
1354,3498.0,56.709835,1.6129451,73.77424,285.7867,6.239396,0.7620062,6.1397,57.48364,145.05061,67.41029,167.37517,741.6692,26.062973,2.9356048,33.46706,202.49501,0.20083675,0.09167508,0.19283052,0.32609275,0.2110673,0.017091667,0.22013514,1.56342,17.448814,12.087952,15.99098,27.23643,56.67909,33.72409,54.651936,74.39398
1355,3500.0,40.45562,2.3348105,42.873863,151.06622,4.060848,0.50106865,3.8664165,24.557308,51.946907,22.115288,66.80793,170.8577,15.40291,2.9361498,14.131822,132.35321,0.22768085,0.1253348,0.21334352,0.3145137,0.089429066,0.018732127,0.09013197,0.48434097,16.64296,10.955511,15.930219,24.400606,38.274456,26.535408,39.712433,49.4314
1356,3503.0,4.360937,0.59677064,7.989916,114.42731,0.583123,0.16319175,0.48288465,19.197945,34.816303,11.478766,46.266953,831.688,82.79262,12.800446,81.78671,808.9868,0.5106547,0.25906911,0.57348484,0.81275606,0.07970435,0.01860385,0.059510455,0.7626281,14.049465,10.238224,12.494189,23.350681,25.38663,17.05418,27.629002,47.625465
1357,3506.0,17.447893,1.5615147,21.040209,89.99344,1.0340062,0.10435129,1.3528895,14.297753,22.679731,8.779559,23.091063,124.19769,23.391836,2.569138,23.772999,277.4727,0.3537119,0.1520578,0.35702115,0.5503531,0.059230298,0.015516169,0.046617515,0.47531962,14.025801,9.820958,14.038656,21.35473,33.11096,16.952711,35.127243,46.304646
1358,3511.0,43.35614,3.9847035,44.734444,146.53114,3.916156,0.44395924,3.7894142,23.35658,126.64535,38.67308,171.0499,478.27966,37.70721,7.407293,44.435566,367.25674,0.34283173,0.16987985,0.33966923,0.55334705,0.098963425,0.018234188,0.103554524,0.5029365,16.60973,10.912341,15.873576,23.961954,37.283527,25.266981,39.112236,49.3362
1359,3512.0,40.63642,4.4422426,55.85542,189.85555,5.048831,0.4981669,5.6317863,34.459858,393.69006,79.6134,490.87143,1101.6804,93.84863,17.521168,102.96733,440.57404,0.3387207,0.19162239,0.34008744,0.5399265,0.19614616,0.026232244,0.18757275,1.1348037,16.999723,11.838832,16.267717,25.983404,41.414078,26.19311,42.740604,50.774998
1360,3520.0,6.8842,1.0004928,15.83562,152.49205,0.5538929,0.056055807,0.8995645,24.384727,21.148418,8.514863,38.474815,816.3997,57.75121,3.2081273,53.971687,368.05054,0.42298517,0.15062945,0.43454844,0.5874223,0.082402736,0.009241091,0.08446649,1.6405166,13.597402,9.6,12.913887,23.29394,31.609777,14.674465,37.28869,58.921402
1361,3521.0,33.39163,2.6859176,33.781498,91.827576,3.080591,0.43128744,2.930822,19.37445,54.69837,23.96697,63.15884,121.70864,22.920082,3.7463899,22.71027,207.87291,0.32103,0.1739363,0.32112268,0.532894,0.060320444,0.014661337,0.0595679,0.30207703,15.769745,11.220187,15.681053,21.413563,39.29319,23.08965,39.835945,47.525753
1362,3523.0,25.288298,2.0823703,30.351156,118.2989,2.657273,0.3379812,2.4539447,23.088823,159.77144,85.8506,161.84428,325.9794,61.041775,5.838978,50.083637,604.7593,0.5166832,0.26937348,0.50491506,0.94160694,0.071877085,0.014031086,0.06117006,0.37809506,15.722073,10.819501,15.099595,23.55222,39.533604,22.117342,39.89531,50.268044
1363,3526.0,28.37814,1.9077907,37.147476,95.61501,2.7661092,0.21812914,3.3743088,17.522388,16.439968,8.919104,19.515068,43.1983,6.1059375,1.1148617,6.0967526,92.884445,0.16324663,0.09257844,0.15918802,0.30602267,0.06503458,0.014613674,0.07157432,0.3814955,15.635215,10.500978,15.571977,21.533947,39.082905,19.963566,41.03376,49.02848
1364,3534.0,27.267807,2.0719013,36.982574,125.4929,2.8781352,0.33334047,2.8483949,18.834341,30.252954,17.594667,35.15969,79.79511,11.977798,3.2389235,10.364169,110.56981,0.18804796,0.11202833,0.18507631,0.33343568,0.08518591,0.02366789,0.08118832,0.50768083,15.68851,10.989948,15.242327,22.40932,40.15729,23.912481,40.76379,51.03462
1365,3536.0,13.785166,4.571696,10.467296,94.46796,0.67627144,0.14746799,0.61139643,14.379964,195.4382,74.584305,178.5484,1249.2268,244.41418,37.57407,214.88342,2334.2466,1.0393013,0.43509847,1.1084449,1.7762449,0.085330926,0.017546862,0.057628267,0.5848272,13.212499,9.91104,12.803336,21.83126,36.692524,18.727335,34.99826,55.226658
1366,3539.0,25.811573,5.5292883,31.420984,83.94589,2.2217357,0.32463917,2.6804957,14.747395,474.65475,247.48788,400.04083,815.6055,210.03662,28.475243,182.80705,1401.764,0.9182275,0.5124088,0.8811786,1.4369287,0.06661849,0.01941588,0.05424386,0.3815835,15.301578,11.086973,15.321115,21.39143,39.42642,22.712603,40.467133,48.4552
1367,3542.0,46.565792,5.211232,64.275246,207.22626,6.64693,0.63112825,7.927877,39.45819,368.77167,139.00327,328.47656,650.6566,61.628075,11.418006,60.25348,383.3842,0.29510918,0.13009445,0.31013247,0.5295201,0.15525645,0.016278813,0.1780904,1.2495219,17.54394,12.308739,17.190844,26.415155,49.031223,24.743505,49.23901,59.047962
1368,3548.0,53.785168,11.230167,66.20596,228.14735,5.5689473,0.72429144,6.445932,37.841755,5744.3525,1473.2893,4235.5107,18692.389,1032.3114,109.430855,1002.50757,4838.6553,0.9987459,0.4759724,0.94215006,1.7077615,0.21016859,0.03784256,0.25536776,1.4507434,17.345892,11.902385,16.772228,24.727688,47.016354,30.24149,45.76591,59.322132
1369,3557.0,50.098755,10.091801,61.051758,163.65994,5.584278,0.64401513,6.4295316,41.13851,5095.323,1070.3085,4665.407,12284.526,680.4986,65.27872,806.601,4199.7295,0.9766154,0.4205974,0.9470128,1.8770169,0.20099522,0.021041088,0.1992186,0.949064,17.790924,11.501023,16.85635,27.017004,45.732826,30.026674,45.612648,54.33061
1370,3559.0,7.2889123,0.49542415,14.16995,82.01983,0.92878807,0.20284963,0.933893,13.0520115,54.04207,15.601381,52.536366,171.78465,48.631435,4.2519383,44.00927,496.71426,0.41293636,0.22098105,0.43703565,0.79652935,0.05809732,0.01710427,0.06196027,0.36798918,13.798472,10.064,13.266314,19.99365,34.055805,20.97872,34.205994,46.954407
1371,3564.0,10.262301,0.6927299,12.4868555,110.871475,0.6276169,0.18199933,0.7312642,16.898468,6.231299,2.6695085,7.4501467,67.06174,11.135377,0.87887263,7.840477,108.54313,0.18725747,0.07750456,0.18297054,0.3539055,0.07219083,0.014504112,0.055728346,0.58070076,12.502869,10.256936,11.981698,21.857065,34.169746,21.521093,35.55055,54.63442
1372,3566.0,15.65332,1.6221019,20.252253,126.04811,1.0156755,0.16695568,1.3295565,18.794176,26.35953,11.446385,36.950596,493.94568,43.14984,6.8212676,46.45991,596.677,0.3808907,0.15300332,0.4004425,0.5155771,0.07675841,0.016256396,0.07677136,0.80596274,14.58948,10.020167,14.14892,22.525953,29.349094,16.821,32.152866,46.697605
1373,3568.0,38.329697,6.686551,46.55768,109.624626,3.934119,0.4672943,3.7737136,26.461876,2041.1122,788.34973,1587.2075,3187.441,477.22238,78.266174,495.27652,2521.281,0.8872257,0.43459275,0.91313595,1.6400557,0.16039959,0.03257133,0.20218873,0.6580002,16.383219,11.80635,15.578646,24.79275,42.004868,29.525143,42.832436,48.602486
1374,3574.0,21.249794,1.8256278,26.147678,92.35743,1.5646498,0.22568983,1.8697214,14.796812,14.925356,5.6888294,19.597086,65.37326,8.694558,2.0090466,7.215735,115.08782,0.18937024,0.11631491,0.18664713,0.3154349,0.07185276,0.019336658,0.08178742,0.57067114,14.625486,10.377032,14.547,22.097944,33.71161,18.400743,35.967155,46.20788
1375,3575.0,41.85456,1.6857936,56.4958,143.32469,4.1225634,0.533358,4.8872895,22.98573,3.405375,2.631957,5.8301277,171.5957,0.5959041,0.100272454,0.60920656,169.89523,0.032167833,0.01414922,0.03525719,0.22984694,0.2895297,0.07105496,0.33334002,1.1874534,16.734371,12.10689,16.795046,22.386036,41.131115,25.944515,40.23851,51.022537
1376,3578.0,5.388273,0.4654412,8.752265,90.22362,0.70886534,0.15347812,0.6710153,15.042145,61.512024,26.302782,57.343243,492.03687,80.91801,11.297263,64.906944,744.09143,0.44436607,0.21261902,0.48590645,0.80911493,0.13090044,0.021230046,0.14392999,0.76725066,13.759686,9.963043,12.9190855,22.253145,29.313261,17.735786,31.316385,46.45215
1377,3579.0,22.00412,5.1762977,17.621973,120.27825,0.89457494,0.10958664,1.208924,20.280935,356.62888,114.522545,364.7685,4702.684,425.6297,71.860435,385.92706,3024.7466,1.1833498,0.54620695,1.2358282,1.7832391,0.0758225,0.024010947,0.057760525,0.60330635,14.5522175,9.939879,14.048636,23.139164,32.945606,17.321062,32.550095,47.275436
1378,3580.0,90.85608,11.554241,92.99866,253.33936,9.511815,0.9561055,10.5153675,50.295498,8660.183,2527.3933,7004.5137,18963.389,820.1349,119.434,851.2509,6776.1553,0.93951863,0.43508658,0.98410696,1.9220672,0.26025617,0.024458664,0.20356259,1.7901256,18.63914,12.662469,18.88145,27.825518,48.772217,34.58637,49.598392,56.726093
1379,3582.0,13.662646,1.175381,17.28481,239.67694,1.1911343,0.22962558,0.9423879,33.08059,15.645642,7.039661,22.86293,574.98584,19.678375,4.218475,18.584793,239.39847,0.19541411,0.0920942,0.19847222,0.30557096,0.15869373,0.0236454,0.19518267,1.90007,15.407851,10.577121,14.173617,24.223034,32.851097,19.67328,33.04285,56.417206
1380,3587.0,26.508808,3.3643022,35.609604,91.20917,2.5353594,0.38087907,2.715354,19.128193,857.53754,431.38126,830.1419,1291.2153,345.32803,60.349026,339.68726,1961.977,1.0180049,0.52067846,1.009628,1.4674582,0.10336801,0.028040929,0.104318365,0.43010604,15.388964,10.905944,15.105564,23.524454,38.701355,26.281002,38.99265,46.023064
1381,3588.0,45.93768,11.5294895,51.20378,202.84666,4.3110766,0.480694,4.97784,43.723385,1424.8873,775.245,1430.8961,3418.9924,369.36176,50.76941,360.12418,2310.3425,0.87539864,0.3836803,0.8485893,1.6145718,0.13880578,0.017974107,0.17028083,0.5708025,16.42436,11.322281,15.975194,25.892735,46.23773,23.995565,47.13815,53.609554
1382,3593.0,32.060543,4.0978494,36.96753,97.31993,2.3001142,0.36180902,2.4750433,16.372297,743.8563,484.99622,754.5453,1519.3767,400.06085,54.967236,377.76227,2248.6992,0.93583435,0.44814697,0.8995585,1.5638853,0.15304415,0.02674028,0.16914321,0.6011109,14.868693,11.338707,14.602428,21.350513,40.04236,23.845621,41.939198,49.63212
1383,3600.0,27.711325,7.0978312,30.58398,99.85224,1.9705474,0.3805222,2.2237494,15.796747,1034.4426,500.4795,982.9913,3461.1392,478.72525,83.31344,382.84616,2814.3774,1.0022414,0.42906755,1.024526,1.8118845,0.1330721,0.030021144,0.13371392,0.74752986,14.667459,10.959356,14.829817,22.328827,39.615257,20.439924,39.826813,47.935425
1384,3601.0,43.199703,9.214824,48.781494,205.68373,3.966313,0.40761632,4.3008966,39.840485,1547.0095,504.70267,1736.5576,2595.3098,392.1081,59.63343,392.4313,2654.4814,0.9482524,0.44115382,0.9277843,1.611475,0.139996,0.026496343,0.13083506,0.6072908,16.381258,11.239264,15.704781,24.012697,42.55176,23.302803,43.275642,49.993725
1385,3603.0,21.250187,5.8382077,20.03855,94.370155,1.346002,0.22581956,1.3643007,15.018864,405.25735,162.82875,278.765,2007.356,314.81033,37.238926,246.6674,2263.447,0.888931,0.4125419,0.938022,1.7980403,0.09692717,0.022341425,0.08785982,0.6154565,14.276446,10.487075,13.84306,22.135374,35.65011,18.640577,36.792793,47.354084
1386,3604.0,23.759577,6.1177144,26.969133,89.46316,1.7347558,0.2688976,1.8843986,14.919727,445.95468,191.28183,379.61118,1364.5238,259.04987,45.74097,230.69562,1743.9703,0.92173475,0.4945278,0.9491966,1.8117838,0.07144102,0.023572879,0.065425925,0.49314746,14.716286,10.91884,14.582923,21.643528,36.18463,19.4368,37.768463,46.446827
1387,3608.0,50.81951,11.3386,55.810585,180.92177,4.948615,0.53689027,4.9397006,36.009857,2030.6047,526.9844,1975.4199,6436.211,494.80588,62.977104,585.07574,2870.365,1.0061084,0.47922847,0.9493589,1.8270268,0.10330327,0.019593876,0.11469335,0.58125985,17.26911,11.435333,16.356232,25.616879,41.972157,28.747744,42.925766,50.397022
1388,3611.0,25.92333,1.803471,30.801575,97.72138,1.9293721,0.32088882,2.122859,18.859108,193.84584,116.396034,158.09018,344.7851,90.22994,8.849756,90.08549,576.57294,0.3703732,0.21592566,0.38036162,0.7067497,0.19347896,0.032080673,0.21742907,0.64823717,14.650778,11.1456375,13.961006,21.956156,39.97427,25.052113,39.99634,48.455906
1389,3615.0,27.937382,3.9460633,36.8239,127.76389,3.3291013,0.43467343,3.5099492,25.576492,1123.2639,621.15314,1392.3862,1885.0559,316.65128,55.75526,322.85815,1683.4882,1.008018,0.5078643,1.0117252,1.5733697,0.051788267,0.023755169,0.08242674,0.4416558,16.045876,11.20711,15.333181,24.10068,40.433247,28.078518,40.44115,50.573692
1390,3619.0,43.18168,6.486564,49.691273,188.16245,4.468613,0.45779154,4.8088045,38.60038,1979.4121,745.4609,1903.2018,3111.3245,377.8893,57.760536,387.45584,2475.9612,1.0979608,0.511517,1.0310105,1.9244684,0.08750004,0.016491834,0.087693706,0.4065953,16.635496,11.455523,16.258453,25.640547,43.009075,23.743584,45.03459,50.895084
1391,3622.0,34.923344,5.910023,40.536995,417.85153,2.0229347,0.2977958,2.5662522,89.73758,1277.3934,189.78151,1558.7042,11672.078,751.3213,20.538147,838.12463,4660.684,1.1127717,0.22280203,1.0894669,1.6292086,0.19822596,0.014578137,0.15883397,1.7926221,15.276403,10.75088,14.33116,28.568598,49.570858,20.857265,51.501247,71.3626
1392,3624.0,19.839382,1.0007439,28.26967,96.76415,1.6628244,0.26213974,1.8073,14.490457,212.36346,85.25468,195.58334,327.07132,127.323875,13.284398,121.3644,1064.0856,0.492205,0.25344443,0.5004705,0.87138855,0.13222723,0.023812423,0.16893098,0.55981755,14.390934,10.997543,13.774531,21.612864,38.43542,19.849869,38.11051,46.602528
1393,3630.0,47.747196,2.196801,69.149536,224.10701,6.9148846,0.5847842,7.292751,47.526848,2320.2412,949.8936,2445.2014,2722.0266,381.1311,65.66794,367.52457,1901.8673,0.55844575,0.31725597,0.57226914,0.8764233,0.25890392,0.055893313,0.26081133,1.4703157,17.656836,12.180888,16.930885,25.183636,45.334984,36.48682,46.156998,50.368877
1394,3635.0,10.27369,6.1917043,11.517948,129.97858,0.8020244,0.18337348,0.682957,22.935646,302.59265,80.08676,315.09296,4260.1045,471.1139,54.891903,447.41412,4580.8457,1.1351362,0.44726837,1.1945072,1.8683541,0.07800931,0.01691758,0.06089658,0.6844392,14.447662,10.282369,13.273512,23.377573,30.963808,19.779593,29.41015,47.201633
1395,3637.0,16.632048,1.6332053,25.36041,121.10022,1.952667,0.4061692,2.2774575,20.765024,132.72862,37.927853,171.22935,1244.8146,92.30358,12.424246,94.794785,671.23706,0.5085601,0.26902804,0.521381,0.80493265,0.07563701,0.01705891,0.05902949,0.67824256,15.664536,11.5055275,15.392902,22.944502,32.899033,20.233797,34.92775,47.7229
1396,3639.0,30.919416,1.456352,42.146393,158.14569,3.6557033,0.3080495,3.804942,26.141005,370.82278,178.12643,340.61356,636.1254,107.61189,12.725439,117.5592,983.94977,0.53137803,0.2864435,0.52755773,0.8594746,0.09382376,0.01827969,0.08334176,0.44339234,16.239899,11.4715,15.723014,22.712257,42.318024,25.5291,42.86879,50.00582
1397,3641.0,22.731482,6.813198,20.844484,101.29454,1.0979626,0.19762148,1.2925667,17.026064,377.4945,164.74632,328.73764,2011.1846,353.23184,51.78502,261.87314,3061.3645,1.0636047,0.4302496,1.0249536,1.7846615,0.07419041,0.021316433,0.069087505,0.5350004,13.776898,9.931882,13.788175,21.923515,34.192245,20.092213,35.805527,46.009438
1398,3645.0,42.817364,9.943086,42.85729,145.80237,3.6992245,0.51251614,3.8314798,27.144453,2169.5164,531.8563,2529.2078,9583.097,550.10266,75.556274,602.1365,3588.4766,1.0199023,0.42108542,1.076772,1.7561064,0.107905775,0.02399644,0.11222404,0.9293006,16.510088,11.515453,16.293434,24.845606,41.172718,24.074684,41.473312,50.362823
1399,3653.0,52.60599,2.309424,66.35624,183.30833,6.5222154,0.68516666,6.958848,55.168743,946.07886,216.85925,983.0521,3729.9202,151.99724,15.476258,216.8569,1673.2617,0.55344576,0.28047496,0.565552,1.0133952,0.124835484,0.010000066,0.15941848,1.0731442,17.92856,11.458553,17.084938,27.226284,43.410767,27.890877,44.728123,57.535557
1400,3654.0,27.894617,1.8663691,35.10302,142.54614,2.442908,0.41710988,2.2692082,22.27842,396.68796,203.74287,387.208,633.1552,150.89236,13.0315,201.52768,1010.592,0.4372988,0.2167065,0.45810512,0.7690375,0.2320833,0.035166033,0.24866301,0.87773913,15.168484,11.576415,14.223286,21.606392,40.776493,28.829517,41.377155,56.138123
1401,3658.0,33.27336,1.7660096,39.357876,169.93678,3.0788023,0.37478817,3.0197296,42.262928,395.1599,137.12169,358.23132,698.8453,99.961624,8.080249,150.36087,971.2495,0.489054,0.22715837,0.49024454,0.8380745,0.12589455,0.015009149,0.12504907,0.73936635,15.7954645,11.391443,14.588993,23.733076,44.67485,28.034946,47.336426,60.81237
1402,3663.0,45.948044,2.0694149,47.639706,151.19052,3.5238788,0.39465848,3.836826,26.782904,75.114105,26.05304,70.19506,160.42989,16.354544,3.0831025,17.172724,142.83273,0.16338556,0.080393955,0.16288516,0.32536292,0.19657917,0.02624182,0.18120429,0.76512545,15.942183,11.24841,15.592901,22.698631,42.747364,29.25587,43.3427,56.440952
1403,3667.0,22.755444,1.0592406,27.504423,104.01381,1.8484991,0.2503407,1.9937214,16.599077,317.27213,92.515625,282.8401,1080.6425,116.89336,15.835873,113.63171,1110.5312,0.4962449,0.22814213,0.51180434,0.94945025,0.135554,0.019878404,0.13948739,0.8227228,14.75803,10.7623205,14.622169,22.973166,39.253212,19.625021,38.65083,56.14747
1404,3668.0,48.283535,2.0675828,57.68488,188.26035,5.7344804,0.4588946,5.680145,54.48394,1120.9167,235.74492,1012.4953,2755.6262,181.07306,16.818653,239.66164,1485.2233,0.51503706,0.24313815,0.5273412,0.9416444,0.12471174,0.020460052,0.15001538,0.945508,17.512745,11.657798,16.656702,26.195726,43.983425,27.737375,44.596985,58.229492
1405,3671.0,26.21808,9.227484,26.065336,126.199005,1.367674,0.1615545,1.6549984,21.774769,622.86334,184.16748,535.86646,2953.4656,499.51486,36.016716,555.43005,4254.8955,0.93396026,0.294115,0.9638261,1.7650367,0.12024443,0.017419903,0.15236348,0.70680803,14.841282,9.576308,14.465207,24.102697,37.0768,22.27348,36.509613,55.361973
1406,3674.0,31.368708,1.4301801,33.55545,162.43784,2.4968174,0.3165885,3.0376596,31.730255,409.03143,110.98801,426.21423,659.2317,121.14567,11.291464,158.65332,1026.8027,0.5811693,0.24003778,0.6351008,0.88726336,0.08942108,0.012768324,0.09452943,0.632222,15.630561,11.083216,14.719231,24.769888,41.889065,23.37888,42.590023,55.295246
1407,3677.0,122.15686,7.676089,165.73137,806.18225,40.872265,2.522078,49.402542,220.9563,98290.97,4242.351,102450.12,302679.84,2342.4163,179.02249,2410.437,6881.2095,0.45663446,0.2677657,0.44297037,0.7895952,2.0950527,0.20366165,2.1341665,7.5087566,24.682522,14.86042,25.203054,34.373768,60.980843,25.575584,56.66442,83.198456
1408,3679.0,30.630812,5.1075544,34.6355,94.63968,2.558487,0.2833088,3.0279584,14.744048,886.95654,311.01465,841.64087,1683.4896,309.7045,52.45819,327.2618,2581.831,1.0213832,0.39381796,1.0543586,1.9818696,0.07096378,0.017385889,0.09139542,0.44724083,15.400186,11.19983,15.225115,22.093431,38.303932,20.296719,40.006382,53.834652
1409,3681.0,64.06956,10.614813,65.39122,184.97621,6.72674,0.6970858,6.883433,55.35657,5674.522,983.4962,4495.4927,11607.331,660.21857,45.180782,828.6055,4534.1875,1.0853227,0.3620697,1.137116,1.9577519,0.10983778,0.014587663,0.13419352,0.90974486,17.713915,11.52897,17.23189,26.92877,44.198986,30.326324,44.57252,58.62345
1410,3683.0,19.009851,2.0957606,28.158798,175.655,1.6845566,0.22353728,2.1854568,28.56715,30.303125,15.117968,42.062073,321.78873,12.874333,3.7737381,12.928228,213.8134,0.17721018,0.081547305,0.17852686,0.29043487,0.14451434,0.023522075,0.1647338,1.7598958,14.832641,10.27971,14.964414,23.619656,37.120327,20.409374,40.376534,60.43776
1411,3684.0,32.485886,12.096416,27.925194,130.65279,2.5383444,0.45721772,2.4398448,22.07861,782.0668,166.9922,680.9134,5107.321,352.37302,42.6984,365.57227,2802.7703,0.9165561,0.31959304,0.9896588,1.7535185,0.07023324,0.017252425,0.068357065,0.80936724,15.75117,11.688214,15.859003,23.203743,36.10118,21.819801,37.637268,51.28811
1412,3689.0,70.32264,2.8576295,81.25176,331.6378,10.648336,0.5675476,9.960306,90.59393,3245.2341,246.14795,2625.0938,12095.006,258.18347,27.804308,249.68597,2038.5531,0.48876145,0.20477,0.53393775,0.9943411,0.3069398,0.019492954,0.3288533,3.2494936,19.703957,12.283065,18.840982,29.879982,46.801815,22.240105,48.317764,64.68101
1413,3692.0,104.23385,7.3908186,144.45026,867.7332,34.424137,2.1127334,46.40684,248.69702,84351.16,4779.3794,87712.67,380761.62,2389.637,145.25471,2398.7656,9277.995,0.53690034,0.31072375,0.5082707,0.9195708,1.8425279,0.16204225,1.9302646,7.6455255,23.823647,14.263169,24.302263,35.715866,57.497917,25.330574,56.326736,80.86513
1414,3696.0,77.00131,2.234296,87.77793,311.451,9.267416,0.59170544,9.645269,62.369427,117.21624,36.467846,165.9729,938.673,16.991352,3.9331865,15.881431,193.25883,0.18238522,0.0875163,0.19411795,0.29090863,0.15736972,0.022091983,0.1767948,2.2094476,18.87008,11.804739,17.920717,28.32834,46.689484,24.20804,48.680378,59.41867
1415,3698.0,70.70383,3.2983828,89.44767,465.9013,9.635116,0.55801994,10.443915,78.316956,595.3333,90.28486,757.98157,6669.9546,90.413925,10.207174,105.098114,625.7617,0.24393371,0.1274003,0.24599351,0.4434022,0.5167345,0.04759019,0.586919,4.9741554,19.134705,11.834769,18.149618,27.073324,45.97954,22.193043,46.300518,67.236755
1416,3699.0,18.48358,1.8185985,26.105139,89.19515,2.1226687,0.24990074,2.0841649,18.204489,11.226658,4.6621833,16.229944,136.93967,9.2086315,1.4029382,8.218793,123.622925,0.2061752,0.10733318,0.20978059,0.29859585,0.052598324,0.016195789,0.06207875,1.3360199,15.222456,11.129003,14.684129,22.961205,33.292862,17.914095,35.31817,48.742325
1417,3702.0,70.92216,2.161222,81.64075,960.1708,9.5921,1.0277444,7.598191,199.64632,885.46564,243.85295,1427.8098,7065.5996,105.04371,6.5149026,199.82298,942.64526,0.42322516,0.19774094,0.42833447,0.8334151,0.14352019,0.026295437,0.22679217,1.552039,18.005129,11.937101,16.620035,29.918486,56.89113,26.199572,55.56753,80.10928
1418,3703.0,37.392876,1.6101452,53.589005,184.13586,4.810628,0.5131901,5.306601,40.43254,1122.821,313.9898,1098.6555,2864.2903,252.02002,20.604958,292.90622,2149.7844,0.5113084,0.2506907,0.48921257,0.92484456,0.2122867,0.034088444,0.2318954,1.3920287,17.235958,11.768391,16.26372,25.220438,44.091026,28.803186,44.883404,53.78962
1419,3704.0,39.436356,1.3132645,71.833824,331.9344,11.313974,1.5579569,9.395683,63.831524,17921.076,3030.5876,13644.547,50312.11,1475.1753,186.82532,1204.0392,6708.2817,0.6073767,0.30683538,0.60780054,1.0881692,1.1506217,0.0792672,1.0809199,4.6969857,19.680506,13.614295,19.322823,29.978508,50.69231,32.009678,50.93152,68.37535
1420,3705.0,112.959435,2.120312,113.927826,557.94916,24.967443,1.1410954,23.687103,128.04774,39992.07,1488.9034,29553.254,71762.01,1007.5539,146.43517,1010.698,4358.9844,0.6335974,0.346154,0.63479495,1.0439898,0.9534419,0.073810235,1.2299614,4.048533,22.039438,12.425189,21.164612,31.705986,52.69326,29.95767,54.39176,66.360245
1421,3711.0,42.262665,2.0588892,72.09008,288.48657,8.3184805,0.63337624,9.496821,59.962196,3295.7988,1304.0004,3422.2188,5043.329,319.2582,63.35163,291.17142,2101.9685,0.51612186,0.26946032,0.5245227,0.84748316,0.27495497,0.040475722,0.311047,1.8511473,18.168154,12.349582,17.255934,26.046991,52.42679,32.313972,52.768723,66.82376
1422,3713.0,30.487324,1.4067731,41.74006,134.81212,3.7527676,0.38509175,3.9248717,24.407593,426.15488,175.8652,381.86472,836.71344,120.43838,17.715023,150.2275,778.5536,0.50302136,0.2671049,0.5078532,0.9518848,0.14531629,0.026045665,0.1860766,0.53870636,16.170904,11.46493,15.385957,23.192421,42.569443,23.901798,42.714664,48.92744
1423,3715.0,41.41337,1.4105287,48.601612,126.429695,4.5979533,0.6112082,4.447143,29.373472,819.53406,236.07756,921.79645,2333.282,241.07669,30.886969,297.29434,1846.6266,0.7275637,0.34842744,0.7010974,1.0508146,0.09781303,0.014157683,0.13404922,0.59432405,16.931705,11.542027,16.382833,24.311157,41.2047,26.061052,42.73256,49.244316
1424,3717.0,32.907787,5.0388355,36.062454,186.42274,2.4413693,0.31221437,2.8505409,43.241436,594.0616,130.23883,700.17755,1224.5459,253.80621,30.45808,229.34589,1491.3777,0.881747,0.4598753,0.8630992,1.3440034,0.088673994,0.014231712,0.07296564,0.41987363,15.67332,10.792458,14.62071,26.033035,41.817833,22.13065,43.839367,50.306602
1425,3722.0,37.057575,7.339569,39.148613,136.78865,3.028177,0.3801819,3.2770689,23.14439,1071.3047,325.9474,1145.0781,2838.3599,328.13217,52.43136,301.0896,1942.6954,0.8248811,0.45006,0.8018285,1.3046016,0.122546226,0.019060636,0.12656136,0.7877699,16.089455,11.524005,15.626197,23.014135,38.66115,20.63509,40.09984,50.760174
1426,3723.0,13.594094,1.1259377,25.980572,219.12225,1.0030469,0.10452329,1.4855365,40.587246,227.52248,56.77309,256.93652,4465.224,294.68637,11.707404,220.36948,1948.0099,0.64956546,0.23972045,0.659921,0.96889526,0.20084032,0.010236733,0.19101527,2.9637802,14.287161,10.232366,13.895917,25.471378,39.548965,14.834091,48.139572,66.43626
1427,3728.0,22.750544,1.3962438,29.225662,82.87248,2.7324467,0.35767323,2.4983017,15.957972,155.28148,68.57204,176.0361,363.50494,86.01479,10.339332,98.13042,494.9172,0.5513447,0.3300861,0.5295794,1.0021265,0.06838226,0.017188862,0.07712845,0.28882,15.695715,11.259919,15.403692,21.690212,37.57038,20.18976,38.62501,47.784134
1428,3730.0,34.91331,4.6861167,41.7411,344.5969,2.0338366,0.4380457,2.668441,72.70307,2093.3303,152.64781,2651.1772,14138.122,877.3584,24.832237,885.4328,5073.025,1.3473084,0.43212005,1.2982616,2.1868255,0.07612611,0.009644247,0.16508012,1.2699478,15.336642,11.013245,13.705791,28.395449,54.741043,22.876373,56.035297,76.47954
1429,3732.0,11.123738,0.46488416,14.0957775,99.31874,0.6214651,0.14062105,0.8179799,18.096619,71.98106,26.521563,85.20563,552.48926,139.4297,7.4568715,122.3066,850.1301,0.6875675,0.27354148,0.6313659,0.985013,0.08217993,0.015015429,0.061389416,0.59316283,12.978172,10.150352,12.14192,22.514654,36.89794,18.522306,37.788918,58.060486
1430,3735.0,31.282467,5.301839,39.45561,158.87015,2.9233377,0.43617475,3.014208,27.390472,608.44867,277.36328,508.78235,873.1602,186.70384,32.07325,189.26457,1385.1495,0.66793764,0.3383379,0.6308561,1.0527813,0.10079432,0.021387778,0.11908188,0.51315826,15.700594,11.706229,14.809353,22.396132,43.4433,28.988123,44.89993,50.07689
1431,3739.0,36.934258,2.0844183,59.889698,273.47998,8.372864,0.52849555,7.465024,62.330338,1231.6857,55.79702,785.4823,16105.428,123.80756,10.266202,173.63058,766.86816,0.35257304,0.16208772,0.3962949,0.60409,0.33383492,0.032346588,0.46744287,3.7710438,19.178999,11.692952,17.74478,27.433855,44.536297,22.58405,46.73079,63.829166
1432,3742.0,49.69194,2.0533624,74.41255,242.48795,7.7263803,0.6599499,8.313648,47.49328,1291.998,322.0342,1332.7538,3922.4482,212.20302,27.494244,228.0176,1525.3182,0.538685,0.25320917,0.53944963,0.954248,0.15001047,0.024431752,0.17987157,1.1029917,18.19478,11.6374235,17.341343,27.527752,46.331993,29.275856,48.361164,56.02579
1433,3747.0,50.59308,10.701906,62.236336,175.36728,5.4149237,0.5616731,6.841581,40.559296,4336.536,763.6592,3601.9749,12166.965,699.93353,52.003445,813.011,4165.366,1.1391089,0.445922,1.1907768,1.9612501,0.10957073,0.017118737,0.121361725,0.8374904,17.823969,11.340349,16.897774,26.689173,44.404125,25.01923,44.526653,52.92598
1434,3750.0,25.6416,6.39072,38.153847,161.83672,3.3334055,0.28635088,3.647792,28.93342,759.7434,245.07108,801.381,2628.4553,275.02808,41.63328,278.07797,2016.3159,0.7763349,0.38974345,0.81345403,1.2395655,0.094514266,0.017466,0.10641301,1.2450932,16.437572,11.4388075,15.770712,24.807833,37.618675,17.689476,40.12374,50.66175
1435,3754.0,78.89805,13.60755,95.89267,293.6883,9.880248,1.0131022,10.835944,55.789406,8406.25,3250.1064,9016.543,11740.156,975.50195,124.69508,921.5803,5124.8364,0.9268217,0.42851186,0.91398937,1.6388264,0.2522902,0.054254923,0.28052276,1.2841865,18.541584,12.796243,18.095028,26.463861,46.86679,33.83537,47.708153,52.80146
1436,3759.0,28.501427,5.512533,44.111164,288.08203,2.193017,0.20595902,2.6721017,59.066887,1004.58154,162.09691,1280.7743,7692.6377,521.06836,32.661633,494.59546,2784.0835,0.82006264,0.37091014,0.8544724,1.4140496,0.18776087,0.0125983935,0.2654843,2.3964138,15.777292,10.862364,14.909079,27.909765,48.39903,17.394817,50.8044,73.04745
1437,3765.0,13.489209,1.9902972,21.93547,111.95086,1.1830177,0.26128903,1.7127097,19.246561,38.643982,15.226146,52.96525,585.6443,43.763966,9.268357,41.82741,405.343,0.431937,0.210661,0.44020352,0.6198813,0.07182701,0.019668462,0.053578515,0.60922796,14.805415,10.798151,14.605968,22.920534,28.745213,17.537725,31.35014,47.316444
1438,3766.0,10.3252125,1.0718101,21.848825,86.34387,1.561169,0.22874032,1.6987149,18.916876,70.88932,31.720263,110.560936,261.6578,49.570095,5.6186285,62.994164,534.2627,0.47210595,0.27899003,0.48135385,0.8023294,0.08446644,0.014860164,0.08905394,0.5097222,14.874074,10.543075,14.698034,23.917265,31.692556,18.140171,35.37667,46.67148
1439,3772.0,5.390977,0.4502271,10.973841,89.11042,0.4814945,0.06758323,0.7049158,14.778508,57.33289,19.294853,62.156406,417.47232,104.06476,5.639311,102.847015,729.1611,0.6156963,0.28944588,0.6279441,0.98721373,0.07123074,0.017405573,0.053136546,0.47205624,13.309834,9.451476,12.599625,21.578817,32.27107,17.63214,34.087563,46.147636
1440,3780.0,22.50683,6.3523526,25.816833,101.73561,1.3270445,0.25196773,1.5835071,16.901117,416.82288,213.464,370.98724,1683.533,324.94803,64.73849,245.34726,2274.473,0.86787766,0.37703994,0.92085564,1.7503395,0.12031707,0.026111677,0.108615115,0.70827526,14.162956,10.473432,13.78622,22.678911,36.14839,19.5359,36.507896,47.422897
1441,3785.0,44.03032,5.341793,41.254715,212.81323,2.9553046,0.32081455,3.6847703,25.260624,2835.2566,460.0915,2820.9702,7667.223,814.4591,59.013256,913.6187,4671.0386,1.4777908,0.51311356,1.4153869,2.1610854,0.107352525,0.020392368,0.15977529,0.5833932,16.14929,10.788933,15.662044,24.652254,40.310005,22.656055,40.872868,49.736946
1442,3791.0,5.4581127,0.4177342,9.450165,88.21129,0.6737101,0.15605298,0.67246276,13.897784,42.12981,13.024253,42.471516,358.09024,78.85652,9.228838,82.3699,720.6702,0.51711935,0.244658,0.56294036,0.95085907,0.078424826,0.017440286,0.06892381,0.5810828,13.467563,9.77225,12.754238,21.697592,30.311771,17.402388,31.637905,47.038013
1443,3796.0,52.28483,2.0729108,64.91722,195.95181,7.0344005,1.0617288,6.6984444,44.238327,1129.9117,513.7302,1094.8594,2807.9724,221.22409,35.95531,262.4917,1094.614,0.42497683,0.23635377,0.40347812,0.85270303,0.32518145,0.06923737,0.36709934,1.1557448,17.546682,12.894713,16.812237,25.153242,47.659004,35.48137,47.996048,55.099724
1444,3800.0,16.881618,1.0401337,30.056007,557.58795,1.7245109,0.18010871,1.9482262,100.32865,283.2589,54.436806,307.8169,2901.293,195.74832,3.5336185,248.27557,1312.3485,0.54538447,0.15483756,0.5018477,0.89672,0.27290615,0.013944211,0.19426976,2.1927035,14.513295,10.747746,13.330718,26.574371,50.75457,19.522987,52.175835,73.12857
1445,3802.0,32.593296,7.0683403,42.557735,106.30291,2.7138107,0.3669661,3.5518284,19.892984,746.7548,268.27625,808.48395,1658.0283,254.00879,32.021255,304.07642,2442.2998,0.91390294,0.38368306,0.8560307,1.8978242,0.08216479,0.019057551,0.10338187,0.42320833,15.374544,11.064025,15.456555,22.978525,44.7275,21.405321,45.30474,61.569695
1446,3803.0,20.880445,2.6597407,27.23493,117.40509,1.8405032,0.25001815,2.1156235,26.101204,632.4702,168.66908,646.54236,2296.444,337.10583,49.802456,271.30258,2484.583,0.9294428,0.49185768,0.815713,1.3683283,0.09956976,0.02208704,0.09679623,0.6966554,15.394989,10.679514,14.890933,25.197664,33.209015,21.410215,36.49682,47.96586
1447,3809.0,38.252373,2.5026004,46.387394,193.75157,3.9302359,0.335676,4.380814,37.720264,165.80315,58.818596,169.4584,404.11862,51.66032,7.108509,47.30996,429.8339,0.3912386,0.20802312,0.37686893,0.6241862,0.088829346,0.016250234,0.07318141,0.47729987,16.270575,10.612745,15.855796,23.997034,43.10804,27.751642,43.140724,49.758766
1448,3813.0,74.938126,2.9130356,107.55752,420.23492,14.896361,1.5965495,14.260668,81.90128,5604.926,1666.1678,5821.0063,21693.395,426.50272,70.52762,457.83075,1858.2579,0.42741835,0.22442469,0.44377583,0.72585136,0.7908658,0.15734996,0.72120214,3.4434423,20.098091,13.693412,19.474358,28.8865,54.466,25.686012,53.682056,78.97341
1449,3818.0,63.578934,2.0549586,89.56069,460.60956,9.683556,0.6052895,11.014905,78.51097,2706.9888,302.2127,2985.4673,32447.223,514.30206,41.321594,568.97784,2088.0356,0.49613693,0.24995598,0.4764377,0.9239982,0.5283092,0.05053946,0.6144119,4.9965944,19.195992,12.129972,18.19037,27.12835,46.216686,22.096556,46.292053,67.3946
1450,3820.0,24.337057,1.7130009,37.944374,144.90413,3.1868827,0.47608155,3.5123818,27.335436,344.6317,70.477394,402.767,2079.7754,142.37495,21.384058,143.43239,1017.1626,0.5333917,0.30489424,0.5595672,1.0721804,0.07354995,0.016863907,0.06895406,0.9425308,16.642994,11.760855,16.334064,24.876326,35.722538,20.729578,38.542793,52.38082
1451,3822.0,63.707127,2.051865,89.56069,460.60956,9.683556,0.6052895,11.014905,78.51097,2721.0261,302.2127,2985.4673,32205.371,499.05392,40.53504,567.83,2074.1272,0.4842997,0.24706633,0.47327563,0.92099375,0.5283092,0.050472282,0.61587197,4.99114,19.195992,12.128732,18.17588,27.12835,46.216686,22.128086,46.292053,67.3946
1452,3827.0,9.348449,1.0983596,11.6875,97.76902,0.6885699,0.10994039,0.79169047,19.074503,9.3785095,2.7434096,10.104037,52.60621,11.402967,0.56043947,8.886522,119.12811,0.21412657,0.07938669,0.20777245,0.34242752,0.06768809,0.011203362,0.06626881,0.54689586,13.304993,10.085678,12.675238,22.500122,35.047882,18.527966,38.444992,55.952847
1453,3829.0,28.191221,7.4080324,29.70454,92.03368,2.3478053,0.41776845,2.2608986,17.685312,737.8955,437.86288,821.0204,1208.4026,339.70493,53.663048,325.1712,1594.4381,0.9775418,0.5032499,0.98645735,1.6602591,0.10076429,0.024385098,0.08638465,0.38308007,15.341141,10.905511,14.961216,22.922382,37.538147,27.725647,38.94316,45.851234
1454,3842.0,68.427925,4.0661316,67.79681,239.17711,8.855108,1.980084,8.111233,49.419296,3091.9114,1888.5269,3230.314,4864.863,362.58084,77.363945,299.2645,1236.1898,0.37528452,0.20957492,0.38196924,0.63817006,0.71347517,0.18184076,0.7023204,2.9791505,18.505949,14.312261,18.064655,25.355196,46.36742,38.903294,46.702908,52.40047
1455,3844.0,37.325176,5.055383,45.497025,119.69158,2.9599373,0.41252893,3.2415357,20.04159,1557.7949,1213.8137,1482.8131,2014.787,629.9654,61.532528,647.6473,2496.549,0.8060224,0.43418363,0.83122194,1.3568897,0.22086331,0.04156806,0.293972,0.7538739,15.381359,11.650167,15.182662,22.78173,41.63498,28.3499,41.7682,47.36722
1456,3845.0,45.326263,13.297023,52.598934,137.35985,4.2143764,1.039326,4.7786293,29.249176,2205.8564,1404.9493,1971.3943,3736.453,503.07288,68.467285,563.8315,2183.724,0.77011186,0.36709458,0.7559615,1.2699339,0.1933922,0.04504066,0.22846955,0.8027754,16.57258,12.52771,16.272364,23.849607,43.51331,33.61984,44.48479,49.448284
1457,3847.0,84.10945,2.226327,94.736664,688.2896,11.292795,0.7220782,11.082226,163.8325,2965.6956,273.246,3447.0107,13131.135,286.32974,18.251637,361.23676,1251.9484,0.42643958,0.20619425,0.43819073,0.7497509,0.33568794,0.017621942,0.5533433,3.6074278,20.18325,12.236366,18.80712,32.646267,47.95267,24.001013,48.90754,66.20372
1458,3848.0,69.56356,3.4295995,66.44898,252.50925,7.467242,0.98264503,7.4460597,46.51347,2143.0151,752.4424,2194.1523,4163.8804,317.78937,44.312187,274.88937,1335.0945,0.41425768,0.23807831,0.3920927,0.86514616,0.38338074,0.05034682,0.4389652,1.9964957,17.93904,12.716741,17.24573,26.21939,47.919327,35.65252,49.58726,56.824707
1459,3853.0,20.26103,1.4819183,28.63915,134.81744,2.1913898,0.36288542,2.2874398,23.603443,239.05373,60.56824,249.71193,1767.3176,144.30396,14.51814,173.94531,1112.896,0.4751028,0.2399728,0.4818796,0.93081164,0.10670876,0.02035911,0.112352386,0.8548607,15.628343,11.274832,15.092041,24.008654,37.46596,20.840864,38.777782,49.721786
1460,3854.0,4.0042095,0.448662,10.931711,91.03632,0.39495236,0.06659051,0.6135253,18.648758,23.940094,14.962252,54.686348,1453.3135,78.20693,3.502786,64.91087,672.5269,0.53222954,0.26724344,0.5807814,0.8781827,0.0818493,0.012089683,0.0633185,1.3154213,12.824095,9.630921,12.811299,22.726818,25.020643,14.999039,29.11058,57.213093
1461,3855.0,29.984327,5.6173115,36.91576,108.46914,2.2324286,0.31780487,2.923717,23.383728,940.9069,323.23663,1062.6906,3532.8354,435.44052,65.71163,518.1539,3440.7507,1.2408702,0.48064598,1.2325193,2.0090446,0.09122497,0.01629865,0.08702416,0.7575926,15.2751255,11.199246,14.968199,23.409536,41.694756,17.92719,43.10125,57.338566
1462,3856.0,27.332634,2.24599,52.89267,211.94748,4.930958,0.5109192,4.7982683,41.79605,738.1143,259.5327,749.52423,1849.2622,142.57544,16.377886,166.72931,918.0325,0.43190145,0.22826359,0.450661,0.6915045,0.19315825,0.02296148,0.20158263,1.1399374,17.113253,11.827283,16.122475,25.776464,43.10656,24.415384,43.988228,50.41652
1463,3858.0,14.366911,1.01572,15.538468,116.145935,0.8695419,0.16417287,0.9112934,19.170439,6.115079,2.7054708,10.323294,169.73732,9.524754,2.509796,8.036925,155.64131,0.20203622,0.102669485,0.2113444,0.28367552,0.061038315,0.017759034,0.051240735,0.6572897,14.178428,10.04382,13.455846,22.944534,29.33138,17.969448,32.230576,47.54301
1464,3859.0,119.48486,16.128439,97.3794,237.23279,11.081322,0.7073726,11.111116,66.10606,6669.783,770.4873,5167.988,32727.291,780.7366,50.211422,899.964,4417.565,0.89896053,0.3182206,0.8090308,1.874031,0.33021608,0.016427908,0.3209469,2.2396638,19.164183,11.697106,18.409943,27.692175,48.90936,25.213877,49.09931,66.58778
1465,3861.0,22.60759,7.1131763,24.127413,132.68736,1.7993646,0.35666868,1.8941619,21.89032,494.85583,189.063,542.3602,3824.3787,325.07864,47.63965,339.13812,2851.3582,0.81352425,0.39610866,0.8381668,1.3925501,0.106860064,0.021336928,0.101433195,0.8347232,15.220689,11.114631,14.530448,23.856228,37.22167,21.514635,37.233517,49.395298
1466,3863.0,20.516586,1.5860244,30.826084,131.59164,2.4965312,0.40402582,2.5875764,24.322315,225.58669,44.996452,240.56499,1838.4083,138.73428,14.858589,168.51135,1077.3461,0.55701405,0.25526452,0.5485592,0.95172334,0.08469403,0.018068183,0.078008465,0.7452897,15.845577,11.6471,15.456156,23.414194,36.666122,20.50344,38.528454,48.16724
1467,3864.0,46.716427,3.061604,66.27118,262.10748,6.91812,0.81866,7.304198,51.383762,897.0053,285.04678,1149.6931,2806.274,173.87291,18.713705,214.38553,902.5787,0.4969021,0.25422382,0.4812172,0.95637286,0.18645786,0.016203275,0.23236734,1.0297642,17.584383,12.382371,16.743067,26.875189,51.239983,26.66087,51.676323,68.15108
1468,3865.0,29.559553,1.8636217,41.82877,154.22522,3.0278814,0.35454693,3.6520376,40.02698,214.09885,105.215,226.29408,694.92456,74.85431,6.151409,97.83253,604.5952,0.4008429,0.22082384,0.42160016,0.7757299,0.13783543,0.011320639,0.15388384,0.5875005,15.972955,10.876406,15.110814,25.891079,44.004036,24.120905,48.64983,62.5618
1469,3867.0,81.91942,5.4539227,91.33568,279.9339,10.127649,1.2341206,10.785205,55.6319,1775.0275,772.34937,1952.615,3641.776,226.25719,37.129635,220.1251,1084.5104,0.46148038,0.25692323,0.44236386,0.78385645,0.25922272,0.052909732,0.28563496,1.4600325,18.367296,12.733375,18.009615,24.938246,47.606403,32.190315,48.74913,55.17803
1470,3870.0,114.45245,8.573202,154.3124,431.286,39.710052,6.191958,52.069275,138.74295,40373.29,6823.728,46522.31,89539.945,722.15796,116.98051,1141.3789,1632.1555,0.24640267,0.18424116,0.24904455,0.45410797,3.8582218,0.34080553,3.7329705,9.637254,29.391964,15.747622,30.024939,34.956524,47.94453,37.607864,49.19995,65.505714
1471,3873.0,51.19942,10.802119,64.3491,242.18819,5.3086467,0.57890636,6.5430775,51.431393,6671.724,933.29987,5996.52,35652.074,1343.3033,150.2729,1339.87,7566.718,1.0899063,0.46813276,1.0155352,1.8924196,0.21472408,0.031089703,0.23362818,2.069831,17.551332,11.661605,16.696564,25.69264,43.51285,24.450949,44.02864,57.99681
1472,3875.0,12.588477,1.2805512,29.391533,488.14584,1.76517,0.2120822,1.9510864,113.31371,344.6991,50.525547,347.44522,2647.944,194.65483,4.1068845,254.79654,1354.3672,0.54169446,0.1762666,0.5328249,0.90117234,0.18159732,0.012712912,0.16894686,1.9851438,14.785151,10.555506,13.821369,28.996387,48.9281,19.442667,51.463184,71.10371
1473,3880.0,16.751577,1.5345417,21.804728,197.44931,1.515982,0.22862038,1.857341,30.841595,188.67888,53.7236,229.85222,2868.92,170.48903,21.77318,194.6861,1181.8335,0.46601498,0.23750661,0.46179265,0.78549147,0.18410742,0.026708387,0.21695375,1.8657393,15.606928,10.8256235,14.760954,24.100105,35.33997,19.295835,37.01959,56.33392
1474,3888.0,19.56112,1.2783784,26.036995,292.0257,2.0296776,0.3041541,1.7595037,21.735949,517.1848,146.72571,471.5998,1067.8347,194.86229,14.273343,239.39026,877.969,0.50091666,0.21419467,0.503798,0.9785761,0.21194397,0.025463646,0.2637308,0.65223384,15.0024,10.877228,13.836807,25.399092,39.246445,25.617353,39.225246,47.93014
1475,3891.0,35.570786,2.562226,44.145462,183.72496,3.8834755,0.37011844,4.3595085,35.013763,169.80614,76.28429,171.5813,380.79065,58.02708,7.8614583,49.079758,317.08765,0.3778236,0.21004204,0.37576532,0.58796203,0.08892748,0.01955765,0.07230972,0.5997316,16.23173,10.822548,15.917181,22.885569,42.88652,29.195732,43.20475,49.771572
1476,3894.0,13.961642,1.5690291,22.39734,96.43489,1.5616559,0.20057377,1.7491171,15.266544,93.83699,38.74067,85.81069,617.64233,65.720726,6.047966,68.960205,621.61896,0.40475985,0.20864668,0.42156598,0.7245533,0.09507308,0.016852163,0.10692247,0.9892455,14.572762,10.620677,14.093876,22.786734,35.401157,17.396994,38.28453,55.43688
1477,3896.0,121.76634,11.891857,129.86409,488.96216,13.025772,0.7639479,15.214846,85.618835,23074.91,2144.8953,18644.123,186873.53,2705.4854,183.55588,2380.3494,13844.068,1.2322524,0.49521932,1.1919193,2.072126,0.4642435,0.047538936,0.46732244,4.203487,19.492111,12.23746,18.444874,27.368883,50.15107,24.777637,47.74203,67.30574
1478,3898.0,22.315071,1.7289618,39.839134,271.19186,2.303338,0.2811929,3.1136,60.56322,252.28264,88.489586,215.0906,507.08237,70.85699,3.7640576,86.94533,930.2191,0.43826267,0.1777238,0.44133303,0.7507118,0.11771299,0.010889419,0.12290999,1.2898324,14.947817,10.818698,14.151063,24.898174,50.980976,25.533058,51.49205,61.447525
1479,3901.0,29.26093,2.0951602,41.303246,205.61272,3.1014578,0.35595334,3.6848629,35.468544,376.54816,258.3391,339.4201,2989.4758,159.82951,20.490572,167.57625,1400.6456,0.41299874,0.24528793,0.3969672,0.7991489,0.2364363,0.02672877,0.2083056,1.3103418,15.75923,11.298237,15.242631,23.68551,42.85834,20.624897,43.94181,63.308777
1480,3902.0,32.44695,1.8772115,39.39145,136.55072,2.44064,0.36719128,2.93603,19.163227,274.89645,214.20619,242.30774,506.0309,97.90094,11.353516,92.906075,638.3993,0.3742256,0.20949675,0.36572313,0.69422036,0.21164465,0.037658233,0.24260613,0.7761235,15.383516,11.825781,15.084407,22.426655,40.1503,25.807432,40.85873,48.085358
1481,3908.0,62.99336,2.0987525,89.82212,462.23883,9.709985,0.60240084,11.040174,78.18836,1951.2775,296.86398,2220.479,22590.502,317.55927,33.61966,381.0746,1545.3816,0.42645264,0.23023608,0.43138316,0.7609848,0.52635795,0.049315955,0.6108782,4.9770613,19.195992,12.139062,18.18458,27.107635,46.216686,22.175753,46.292053,67.392075
1482,3913.0,28.938955,1.5410659,43.574482,197.78723,3.3121636,0.32153752,4.087898,43.54498,458.8558,169.20648,386.69467,1740.9642,135.97327,12.182427,158.02469,775.38074,0.40751588,0.21785928,0.40436798,0.75901943,0.19578955,0.016298339,0.22604537,1.3932816,16.178389,11.117117,15.641405,25.751907,45.09639,20.40899,47.712925,64.67924
1483,3918.0,25.55516,0.9950966,37.21033,239.27258,3.687939,0.33995357,3.9140449,55.740135,495.65643,151.25024,426.92923,929.01245,100.40345,7.943508,122.49377,787.23376,0.49977353,0.22487055,0.5537285,0.8328765,0.10694758,0.018853847,0.09439776,0.7297216,16.308882,11.233359,15.323064,26.391487,42.36238,24.857866,41.958195,51.27718
1484,3927.0,27.866684,2.4108956,36.20485,118.48184,3.4653366,0.39324078,3.487396,19.338453,236.78207,108.41904,239.73088,437.76895,61.62667,9.047351,60.257103,458.7145,0.4460538,0.29116014,0.4780403,0.741387,0.08072108,0.02077433,0.08921433,0.4261716,16.111673,11.346383,16.072748,23.360645,38.93875,20.43731,39.716965,46.070076
1485,3936.0,16.262224,1.7027979,23.843437,129.83276,1.758768,0.24638268,1.6781572,19.337337,226.75931,116.90911,238.52089,495.42038,133.94354,9.028408,122.06644,808.7084,0.47978136,0.2557462,0.48867422,0.89733124,0.14159651,0.022493744,0.13932459,0.6960768,14.70494,9.816234,13.781448,24.195335,36.84891,23.405676,38.81547,45.571014
1486,3943.0,69.09274,14.908734,71.50104,383.76953,7.421677,1.06143,8.160969,69.08034,3535.323,2047.8136,4917.751,28418.129,518.668,74.2731,556.05304,3497.4822,1.2128885,0.44448537,1.20058,1.7903025,0.11290246,0.03795342,0.13833748,1.1611676,17.292269,12.412907,18.16281,27.679504,51.59423,34.48426,49.744907,75.32148
1487,3946.0,81.86264,5.420226,94.56246,323.82504,12.458047,1.8914233,10.455898,61.483433,985.0276,357.55295,1032.763,3288.803,96.82863,17.685179,81.97036,518.03577,0.3146622,0.15782663,0.30099618,0.5827292,0.27193955,0.026640208,0.31798056,1.4966186,18.824333,13.88259,17.635937,26.09384,59.548977,33.412014,59.458252,74.7378
1488,3954.0,88.87575,9.195341,98.37663,267.3903,10.344977,0.6332616,10.881611,52.333744,21963.078,2051.2378,21909.125,98249.17,2603.391,204.40115,2438.1167,16927.992,1.1841406,0.46551517,1.1960293,2.0230615,0.5835464,0.040521055,0.60881895,4.689382,18.986155,12.302292,18.419462,26.526417,46.2585,22.990963,45.922955,65.75261
1489,3955.0,17.974983,1.6194572,32.6813,201.2042,2.322509,0.28504536,2.663339,32.814365,432.10983,152.5517,408.5264,2709.2913,149.5993,17.460068,190.3268,1137.5038,0.3853152,0.22094955,0.39054325,0.66529113,0.22722086,0.026432175,0.2962136,1.8377795,15.213741,10.917799,14.815654,24.037588,42.052677,20.679031,43.08119,59.769085
1490,3956.0,14.651575,1.3295686,24.008537,97.23352,1.4352733,0.26808658,1.5412765,19.692587,172.48077,41.47087,144.41203,423.0265,87.99988,7.0959144,104.56699,624.2141,0.48619568,0.23241082,0.47152236,0.83613497,0.1098618,0.015347472,0.11145297,0.5250675,14.822781,10.757904,13.581369,22.988682,38.491756,22.044014,41.597847,57.610252
1491,3961.0,37.80696,3.2637405,59.54052,303.79642,7.293961,0.7841964,6.6831474,60.273594,5393.8604,1566.8806,5408.8657,15610.676,949.9063,63.626404,994.81177,4037.2073,0.5464029,0.24134083,0.5634341,0.9401256,0.72841775,0.08128806,0.72065884,3.5258176,18.566074,12.422712,17.586048,26.660172,49.7007,29.726341,50.077335,60.381897
1492,3972.0,76.83249,2.7334077,98.939644,560.0159,15.175663,0.80106366,14.689284,116.38871,4957.2,323.07962,5213.57,25772.676,315.50583,21.479666,390.6949,1337.1606,0.41222125,0.22547148,0.4155902,0.7553175,0.6139541,0.034811337,0.7054874,4.623239,20.445255,12.323351,19.60403,29.166725,48.48904,24.152199,50.796074,65.237
1493,3973.0,20.99064,1.8018409,30.506908,135.74214,2.4759774,0.413873,2.662114,23.950235,165.05133,63.203663,188.98843,1209.2043,69.53422,9.642784,78.118866,772.9617,0.40827224,0.21657117,0.42666227,0.71007,0.098155156,0.019040946,0.0907845,0.8398136,15.730053,11.564542,15.415209,23.980803,37.46787,21.30893,39.531918,49.04171
1494,3974.0,105.28335,20.122372,110.52135,264.9806,14.103007,2.2633293,13.428838,56.81561,11109.57,4744.1265,11610.763,18476.818,880.5008,168.31952,865.24066,3509.9856,0.8303526,0.43325365,0.841767,1.4231509,0.3350591,0.10564119,0.3485024,1.2760841,19.469654,13.64832,19.08328,25.799173,54.47553,41.70727,53.52405,59.868572
1495,3975.0,48.674717,9.206895,58.811085,156.44714,4.6196885,1.0309558,5.3875585,38.88601,2972.8384,1427.0427,2703.2092,6485.5835,713.2275,93.80912,775.0011,3148.4592,0.9255529,0.45340243,0.87040025,1.602428,0.23356514,0.062427368,0.19755524,0.9838877,16.598898,12.703305,16.479958,24.79742,46.281727,35.673088,46.57742,53.861286
1496,3980.0,179.59732,27.047,187.47954,356.14847,47.112858,3.8786774,48.09453,129.64742,134477.69,26012.072,131612.69,215090.11,2529.5479,376.61694,3163.7554,9193.932,0.7515444,0.40542376,0.7092193,1.2107182,1.5633636,0.19492275,1.1169969,5.9834967,29.496487,15.384988,27.920666,37.363033,49.50539,42.55745,49.501183,66.98169
1497,3982.0,36.7535,7.437048,46.467327,131.28917,3.0955145,0.5165494,3.5267198,21.628368,1772.1022,1183.5436,1722.7848,2140.5068,609.87695,71.07129,666.95355,2629.387,1.0137937,0.48961166,1.038621,1.5495268,0.15837748,0.042298105,0.15144962,0.5619016,15.493226,11.728426,15.457715,22.75521,40.61507,30.05778,41.87741,48.06659
1498,3990.0,40.384953,8.254776,40.742687,159.64952,3.4736204,0.53358674,3.3366346,28.39483,1891.5507,320.8396,2219.846,9532.663,702.5041,79.59522,712.8739,5016.548,1.364406,0.5134979,1.3930706,2.0184698,0.07445409,0.020013994,0.057408642,0.65512276,16.248709,11.741439,16.044075,23.770119,37.22766,22.710642,38.24073,47.4283
1499,3993.0,15.402337,1.2625086,23.219946,95.24093,1.4694313,0.24725303,1.672522,15.10603,157.3395,57.645008,128.93713,586.2364,86.08607,9.491282,93.66435,885.83685,0.56874394,0.2605439,0.58129895,0.9689615,0.077810645,0.01594031,0.06976934,0.5358793,14.408215,10.823414,13.854167,21.726896,36.556553,19.46165,36.116924,47.133755
1500,3996.0,54.65467,2.7166338,83.35726,415.97528,14.191757,0.6567776,12.69409,88.49921,4388.0723,257.73068,4180.8555,24812.49,218.09946,18.378933,287.8892,1309.6241,0.3799754,0.22422296,0.40299407,0.69635975,0.55900216,0.037317563,0.6010883,4.9260206,20.37049,12.191576,19.339212,28.752977,47.25366,22.168863,49.74157,66.665115
1501,4002.0,54.720966,4.239128,82.454155,399.56485,11.379168,2.1732197,10.5364685,65.449234,3294.02,1201.828,3008.874,8606.436,264.06082,34.666416,285.46857,1046.462,0.36783168,0.2110429,0.37832156,0.6812874,0.3700967,0.04081454,0.43003717,3.0783021,19.207798,13.716484,18.44831,27.972885,53.713966,33.407665,54.19137,66.15473
1502,4004.0,47.15149,2.323751,54.41684,167.55595,5.0968943,0.7657533,5.602016,43.355526,820.5605,350.84296,704.83606,1907.7656,130.16466,17.498232,130.94049,1015.15857,0.33655992,0.2137626,0.32665727,0.5728771,0.38046086,0.06818224,0.36121237,1.4900424,16.999594,12.668579,16.182575,25.31557,44.550312,34.80528,45.596508,52.27034
1503,4006.0,71.79448,3.0234497,94.11428,373.96613,11.174273,1.050668,11.13263,82.52224,1267.3433,231.50955,1400.9114,8268.918,116.102585,10.390663,150.04738,782.1782,0.3608596,0.17708637,0.3787094,0.6820343,0.3711096,0.018469425,0.36134252,2.1246886,19.363255,11.91142,17.695816,29.727287,52.718185,32.766674,52.080456,66.94146
1504,4012.0,29.86144,2.657072,40.074207,162.53203,3.5422378,0.41932985,3.8995337,39.664417,127.87659,30.15439,150.44312,762.34906,27.378626,4.1299634,31.240913,358.74463,0.23954391,0.113975085,0.24574052,0.44486806,0.18147822,0.01887048,0.20181799,1.32483,16.801735,11.198521,16.112627,26.190079,39.828743,22.3305,42.739166,54.00183
1505,4015.0,36.080833,1.9356668,52.936146,226.01717,4.2780323,0.37874603,5.210757,46.19305,421.54425,102.33463,404.15854,1444.874,88.09052,10.173279,92.50543,707.395,0.41448376,0.2253402,0.4215505,0.6665642,0.16150515,0.017440816,0.14519404,1.1586834,16.384539,11.37978,16.183023,25.598373,42.020412,20.49044,44.530605,51.869205
1506,4022.0,78.235275,2.5753636,94.580086,462.6686,10.703328,0.70533156,10.503388,95.431366,2521.192,268.07086,2796.7334,10302.363,209.11853,17.568804,250.24715,1188.5259,0.38780537,0.20393282,0.40946242,0.6752096,0.335691,0.021694068,0.49441612,3.3778152,19.85183,12.266728,18.29541,30.809326,47.797497,24.01102,48.37068,64.9979
1507,4029.0,45.44347,2.3536773,58.29626,216.00465,6.3657775,0.5773378,6.088439,47.898167,1058.1438,176.3578,1271.7783,6282.2075,163.26413,15.421619,189.40073,1073.7443,0.38557175,0.20169462,0.40130392,0.6687272,0.3540708,0.019654315,0.41760895,2.8850355,17.87461,12.040815,17.461544,26.761843,43.486713,22.596546,44.70725,61.151134
1508,4038.0,23.042608,1.1958121,27.125105,91.77644,1.9085222,0.2972805,2.0919428,14.46398,200.33464,114.27572,208.05469,407.58737,103.56092,18.650898,101.792145,1136.8353,0.5654777,0.32678723,0.57069606,1.0312663,0.081453644,0.020230437,0.11710416,0.4189088,14.980016,10.947011,14.355325,21.329384,38.56797,21.521978,38.915012,46.912815
1509,4042.0,34.398804,2.279419,42.920635,142.82715,3.8585713,0.5775694,3.7395847,19.60306,265.48965,102.30566,295.62387,987.0541,62.641968,9.65188,61.477894,536.51666,0.5269274,0.30013955,0.50172013,0.7464866,0.08220392,0.014971687,0.08019144,0.4951582,16.609922,11.286012,16.274212,23.23987,36.685863,26.013458,38.776264,49.22513
1510,4044.0,56.759693,8.853387,63.058815,440.619,5.4801526,0.36699283,8.035216,63.077003,12291.24,1864.5332,13516.69,176679.44,2170.0637,152.185,2079.9358,7829.018,0.85888207,0.41194302,0.7818276,1.818493,0.9273605,0.043866105,0.65710634,4.9701195,17.521143,11.375331,18.687872,27.179897,49.912617,22.415167,46.438484,68.73624
1511,4047.0,18.768204,1.6704372,23.44789,104.51261,1.2465439,0.17877954,1.3836197,16.537542,35.202015,12.665977,32.80135,180.57687,33.343952,2.098149,33.677067,319.5924,0.32308704,0.12344518,0.31862098,0.50104743,0.09333707,0.0142105,0.093442306,0.71156937,13.355392,10.354885,13.012558,22.286787,40.7846,18.985636,41.277092,58.367977
1512,4048.0,21.11795,3.9531968,22.887766,119.150276,1.3249892,0.17845437,1.4202894,15.972397,411.4789,164.50578,425.48645,1988.8809,375.4031,38.894894,269.00522,2443.4868,1.170686,0.41728908,1.097824,1.8109646,0.09111377,0.014238792,0.07281884,0.69941455,13.406129,10.446392,13.231218,22.359882,42.660824,18.841278,40.2527,60.20308
1513,4052.0,19.424534,1.5535233,24.995132,88.393936,1.5746638,0.31127664,1.6630148,13.927939,123.5515,68.36436,130.54568,277.4822,84.11971,8.825256,82.08877,619.749,0.37040713,0.21301182,0.36030015,0.69766587,0.17911364,0.026551109,0.18240799,0.53581834,14.343319,10.710395,13.419321,22.35143,37.9902,24.278646,37.750988,46.40909
1514,4057.0,22.416916,7.4503994,22.976421,95.55963,1.127468,0.20353913,1.3997667,15.276634,383.65906,163.3202,340.59732,1574.2708,347.66827,51.93771,252.77464,2524.3728,1.0848014,0.4433012,1.0509428,1.7171873,0.09427406,0.023169972,0.085702166,0.55805326,13.940712,9.989325,13.767734,21.59459,34.273773,22.836502,35.65835,46.21027
1515,4058.0,6.3248334,0.98953915,17.265896,130.4761,0.7474422,0.1073792,1.1126233,22.098286,55.19263,32.307636,75.16556,447.5857,75.59335,5.736599,71.72745,553.72046,0.51645684,0.24447401,0.504585,0.72470033,0.07925122,0.013997793,0.06498469,0.7180532,13.885376,10.342813,12.539168,23.636435,37.642494,17.029772,40.135044,60.065353
1516,4059.0,19.513813,1.4804459,22.065907,95.21414,1.2207943,0.17223386,1.334055,14.490883,139.67812,39.5769,158.19975,352.7168,108.50919,10.733603,91.58532,834.6231,0.4458995,0.24262579,0.44334182,0.8213061,0.17590651,0.022824531,0.16765133,0.7033126,14.016835,10.0366745,13.210688,24.286556,35.422497,19.2061,36.80205,47.074448
1517,4064.0,17.727165,1.703476,17.246431,117.04823,1.0310526,0.16497077,1.3066437,19.357038,7.0256824,2.9758363,10.163354,170.85124,8.9687395,1.7513385,6.9816604,153.92458,0.1801119,0.10200116,0.18218972,0.25839856,0.05911626,0.017202513,0.045206152,0.6371054,14.559005,10.018327,14.449462,23.061316,29.806791,18.164759,32.94653,47.497856
1518,4068.0,9.857826,1.1909341,23.18369,184.5592,1.2789181,0.26249918,1.5297623,45.467834,119.54249,30.185953,124.41054,836.5196,92.655655,2.5894,79.95158,644.1553,0.39104706,0.16354083,0.4174405,0.69233817,0.059431713,0.00860753,0.14956468,1.3355823,14.468468,10.858367,13.06912,25.652313,47.523586,21.043474,52.969803,71.50192
1519,4069.0,9.05407,1.4007504,14.711866,115.7402,0.59615976,0.11069158,0.9245983,16.726646,16.558413,9.1223,23.099314,169.40532,46.260902,1.9065995,39.500534,359.5531,0.31173262,0.10843642,0.29658985,0.49227482,0.10732276,0.012125529,0.10090657,0.882039,12.707832,9.321889,12.054214,21.826996,40.6135,18.463427,42.08224,60.728195
1520,4074.0,16.232311,1.6657443,19.549282,120.44303,0.99320203,0.15006925,1.1372075,19.06082,21.354359,6.9167013,22.589325,248.11069,23.811634,1.904286,31.77833,587.7161,0.26799348,0.11123921,0.28593704,0.5115524,0.09297973,0.01827083,0.15408106,0.76478565,14.225871,9.379954,13.337159,22.086243,33.869366,20.150583,34.973583,49.051174
1521,4075.0,39.40762,10.542824,36.723072,127.98969,3.4546256,0.48912185,3.1935947,23.366425,568.5434,165.45549,524.2035,2785.4658,261.7483,27.771788,254.48521,1986.0671,0.9650968,0.48804182,0.9172615,1.8273724,0.04929981,0.016406043,0.06615157,0.482732,16.18865,11.379108,16.307013,23.646748,35.757835,23.070728,37.435257,48.722046
1522,4077.0,49.551342,2.817976,64.412056,206.76808,6.0410404,0.5745351,6.9859505,42.61815,614.6693,319.73538,549.2937,1118.3823,93.73664,14.422622,92.23284,877.1149,0.351615,0.21211956,0.35061452,0.60959387,0.247308,0.03457319,0.25705695,1.2160361,17.402412,11.998829,16.88032,24.43961,44.61902,33.022808,45.493515,51.66639
1523,4084.0,39.548706,2.9749663,42.927326,109.53955,3.3720555,0.5249146,3.311549,18.366596,215.86142,132.96802,204.75253,421.60498,58.61209,8.714151,61.690823,426.93576,0.3839108,0.23603526,0.38647288,0.6484112,0.122335404,0.02768149,0.11765197,0.4295692,15.7300625,11.703171,15.55056,21.891344,40.726597,23.728292,41.440964,47.15549
1524,4087.0,38.698093,2.1557305,58.097843,183.84406,4.934593,0.42222834,5.861258,37.749596,503.66266,176.60336,560.1933,1004.446,91.44432,14.899165,81.30152,597.0835,0.4176104,0.27201852,0.426291,0.61836225,0.15883335,0.039434623,0.14050475,0.71498835,16.751278,11.460594,16.214262,24.561842,44.614586,28.244452,44.72867,52.0883
1525,4090.0,11.572179,0.83171564,24.199522,173.10968,1.0175313,0.16908656,1.4709307,33.75301,188.52968,69.40615,194.90811,1357.4202,198.57564,13.203873,182.46948,1315.6705,0.66752416,0.24974783,0.65697235,0.9748034,0.12739474,0.013362961,0.1071201,1.1712594,14.334717,10.557144,13.518992,25.526037,43.049995,18.573597,47.58145,63.524105
1526,4092.0,32.037903,2.5241275,43.74455,195.46289,4.3914676,0.5196785,4.1505423,54.27836,240.7828,171.64586,185.57591,592.327,35.386982,4.013949,46.206295,701.8961,0.31344473,0.17915729,0.31852332,0.5492675,0.09881211,0.021440757,0.11460023,1.2438844,16.293634,11.625147,15.256427,25.313873,46.641384,26.613045,48.699223,54.286522
1527,4096.0,13.325111,1.4122269,22.953283,209.7798,0.8388317,0.0718794,1.2920016,38.60363,93.97132,41.49708,136.12366,1779.0378,132.6794,4.9672475,109.06906,547.1011,0.52951086,0.21226859,0.5496776,0.73534703,0.12578064,0.01078797,0.13636406,2.0108457,14.283488,9.569132,13.649026,25.716997,35.579884,15.617308,43.42599,62.740627
1528,4097.0,29.612251,2.250314,44.552406,147.82552,4.2418585,0.4627365,4.54025,46.667965,366.34967,101.67518,486.0791,2296.6992,77.64122,10.526174,83.941055,871.237,0.38681278,0.20671174,0.42440906,0.6338734,0.11141702,0.01763492,0.10899782,1.2502675,17.487555,11.604581,16.445293,27.000439,41.626945,22.251993,43.760044,53.777653
1529,4098.0,66.47716,3.2122123,79.13248,363.34308,7.749319,0.61451566,8.509423,62.815907,1186.2601,404.29404,1275.1211,2736.0078,143.9985,16.032305,119.41953,875.6448,0.3618783,0.17958474,0.3845901,0.6096346,0.2807462,0.03216687,0.37470323,1.6594794,18.183765,12.606955,17.089937,25.8588,50.910614,22.907207,52.10242,59.385986
1530,4101.0,22.933437,2.9144557,29.015854,227.68036,1.040745,0.16627893,1.6270405,49.81994,85.59517,26.780434,137.17036,942.9132,125.30741,4.215017,105.27998,576.0226,0.40000904,0.147076,0.4462624,0.53600585,0.18983185,0.009403425,0.22375509,1.9255817,14.072432,9.997921,13.131218,25.244152,47.296722,15.153445,51.52166,68.556946
1531,4105.0,26.595852,1.8895986,38.67886,145.5598,3.4296737,0.3999956,3.578279,38.365673,470.43283,115.57298,388.27924,1687.6129,123.42814,10.087703,148.30338,733.2257,0.3607304,0.19656508,0.38345858,0.6449835,0.22496386,0.01991467,0.2893295,1.2899957,16.282108,11.615431,15.324271,26.17328,42.636707,20.05918,44.013157,53.553776
1532,4107.0,22.91951,1.8787866,40.235382,157.25241,3.4629338,0.43336216,3.937063,35.9993,246.33522,73.13677,379.61426,2204.273,73.94467,8.310719,83.79408,840.3412,0.38436422,0.19007573,0.4007375,0.6382747,0.10287763,0.016956136,0.118980326,1.0382334,16.81886,11.487233,15.964209,25.60727,39.276745,22.414948,41.83902,50.11726
1533,4108.0,25.706509,2.7315714,33.921818,136.96643,2.7585726,0.4066101,2.8459764,27.86583,171.44774,58.27022,178.38042,1195.5737,62.557343,10.449145,64.98458,751.23914,0.39270017,0.19240205,0.41555935,0.6843713,0.086909905,0.021971578,0.07311399,0.9711758,16.08537,11.440918,15.563991,24.899853,37.70492,21.550915,39.84004,49.217216
1534,4111.0,18.302343,1.3930589,19.598068,88.05231,1.1045732,0.13793406,1.2492169,14.562294,14.30798,4.4786983,18.546722,84.90569,13.930277,1.8155832,12.122093,231.84117,0.24292915,0.11676168,0.25187972,0.47787222,0.06829228,0.017156148,0.061865218,0.52798665,13.889029,9.708424,13.553355,21.766075,33.528347,17.445042,35.223766,47.116253
1535,4112.0,52.746483,3.912211,62.432625,189.43503,5.740094,0.71564096,6.3405175,37.241226,514.87915,127.19335,565.0028,976.132,76.93496,15.5972395,74.1602,482.9064,0.43505308,0.24259062,0.42752123,0.6177972,0.12665823,0.03413057,0.11554716,0.51477814,17.127129,11.96766,16.38197,24.312336,44.08277,27.229239,43.814373,49.268196
1536,4113.0,24.497906,1.3719766,33.547646,116.532265,2.4127007,0.28270563,2.8202217,19.338232,17.173927,5.650328,18.952675,95.619804,7.7639756,1.1319224,7.7750115,123.35658,0.19472374,0.10675698,0.19110218,0.2768326,0.053472605,0.011527279,0.051790763,0.62428856,15.482416,10.984139,15.458516,22.615156,37.860138,19.061024,39.761032,48.89095
1537,4114.0,41.228523,2.7183888,56.007977,371.35825,5.903468,0.5394694,5.5336146,45.319496,711.829,238.59401,706.40436,9245.5,160.15894,12.512211,219.40665,1334.8818,0.38577536,0.20302711,0.41082853,0.69193435,0.31382763,0.04026938,0.35265896,2.7568321,18.171038,11.234377,16.756998,27.431423,43.90831,26.442749,44.687855,64.57104
1538,4115.0,68.085236,10.686939,79.74072,277.49252,8.159947,0.62079006,8.395495,58.014767,7136.905,1015.15375,5371.961,81863.55,1201.9781,106.234245,1143.0323,5870.954,0.89801615,0.40558317,0.9192049,1.8237103,0.39457825,0.039228115,0.41192713,4.395125,18.717459,11.773284,17.568363,28.381138,46.312145,23.983503,46.013893,64.58541
1539,4119.0,64.02686,2.6956415,89.93308,462.23883,9.679474,0.60286653,11.040174,78.1018,1734.8452,267.41794,1876.5824,21902.125,246.02747,25.559168,316.2589,1459.8256,0.38570872,0.21858521,0.40012,0.6676823,0.52020305,0.04894541,0.59308517,4.952075,19.196445,12.0853195,18.18846,27.078566,46.216686,22.393213,46.292053,67.40035
1540,4120.0,18.37588,1.2473851,25.907143,110.24697,1.6769913,0.26746178,1.746245,19.637117,272.90005,67.766396,219.46327,1063.8805,81.27498,9.2823925,87.13812,918.8199,0.3563519,0.17206101,0.3648592,0.72190005,0.20639019,0.025339242,0.2923248,1.4145193,14.582109,10.5475445,14.27433,23.048246,38.093548,20.310444,38.788673,50.496605
1541,4126.0,29.566282,6.7057247,35.57953,136.37984,2.953663,0.43478096,2.979792,25.690247,724.6896,144.91615,803.1721,3461.5417,277.77155,44.41538,300.21423,2335.2144,0.7596013,0.3284495,0.7610994,1.2666367,0.08799608,0.020258257,0.07823147,0.83965003,16.159473,11.7085285,15.703279,24.060476,38.05436,21.863733,39.469627,48.24447
1542,4127.0,43.123646,3.364628,45.938084,125.33412,4.4089274,0.52853185,4.1371527,26.286188,227.15962,84.7929,229.90233,859.9896,45.80837,4.9645534,52.80932,565.3197,0.36173135,0.17935038,0.37471735,0.64584076,0.08560347,0.015151449,0.0994533,0.7228777,16.739279,11.348197,16.479746,22.992895,40.82222,24.435589,42.28097,49.92716
1543,4131.0,18.363506,0.8052315,34.736416,106.966866,1.9486758,0.26847276,2.7009652,21.998753,19.061502,6.1610093,23.986357,103.48885,10.737483,0.67821634,13.024753,152.09955,0.22544245,0.08435823,0.21516038,0.32232663,0.06877235,0.009973161,0.08312258,0.5144473,14.9464855,10.8036375,13.729244,24.024036,42.312378,19.121365,45.630577,63.428944
1544,4133.0,25.827692,5.220382,25.886122,533.47046,1.1512907,0.19603612,2.1108508,34.79399,1069.6674,209.71806,1453.6414,6336.1606,706.9226,48.45866,740.0138,4328.5703,1.7759968,0.45445377,1.6996089,2.1903334,0.084114715,0.010219293,0.07161336,1.0687807,14.220118,10.499567,13.385287,24.35893,43.334274,18.20619,47.09459,59.865204
1545,4134.0,23.141277,1.9590089,26.64671,110.663956,2.029657,0.32762742,2.1435118,16.141453,106.229996,41.22187,101.96271,366.33167,57.686226,5.7560506,56.71105,417.4473,0.44834587,0.2224466,0.461678,0.68360686,0.07649228,0.013546505,0.06875982,0.5819279,15.325243,11.032824,14.830652,21.630066,36.61453,19.657892,37.784767,47.665127
1546,4135.0,16.95483,2.403091,27.79133,179.93866,2.0098772,0.27974042,2.1575701,24.766613,269.42422,145.44144,286.0766,1655.4734,125.29324,21.245953,138.6823,809.14886,0.3465334,0.1948502,0.36836824,0.6558599,0.24439052,0.038311332,0.28103438,2.0718818,14.936285,10.914052,14.828478,23.528828,38.364838,20.868439,39.42674,57.982346
1547,4137.0,7.789202,1.1490575,8.349466,143.04532,0.5424295,0.101330444,0.5794888,21.509764,33.350925,15.13067,34.236816,833.3978,50.087257,8.361596,47.44475,534.4413,0.46992937,0.22943482,0.49010837,0.7183337,0.07186161,0.01723008,0.054821987,0.75813854,14.173993,9.906202,13.196528,23.932577,27.112988,15.857878,28.948023,48.23989
1548,4138.0,25.903992,1.3251423,35.975643,469.79282,1.8389943,0.21858475,2.1458557,65.09278,374.36166,87.31015,453.41266,3193.7185,241.38528,6.9063663,261.68277,1929.8904,0.58876497,0.20159438,0.55992466,0.89208436,0.18911426,0.01762242,0.15202352,1.5361055,14.601493,10.621625,13.71831,25.682777,49.851154,22.68941,50.621326,72.73802
1549,4141.0,27.653393,3.0802794,29.549799,123.61584,2.6024394,0.41928813,2.424351,22.319418,130.00536,38.472084,165.00128,1174.8926,60.990654,8.343558,58.592278,639.2144,0.4147588,0.23042496,0.44156745,0.6706772,0.078073345,0.018698059,0.06016978,0.7223759,15.911955,11.2825985,15.58599,23.211132,33.777893,19.953873,36.272476,48.333603
1550,4142.0,10.638619,1.7587795,13.368908,80.16049,0.8453702,0.09389034,1.0222659,14.954216,46.061413,11.141088,51.681744,189.03143,44.399796,3.0034273,48.220875,462.72882,0.45909667,0.2142383,0.4752623,0.7197519,0.06597591,0.013772769,0.063174374,0.3979973,14.017827,9.508291,13.118909,23.447067,32.14396,17.049356,33.226067,47.17737
1551,4147.0,22.397554,2.268906,26.673452,249.44643,1.2118301,0.19727905,1.9920124,44.51089,156.21457,44.01141,154.14641,742.9566,106.26348,4.785857,99.90287,556.77765,0.44583976,0.17595546,0.43439838,0.65643597,0.13382578,0.008492224,0.10799664,1.2667817,14.149786,10.671413,13.379845,25.048473,43.758327,16.37086,48.349586,60.733498
1552,4150.0,10.792554,5.733976,11.223441,153.16833,0.78583366,0.16837822,0.68542576,21.745405,310.03488,67.768524,421.62766,6525.7,581.3947,58.497807,570.6549,5191.872,1.4294204,0.5283807,1.5805227,2.011382,0.07132695,0.018686427,0.048953597,0.65454984,14.387832,9.792963,13.528068,23.257025,30.060856,18.520586,28.48309,47.113743
1553,4151.0,6.6398993,0.9139115,6.831358,88.29347,0.32648414,0.05597254,0.3811858,14.07275,21.620605,8.804957,20.934345,387.56113,61.481705,3.0159152,52.464554,336.12415,0.4630848,0.18404189,0.47623587,0.7838372,0.08034256,0.014615131,0.061676785,0.6642532,13.023969,8.974828,12.020185,21.726604,23.770618,16.377607,29.899973,46.73115
1554,4157.0,15.881893,2.2139637,39.55421,210.99889,2.5095923,0.4206575,3.3113954,42.955624,139.00551,72.69752,167.87706,728.1083,52.033295,3.9044092,67.9989,441.71835,0.3782205,0.14755586,0.3988416,0.6943647,0.097787246,0.007674237,0.10689956,0.7608158,15.274057,11.141836,14.57964,25.655457,51.76369,23.246517,52.31705,66.947136
1555,4165.0,27.262463,2.7234032,37.350483,122.95754,2.851463,0.35935423,3.1160066,29.296429,67.22315,32.96427,72.02778,261.3477,22.123125,2.429423,29.60817,384.6911,0.3245931,0.15713295,0.34798312,0.6528748,0.069622375,0.008227167,0.080153435,0.6745362,15.519277,11.085879,15.108855,23.177834,44.20737,19.843353,49.074604,59.374683
1556,4167.0,37.502098,2.158452,59.446163,208.72134,4.700278,0.46522182,5.4155126,41.75622,556.53217,261.23334,445.86838,854.93353,104.111015,11.212826,106.445755,868.6565,0.35083476,0.19046526,0.34249383,0.59106565,0.23315135,0.038389854,0.20635211,1.314614,16.642992,11.452145,16.091557,24.152174,44.062874,30.032095,44.94245,51.434635
1557,4168.0,9.2091465,0.892098,12.004174,101.64722,0.5391841,0.12158751,0.6495567,15.229106,27.977749,13.033153,34.11933,247.22955,54.3043,3.3806713,51.459393,468.00476,0.4188198,0.15157929,0.40645954,0.65211815,0.088249244,0.010379233,0.07262065,0.7362417,12.364561,9.854965,11.630776,21.692186,36.394222,16.856756,37.845966,56.8551
1558,4169.0,39.58217,3.5817018,50.688267,197.34615,4.7564387,0.6136222,5.3870497,43.37971,379.8971,198.11769,365.4954,863.71875,68.52323,9.37998,73.078964,605.0904,0.37401018,0.20548113,0.37818095,0.65603894,0.12142152,0.016652327,0.11969497,0.57383704,16.691435,11.450655,16.40722,26.32416,44.962772,27.13072,45.295677,50.6328
1559,4173.0,10.128622,0.8390843,17.274752,105.08253,0.89334315,0.1485821,1.0082214,15.725523,40.900215,17.032322,51.969368,360.68735,47.159683,4.2641134,55.307606,359.70148,0.38652024,0.14371866,0.40263674,0.66251636,0.10802062,0.011839965,0.11304792,0.80842984,13.077106,9.991524,12.414408,22.067001,40.262043,17.222607,39.74795,61.499466
1560,4177.0,18.93488,1.4872713,28.050274,110.568214,1.614241,0.21378338,1.789155,17.23053,243.23445,73.14619,206.50214,869.08356,102.221245,14.822753,108.87229,1265.1758,0.59016204,0.24919307,0.5494839,0.9741673,0.088730924,0.012208475,0.09141622,0.7669669,13.881993,10.707848,13.840841,22.890884,41.227562,18.10863,42.33242,61.35053
1561,4183.0,17.585598,1.1167309,29.330927,107.229576,1.2756525,0.18041682,1.7266401,22.844465,11.19956,4.989521,18.518356,106.6262,12.171804,0.82857895,12.676212,125.45276,0.20794097,0.091852576,0.20061949,0.2858778,0.06934271,0.012264635,0.09003981,0.81989723,14.073457,10.321784,13.420704,23.82017,40.96242,18.791601,43.421623,60.701614
1562,4189.0,183.34471,53.32433,181.93309,558.3452,35.85066,6.8429503,36.435795,169.49413,116330.914,50537.22,136359.83,134850.12,2226.6328,402.75336,2580.8708,6704.5596,0.6518374,0.40005505,0.6168974,1.2621845,1.893196,0.16787776,2.104827,5.481806,26.294191,15.5277,25.812761,33.93285,48.81794,42.906654,48.3278,59.888916
1563,4190.0,37.825302,2.8058758,44.73528,155.36168,3.9558446,0.44034865,4.487302,25.048466,210.75052,98.42153,193.77264,390.89822,50.71817,8.4288025,47.367035,311.35873,0.38046786,0.20726348,0.39509162,0.5869425,0.092284344,0.022254542,0.08079138,0.4619687,16.283579,11.292261,15.769647,22.803387,43.064026,24.992626,43.156857,49.572296
1564,4193.0,32.30789,3.476372,31.23558,97.24311,2.3986142,0.28529024,2.5996926,21.59745,59.443245,28.465088,75.98148,184.88124,37.411533,4.715637,31.701948,243.09608,0.36566657,0.21760634,0.33809882,0.6237275,0.08498099,0.017135862,0.08578,0.34994128,15.493363,10.834039,15.290804,22.854883,37.731163,20.44409,38.055943,47.165825
1565,4195.0,35.895657,2.5467336,43.042545,216.33006,3.8134687,0.29321676,4.3053365,38.084858,142.40321,75.81569,134.31151,399.55283,40.07036,4.896909,43.60849,313.70636,0.38775805,0.16712669,0.38642436,0.62214607,0.07936424,0.009583899,0.08014279,0.48001146,16.33215,11.117062,15.6607,23.937525,44.389107,21.36061,45.66592,51.739765
1566,4196.0,66.63057,3.8751872,83.31812,336.51337,8.410746,0.5140058,9.297217,60.969837,731.33734,85.656944,806.63947,3713.9368,120.741234,17.287828,142.51053,784.32623,0.2982411,0.14642543,0.32138547,0.50348604,0.41043225,0.031881534,0.39245102,3.9395146,18.739273,11.885038,17.437399,26.117989,46.520153,22.390295,46.736423,65.662224
1567,4203.0,41.116104,4.725575,54.110504,200.36263,4.1558223,0.7054598,4.820494,45.897545,171.8629,75.46727,171.8158,775.04956,49.744785,6.598625,43.207863,519.1181,0.3205663,0.13413529,0.33633062,0.58611584,0.12191645,0.011092994,0.13987394,1.3105421,15.939435,11.589209,15.3551035,24.653091,56.0539,27.594734,56.16809,69.79147
1568,4206.0,62.825607,1.6765925,86.88752,497.93292,9.480812,0.62181836,10.378043,79.51988,210.52965,48.498314,276.8968,4258.7803,37.679577,5.135521,43.24654,310.3415,0.15799858,0.08775219,0.15328778,0.24931191,0.4595208,0.04583643,0.48381814,4.802089,19.026049,12.015776,18.248192,27.339901,46.049683,22.774675,46.331516,67.45011
1569,4212.0,27.99709,2.4217646,28.845613,86.795586,2.4894545,0.30849504,2.340478,15.283459,232.17284,90.13181,233.14601,405.24985,100.296745,21.261505,98.80707,683.21704,0.6397661,0.41987827,0.5976905,1.0114098,0.072281174,0.015592979,0.07694223,0.29573312,15.394543,11.193242,15.170579,21.093695,37.078953,19.202682,37.041084,46.831776
1570,4213.0,11.663235,1.2078725,11.920456,96.20511,0.55703616,0.14747705,0.5711172,15.079986,5.134141,1.9825488,4.960546,56.00565,8.075095,0.52837735,7.450302,119.191124,0.14193892,0.061018795,0.15034433,0.26715103,0.06303493,0.013771411,0.04597153,0.549631,13.093781,9.82141,12.326405,22.855726,32.37835,19.591917,35.491985,54.440903
1571,4216.0,6.820579,1.1339236,9.383761,90.158806,0.3629758,0.05490885,0.5373019,16.90663,16.892609,7.742453,22.367762,512.79675,59.367386,2.9756796,49.19066,389.4723,0.49127415,0.19995467,0.49692363,0.8046377,0.07695827,0.013567457,0.0637001,1.187512,12.439863,9.219702,11.866074,22.229183,26.45642,14.753939,29.272518,55.673954
1572,4221.0,25.87437,1.8042271,35.027756,386.69504,3.1036098,0.1573369,5.3566165,54.989487,67.970276,21.126587,102.91761,3341.9006,28.625566,4.2748823,33.156284,358.15308,0.12522604,0.06937241,0.11915276,0.27827218,0.48681375,0.03868379,0.4330387,4.5203767,16.190744,10.336721,17.939308,27.045666,45.168903,20.098423,43.454544,68.89407
1573,4222.0,27.548136,2.1474843,37.744823,154.07365,1.9493562,0.26067093,2.897028,31.848518,218.00452,48.55458,251.68224,2274.3687,120.657036,13.102905,130.2612,488.13373,0.34906676,0.1455581,0.36518842,0.60117334,0.2732728,0.021505568,0.33266723,2.050988,15.026136,10.794473,15.201218,25.659416,45.440083,19.925604,50.457077,68.09785
1574,4225.0,54.75899,4.171023,45.862423,305.16696,2.493006,0.42280602,3.6867871,87.828964,98.58315,19.183617,123.38382,699.2863,44.905632,3.2029512,48.159874,396.63272,0.27350932,0.11179791,0.29117528,0.56220895,0.06632981,0.01076936,0.14921184,1.4963142,15.451241,10.819944,15.137339,25.059559,58.15022,27.850567,59.88863,80.90255
1575,4239.0,45.083477,7.9351707,37.07662,626.3778,3.359935,0.49053502,3.5067422,28.794127,2834.4714,402.87228,2832.337,12072.327,725.63806,76.95848,998.5892,5090.4424,1.6471605,0.49896753,1.7161734,2.1697855,0.068418786,0.019325744,0.06439731,0.670478,16.281258,11.660725,16.05799,24.299187,39.261395,23.041662,39.061913,47.91504
1576,4242.0,28.731905,1.7812645,39.892838,230.89029,3.4929223,0.45185965,3.9184818,39.595207,389.46136,147.51268,316.68088,1069.9543,101.79928,11.072959,101.42779,745.1446,0.3365085,0.16269666,0.3695253,0.60611844,0.25114006,0.02166138,0.26624855,1.1131741,16.169037,11.324415,15.298537,24.5017,46.4887,26.267216,49.08503,61.69263
1577,4244.0,27.842817,2.1652381,26.911724,100.3266,2.4423082,0.35820454,2.4230583,17.322025,59.048897,31.325903,77.659546,174.07118,40.896896,4.192684,38.116962,222.2021,0.45507738,0.22843072,0.4677136,0.6485561,0.061064564,0.012666007,0.059061337,0.2955994,15.3696165,11.2175045,15.099785,22.424896,36.224438,20.286331,37.913563,48.453125
1578,4245.0,23.929745,2.2854466,38.208622,196.61147,2.6715994,0.65749365,3.213419,49.13087,95.7244,65.302536,109.0958,325.19974,30.3265,2.1621697,47.856922,390.87512,0.2637328,0.13179626,0.27916464,0.47970137,0.11589421,0.014269507,0.15690796,1.0742966,15.293464,11.597441,14.57145,24.552944,54.40046,28.24717,55.19956,71.098656
1579,4247.0,20.013857,1.4886023,41.423748,156.58984,1.9019096,0.18482815,2.9168606,43.181175,17.3917,7.2324433,24.02676,417.13785,11.885266,1.0215536,14.1052,207.28703,0.16245495,0.07239537,0.14226773,0.30080172,0.095266834,0.009219554,0.15416183,1.7628132,15.066991,10.253787,15.0393,25.232399,45.315636,15.617397,49.776245,69.39373
1580,4257.0,36.32454,2.3132944,45.9257,150.04988,3.7658958,0.40911645,3.7917452,36.429188,538.07666,288.42935,470.70386,1233.3224,126.229645,10.369501,149.16563,957.29346,0.3970947,0.2159278,0.39294833,0.8031754,0.23654011,0.027393015,0.21294363,0.95466167,16.147215,11.585437,15.428667,24.318933,43.694935,31.249985,44.348618,53.047688
1581,4258.0,70.57717,10.056754,93.08499,392.29138,10.319188,0.9946555,9.7297945,78.64556,6962.6353,2100.204,9374.773,43987.715,670.9008,90.65784,823.8015,5088.326,0.9395562,0.4269266,0.897391,1.8360288,0.1764292,0.034540772,0.20025371,1.4215963,18.629011,12.857609,17.86413,28.845852,53.413525,27.631079,52.429375,73.926476
1582,4260.0,73.86453,9.856748,65.47128,234.03453,7.910654,1.5768071,6.952742,50.871696,19085.71,7185.9624,16287.908,26620.78,2312.9626,242.7728,2169.4285,11162.459,0.969824,0.42670074,1.0041082,1.7024139,0.5850502,0.13803405,0.7122265,2.4066334,18.181654,13.727749,17.605228,25.11144,48.990448,35.264492,48.138107,60.21532
1583,4266.0,29.905136,3.5878751,32.52668,107.79338,2.363641,0.4203988,2.4043481,17.261124,96.43641,71.89976,110.61657,258.73004,54.456535,8.57308,50.944664,384.90158,0.34431386,0.1772158,0.3392786,0.56422955,0.14688745,0.03336539,0.13989255,0.65487796,15.166524,11.374331,14.713729,20.475937,38.22546,26.936783,39.06767,47.016365
1584,4268.0,11.512833,1.2477713,17.526598,97.8072,1.0677224,0.21394426,1.1620824,15.340636,32.90968,13.384294,36.355885,208.74591,39.86608,3.6504402,43.018642,346.2065,0.38791445,0.15638018,0.40603802,0.63538134,0.071287386,0.013671305,0.06526401,0.57798636,13.611821,10.418762,13.154267,22.177557,35.813316,18.174433,36.73044,53.64341
1585,4270.0,19.966364,1.1795063,26.639723,118.552666,2.4188168,0.4582185,2.2253246,23.252895,13.459353,5.7000303,17.846422,238.72375,9.357581,2.2482991,7.405869,137.40288,0.16874036,0.093909256,0.16512813,0.26306668,0.06423361,0.01989536,0.048086397,0.73206216,15.682775,11.538161,15.269381,24.055082,33.18681,20.507969,35.712166,49.439335
1586,4273.0,40.348988,4.25521,45.07741,131.17122,3.2165213,0.48887503,3.869142,27.1489,124.32178,104.72582,124.32141,382.53598,47.079735,6.4123974,45.921124,416.56775,0.3012549,0.16171087,0.30452573,0.5668994,0.13445756,0.024237283,0.14675115,0.89113486,15.787246,11.303974,15.440813,23.444551,42.804707,33.588013,43.29199,51.38033
1587,4275.0,97.59463,11.898801,159.6888,380.6113,47.07199,3.8974063,54.971767,169.92819,29114.947,4459.3174,38203.777,81078.81,574.97534,123.81216,773.6822,1459.5701,0.20044737,0.12909292,0.2018169,0.42787626,3.8409595,0.27224943,3.1878006,8.529576,30.578892,15.769307,31.029085,36.80664,49.568752,40.007423,49.19225,66.82089
1588,4280.0,15.538372,1.8358158,26.755405,119.90723,1.9569812,0.2706802,2.3086185,17.143286,11.316061,3.594055,13.667594,152.2631,8.090728,1.0580223,7.1522093,138.86552,0.16523413,0.09744277,0.15644847,0.27942115,0.06204046,0.014689309,0.060995854,0.5393118,15.540006,10.267711,15.428843,22.402279,33.05061,19.844355,35.43091,47.263515
1589,4282.0,19.548328,5.3226166,23.841925,118.55527,1.1030527,0.20401257,1.2204252,18.937733,1006.7941,518.7242,1054.1442,2094.1458,1074.6863,46.193848,1114.4695,6136.1772,1.2085276,0.32137555,1.2688911,2.0438824,0.20041715,0.035382453,0.21806696,0.76557213,13.958601,10.171729,12.67968,23.77706,36.420116,22.576565,37.130375,46.07547
1590,4287.0,37.644585,4.4801874,40.33969,117.35734,3.3355892,0.38257617,3.7962835,25.654724,93.884926,46.57129,104.57745,303.93375,32.928577,5.028981,33.811035,300.76117,0.29414567,0.15174633,0.31896767,0.59571236,0.103959106,0.01685586,0.10749597,0.48695686,16.035225,11.238742,15.458594,22.939981,42.92896,20.112738,43.766678,52.636894
1591,4290.0,32.97163,3.4819934,36.481434,144.92188,2.823398,0.26485032,3.3588278,40.45555,48.635654,22.794195,58.29768,249.9104,27.772554,3.3510914,33.861206,352.04617,0.3219272,0.16941328,0.3350592,0.607885,0.0759259,0.0073491805,0.09908976,0.610172,16.01639,10.846872,15.288202,24.403503,41.65928,15.714933,46.45161,59.34559
1592,4292.0,16.5178,1.9549665,23.479946,88.97205,1.6841481,0.25757983,1.770983,18.514252,79.609116,35.42985,93.29354,381.54166,54.37611,9.096672,50.384876,296.97952,0.40631136,0.21054731,0.4044195,0.6199634,0.09370822,0.021611657,0.09047105,0.65397847,14.923454,10.854452,14.193739,22.052355,36.05655,18.913622,35.926964,47.57688
1593,4293.0,14.152899,1.4652635,23.640327,89.813,1.3335578,0.22974895,1.6523043,15.850396,43.903084,22.066208,48.360313,263.4952,42.08594,4.833733,39.47097,333.6853,0.44203952,0.20027564,0.45428228,0.65156275,0.064623065,0.016579593,0.060695842,0.5840451,14.548238,10.520005,14.049346,21.251703,35.136944,18.58579,36.692696,45.61962
1594,4294.0,34.268642,8.441499,31.048262,146.97261,2.354845,0.46497107,2.8683627,21.67499,1414.79,283.64288,1322.3967,8745.578,634.99255,78.14905,554.36005,4272.3105,1.4387062,0.563992,1.5026156,2.046092,0.060580008,0.021254446,0.0474172,0.61985326,15.534109,11.4882555,15.828773,23.05007,35.07452,22.341305,37.159252,46.57037
1595,4295.0,19.657696,1.6248931,25.392567,92.257774,1.5225445,0.26413375,1.8365831,15.496604,50.512894,31.001049,53.69132,179.32784,44.899353,5.5224776,41.42118,345.8257,0.31937763,0.15114538,0.32004234,0.5935482,0.11453715,0.024048321,0.12746993,0.4591797,14.264322,10.489291,13.734086,22.329622,38.627533,23.668863,37.84597,46.953236
1596,4297.0,15.314966,2.2791202,17.824923,111.290924,0.91286665,0.19413677,1.1813842,17.77615,58.960545,25.68545,61.726955,368.46793,63.526604,4.152996,57.893642,299.48862,0.47319853,0.19669919,0.45369855,0.69089246,0.07274432,0.011033604,0.062784456,0.60962224,13.79801,10.446902,13.262992,22.072077,36.983326,19.001852,40.14366,55.80233
1597,4304.0,70.05456,14.358519,72.38176,221.52809,6.720842,0.867581,7.7682633,45.151318,4114.6914,1478.3427,4342.297,5474.4146,558.3324,97.833466,565.0593,3089.5476,1.0806085,0.4472146,1.0069534,1.8249499,0.13764352,0.024443815,0.13258891,0.6031437,17.54197,11.995484,17.465475,25.738356,44.551907,33.68572,45.505646,49.876392
1598,4312.0,57.567955,8.826534,53.25118,351.88306,4.1700544,0.5312497,5.644171,78.44526,2702.851,559.33356,3408.0608,9130.364,499.1844,41.59714,576.51605,4264.8647,1.0208085,0.27768978,0.90407926,1.8819715,0.111357935,0.013010759,0.13485864,1.5125399,16.222893,11.765138,15.665506,24.971039,57.92154,25.733442,59.10714,76.69021
1599,4314.0,23.36467,6.7625856,23.833065,103.117836,1.186947,0.2282509,1.5449873,16.802216,607.2307,240.55145,486.5981,2664.6714,440.33463,60.27696,364.12308,3856.7783,1.0740901,0.38310054,1.0898353,1.8113354,0.10705711,0.0198454,0.101839855,0.65672296,13.983617,10.285534,13.893972,22.45692,35.313927,21.91746,36.943817,46.01655
1600,4316.0,21.890514,1.0990835,33.58792,206.01205,2.3543377,0.2383353,2.837034,35.63465,22.264278,11.810817,35.13778,839.07715,27.325283,3.9085217,44.212883,170.78496,0.16031358,0.08699499,0.18380581,0.33127162,0.22822176,0.03845579,0.24641421,2.4766653,15.742707,10.845026,15.13836,26.171625,42.10124,20.496223,42.26027,65.31954
1601,4317.0,38.68944,6.572037,39.49103,109.74188,3.1098309,0.40369755,3.051011,18.019705,1046.2695,594.7489,1362.373,1839.1642,385.8619,67.6925,322.37128,1874.3933,1.133017,0.5922645,1.0976021,1.8174661,0.08859591,0.01997949,0.07216019,0.36770585,15.710543,10.892263,15.852379,21.304688,38.347687,23.959667,39.437668,45.692043
1602,4326.0,27.53,2.1309867,39.505844,612.44086,2.8412828,0.2947275,3.0848153,99.79423,43.540565,10.02492,41.951736,327.49472,16.395586,0.429595,16.972351,261.29398,0.15551293,0.05508083,0.14149472,0.26899981,0.26331592,0.012226104,0.16779242,1.8986746,15.41177,10.885395,14.462241,27.77536,52.574196,22.426336,53.66027,73.828674
1603,4327.0,214.5512,33.895298,257.5723,734.8337,51.884563,4.084512,67.18147,191.44298,393781.12,33971.24,435581.4,648329.0,6475.862,543.9639,6724.8975,19359.404,0.88746434,0.40954438,0.7940927,1.312471,2.629384,0.21346852,2.3762248,9.892921,28.344923,15.01868,28.93101,34.83132,53.21595,30.651203,54.129154,74.69897
1604,4328.0,111.00552,11.711899,114.71417,376.32703,17.411655,1.0337427,15.063546,76.346436,81066.36,3988.3425,43667.965,288319.94,3055.3477,215.44093,2929.122,11162.182,0.88947207,0.37542525,0.8540402,1.7470375,1.6501255,0.07877466,1.218988,5.9126263,21.130112,13.054424,20.988184,29.496204,50.699665,27.746626,50.71461,66.24741
1605,4334.0,46.75927,10.81968,54.577244,136.29689,4.4366503,0.48784387,4.9666324,22.147238,2390.4758,1069.7693,2397.3845,3091.897,499.27292,80.2929,443.89716,2404.284,1.0405487,0.54519176,0.9870863,1.7600543,0.1037656,0.027893825,0.09118035,0.39552233,16.609682,11.6489935,16.466196,23.00646,41.616177,27.203314,42.051228,47.41009
1606,4336.0,24.409695,2.7221375,28.380571,133.03467,2.357601,0.40528375,2.4159489,24.536934,63.28787,22.028463,87.96233,794.8296,46.126373,7.353813,51.110973,428.16345,0.39528757,0.17081052,0.40395042,0.6250676,0.07428597,0.017276596,0.06339285,0.6968556,15.725711,11.304197,15.421508,23.357693,33.426857,20.490484,35.631382,48.036545
1607,4342.0,29.722797,6.588921,32.32086,99.52895,2.2227592,0.32316524,2.665953,17.09351,351.895,222.3382,358.6444,581.667,179.01147,25.021538,165.18172,1374.3966,0.7120882,0.37453732,0.69009984,1.2091535,0.09839403,0.017698742,0.10195085,0.40891743,15.062501,11.124459,14.9250555,22.740149,39.027084,21.915522,40.123116,48.174713
1608,4345.0,32.63207,2.7611825,38.171673,132.9436,2.63874,0.3627603,2.901917,24.66446,221.86934,89.698944,198.38882,851.7642,77.6734,8.948615,79.08574,420.79782,0.3301365,0.16385578,0.3361911,0.58146995,0.17552541,0.022559736,0.2091604,1.1059688,15.582607,11.274012,15.214646,23.743938,39.984512,22.945156,41.832653,49.134315
1609,4351.0,28.592163,1.7070568,41.35389,139.45018,3.8692687,0.42307454,4.219203,31.82989,564.9265,120.917244,755.09814,3995.4958,215.60611,32.664932,235.06985,2164.8723,0.6200108,0.29480073,0.6300906,1.0331733,0.10336984,0.016609885,0.11213228,1.2290561,17.141872,11.5772705,16.239544,24.279764,39.18503,19.810785,41.943867,48.966118
1610,4353.0,58.783577,8.578175,74.99239,246.92407,6.265613,0.5267424,7.4756904,44.907005,1908.0886,563.78125,1981.537,2980.4207,316.83206,56.451694,267.0106,2148.5813,0.70258015,0.35309467,0.7242513,1.2103864,0.16608623,0.019518882,0.1399392,1.1338395,17.320333,12.071125,16.836313,24.495098,47.797096,21.713867,49.21464,55.684746
1611,4354.0,15.566199,1.4346893,18.353409,99.01526,1.2878293,0.1674727,1.3628321,14.967724,36.31318,15.70693,39.464504,175.87526,33.142174,2.357247,37.531155,301.3269,0.38389432,0.15285428,0.3890193,0.67709744,0.07837981,0.013473991,0.085220546,0.4452249,13.691275,10.367435,13.403113,22.053692,39.504658,18.225283,39.09818,60.4278
1612,4361.0,95.49769,21.884584,118.13771,338.96884,12.647591,1.9901096,13.945899,58.491337,37299.824,13844.174,37829.01,57586.824,3731.1367,383.6576,2892.7063,18828.793,1.1096541,0.43238,1.0572463,1.848976,0.8637324,0.15492052,0.6400417,3.780833,19.840952,14.308742,19.736834,27.64389,49.560436,32.66146,50.091286,61.33823
1613,4362.0,58.314667,7.3473697,54.828808,229.43184,4.74023,0.5417449,5.0154986,35.769558,1233.6252,350.658,1693.4579,3138.539,261.9488,37.722355,272.04517,1643.9766,0.9702169,0.50442034,1.0165884,1.3105336,0.094811544,0.014843897,0.09551499,0.5229151,16.444498,11.221291,16.053812,24.400679,44.563293,24.963463,46.13792,53.84786
1614,4366.0,32.214073,8.821854,34.06868,96.89536,2.4427056,0.2428383,2.7209203,17.98088,396.22803,214.97578,340.50577,761.46405,181.02135,30.943184,160.48405,1508.4575,0.6842398,0.33937734,0.67621374,1.1247106,0.11231329,0.01714317,0.13650204,0.6496582,15.203319,11.1583395,15.043266,21.909424,40.490093,18.01222,41.056755,49.931107
1615,4370.0,171.79202,14.859738,169.60286,753.63336,24.293137,1.4596107,23.236326,162.55887,106109.06,7294.615,79568.41,300630.44,3882.8667,324.61285,3267.7,18053.193,1.114982,0.45247746,1.0457209,2.0200684,0.99175763,0.10467332,0.9372318,5.7457867,21.418694,13.062316,20.80354,28.775343,53.156822,24.771849,50.685585,78.36875
1616,4373.0,28.99475,4.614803,26.374668,111.8785,1.7135713,0.35543585,1.6744382,18.580116,2171.5542,740.79865,2009.6124,2700.5386,1313.9364,81.23697,1364.8999,6069.8667,1.0004022,0.39527005,1.0563227,1.7440807,0.33792537,0.052395508,0.3993612,0.9051579,14.307706,10.90961,13.279311,22.336851,39.798973,25.460316,39.20801,51.10033
1617,4375.0,179.64049,23.250074,174.671,611.7838,26.602213,1.5908899,24.131939,139.20462,91322.766,4648.539,81371.84,224590.25,2597.8503,144.86786,2850.9067,9432.933,1.09184,0.4886061,1.0308836,2.1491373,0.6753685,0.055492543,0.75439715,3.2189848,21.698845,12.347862,21.200977,32.075222,53.634094,32.89884,53.109924,66.12586
1618,4379.0,112.94997,12.155004,123.8939,400.1431,12.999512,0.77939534,13.019376,67.70109,21813.865,1494.1437,16843.691,101959.84,2203.1614,190.7669,2077.564,12315.471,1.14648,0.46869978,1.1287683,2.0110996,0.42014548,0.031498753,0.4110134,3.635602,19.543379,12.276677,18.067793,27.463041,49.32621,25.28522,46.83174,66.63911
1619,4380.0,52.439137,6.8274717,54.972942,218.84775,5.012283,0.4808529,5.8577175,42.10353,3087.5034,713.88074,3081.044,5170.6104,497.1538,53.823112,453.52814,2468.6956,1.2371905,0.5672616,1.2123989,1.9974829,0.0817102,0.018727366,0.06416838,0.4863154,16.922922,11.687699,16.636675,23.995197,44.675114,22.807188,47.025158,52.005146
1620,4383.0,18.817959,0.7883763,22.557587,89.4809,1.5766586,0.23164302,1.5614547,14.294075,194.86276,103.42881,193.5524,392.7694,120.92578,21.55621,115.09382,1303.8381,0.48152795,0.24209642,0.48445183,0.80065,0.15892921,0.030512294,0.1927635,0.6716931,14.631034,10.898788,13.887997,20.748913,38.456158,23.23642,37.860874,50.705856
1621,4395.0,102.91751,14.954487,120.24865,427.43442,13.350953,1.4052632,15.0937805,92.76305,11074.747,1782.8951,11506.857,27567.396,758.6986,117.78369,702.8238,4440.1406,0.8871982,0.32489756,0.8486141,1.5464149,0.23076485,0.020282354,0.27509183,1.6687496,19.05534,12.990037,17.958845,26.101377,63.234425,32.831306,61.53758,81.2929
1622,4396.0,32.30146,3.2660418,47.141674,207.09607,3.9408753,0.3672359,4.8248534,46.085457,125.54503,34.13298,228.59982,1468.3231,56.92269,7.972608,61.88212,535.5561,0.40342912,0.19710071,0.40910193,0.62353265,0.074703395,0.013237378,0.07173135,1.112769,17.039976,11.022626,16.50698,25.812796,36.355064,18.912453,39.97547,50.33435
1623,4400.0,20.89961,6.5220733,23.331121,234.7637,1.1216993,0.20044664,1.3194289,21.094584,1153.7885,356.18716,870.77527,4873.8296,1153.373,98.157845,922.84546,7370.6914,0.8759569,0.39149415,0.92072815,1.6457695,0.39613432,0.038614742,0.40772757,1.5979638,14.03191,10.04928,14.271966,24.126127,37.12867,22.78521,35.95405,51.618534
1624,4403.0,67.36929,3.9848828,73.11658,219.10315,8.027613,1.6673752,8.138511,43.713474,376.6913,265.91434,342.49435,895.6171,55.265022,13.09454,52.311703,322.8974,0.26538068,0.15445834,0.26089817,0.52422404,0.19530615,0.050986815,0.2278338,0.89453566,17.744295,13.133008,17.374424,24.722843,49.28965,40.859333,48.585552,56.763577
1625,4407.0,42.87658,2.8304677,50.49034,193.02766,4.333134,0.35938346,5.35928,38.22501,837.94,306.9562,1072.5095,2016.0746,219.29672,43.838745,208.49524,2025.3374,0.60313225,0.318748,0.5887562,1.0867753,0.16460396,0.014772377,0.17886339,0.9935411,16.345137,11.319888,16.285648,24.914345,43.203373,22.703634,44.328403,51.933746
1626,4411.0,45.354,3.9650595,50.632153,259.4457,4.7982044,0.48857093,4.87586,51.37118,1029.0658,167.17418,796.828,2713.6614,187.71408,17.332952,193.44351,775.4447,0.35238114,0.167732,0.37020436,0.66130763,0.3846342,0.044760022,0.44577426,2.4639707,16.924904,11.885145,15.893732,25.410807,46.267914,27.993881,48.16937,56.82073
1627,4416.0,33.36067,5.920723,30.819138,352.81653,2.4201388,0.28906888,2.6232927,18.422115,1734.937,372.71783,1758.7552,4627.2026,491.41757,79.70073,623.8963,3785.7793,1.5396358,0.4924223,1.5761975,2.2278006,0.07315994,0.024138583,0.09869991,0.6225486,15.108575,10.854571,15.237867,22.723816,37.5943,19.230146,39.757862,47.753292
1628,4418.0,24.589386,1.4663627,37.991367,180.27557,3.6574187,0.31315774,3.768165,35.41449,35.77864,12.354177,42.018303,227.58507,11.989113,1.1647872,12.146875,117.64954,0.18320099,0.11700575,0.17628743,0.25846863,0.07362277,0.015958656,0.07504378,0.7935277,16.474815,11.266431,15.861114,25.878326,39.439255,19.400421,40.470257,50.777344
1629,4423.0,54.473026,1.4127164,74.942276,493.92682,11.439411,0.5030977,14.070405,69.50236,432.618,74.26924,607.72845,9318.467,46.830902,5.1034493,55.606365,391.16467,0.13745824,0.08715274,0.1264401,0.25026447,0.90531784,0.04500845,0.6958725,6.0771084,19.256203,11.937086,20.270779,27.879011,46.492645,22.613476,46.105366,68.93364
1630,4424.0,52.38682,1.2942989,69.02844,493.92682,11.42394,0.5051067,13.384,69.63953,461.20932,73.805,609.7056,5884.89,48.660603,5.4413157,56.695698,365.7468,0.13770999,0.08715274,0.12667112,0.25026447,0.9870462,0.052237313,0.7248422,6.1076655,19.266176,11.924288,20.099998,27.850744,46.48627,21.408617,46.12708,69.11566
1631,4430.0,85.87443,10.734282,78.08512,376.33817,12.643007,0.8536481,13.604021,71.6481,20522.447,1901.4148,24651.021,119812.43,1286.4615,97.40095,1350.5957,5120.1177,0.59737825,0.35060155,0.53613627,1.4800458,0.8435625,0.0457625,0.9085918,6.792634,19.953686,12.907233,21.636606,30.176266,46.019,25.800459,47.771786,66.32261
1632,4437.0,91.14904,12.490544,95.53739,303.57684,9.590142,0.7747469,10.820211,49.06526,10249.375,1867.5898,13063.262,23513.086,1355.1805,152.92656,1363.7152,5112.043,1.4146506,0.5856406,1.3527911,2.2316725,0.18125877,0.033195868,0.16952403,0.82709706,18.271776,11.592864,17.988987,27.16258,46.43517,31.755598,46.018887,55.53624
1633,4439.0,22.176346,7.9740224,23.352634,111.10359,1.3695314,0.16841412,1.4933568,22.457384,442.22925,182.81401,463.63922,2829.12,347.6575,38.46607,283.33078,5991.541,1.3246789,0.43248367,1.2930465,2.3681164,0.06908126,0.015786493,0.059190433,0.8952503,13.946842,10.206399,13.992257,23.54822,40.819412,18.060463,40.630375,54.971294
1634,4440.0,39.225067,7.4824486,49.36016,194.3092,3.6003084,0.42124495,4.2800627,40.09941,1419.123,587.95325,1573.3326,4093.5361,420.00235,51.30694,432.92633,2540.365,1.1185745,0.5251708,1.1171312,1.7163239,0.09727272,0.014363015,0.075761184,0.7999489,16.487307,11.413141,15.815603,24.126535,41.318363,22.935343,43.22939,49.62438
1635,4443.0,48.564465,7.780308,67.204185,176.6507,6.7766604,0.5884688,7.2515264,44.5544,6660.1216,869.8535,6753.304,12129.51,884.10925,106.13024,868.83545,4149.103,1.0859386,0.53778106,1.1262788,1.727123,0.18574765,0.028878516,0.21436575,1.306532,18.199533,11.924876,17.631327,26.282951,41.296165,24.6952,42.004185,52.61811
1636,4444.0,59.521984,9.405583,86.042114,303.8839,7.5911875,0.45348614,8.727797,62.259514,3806.6978,1205.5824,4573.5557,17495.986,615.0722,80.56865,654.288,3895.2356,0.98826355,0.41086304,1.0235486,1.8004831,0.1938652,0.012169173,0.20418979,1.9480559,17.836445,11.954662,17.649445,27.406143,48.409424,20.63398,50.655495,64.07046
1637,4447.0,44.708218,2.003469,65.07034,233.21162,6.8127303,0.6503801,7.668679,41.842278,77.363716,20.044077,89.75713,234.75038,12.003268,1.734822,14.4381695,113.51879,0.17930107,0.12443035,0.16682954,0.2615043,0.09122075,0.02236555,0.097660236,0.5755606,17.46278,11.7187605,17.29554,25.758806,46.644264,26.210794,46.730247,56.88263
1638,4450.0,20.493177,1.1570005,26.695974,90.47672,1.7400969,0.23349361,2.0191834,14.505356,10.279749,5.124157,8.861622,64.372696,5.6311736,0.81237596,4.779547,104.03211,0.16337024,0.10214325,0.16010165,0.25697666,0.053677104,0.013842349,0.040257063,0.5034399,14.583116,10.655396,14.573026,21.761286,35.87811,19.359102,36.06582,46.516186
1639,4452.0,22.495518,0.96593165,34.613575,504.2971,1.8964876,0.17921185,2.344074,99.418015,359.7128,64.22967,461.99844,3924.2144,200.63243,8.0869255,223.72414,1988.0806,0.634686,0.18089761,0.6344926,0.9556095,0.17801502,0.014291343,0.16471024,1.7775681,14.68622,10.627549,13.807085,26.664576,50.02942,19.560175,51.989716,73.12515
1640,4454.0,22.121859,2.5924377,26.548548,100.72892,1.7175312,0.32713604,1.8922004,18.565592,80.3153,39.640827,90.10715,484.33066,53.217815,8.193638,51.86669,300.7464,0.37724853,0.20364335,0.37221435,0.6312698,0.09949602,0.021331064,0.091643415,0.61494696,14.683334,10.988792,14.52346,22.081545,36.40388,20.774118,37.63325,47.602085
1641,4455.0,23.54316,3.9759274,43.25407,193.426,4.381825,0.3071687,4.9878244,38.942047,2482.8906,470.7793,3058.1519,6761.54,586.467,63.51458,732.35565,4313.0103,1.2932112,0.56065005,1.4620669,2.098045,0.081393,0.012435478,0.09309344,0.5979394,16.986376,11.391946,16.714888,27.471842,40.179066,21.605467,41.636005,53.349583
1642,4460.0,23.403244,1.9509562,25.888927,144.98216,2.0144727,0.39045286,2.0729954,23.700747,93.91712,34.298565,112.922554,1015.02484,49.61995,7.978132,56.071304,479.92242,0.3421675,0.15880825,0.3807361,0.59200656,0.099920236,0.018872187,0.10850312,0.9220438,15.241377,10.961306,14.784316,24.412342,37.523083,21.966581,38.025913,50.19876
1643,4463.0,28.420454,6.251718,35.317448,122.8213,2.036373,0.24235208,2.4839616,18.59446,946.3969,280.85764,1059.5621,4012.2625,430.88538,55.89344,459.5797,3758.726,1.2169194,0.46516898,1.2136137,1.988784,0.08731082,0.018928152,0.091652684,0.7451096,14.479051,10.569904,14.542536,23.3112,42.016098,18.542324,42.76584,58.363167
1644,4464.0,12.045359,1.1583161,15.854387,80.50748,1.0975895,0.14008099,1.0515051,12.766219,18.819603,4.2427135,21.954327,97.4488,15.904089,1.7397611,18.109587,275.0037,0.29104277,0.13987465,0.31606656,0.56190795,0.04943042,0.013591065,0.048815347,0.33639637,13.992619,9.651156,13.760989,19.960487,32.644535,16.683712,35.05009,46.825073
1645,4466.0,53.23424,5.829226,50.13116,627.4053,3.9933383,0.48432732,3.7197216,133.49696,269.35165,67.04447,346.44232,2191.458,67.026695,2.068009,89.02765,477.24673,0.41667086,0.11418454,0.45935488,0.67086643,0.113901645,0.010099983,0.15749504,1.8179381,16.106148,10.884667,14.701683,30.156223,55.485596,23.19894,54.658287,76.71487
1646,4472.0,20.295311,4.1818075,21.963715,103.605576,1.0127343,0.1968061,1.3621583,25.041204,591.1169,124.15063,440.9412,2644.6345,446.88474,28.700512,387.8623,2385.6729,1.0023545,0.3744618,0.99536693,1.797514,0.12135178,0.013435095,0.11485609,0.9345945,14.056385,10.65968,12.894033,24.145315,38.063198,17.654425,43.17744,60.35777
1647,4478.0,41.47735,6.2739515,37.781193,347.318,2.5974655,0.5697402,2.7532222,43.109684,1436.2915,381.86182,1048.893,11950.96,556.7177,50.232677,500.61176,4130.5273,0.7774088,0.3065049,0.7692909,1.7081058,0.26932487,0.04820287,0.22967537,1.9220566,15.359481,11.438458,14.636551,27.140306,47.2942,33.270935,45.599117,71.19388
1648,4482.0,26.647352,1.7352128,29.916597,96.66753,1.8976077,0.31611377,2.101205,16.996887,187.43538,90.68512,181.23235,468.8938,132.92134,10.848274,155.03763,750.3889,0.46761495,0.24127378,0.44200906,0.88906395,0.15647174,0.022167172,0.18205288,0.60584414,14.692996,11.00032,14.18174,21.859177,39.612732,20.525442,39.213474,48.47049
1649,4485.0,31.053074,9.705986,35.370594,111.04755,2.037088,0.24664983,2.4960651,28.129469,656.9657,230.79091,674.38336,2355.8108,371.1566,41.270485,321.27344,2666.1128,0.85677856,0.37433273,0.8732085,1.7714735,0.13657248,0.017226525,0.15264341,1.1820751,15.180795,10.877489,14.598981,23.392628,40.354782,16.835115,42.06626,50.04919
1650,4486.0,41.76428,4.8640375,52.447395,311.82782,5.633778,0.6903857,6.2720423,52.10551,196.96288,80.29822,200.11697,409.1559,40.112274,5.982993,43.789932,432.86087,0.2506898,0.12517641,0.28902644,0.45300707,0.16366237,0.01952167,0.16906327,1.1995902,16.70706,11.93046,16.338537,25.225086,51.304573,27.928621,51.734024,62.668003
1651,4487.0,90.35471,14.818273,79.10886,191.48167,8.241485,1.0439805,9.150245,37.7024,4625.2305,1207.0422,5599.2144,8500.401,651.4675,162.08415,604.5413,2696.6628,0.9670804,0.47079104,0.9314789,1.627052,0.17205338,0.05400642,0.15235214,0.7580533,17.768953,12.878185,18.265755,25.765371,43.71829,25.98304,44.83831,49.80898
1652,4490.0,94.73306,4.08657,101.26194,1051.0338,16.230902,0.59267336,15.858687,204.29225,5640.2134,112.2099,4494.682,25097.527,184.57506,18.919939,242.47224,1288.4108,0.30832613,0.14217578,0.3306601,0.52492654,0.73559386,0.049289457,0.7051283,5.7614245,20.785309,11.977734,19.92427,29.232443,48.006504,22.316896,49.407875,73.793625
1653,4498.0,54.67018,4.3004713,70.284256,252.80466,6.190058,0.8395066,6.854405,47.77116,431.481,219.43584,435.1305,852.3187,99.02309,13.756207,102.98295,519.84937,0.2780302,0.15709871,0.29408267,0.42322725,0.2899474,0.06036658,0.330137,1.4421738,17.265665,12.437728,16.373213,24.413742,47.318485,37.068398,48.386963,56.27309
1654,4500.0,13.501521,2.985917,16.704718,106.41686,0.68584424,0.10619301,0.9090576,18.942284,264.33963,77.58205,394.5621,5583.6387,422.29245,21.860106,308.02643,2249.5217,1.0042447,0.40994063,0.9763174,1.6499597,0.0951724,0.013757418,0.07544303,1.5832185,13.57118,10.016603,13.564665,22.888083,30.945057,17.607134,37.032585,59.121685
1655,4502.0,9.745198,3.0313637,10.931498,96.04606,0.48787105,0.062114466,0.9248745,17.158628,219.32788,87.83081,272.00143,6404.5557,354.1137,32.004074,299.196,2903.4395,0.9525816,0.43312383,0.9130201,1.6690221,0.11866958,0.016886275,0.082829766,1.5012063,13.697152,9.541793,13.53516,23.093998,27.131903,15.947601,30.438442,48.53577
1656,4508.0,93.56186,9.662496,102.54649,418.03467,12.636327,2.4260728,12.250527,81.800896,1070.1998,410.50293,962.1962,2296.628,102.262634,13.799203,116.829865,652.99054,0.2607055,0.109919496,0.2874385,0.40593874,0.3825693,0.024084333,0.53387934,2.4611878,18.79889,13.578842,17.634344,26.284996,57.495056,31.545444,59.100212,70.06786
1657,4510.0,97.5029,9.651315,120.26122,504.4137,12.475013,1.7198923,15.170171,110.06171,2230.7773,720.89465,2333.6514,3175.6533,171.80061,23.173721,172.36525,1162.6442,0.29703292,0.12535632,0.3006337,0.48273477,0.5102054,0.081704065,0.52681524,3.127304,18.739902,13.348282,18.802654,28.20043,53.197876,34.549618,53.682022,62.380077
1658,4514.0,17.79289,1.8633004,20.845264,82.70214,1.1671655,0.09603927,1.4938812,12.867475,28.561457,13.443788,30.983763,93.49728,30.381964,3.264534,26.285828,276.2424,0.38538584,0.18603367,0.38929036,0.5440024,0.060368173,0.014799371,0.059611276,0.30828935,14.560806,9.634448,13.911524,20.559723,32.29579,18.45197,33.63611,46.257954
1659,4515.0,9.13974,0.2210698,13.4233675,128.98927,0.7013289,0.110427186,0.9359432,24.466518,241.14958,34.535843,237.83647,12511.57,256.53586,20.016788,271.7152,2073.2908,0.5538875,0.24821903,0.55138886,1.1427591,0.120070316,0.012997211,0.1777041,2.8686192,13.966609,10.018826,15.210074,25.518166,38.518154,17.479801,38.56095,69.68068
1660,4522.0,18.038507,1.8602636,17.756191,120.661125,1.2221323,0.11673698,1.4569387,20.618055,718.318,79.1121,755.6197,2415.8936,487.5764,36.092594,463.40738,3977.4375,1.4571174,0.50721425,1.3906053,2.0046103,0.057056732,0.01458915,0.09689683,0.6807477,14.252817,9.572127,13.637669,24.743368,34.771492,18.571102,34.86737,46.51245
1661,4525.0,20.214277,0.8748479,34.23938,144.9073,1.795559,0.23661424,2.5908844,33.17621,399.536,133.08104,387.82513,1825.1345,218.45729,29.23551,224.8296,1796.8281,0.644422,0.27900138,0.66432124,1.0342083,0.12714604,0.011075088,0.12925886,1.2920135,14.741016,10.941835,14.204765,24.637804,43.941257,16.221424,48.72681,61.867218
1662,4539.0,37.146606,8.505546,41.656208,154.96016,3.45742,0.5149375,3.3818896,32.752144,909.2353,792.90814,760.71606,1494.6589,249.48842,49.00864,242.86577,1802.7317,0.65003026,0.28307578,0.64794797,1.1386222,0.13825181,0.032175075,0.16747579,1.071592,15.906159,11.78635,14.500796,23.12554,43.652737,30.320024,44.135777,50.909363
1663,4543.0,26.396862,5.4083853,29.396833,125.568794,1.8120306,0.2432086,2.2449684,20.885992,518.4475,203.8693,519.9297,1500.5266,265.8678,26.666464,249.43384,2188.8042,1.2386582,0.42681774,1.1257395,1.9929507,0.06060018,0.014377097,0.079509355,0.34090185,14.675854,10.511697,14.785689,22.582237,37.550232,21.43204,37.8096,46.81367
1664,4548.0,10.68818,1.2021122,10.854359,93.21959,0.7212091,0.13008542,0.76997745,14.145398,16.610167,4.6494007,20.144798,188.01813,25.818745,4.401086,27.621601,442.6942,0.3002894,0.11500293,0.31889543,0.54127043,0.095666744,0.014137008,0.098671824,0.7011603,13.478644,9.606787,12.98385,21.234896,31.060907,16.1307,34.946106,46.537422
1665,4550.0,42.459984,7.9811296,39.67275,154.84169,3.5482862,0.48743734,4.098171,23.729889,2242.621,392.7063,2656.8962,10027.16,752.95056,97.35381,722.54,4820.4814,1.4133041,0.5605571,1.3926276,2.058379,0.07857184,0.021518365,0.06560263,0.7576563,16.611816,11.627531,16.658272,23.164703,35.864323,21.199383,38.12323,48.61348
1666,4551.0,35.6412,5.1280518,38.756504,112.1207,2.9349136,0.41633588,2.78299,19.959597,734.4679,316.23117,599.74554,1078.7777,247.6051,33.720978,228.97827,1303.449,1.0153964,0.5314863,1.0155016,1.7963961,0.07268237,0.017085264,0.062700175,0.29733548,15.668203,11.37905,15.196455,22.794447,40.078735,22.6082,41.283302,48.37324
1667,4553.0,82.96868,14.264531,89.8594,223.04561,8.446895,1.3412709,10.186244,45.951447,5567.389,2552.1365,5469.66,7056.7515,669.1461,119.489944,627.7578,2720.6318,1.0317293,0.49075657,1.0452021,1.5728145,0.14025544,0.0465242,0.120228894,0.67439747,18.153774,12.939811,18.090857,25.16569,45.51617,39.100586,45.997593,49.043816
1668,4559.0,12.6115265,2.872588,10.718895,90.96811,0.68623865,0.11475924,0.7106858,14.544147,113.26461,59.293938,101.95595,895.3391,172.04805,28.769102,146.1415,1420.8125,0.79949313,0.45089406,0.81407154,1.1892732,0.07399441,0.022103129,0.06609773,0.5375761,13.557362,9.786945,12.654614,21.628815,32.458042,20.68495,32.96569,46.01259
1669,4564.0,15.612173,1.8703312,25.315496,188.27354,1.1098467,0.21208994,1.4459667,37.948395,90.385826,17.735794,130.21977,570.6824,87.70722,4.1731286,93.30916,402.40454,0.34055647,0.13124344,0.36315235,0.5408547,0.16641882,0.010521749,0.22084342,1.4305453,14.253383,10.301416,13.110109,25.215984,46.244194,18.52956,49.821625,69.828384
1670,4567.0,41.520813,3.7466202,45.665424,154.38406,3.8588657,0.464402,4.180612,28.520235,93.51141,57.356594,99.514534,215.26596,30.678719,5.064917,33.514763,306.83008,0.24678954,0.15256324,0.25157475,0.4717079,0.10530501,0.015434526,0.11913205,0.5271156,16.337574,11.129045,15.88725,23.29724,41.69911,27.238298,43.43194,48.650127
1671,4570.0,111.52749,11.720726,123.38935,443.70187,17.216908,3.1771421,16.685036,104.32112,1174.0475,482.07266,1104.4038,1799.5461,85.29208,11.817203,86.503105,458.4914,0.24176124,0.11763744,0.2492448,0.44386622,0.30048108,0.033639487,0.34343198,1.938086,19.835308,13.555497,19.714558,28.036243,57.410553,34.780052,57.97123,66.56538
1672,4573.0,46.74866,3.3302753,52.133778,150.32394,5.013943,0.6117039,5.1797414,47.591763,179.79689,48.661198,225.14536,680.25397,34.446182,3.834831,45.779568,408.44986,0.27671602,0.1294743,0.30166432,0.50908303,0.11174601,0.015292376,0.13505916,0.8195053,17.157001,11.356013,16.326923,26.405529,43.605415,27.789352,43.677883,53.345894
1673,4574.0,42.842033,2.9787853,50.101124,198.51514,4.442337,0.46354434,5.5110927,46.89539,167.06827,33.48458,256.23962,1059.6722,48.469315,6.9038696,62.67373,509.63904,0.31365648,0.13934058,0.33832827,0.52608573,0.11756987,0.014260276,0.110385485,1.2075961,17.12675,11.609559,16.424273,26.046541,41.981144,22.062683,44.448257,52.6641
1674,4575.0,102.963554,6.607312,113.09694,795.0574,17.483486,1.1186486,17.69749,158.41399,6739.9785,656.8138,8060.616,18089.107,321.15735,39.597626,355.96066,1481.3092,0.3071255,0.14538401,0.32975554,0.508308,1.1732064,0.10796895,1.3193736,7.2846956,21.90828,12.7988,21.180222,29.050728,49.464317,22.441519,50.17098,76.85013
1675,4579.0,32.10245,1.884831,81.96719,255.6014,9.00255,0.6948995,10.056747,46.877907,2795.2056,1226.8773,2664.0095,3121.4026,270.90533,64.38142,231.16692,1750.7125,0.58361816,0.28362796,0.61687887,0.81502116,0.22420582,0.036138512,0.24480371,1.2028576,18.097618,12.674186,17.708426,24.390724,49.081825,31.87354,49.393116,58.912094
1676,4581.0,28.823536,3.9841642,40.955723,161.88249,3.7199376,0.37571895,3.8415155,25.948782,997.3196,450.6915,1159.9789,1576.8325,283.72446,56.23981,287.1516,1330.9635,0.9219645,0.48683292,0.94036967,1.3437706,0.090620086,0.017005982,0.08913958,0.42161348,16.440582,11.181204,15.537994,25.595802,39.44655,23.666586,39.865295,48.0948
1677,4583.0,87.492065,18.495935,97.63536,247.79701,12.500278,2.2210655,12.380788,46.488598,9219.781,4868.4785,8245.993,28959.264,839.3256,179.51,858.5703,3802.1697,0.6861393,0.36692208,0.6666512,1.451443,0.41272566,0.037938457,0.44590276,3.186514,19.528616,14.123643,19.515944,28.073227,48.5693,38.175068,48.567883,56.848717
1678,4585.0,56.546764,3.1008837,63.210148,940.8374,4.657602,0.35145175,3.8431687,198.33102,327.91275,47.118385,535.6894,2407.299,161.51038,5.268942,189.6318,587.0126,0.36701572,0.14002803,0.4026158,0.5459444,0.14793597,0.010722025,0.36048558,2.7407532,17.630974,10.906425,15.838594,31.875162,50.17478,18.454798,52.626713,80.14747
1679,4587.0,57.974228,12.568474,54.325863,203.51955,6.2372046,0.594724,5.4237604,43.593685,6116.3477,2267.2537,6235.1675,9928.807,1191.9022,116.543274,1340.176,4460.7637,0.958461,0.39610174,1.0426809,1.7197015,0.29662842,0.040476948,0.3892956,1.4972248,17.685257,12.216237,16.754827,27.189774,44.341843,31.07217,45.048042,51.008682
1680,4594.0,116.80252,8.674983,122.9776,472.34677,15.225395,1.8479214,15.263455,98.51474,3417.48,1081.77,3588.11,4503.4565,227.02936,38.97073,247.20174,940.7866,0.29847866,0.15100111,0.30061325,0.4807054,0.51900834,0.09520801,0.55662113,3.0575042,19.407572,13.521683,19.122938,28.267946,51.751404,38.214386,52.66418,62.487595
1681,4597.0,59.11087,2.1316826,83.49694,247.84926,7.3646054,0.63664407,8.37738,47.116932,2595.1292,715.4135,3219.1936,4374.1797,284.58377,75.72363,273.16577,1890.9906,0.66717553,0.36985013,0.67452925,1.044048,0.19030005,0.0365891,0.22122896,0.7872269,17.73009,12.138935,17.341898,25.841562,45.211014,27.157885,45.655617,54.1486
1682,4600.0,36.84624,3.4709039,41.081734,124.7548,3.0314157,0.3325709,3.7148364,25.651136,69.016815,36.302437,89.9077,182.19057,24.927496,4.304991,29.605318,366.29675,0.22793019,0.13237014,0.24052066,0.46992272,0.116603985,0.018716697,0.13813378,0.6250059,15.937681,10.856419,15.735981,22.732386,42.146374,24.447609,42.91512,52.718044
1683,4604.0,75.22906,3.9746103,54.28879,1452.9622,3.897389,0.5981914,3.6192281,205.27357,238.68596,62.034298,358.71317,2460.7507,90.864105,3.826963,138.41103,443.99307,0.34443188,0.11290635,0.37531486,0.5666038,0.0991113,0.008979436,0.22416207,1.392476,16.389332,11.016868,14.289886,30.603813,57.679634,25.508604,57.104847,81.87158
1684,4606.0,61.97147,5.9160957,65.90192,201.0632,6.8207383,0.7798767,7.786897,38.275684,331.81006,109.93755,420.33112,578.95135,55.52362,13.019207,57.653255,429.10504,0.29810485,0.15663852,0.30118713,0.49195796,0.17393394,0.037998725,0.18642634,0.8931873,17.405378,12.300714,17.1747,23.84105,44.193436,32.05119,44.48668,50.44648
1685,4608.0,43.30501,9.561137,47.61454,179.37009,4.3397384,0.56182873,4.793795,38.779488,883.1317,560.51587,802.4747,1799.9546,229.92677,34.112556,218.92426,1695.2021,0.72243184,0.39714956,0.7264875,1.1935687,0.11902355,0.0142862275,0.1477028,0.47253108,16.773485,11.581302,16.312193,24.666862,42.391045,25.173986,43.88198,49.054585
1686,4609.0,88.107956,4.1283526,97.33001,550.117,15.620788,0.85188466,15.258665,121.414825,2928.2563,129.66336,2716.8645,10206.769,156.24146,16.483171,259.3892,848.0899,0.28633526,0.14703222,0.30719703,0.5139114,0.7529027,0.0419477,0.74212277,4.75669,20.328018,12.224562,19.496933,28.727236,49.898186,24.720972,49.984898,65.08088
1687,4612.0,19.43095,2.4909706,32.214344,406.27698,1.812124,0.21570916,1.8869323,117.577805,517.67004,68.50184,453.9208,3268.4014,209.95631,5.5080094,292.06244,1754.1295,0.5034623,0.13055015,0.5165791,0.97257155,0.23784035,0.014341677,0.2827249,2.663127,14.838584,10.957801,13.532761,27.487011,54.0544,18.01315,54.30382,75.85251
1688,4613.0,21.44954,1.3285879,37.269962,188.92085,2.5048811,0.4283723,3.2804122,41.740067,219.12027,83.67218,218.79108,719.9307,95.06122,6.2782087,115.40761,1063.8218,0.48753527,0.21440834,0.4733982,0.9981346,0.10975739,0.010374052,0.12091185,0.87742037,15.341997,10.851728,14.929338,25.433973,48.936905,24.498583,49.664772,64.25121
1689,4620.0,54.239407,10.929942,65.610634,273.1569,6.498839,0.69284195,6.701977,55.335823,4401.3457,1184.7135,5628.805,9781.15,784.26636,74.49116,746.4287,3328.5225,0.8445589,0.3917737,0.893855,1.6361943,0.2931634,0.033397034,0.35212344,2.1521735,17.482594,12.38762,17.18346,26.37698,45.00692,27.533857,46.402588,54.32461
1690,4625.0,58.32292,10.538928,54.844334,218.17776,5.690901,0.9626927,4.952847,43.05583,5420.65,1838.5073,5351.3086,9807.22,1161.0137,149.82967,1212.2456,4214.952,0.84055144,0.40064192,0.8186886,1.4403155,0.46914807,0.07642418,0.48322487,1.9447365,17.389685,12.854637,16.507849,25.125263,44.582096,26.432034,45.81011,55.86453
1691,4628.0,44.77746,1.6040009,50.724823,155.1169,4.292836,0.6568116,4.7478976,33.390125,862.3968,365.3959,833.06525,2339.6492,250.04292,39.906338,257.39575,1605.0703,0.57056487,0.329357,0.57570434,0.90255696,0.19326892,0.024228755,0.24435675,0.80460286,16.437658,11.822044,15.769534,24.19087,44.210648,25.053795,46.970154,55.30756
1692,4629.0,13.9855995,0.45193952,28.37235,108.99544,1.3432394,0.16815422,1.7024206,22.351225,285.23602,60.65035,304.83072,1700.858,218.26976,31.216337,244.73604,1623.953,0.6999705,0.27163124,0.6969704,1.0361654,0.13259797,0.016151153,0.15630242,1.1085484,13.941239,10.319847,13.389882,24.350187,43.37146,18.470789,44.971607,66.81455
1693,4630.0,124.47795,13.335161,112.98412,1038.8296,17.506042,0.6798551,16.590124,210.50708,60517.496,1150.8048,27157.559,283015.8,2002.3962,121.28353,1544.3179,7546.2236,0.86590695,0.40237808,0.86800826,1.7783172,0.74606,0.05246528,0.6687265,5.67981,20.948946,12.207532,20.084122,29.2994,49.038216,23.528875,49.54757,74.61045
1694,4634.0,28.991547,1.8290763,31.412788,110.522835,2.5967126,0.3319893,2.6246898,18.03271,46.68169,15.263244,56.423275,89.79995,24.08032,2.6730008,21.919655,198.85602,0.3218952,0.17592452,0.32307288,0.53726864,0.05584353,0.013427671,0.051959362,0.31019014,15.455371,10.977669,14.948343,21.910387,39.290943,20.335157,39.236763,49.52222
1695,4635.0,71.377144,2.465213,95.263954,393.31723,11.359918,1.0549872,11.912104,75.69673,3967.2544,818.6174,4604.5015,8414.985,329.16223,45.865555,321.695,2015.0242,0.543355,0.25486064,0.55327386,0.92758995,0.312743,0.03771744,0.37452674,2.4214437,19.381575,12.727221,18.759396,27.792713,47.60873,22.072699,49.14602,56.81833
1696,4638.0,22.120867,2.0093746,38.017513,221.89685,2.3810084,0.13237846,3.9216063,45.348972,427.23428,45.62405,488.31552,3457.0684,150.21431,7.99765,169.99141,681.8914,0.27018008,0.12756608,0.25348818,0.5567618,0.54061174,0.012914072,0.5129198,3.671365,15.702656,10.03879,16.971664,26.64495,43.76227,15.316617,48.341167,70.964005
1697,4640.0,38.6272,3.2407966,56.119587,238.546,5.095517,0.57802874,6.052903,49.163788,238.26521,132.55014,235.67311,470.87607,55.40968,7.7538238,64.406685,542.6875,0.23044159,0.113792755,0.23920752,0.46158722,0.26043615,0.03602067,0.30046275,1.4443841,16.386091,11.802969,15.796333,24.69864,49.270523,29.177296,49.687016,57.276833
1698,4643.0,70.98854,10.062631,66.92189,264.20834,9.162219,2.6179285,8.11957,54.627808,1699.2407,680.3717,1457.7386,3770.0203,197.16875,40.902344,194.78426,972.95764,0.21088973,0.11806726,0.22421698,0.46251795,0.8136814,0.14287503,1.0117443,3.400221,19.217167,14.896007,18.614054,24.444633,49.376274,35.944305,48.02537,62.732407
1699,4647.0,10.295803,1.020608,17.628996,94.2732,1.210053,0.15138067,1.2243941,16.302755,87.33313,30.693796,80.87029,269.79782,74.711845,4.4674006,72.425735,592.4934,0.48336542,0.22116892,0.48160753,0.8719683,0.0946864,0.012794958,0.09100518,0.50352544,14.094239,10.491968,13.159501,21.524393,36.98906,18.926714,39.208424,55.806286
1700,4649.0,58.132206,4.1598577,72.876366,240.86089,7.481705,0.6612421,8.468098,43.43046,545.5404,150.24626,512.10254,724.93494,70.50193,14.749737,68.55572,442.2507,0.31490868,0.1627042,0.3297058,0.5020721,0.18117249,0.0355929,0.20901622,0.8517861,17.518967,12.20732,17.06063,24.541187,46.26679,28.101107,46.826733,56.976616
1701,4652.0,15.545454,3.3648646,12.285038,112.30293,0.5121048,0.11572477,0.5594707,17.990343,398.23904,63.57909,253.8745,7626.7627,473.6687,27.931854,368.109,3317.5764,0.9498781,0.32480747,1.0108274,1.7972581,0.13232677,0.015970629,0.09191072,1.6773684,12.826075,9.809393,12.2796,23.124903,32.90957,19.497759,33.868156,57.826614
1702,4656.0,14.580248,0.48141524,25.48474,200.4299,1.5264283,0.14485799,1.9681833,44.489853,162.5125,52.843033,199.99504,12950.704,228.78172,21.6216,294.5684,1995.3861,0.5436209,0.2674288,0.5461216,1.0228524,0.18968435,0.022627134,0.25037253,3.1588938,15.613764,10.587404,14.852971,26.818392,40.71977,17.337526,43.694485,66.201065
1703,4658.0,67.593994,12.855212,80.85294,251.83241,8.281538,0.61911494,8.151256,50.53498,5361.32,1078.2495,5861.209,9924.045,553.9964,71.46746,544.31604,3197.8354,0.74506027,0.37867066,0.73526025,1.3116001,0.25033268,0.046994388,0.27652937,1.6259822,17.935717,11.992604,17.458921,26.439732,47.431023,29.823677,48.588223,57.362568
1704,4663.0,18.877935,1.7327449,24.482403,191.35162,1.701494,0.1868159,1.9449313,37.21687,64.60979,18.427399,92.780426,1648.0415,71.06247,5.4773006,106.7123,490.01968,0.2834152,0.12555653,0.31185806,0.54921746,0.17203516,0.028890483,0.1959333,1.9856186,15.339834,10.37873,14.398607,26.025677,41.32253,18.647339,43.929367,67.46517
1705,4665.0,110.13306,17.436253,115.09332,395.9083,13.150799,2.3666701,14.48226,76.72175,8733.634,2440.927,7782.567,23444.836,617.99756,117.06906,524.384,2213.2537,0.7691902,0.3407852,0.71554446,1.1965281,0.3120047,0.024668101,0.32322982,1.6270913,19.224276,13.481848,17.818678,27.383131,61.262066,30.320229,60.775417,77.25196
1706,4666.0,59.836205,3.4863083,76.132965,251.85364,8.432448,1.3587917,7.6841755,47.03908,1815.6572,684.5155,2144.1804,3195.5674,264.1883,40.387207,305.07806,1032.5275,0.423683,0.24158964,0.43413773,0.7447069,0.29872692,0.10268557,0.3684097,1.456717,17.964113,13.396041,16.83715,25.786386,46.325974,38.077145,46.651413,52.493607
1707,4667.0,41.995125,2.8569546,46.750156,153.62431,3.324097,0.40540442,3.9635143,35.041107,111.35233,59.202488,130.24995,422.73132,45.710133,4.882076,62.6861,461.19748,0.23956761,0.124914326,0.253778,0.49065256,0.22577907,0.025401825,0.2007951,0.9381123,15.8655405,11.018241,15.253874,25.269989,46.539722,29.629204,49.009193,62.986763
1708,4670.0,94.31069,4.08657,101.0311,1050.7673,16.201666,0.5801907,15.829068,200.38174,4855.0186,110.69714,3816.1445,20276.932,184.16107,18.299767,227.05989,1252.2218,0.29085556,0.14143312,0.3135662,0.5134881,0.7226808,0.048706017,0.6965494,5.869134,20.785309,11.897204,19.91678,29.152096,47.966156,22.238808,49.378387,73.793625
1709,4671.0,168.00317,6.180285,209.28912,716.42163,33.60237,1.844074,37.881226,186.16681,22828.775,3625.6208,20963.33,57013.047,1014.15704,99.060875,804.017,4150.235,0.4594622,0.2685215,0.4540266,0.89461404,1.0423578,0.16213354,1.0409527,5.0661736,22.694857,13.610082,21.8939,31.936348,55.634995,25.120451,56.33501,83.6316
1710,4676.0,43.935158,8.851126,48.316944,192.09744,4.311205,0.76176834,4.854427,36.56441,638.6072,272.70413,827.01953,2574.9753,192.31383,34.71264,203.17143,1469.2784,0.6929566,0.35212767,0.6726715,1.2545918,0.12781398,0.011692371,0.1509206,0.6766314,16.547848,12.206768,15.748906,25.41309,46.23615,24.602509,50.56667,67.7409
1711,4678.0,118.67771,9.612925,95.74445,840.9204,16.996359,0.8427626,18.207403,164.21535,82899.95,1979.7255,42731.68,183703.36,1791.2137,159.84001,1782.6224,7387.376,0.6365629,0.3518216,0.6039878,1.2246927,1.698767,0.06961514,1.203397,7.2800126,20.906048,12.508203,21.864286,29.24735,49.528053,21.896473,49.72374,77.453995
1712,4681.0,89.843025,15.594,104.51968,434.758,11.555,1.9625607,11.600413,93.69879,6487.291,1885.0991,7069.2734,27076.277,677.0925,113.591034,811.18085,2652.997,0.81333584,0.39275447,0.7525698,1.393204,0.27475715,0.019937398,0.32572746,1.6419076,19.177011,13.449341,17.67928,29.132921,56.363342,28.9762,57.48416,76.41264
1713,4682.0,104.872795,9.875585,97.843636,786.3086,15.200628,1.0421671,14.098961,160.43945,31268.115,2684.001,23665.025,122186.35,1654.5148,166.08792,1659.7639,7214.6035,0.7186833,0.37072062,0.69958764,1.2213949,0.9958874,0.09542558,1.072957,5.857873,20.72949,12.79944,20.10894,29.433432,49.40916,22.610775,50.191685,77.47351
1714,4684.0,109.6011,15.026735,100.556015,410.463,10.190403,1.0628757,11.0460005,93.599525,2265.7234,514.0456,2654.427,8102.9683,268.97983,53.037296,247.74008,1781.2246,0.64335394,0.25701535,0.6229493,1.1666869,0.16520415,0.013550956,0.22462653,1.5907285,18.086946,12.296563,17.62298,26.629803,63.302643,34.665497,58.889523,83.60853
1715,4688.0,24.00365,4.1823525,27.060701,485.6704,1.9408655,0.2920149,1.775464,18.375727,897.03357,505.94354,1113.9287,2334.0842,589.687,60.953728,551.2638,2932.5461,0.8215229,0.38185707,0.8381611,1.5253848,0.22731523,0.031953827,0.29988483,0.8626676,14.531777,10.64112,13.950318,23.698048,39.252384,26.52403,39.637444,52.298748
1716,4689.0,26.84527,3.1298537,32.16444,137.14772,2.5669665,0.3545701,2.7151554,23.009394,68.03934,21.891073,95.92222,560.4348,37.936295,6.109164,48.691944,457.05972,0.30463696,0.13991964,0.32134947,0.52871215,0.096621655,0.018576525,0.09646612,0.9589691,15.74795,10.941164,15.468049,23.744917,37.553646,20.561218,39.863625,49.45906
1717,4691.0,45.32301,8.192298,57.12358,219.66719,5.4565263,0.7385063,5.4173994,42.529213,4735.3438,1466.9597,4543.13,7169.3354,626.7639,90.692566,668.7467,2723.855,0.7898458,0.2822308,0.8075435,1.4653697,0.3175755,0.038558885,0.29678747,1.5459833,17.017561,12.6126,16.160994,24.463785,46.05486,25.77555,47.49061,55.79708
1718,4697.0,113.410904,10.28083,147.36531,913.8662,34.450085,2.5356605,36.346813,243.18896,21950.574,1640.2181,41751.48,70174.68,535.7681,64.89719,671.6053,2095.8303,0.30457798,0.16601239,0.329133,0.49228528,1.6567193,0.21370503,1.536443,8.428391,23.709627,14.524326,24.257254,32.92712,53.413475,25.970371,54.94312,83.20946
1719,4700.0,82.1904,4.065178,93.68177,480.74677,9.763878,0.652749,10.056579,99.75017,780.868,97.095955,911.6056,2428.2107,99.97522,10.346501,124.48645,599.7684,0.29199514,0.1329197,0.3190967,0.5115888,0.3019837,0.019454582,0.3534132,2.3950524,18.979298,11.918926,17.499117,29.79277,47.935886,24.835035,48.707657,64.72608
1720,4701.0,124.73535,3.6689677,143.20058,768.2711,24.296576,1.4251506,22.994154,185.8957,17711.426,1749.2723,18519.281,56159.188,919.7961,90.20107,813.3983,3982.953,0.4642025,0.25681224,0.46279153,0.7612607,1.1504719,0.12747838,1.0823045,7.485762,22.553146,13.223641,21.732246,28.601707,51.80836,24.199793,51.38756,75.3782
1721,4704.0,23.49809,0.90358025,54.39137,326.2469,5.410059,0.3843814,5.4552655,46.288525,1001.04785,104.48335,771.27136,15908.5205,261.36365,14.745589,337.65762,3395.5024,0.44320956,0.22117871,0.42916965,1.1503136,0.3390966,0.027561015,0.44487303,3.7846248,18.067461,10.795172,16.013323,27.836067,42.93801,22.145124,43.71559,65.2875
1722,4707.0,17.961197,1.6316675,26.345549,87.301155,1.5047038,0.24754149,1.6548431,14.490326,61.369873,30.322674,57.63635,197.02374,51.156742,6.039585,51.969654,370.34988,0.3159419,0.15383333,0.32278192,0.58733904,0.15107204,0.028264066,0.18278357,0.5936881,14.195568,10.741437,13.26113,21.399698,38.55964,20.544113,38.80726,48.037937
1723,4709.0,68.13058,9.510538,81.23681,379.36832,9.200074,1.161887,8.848573,77.86416,5748.3477,2469.706,8286.672,30907.633,803.77704,103.62489,708.9301,4180.0186,0.88082325,0.44287646,0.84625494,1.512981,0.26440254,0.05547471,0.2847628,2.089285,18.237612,12.647884,17.972872,27.444168,52.986603,29.039528,52.42641,71.08831
1724,4712.0,46.063255,2.013698,61.096344,151.58185,4.9586263,0.46792087,5.2798615,26.597347,990.5379,323.07162,857.6754,1350.7085,189.3006,29.084986,200.48955,1127.4237,0.57024986,0.31640166,0.5699493,0.9534505,0.14613499,0.033325147,0.13084249,0.6394619,16.81804,11.5022545,16.22113,22.996807,42.02826,29.060902,43.03565,47.95296
1725,4717.0,32.31715,6.6423583,29.617268,155.97482,1.9311944,0.2755455,1.8346474,18.600779,1548.2162,723.219,1395.3726,3334.9187,1040.537,96.80554,974.4838,3882.7737,0.9796481,0.41744044,1.0771706,1.6658957,0.21779563,0.042220734,0.28208283,1.2690554,14.826205,11.137333,14.178238,21.912207,37.127254,16.273977,38.922626,46.165543
1726,4718.0,53.603092,2.8822687,77.85261,339.5352,19.159197,1.3981997,21.944824,74.405426,144151.52,1903.0066,141748.52,377877.8,3250.9895,77.35988,4224.482,6237.19,0.39929882,0.22572827,0.36943406,0.8361407,7.1796875,0.09258561,3.143819,13.619287,26.61577,13.158709,27.609911,32.08958,43.182755,27.284962,44.065414,62.549503
1727,4719.0,58.48805,8.889783,71.62631,214.30989,5.8441195,0.56866,6.970885,44.19522,3246.906,1301.2134,3199.5042,4113.0474,496.42563,82.83792,459.06744,2674.006,0.80748415,0.42845556,0.8080284,1.3115402,0.18693796,0.039475217,0.15154913,0.9698325,17.109554,12.1775,16.749268,24.536572,44.769524,34.264656,45.664486,50.13511
1728,4721.0,62.49443,5.1109257,77.31253,257.53165,7.770677,0.6167866,7.472533,48.273376,670.68866,104.492424,618.81415,1553.5421,84.89634,10.265527,106.38019,515.2122,0.28530684,0.13983658,0.3109366,0.5215276,0.31838304,0.026616257,0.37363678,1.7900269,18.117853,11.540367,17.21322,27.389036,48.011097,30.449358,48.17433,61.43271
1729,4726.0,32.133167,2.4530795,42.831863,187.31343,3.4450893,0.28629786,3.8204045,46.27875,234.17819,34.535686,353.1443,824.14026,75.361435,9.244096,89.40482,474.6617,0.38358372,0.19008192,0.36427164,0.61124563,0.12835503,0.022128113,0.14302547,0.9491778,16.656223,10.680356,15.756553,26.952229,39.73554,21.75941,40.924988,51.972878
1730,4728.0,25.170029,3.2301514,26.073565,106.999275,1.4254497,0.104212694,1.8321227,18.84302,724.7555,140.54088,922.83044,1553.017,479.73712,36.66522,410.18967,3157.5972,1.3983457,0.5333966,1.4366803,2.1019247,0.07847033,0.01903948,0.07194499,0.36788535,14.512431,9.543656,14.089102,24.731981,36.355305,18.418547,36.701,46.276424
1731,4731.0,24.403053,4.907341,22.937553,112.37422,1.2492752,0.29890218,1.5720192,18.879524,601.77625,161.27483,577.2841,1911.9211,384.5963,29.962011,303.3517,1540.4987,1.1002048,0.4856603,1.119001,1.776411,0.079401396,0.014865954,0.06257055,0.58523977,14.813207,10.906299,13.969041,21.81227,37.352203,18.952635,40.094543,49.78509
1732,4733.0,79.06515,16.15355,85.630646,268.98495,9.426662,0.9577756,9.688967,55.949196,7208.214,2919.2224,7349.164,14232.412,669.07434,104.830696,579.60626,3070.5225,0.7664663,0.39901686,0.8082994,1.3566723,0.2847446,0.057815522,0.29720542,1.8216672,18.374062,13.028417,17.82452,26.45612,48.216152,37.473106,49.332287,55.518475
1733,4737.0,24.358683,1.6934513,36.762257,118.38296,2.4585536,0.23175138,2.9351993,18.180323,374.27264,86.47828,426.1096,746.8951,143.67526,30.497995,113.10006,1091.6793,0.61031884,0.39478603,0.6128395,1.0382738,0.07880838,0.01953382,0.09939208,0.5009109,15.495223,11.212664,15.1030655,21.916134,37.64016,18.201935,38.65782,45.95176
1734,4739.0,68.703735,13.611755,72.73792,192.64047,8.27272,0.7710853,7.980304,48.56078,2378.0813,655.3631,2185.1384,8494.171,402.5122,33.537945,526.9022,2858.1973,0.7498559,0.36917576,0.72016406,1.6693668,0.18419856,0.018456193,0.19703074,1.1824304,18.17265,11.879875,17.519505,26.677904,45.371006,24.782074,46.67224,59.75744
1735,4744.0,68.32496,6.063037,71.03683,220.20227,7.0716443,0.69018203,8.147026,43.775684,247.23427,74.34428,341.7856,495.3434,42.390728,9.7174835,41.52535,357.8373,0.28639227,0.15673892,0.28694823,0.5653819,0.124268346,0.021763297,0.11879658,0.68136287,17.531538,11.927665,17.476137,24.182621,44.82713,29.942524,46.48862,51.624428
1736,4750.0,68.80845,13.189513,76.51576,272.62585,7.4145293,1.0949966,8.094329,59.038788,3854.976,1317.0408,3927.4714,9672.924,528.3451,73.89969,496.95142,2635.3743,0.8349345,0.3854295,0.74996454,1.6140314,0.24409701,0.02471565,0.227619,1.3663028,17.616938,12.734185,17.044933,26.50319,54.599167,33.40978,53.243378,65.74011
1737,4751.0,71.739784,13.107933,78.91087,298.3805,8.719258,0.5664479,8.14825,68.05933,5759.718,730.8789,5601.3296,25904.656,801.5495,87.18551,787.72375,4045.4011,0.84601164,0.3664601,0.85488,1.7000356,0.34365702,0.023777613,0.35508135,3.129767,19.278173,12.022401,18.165762,28.107906,46.21986,22.360374,47.765327,63.430626
1738,4755.0,117.50299,12.879732,111.44147,444.76038,16.44059,0.7843608,16.230137,92.55908,20310.299,1097.9716,13520.314,80146.21,954.002,90.89392,985.0234,4870.8374,0.7001043,0.3383751,0.70200664,1.2801218,0.6487293,0.043423377,0.6718675,5.4560447,20.804157,12.296347,19.824984,29.706894,50.05043,23.601776,51.237583,66.61725
1739,4757.0,15.450411,0.54266393,39.48379,196.11931,2.643367,0.32866487,3.1657388,41.321457,4102.4,298.28818,3069.4858,20858.438,919.81885,70.285324,1011.1917,3360.485,0.61545825,0.27813867,0.59795225,0.9400264,0.6813429,0.027258651,0.7786621,4.0545435,15.495501,11.030806,15.62291,25.937157,50.160175,24.605392,51.622135,71.605576
1740,4758.0,15.895917,0.6815932,40.56505,287.63742,2.96944,0.2530476,4.0032644,57.709885,1826.1487,254.5504,2284.9302,11195.904,671.51337,63.94705,613.66974,2791.3494,0.62541354,0.2644357,0.62160116,1.0201396,0.42104676,0.015656719,0.5965698,4.176472,16.206074,10.970208,16.227715,28.091536,46.554184,18.97163,49.69796,76.091934
1741,4762.0,61.26809,2.3266914,76.74919,469.45105,9.020029,0.81637734,7.292029,120.68942,3073.1355,395.9702,3873.0144,8894.203,379.3665,31.264965,420.80038,1775.0352,0.5007969,0.25059947,0.4916847,0.87606174,0.38704854,0.024483066,0.5335961,2.865667,18.814892,12.507952,17.892855,27.879372,49.93872,26.55158,50.554756,71.15251
1742,4764.0,34.986355,1.9415791,40.394863,130.2194,2.799312,0.44479644,3.0292594,21.642561,690.13367,305.38446,713.47925,1037.4474,268.1895,21.514683,278.5033,1446.0208,0.48565528,0.27852854,0.50492483,0.833904,0.30589035,0.06761052,0.35234445,1.0653547,15.374745,11.84404,15.057911,22.485754,40.814915,27.8357,41.659348,48.126163
1743,4765.0,67.975624,4.1825867,92.66362,294.61417,13.204156,2.728807,12.145921,71.075386,4531.153,1590.6654,4547.165,11175.741,377.86963,68.25218,402.80347,1820.152,0.3552402,0.22309768,0.34987062,0.6860067,0.79201853,0.09818431,0.957411,2.9734123,20.034487,14.581912,19.612982,25.860046,51.129147,38.34441,51.295017,66.96819
1744,4768.0,42.104053,3.9630895,44.16819,130.83345,3.559504,0.41572854,3.7148688,22.413746,109.14736,48.472527,110.2373,182.46593,30.971104,4.459527,32.131588,259.97424,0.2861079,0.15074949,0.2934,0.4957417,0.101152815,0.015409846,0.10112434,0.33800384,16.208332,11.173361,15.745494,23.333866,39.57191,25.07524,41.200607,47.53261
1745,4770.0,29.853703,6.1642365,34.220142,174.35571,2.4643369,0.30744633,2.6256058,23.536037,1532.2671,755.276,1647.4161,5961.492,982.1137,102.61433,820.6904,3642.1406,0.92469996,0.44695908,0.88548005,1.6570683,0.20790821,0.03601977,0.21602835,1.0101013,15.123653,11.220488,15.219792,23.989325,39.624325,20.736814,41.669678,58.42897
1746,4774.0,34.94369,1.4507772,58.669804,217.08275,4.84382,0.4543946,5.891022,41.846325,672.4785,146.86845,606.2083,1923.6786,151.56256,19.698626,152.83594,820.38367,0.58728266,0.30954602,0.60763013,0.9117725,0.12014207,0.018448237,0.096559845,1.0266496,17.09008,11.751265,16.825724,24.746916,42.35188,23.931643,42.871494,52.181774
1747,4779.0,65.474556,8.169989,77.82937,280.53293,7.519621,0.88354105,8.317387,46.35077,801.621,386.0533,620.33887,1520.7714,84.309135,17.839157,91.593796,897.92975,0.26364288,0.14660695,0.28330094,0.47206438,0.28630722,0.08642049,0.4181455,2.33883,17.698313,12.781328,17.153385,24.069805,46.22614,37.667175,46.88575,53.90003
1748,4781.0,108.08769,22.525867,119.48692,428.60303,14.635561,1.942518,15.812648,94.448906,9882.291,5767.825,9462.079,21168.207,720.6334,155.0547,704.71814,3389.7854,0.983322,0.4642447,0.9821303,1.6372465,0.23933871,0.046509106,0.21630992,1.7490292,19.381607,13.183404,19.504677,27.388641,48.496853,29.730206,49.56433,59.207108
1749,4782.0,62.424053,2.083643,57.71165,1629.7688,10.363589,0.78327733,8.618021,392.61475,1464.5604,280.1947,2155.6355,22012.965,173.25998,4.079958,372.2079,2364.5667,0.2848076,0.10311279,0.3788369,0.7100693,0.2657104,0.066787876,0.48197892,3.7458549,17.959799,12.345093,18.291725,28.855783,54.35202,25.39024,53.68607,83.357025
1750,4788.0,11.445776,1.2792958,12.318336,108.05641,0.90857816,0.12608428,0.8210538,15.827066,21.278889,4.032715,23.992905,141.63776,26.573574,2.125848,36.051003,445.96957,0.27058432,0.110656366,0.29547215,0.5879765,0.11142114,0.01392491,0.13887459,0.7171781,13.537468,9.481037,12.901793,22.238989,33.911045,17.02197,35.974926,59.42938
1751,4790.0,27.732998,5.622249,32.563583,97.90384,2.3760588,0.32307532,2.4986598,16.680807,272.94196,169.65997,257.7162,507.31192,141.76114,21.679232,123.89172,1254.2094,0.633005,0.3455603,0.6214931,1.0244097,0.091044426,0.0219054,0.102826774,0.45870703,15.389872,11.303096,15.062811,20.82394,39.4998,23.358652,40.91485,47.958443
1752,4794.0,115.195,7.409995,129.95634,459.12674,18.781048,4.2142577,18.535208,94.441284,5069.8955,2031.8491,5358.5703,8556.425,263.83868,48.5973,282.6988,1157.7906,0.49024835,0.2786168,0.4792021,0.8871241,0.31395662,0.037604902,0.3434781,1.5574127,20.329927,14.4957485,20.299921,29.36436,52.875015,40.149033,54.68121,65.743904
1753,4795.0,31.887877,2.3477335,33.784893,153.30058,2.0556407,0.26404938,2.3135703,19.168266,86.32373,45.500084,91.85885,203.28569,44.72915,5.5970087,52.6659,437.34332,0.28310207,0.14542504,0.29673347,0.5340864,0.15300481,0.028053416,0.14304195,0.63055885,14.670259,10.367028,14.64019,22.880535,39.101257,24.336107,40.85764,47.801853
1754,4796.0,17.729986,5.337514,25.322933,221.60257,0.9502728,0.08789815,1.4771937,48.40717,249.70433,109.182976,365.48914,8189.052,408.51703,21.831278,332.63156,2794.9294,1.0739276,0.35862872,1.1750451,1.8527199,0.120544106,0.010712837,0.10491822,2.1123793,14.529408,9.816398,13.6804905,25.757193,37.56721,14.837136,44.234474,62.58046
1755,4800.0,74.60434,5.2200017,69.11938,196.2269,7.6735864,1.5858005,7.7029567,36.33717,244.03822,159.08815,228.97871,456.30212,36.42359,10.715643,37.966347,299.82098,0.21961895,0.11807739,0.22157626,0.4804462,0.24289353,0.040834133,0.24189498,0.8677495,17.734697,13.051868,17.515495,26.054926,48.09582,36.137554,47.88778,58.291874
1756,4805.0,17.2373,2.3328407,22.655125,165.97876,0.9135406,0.17823617,1.3375362,36.806126,41.27203,14.943808,62.24334,258.18924,57.61437,3.3364766,55.87532,328.99765,0.38627055,0.16690958,0.35879618,0.5684341,0.084649496,0.010776335,0.06761069,0.8620484,13.886164,10.348047,12.8467,24.755716,40.397552,18.608961,44.61107,59.611267
1757,4807.0,28.629778,10.853642,31.5856,98.07159,1.7049228,0.34631264,1.8213334,17.85264,826.4049,444.09662,751.4026,1389.0209,504.84372,63.10868,451.29257,2104.535,0.8714229,0.39260158,0.8526468,1.3019047,0.14839928,0.033038292,0.15416315,0.7012519,14.578122,10.811545,14.021923,21.707712,38.83644,22.9986,38.809074,45.15406
1758,4809.0,25.715519,3.029968,28.074684,92.10882,1.9715021,0.2591596,2.0977566,16.438328,51.222603,19.200256,59.135426,169.69943,32.937935,5.445601,33.354027,286.6501,0.30184785,0.16738021,0.31126136,0.5235897,0.07650019,0.019681934,0.08064475,0.60522753,15.028223,10.74663,14.679756,21.671347,36.943913,19.385574,37.269276,47.371387
1759,4818.0,38.418976,3.4895053,65.02196,254.64946,7.044063,0.59539807,7.539995,56.263523,2103.646,821.73157,2626.1143,4018.374,290.31406,47.89807,304.93713,2687.1191,0.6184136,0.30101055,0.6469411,1.0512153,0.19719264,0.038080677,0.21140519,1.1834612,17.63844,12.255885,16.915932,26.073423,45.71682,26.354288,46.358593,53.049065
1760,4819.0,13.49059,1.4803691,13.00637,84.37083,0.5618931,0.098093286,0.8045861,14.906739,20.644283,7.9929886,22.375532,110.90225,35.580963,3.447423,31.878746,276.475,0.37020665,0.17565075,0.36973673,0.53628594,0.06840462,0.015680598,0.053733326,0.49935025,13.633802,9.8787,13.053902,21.224892,30.02066,15.377978,33.220028,46.701096
1761,4821.0,102.00958,12.243516,104.683685,254.98358,18.755945,1.7164617,18.354433,71.322845,57544.17,5675.453,35538.05,142445.19,1941.9758,228.29295,2115.0598,6468.3936,0.66485775,0.37046435,0.5991401,1.5473464,1.4107944,0.12154001,1.2152352,5.764397,24.293985,13.329098,22.570126,30.150253,48.7897,28.68442,47.99602,64.17481
1762,4822.0,87.61497,9.57863,89.537285,283.78873,14.157113,0.8609028,13.869985,70.639824,75592.86,3009.8499,63066.188,410506.88,2640.9976,142.3421,2327.4204,8744.094,0.6339465,0.3642478,0.57639635,1.7211084,1.77586,0.05993314,1.4948384,8.275249,21.377628,12.5364895,22.266989,29.938847,48.183872,26.761993,47.48841,64.46674
1763,4825.0,83.73744,6.4848237,99.18623,506.37106,22.49656,1.0252005,26.337322,77.3583,191180.73,13601.311,194599.23,541248.8,7049.682,342.7747,6495.4004,24919.63,0.5168752,0.32293275,0.5399651,1.3792127,5.126407,0.11323798,2.993441,11.331034,26.14061,12.18386,26.653847,35.505253,45.024487,30.449268,47.490185,63.633125
1764,4827.0,143.55876,13.485737,139.95012,1039.8197,21.101091,0.7372411,20.53729,212.46545,91530.37,1819.7146,38298.586,362857.47,2345.603,154.80115,1822.4873,9337.993,0.91350543,0.42361853,0.8940286,1.800171,0.7410966,0.052971087,0.647992,5.446713,21.160519,12.198384,20.340372,29.4229,53.666824,24.572323,50.93712,74.609634
1765,4828.0,122.73659,11.272218,118.81633,811.6502,16.26854,0.75832886,15.966252,176.60269,35719.254,3399.102,29519.281,219280.75,2256.2124,188.72566,2090.58,9666.855,0.89288604,0.42989543,0.8780483,1.798972,0.6812749,0.07972443,0.75924927,5.0677795,20.605568,12.482786,19.881521,29.186205,53.96875,23.397934,51.22705,77.32229
1766,4832.0,56.48368,2.5431907,89.61554,439.96414,12.667321,0.8666701,13.167926,71.450325,7536.226,921.96185,10186.251,23710.771,800.5099,44.73848,808.2407,2257.6694,0.4661094,0.2282258,0.4339619,0.89166623,0.88855654,0.034037225,1.0457511,5.5885067,20.452728,12.749059,20.46706,30.166956,47.163136,23.178709,49.88151,66.28946
1767,4835.0,47.028606,2.9638846,53.410366,170.74562,4.5823717,0.70753646,4.8090243,40.015038,283.54633,112.71511,298.34036,579.21814,62.007595,10.6934,66.63349,479.79404,0.26035458,0.13687053,0.25867328,0.43789074,0.25575584,0.05623096,0.26616225,1.1258154,16.511185,12.414028,16.13557,25.436071,41.896835,26.66619,44.15388,47.685944
1768,4836.0,22.911762,1.2350671,34.007393,91.299416,2.335936,0.34211662,2.626424,16.887394,149.88753,83.99506,143.35956,300.04407,79.479546,7.9816527,89.94343,643.2918,0.46342432,0.24494639,0.46521735,0.8804735,0.09167071,0.019512368,0.109304264,0.4157764,15.023688,11.4564705,14.577035,22.218945,41.343513,20.930042,42.482624,49.954037
1769,4838.0,81.0349,16.977621,90.45917,404.34705,9.485519,0.90750957,9.78445,68.20504,8448.451,1350.7484,7826.9434,31809.896,1162.3381,75.77832,901.62115,3667.19,0.991538,0.4095574,0.8814044,1.7945985,0.3182287,0.015488796,0.3563416,2.0260422,19.201466,12.252094,17.644768,29.312971,52.64134,28.663397,52.6741,79.809906
1770,4843.0,27.17115,1.8707072,42.505177,358.05096,3.0824764,0.40387857,3.929486,58.888336,595.4285,257.75366,720.49426,6571.6846,311.69388,24.255772,373.71497,1933.5203,0.4517322,0.23452708,0.43841937,0.86771125,0.36287916,0.0585647,0.31570065,1.930957,15.6641035,11.751678,15.794092,26.160944,49.490177,21.909182,47.93435,77.71715
1771,4847.0,86.527855,3.7689083,117.95827,728.61224,16.256947,1.6056823,15.295739,188.71558,7139.301,1543.2328,7019.198,31388.4,486.86774,67.52537,485.53033,2468.6956,0.4526078,0.2293672,0.4519876,0.76229805,0.75859594,0.1519314,0.6519136,3.5378835,20.457546,13.4941845,19.611776,30.38511,54.999794,24.322046,55.00515,86.15775
1772,4852.0,16.445198,0.753106,25.91691,145.83415,1.1897851,0.22459722,1.6991198,38.30814,204.54225,56.93285,220.6196,621.7313,159.78365,6.970148,174.59789,1010.6576,0.5702217,0.22286837,0.50786984,0.9430929,0.14005457,0.009752376,0.11041839,0.85282946,13.987972,10.844176,12.510063,23.83051,48.52871,21.34242,50.123302,62.750313
1773,4853.0,77.71809,7.1982737,77.742134,267.69888,7.985038,0.9562828,8.824426,48.801434,437.92908,134.67897,415.45016,648.263,58.317085,12.220516,55.350685,569.38904,0.2544762,0.1384121,0.27453142,0.44615608,0.19760312,0.032440588,0.20763576,1.3925593,17.821579,12.35595,17.17501,24.663054,47.80739,30.55801,49.24092,53.958282
1774,4854.0,73.033966,3.7115273,85.873245,403.41898,12.354706,2.0142128,10.659132,115.40943,2745.624,1362.2184,3439.196,13100.239,355.15143,60.896297,346.7388,1482.9552,0.45344022,0.23657358,0.437852,0.88525313,0.36529604,0.1046104,0.3727927,2.2164724,19.270235,13.822811,18.596138,30.02811,51.1917,35.056923,51.3683,77.24361
1775,4855.0,82.37162,2.051865,96.03195,981.7991,16.6644,0.6616323,15.92048,191.47119,17840.502,307.59637,10832.19,84685.09,673.58856,47.26161,654.53485,3025.2832,0.4884835,0.24868014,0.46381953,0.92086047,0.88837844,0.05469156,0.83510995,5.7477465,20.936153,12.22577,20.004248,29.311537,47.495014,22.518019,48.097637,73.42884
1776,4856.0,12.098991,0.90483046,24.999779,178.13283,1.008391,0.19534378,1.5817455,35.148914,153.87624,50.794083,231.86197,1346.5325,186.41234,8.907165,192.64975,885.8571,0.6705271,0.2789077,0.62055606,0.9686411,0.11548646,0.010313017,0.091352604,1.012222,14.255374,10.60538,13.701727,24.50778,42.278175,18.3992,46.661545,60.87193
1777,4862.0,71.29357,6.000057,77.49435,300.04022,8.330159,0.7056184,8.824758,47.68261,493.42285,149.28311,410.62296,594.0468,56.999542,13.685242,53.60052,548.13306,0.2520001,0.1420111,0.26628187,0.475865,0.21619375,0.036618084,0.23598233,1.2743546,17.947155,12.290297,17.66125,24.400902,46.367603,27.087624,48.370598,54.07754
1778,4863.0,37.142048,1.8586406,41.7227,235.3846,3.7620213,0.5132972,2.9256718,20.915337,891.2686,224.37123,885.1166,1704.9382,304.04654,39.549507,312.43356,1511.8138,0.5076976,0.30424395,0.49760002,0.97459364,0.25356996,0.058342442,0.29442543,1.220064,16.03946,12.029536,15.435278,24.345692,38.764908,22.987823,39.893227,47.60783
1779,4867.0,101.99339,2.1608894,81.777695,1709.2109,16.22889,0.9110587,11.196345,416.6951,1202.6099,289.524,2343.5215,17227.512,94.35311,3.075502,265.92334,1738.8154,0.2513615,0.098468795,0.32325536,0.595213,0.2553399,0.06677614,0.50295526,3.7372103,19.17406,12.586258,19.189445,28.85246,54.420055,24.333164,53.688133,83.2123
1780,4870.0,42.139305,3.6967072,43.718933,154.20595,3.9986198,0.3676542,4.2689414,30.182293,109.013275,40.934383,120.07401,202.03331,29.533098,4.8943505,29.980518,381.76752,0.27068862,0.15122333,0.2736946,0.5454142,0.122127235,0.017821385,0.13777336,0.66853464,16.418486,11.2319765,15.998653,23.185871,42.482693,23.57875,42.714706,50.031994
1781,4873.0,31.908342,1.6308609,48.229763,272.01077,4.1631236,0.7630309,4.9016175,47.798733,569.4738,274.0545,622.4987,1935.9818,140.6517,14.713273,166.3065,771.0434,0.45320284,0.21091802,0.41947174,0.8739532,0.19857536,0.01575396,0.2875788,1.0465919,16.059671,12.04312,15.5166,25.803743,56.989223,30.425468,56.99252,76.52396
1782,4876.0,22.246288,1.3686968,40.471664,193.37527,2.328571,0.27299243,3.1272378,45.371258,408.78848,159.69626,394.2328,821.4778,141.74768,17.335024,143.20078,1446.0057,0.5430701,0.24288146,0.5267931,0.9718926,0.123135746,0.011064747,0.1349534,0.8750219,14.905829,10.911274,14.436205,24.35345,47.025932,26.967451,49.116955,59.830326
1783,4878.0,66.27713,4.033765,86.46731,457.91376,10.103866,0.89728194,10.34802,86.229195,968.46643,177.80678,1168.6827,2620.871,128.06302,13.745986,140.62073,585.71075,0.29084206,0.13932793,0.30661055,0.5107304,0.30251938,0.026331626,0.40339264,2.3218596,18.662148,12.537392,18.119667,28.44462,47.787624,21.869957,50.779087,67.50377
1784,4881.0,17.841887,2.4699965,25.077326,179.04869,1.2531551,0.21645634,1.7435954,53.59636,44.970272,16.022152,78.87051,298.24307,45.227737,1.6188926,41.92663,568.064,0.36870086,0.105208345,0.35634995,0.60566884,0.08775874,0.0100121945,0.06978347,0.9084767,14.139007,10.0601635,13.459284,25.607803,46.64726,20.086918,47.970367,61.862026
1785,4882.0,83.16435,3.8688755,108.837296,622.24286,12.851814,1.9587818,14.888653,140.66243,3205.9429,695.0296,4843.48,17594.121,317.88138,46.78452,451.52957,1100.7227,0.49432886,0.22306024,0.45370436,0.94580543,0.28129897,0.021822441,0.3700176,1.8380799,19.610916,12.750947,18.124716,30.113506,58.768845,31.06621,57.523937,82.553474
1786,4886.0,29.26019,4.2843313,44.247177,199.89809,4.9687533,0.37559828,5.7293177,39.79866,4232.7124,631.3258,4551.704,9691.825,618.5604,69.544655,723.38495,4438.917,1.3620266,0.57774556,1.3487258,1.9135106,0.08538772,0.018927116,0.09780142,0.73402613,17.08426,11.383041,17.00502,26.922712,41.589508,25.813631,42.963566,50.809124
1787,4889.0,38.846905,1.8672023,46.531128,542.593,4.4410267,0.38778594,4.047057,29.19385,1148.055,403.18396,1073.0829,2090.4456,357.548,27.528126,347.40228,1832.2935,0.5087861,0.24698141,0.48111537,0.8947993,0.29134956,0.04493232,0.3644751,1.4069439,16.58632,11.346541,15.905159,25.6151,41.13174,26.171272,41.776485,48.836975
1788,4896.0,85.731316,2.0549586,102.9154,1038.3619,16.907444,0.619147,16.403095,209.57542,22811.734,335.9809,11896.945,96360.35,711.90265,44.80144,645.3356,3836.0713,0.5304768,0.26561308,0.53302,0.92989635,0.74624556,0.051471464,0.7093355,5.77702,20.938183,12.142377,20.051365,29.35322,49.089878,22.27889,49.434887,74.01507
1789,4898.0,35.659298,2.1163788,46.1719,177.09677,3.42517,0.3848054,4.197922,43.66494,311.60812,31.736088,296.40454,2743.7266,70.04453,7.3201323,109.5219,610.0887,0.27502534,0.12380499,0.30287212,0.5074673,0.23292604,0.015153002,0.2756748,2.2931414,16.7053,10.964536,16.056156,26.722986,42.652298,22.286135,44.615883,57.823547
1790,4899.0,73.45271,4.6433783,82.37799,255.46103,8.254959,1.2058032,8.824239,50.50422,462.6779,152.76549,398.92383,855.7905,52.47132,13.7055025,58.781307,397.4489,0.24892753,0.1364919,0.25240782,0.48070148,0.22378504,0.040816877,0.20666894,0.9703962,17.693611,12.783341,17.657862,25.745642,47.738155,36.469246,49.01864,55.503613
1791,4901.0,38.457493,1.962977,53.340813,179.25835,5.1305885,0.44313225,5.1612444,40.086273,640.3337,188.60754,553.55493,2154.5967,112.13085,15.548982,108.55731,896.2452,0.44670647,0.2503303,0.44675845,0.84888047,0.14900595,0.019294254,0.14606515,0.92359006,17.309229,11.200872,16.159115,26.796236,44.31948,27.392588,45.153534,53.734222
1792,4903.0,92.804146,7.8479786,116.072075,477.3851,14.056815,1.6791848,14.371519,97.92327,1186.4331,428.9015,1520.6937,2503.9443,92.91356,20.304405,103.90063,569.9108,0.2682853,0.14702186,0.2880369,0.47908366,0.27761078,0.048712324,0.28550237,1.7707005,19.044256,13.277327,19.169344,28.088646,53.127823,29.818367,53.481705,66.06822
1793,4905.0,61.00287,3.761823,80.60266,402.75067,13.46968,0.6838498,12.332396,83.75817,2020.9556,92.7205,2070.8452,8549.2295,134.35493,12.293892,202.9775,766.8927,0.29082853,0.13716146,0.31487998,0.5122686,0.55832493,0.033728544,0.6496297,4.5402412,20.267262,12.153435,19.303793,28.251444,46.56643,22.720396,49.512665,65.28619
1794,4907.0,47.04301,3.8999848,61.977352,269.86255,8.949527,0.85572916,7.004042,60.294064,1046.9662,136.36487,1497.3489,4872.924,140.20393,15.524926,172.62787,777.80255,0.25110233,0.13966061,0.275193,0.45621935,0.72160304,0.06769571,0.7563152,4.137844,19.27866,12.442437,18.412912,27.186468,44.68428,25.807444,46.073975,64.47501
1795,4908.0,78.235435,5.923501,87.75956,327.76733,9.947085,0.79718864,9.504796,60.932457,540.5766,89.24058,589.3573,3654.59,59.310905,5.555273,77.30512,450.32953,0.25703505,0.118834525,0.2867373,0.51351947,0.3787496,0.013408975,0.29317975,2.2161868,19.352976,11.534377,17.850819,29.537777,49.53434,31.53734,48.739395,68.62944
1796,4909.0,75.03424,2.2738664,96.32038,463.84488,11.15994,0.67530024,10.947007,90.57851,3500.2117,311.07178,3801.651,13870.05,359.86017,24.369543,434.10443,1722.0127,0.4397266,0.19801036,0.45221493,0.88102895,0.34320432,0.023320867,0.48099992,3.735569,19.912592,12.05305,18.70236,30.266127,47.915726,23.507809,49.397087,65.75845
1797,4912.0,83.51935,7.527843,98.90922,356.91586,10.879585,1.461838,11.186375,69.21281,843.1215,321.873,833.4157,1850.0215,102.48656,15.013611,106.69872,617.28784,0.26600912,0.1214018,0.2850769,0.46531555,0.33892742,0.02739388,0.37236062,2.4571245,18.636059,13.061879,17.904364,26.656305,52.90782,25.191065,53.98935,66.60764
1798,4916.0,20.072067,1.5337636,34.41765,664.61,2.5338438,0.296429,2.851556,29.247196,256.50146,57.72062,243.2102,3890.7324,71.5507,9.551219,105.162575,1151.1769,0.19164601,0.11271419,0.21345569,0.615337,0.52723813,0.02450873,0.44365627,2.3334103,16.333303,9.859081,16.492237,26.3279,41.6313,25.96188,41.089634,59.07302
1799,4923.0,54.84494,2.1661134,61.064884,213.02522,6.018778,0.66721135,6.2443004,34.900864,761.7672,379.57333,807.18463,2181.656,194.98563,30.1386,205.9935,1008.3109,0.41942674,0.25437,0.40241933,0.8617671,0.26101053,0.02969701,0.23903388,0.93954134,17.393105,11.675083,16.702812,24.888685,48.267563,31.485836,48.956932,56.39913
1800,4924.0,48.988464,4.200358,52.393898,207.60179,4.6267223,0.43909842,5.099806,40.96338,220.83537,59.370472,229.37845,422.2021,44.295254,6.432537,57.46226,314.35895,0.36194307,0.16719273,0.38410518,0.5479819,0.094089374,0.017186737,0.08938166,0.5329448,16.306139,11.0953045,16.128756,25.24239,44.396877,25.711733,43.346355,53.712822
1801,4928.0,47.296078,4.108145,67.843056,240.1959,6.569216,0.5135315,6.7428427,46.63901,527.06305,133.46507,501.97546,838.7163,88.219315,13.3011465,96.51964,577.01935,0.2724836,0.14706811,0.2992479,0.48829085,0.21680512,0.051216193,0.2580934,1.6863259,17.396875,12.026702,16.740042,25.239735,45.158962,28.717838,46.069386,52.560547
1802,4930.0,36.17278,1.6689502,50.04605,210.68402,4.4371347,0.42992714,5.3502326,49.21398,536.09595,73.15665,622.36163,2979.7468,181.33885,16.199778,202.8105,1298.1296,0.5081759,0.25626364,0.51786906,0.8929235,0.11080018,0.016194979,0.10097084,1.136167,17.251574,11.81967,16.305323,26.2433,41.55896,21.655695,43.891293,52.618927
1803,4931.0,37.3721,2.829409,45.18324,171.19539,4.32306,0.561448,4.6637826,26.76061,124.61062,62.186558,131.9696,187.39848,31.362827,6.84002,29.39416,277.69928,0.26888663,0.15560001,0.27140903,0.45926443,0.08980023,0.030123021,0.092272244,0.46958178,16.377766,11.377862,16.348188,22.443438,42.74006,31.456295,43.198395,49.21759
1804,4932.0,104.323296,4.085999,99.69806,792.32416,11.682872,0.6563729,11.154985,221.07782,1651.2484,102.89499,2022.5568,6193.434,144.48676,11.994317,213.89223,798.1516,0.30770785,0.13881731,0.34107038,0.5306695,0.34872818,0.017172411,0.4975527,3.720547,20.077978,11.961205,18.79836,33.10836,49.38001,23.93762,50.14237,67.5827
1805,4939.0,73.49591,14.33731,78.75758,355.43234,8.833902,0.6376793,8.376026,72.00914,6578.9956,799.21765,6508.8696,32110.117,929.7437,84.58339,979.2425,4139.8584,0.8277927,0.3567427,0.8489967,1.7010708,0.36841166,0.024872597,0.42850494,3.5790708,19.278522,12.160814,18.154722,28.778002,47.0599,22.864277,47.6961,63.72267
1806,4947.0,155.46136,13.485737,147.55136,1040.2854,22.300758,0.79799956,21.143812,212.46545,98250.586,1942.4305,39921.652,376221.53,2359.26,168.22041,1826.1025,10110.316,1.0028648,0.45222473,0.97089964,1.8004029,0.6777585,0.052786645,0.61721843,5.2200904,21.162437,12.217364,20.362186,29.4229,53.666824,24.766062,51.161446,74.609634
1807,4950.0,10.62253,1.770699,12.50759,91.02737,0.68306416,0.1267763,0.81353873,15.418404,24.281742,9.108567,23.896791,157.5111,38.80288,2.7132099,33.52601,281.6927,0.3496857,0.14049615,0.34026954,0.55426604,0.066911384,0.013689976,0.056542948,0.5887667,13.406115,10.019007,12.934591,21.6572,32.736492,17.005295,37.273495,53.950405
1808,4952.0,23.601122,2.6473434,29.816195,90.245,1.6304331,0.24765433,1.8687205,15.588268,42.64056,20.141447,56.2385,109.14897,35.213943,4.840415,31.19395,291.828,0.25522894,0.12760891,0.2705588,0.46735775,0.12612738,0.035772957,0.13998409,0.56322145,14.508539,10.792821,13.9436245,20.613256,35.529602,21.749792,36.5687,45.45924
1809,4955.0,43.85674,3.617777,62.39763,382.14432,9.873374,0.6508661,8.527572,70.37208,967.14703,107.48056,1433.0359,7411.3975,161.05995,13.0474,222.209,728.14886,0.2554728,0.1268984,0.27452216,0.5135363,0.52706873,0.03602873,0.73541456,5.354492,19.312227,12.3036585,18.918112,28.595497,46.05012,21.059563,48.893402,65.5118
1810,4958.0,29.403908,2.837042,35.388466,348.77615,2.4477122,0.36001804,2.7743652,65.36662,274.31183,58.481327,246.01103,658.0878,103.037125,3.7107778,97.839294,448.4969,0.30977577,0.105437554,0.3606143,0.5071851,0.19902998,0.010525232,0.20036751,1.5506468,15.105034,11.441179,13.422356,26.552229,57.063118,24.858154,56.84681,73.251175
1811,4959.0,74.666336,6.9619303,84.297195,327.9537,8.265035,1.0078319,9.902272,56.348557,881.5784,409.20624,763.92065,1821.5603,124.272934,17.12075,130.0846,904.4166,0.24533787,0.11260755,0.2728568,0.46310955,0.5099165,0.071302585,0.6021426,2.418088,18.12017,12.803193,17.61808,25.45189,52.593002,37.178528,52.84715,63.723026
1812,4961.0,88.89076,4.9832425,98.48881,377.13412,15.921448,1.4248515,19.845924,69.450905,6739.2983,667.482,8379.333,17150.09,362.8334,25.17665,377.09192,1067.9977,0.21950594,0.1175132,0.22247662,0.5204994,2.0838807,0.086722754,2.3630743,9.603803,21.360744,13.238175,23.140953,30.35525,47.099426,27.71771,47.925636,65.21981
1813,4964.0,99.04236,6.8635864,107.475235,447.92838,11.457422,1.9795278,12.562419,77.20271,1541.5729,522.03186,1505.9666,3637.597,154.45064,18.782175,162.44775,783.22546,0.2508121,0.114143044,0.26152164,0.48232207,0.4689739,0.04576131,0.6089155,2.6873083,18.769232,13.647585,18.408686,27.856909,59.63165,37.09375,59.183445,70.63622
1814,4967.0,245.32666,10.377064,269.621,867.4255,54.603382,2.717445,73.0821,201.99275,41278.793,1949.9464,53887.418,66170.93,474.79532,69.33057,516.0932,1906.0308,0.26443642,0.14090519,0.26299876,0.45823053,2.459185,0.20203663,2.5195456,8.976034,27.704397,14.752451,27.348547,34.50331,56.71542,26.131165,57.988342,77.149925
1815,4970.0,110.182274,8.385455,110.4928,574.6172,14.034212,1.2180744,11.630336,147.23082,1671.7792,243.93332,1868.9982,4449.0845,127.868225,12.444727,168.00677,545.1126,0.28199652,0.1345693,0.30675086,0.51310873,0.39767307,0.025356667,0.52917,2.4850075,20.321844,11.768082,18.568401,33.10757,51.55603,34.269703,51.94332,67.78806
1816,4972.0,68.04658,5.5216403,66.62135,258.39703,7.5779076,1.576459,6.9613085,50.987236,987.27716,336.81244,833.22845,1964.0616,143.94008,25.812778,141.12971,696.7378,0.26414657,0.14425707,0.26431802,0.4594327,0.48906842,0.09852565,0.52409,2.2887523,17.931932,13.353643,17.426723,26.054998,46.316025,34.6632,47.07978,53.257915
1817,4979.0,85.18734,5.8687277,97.89198,790.98596,17.96673,1.0177735,18.210217,154.31519,6984.249,656.8526,9854.932,20075.303,500.50098,39.981064,512.9452,1801.4058,0.27880055,0.14215995,0.29539803,0.5131881,2.0604188,0.09773037,2.0257792,9.903246,22.441488,12.6574545,21.683878,30.382572,48.737823,21.951736,49.50689,76.234764
1818,4980.0,30.78981,3.1157992,42.088177,191.99753,3.2519052,0.25074175,3.708456,39.46087,107.597534,24.4315,110.26395,328.71054,40.492184,3.4464042,46.927895,304.9527,0.32278317,0.15897697,0.34470722,0.49128628,0.08325278,0.013263959,0.07286517,0.78449404,16.153673,10.877862,15.2605915,24.84557,40.70528,18.91902,41.67279,50.17172
1819,4981.0,94.711784,4.08657,101.41889,1051.0338,16.190483,0.5801907,15.829068,204.29225,5084.8286,109.61255,4235.2563,23723.594,188.50029,18.883469,239.20723,1263.0074,0.29034907,0.14143312,0.31320077,0.5142124,0.7358985,0.0490504,0.7058522,5.8685255,20.785309,11.903937,19.924717,29.232443,47.966156,22.190454,49.3868,73.793625
1820,4982.0,117.00594,9.063916,138.73058,718.53906,20.344769,1.9961761,19.076746,178.88101,3105.0286,804.48035,4213.401,11054.898,198.3473,35.921898,214.10713,1407.4927,0.26986185,0.14370324,0.30068237,0.47994536,0.8104348,0.18488552,0.64670914,4.4634933,20.853529,13.197379,20.418198,29.626518,56.53908,26.515326,55.77794,87.40895
1821,4987.0,55.09576,4.4281306,66.528114,168.17262,6.596206,0.64676106,6.48527,39.43281,265.91763,74.04872,339.59946,1266.0181,58.266685,5.9294276,80.76452,486.3842,0.2714508,0.13425618,0.30411416,0.50583047,0.27230343,0.018987617,0.28194118,1.5410776,17.572933,10.829646,16.947935,26.212337,44.665424,28.112328,45.394604,59.42951
1822,4988.0,33.665997,5.419366,40.701733,151.51488,3.3093286,0.3310175,3.718287,47.132248,80.945335,54.09759,91.41032,216.1083,29.841208,4.169049,33.875427,549.96075,0.25779417,0.12576656,0.25406775,0.5020632,0.10490366,0.01597715,0.12401225,0.81820625,16.195505,10.851478,15.2282915,24.794655,44.201614,27.323814,46.29981,51.71128
1823,4994.0,34.37193,4.9324255,37.92643,327.2788,2.7633338,0.347002,2.4673767,24.172306,1480.4808,589.7256,1403.3826,1910.176,594.51416,68.93216,615.60944,2808.322,0.7114054,0.2845747,0.74436456,1.1501501,0.29343203,0.050399844,0.3386966,1.2343087,15.386894,10.836066,14.674396,25.054115,40.287106,26.261494,41.448975,47.715828
1824,4995.0,35.845966,2.8676524,41.871513,121.9267,2.6910682,0.41835025,3.112049,21.736132,107.81662,59.160442,108.38058,259.73773,45.122864,6.0292225,49.449883,368.4286,0.22900015,0.117781155,0.22749047,0.47832292,0.2228306,0.03545032,0.2783496,0.79053515,15.539145,11.433392,14.725847,23.291962,41.319374,26.370064,41.64761,52.07742
1825,4996.0,69.9015,4.4818316,83.58206,284.86008,8.969082,0.98917985,8.997402,58.05708,644.27325,117.67715,591.22906,1505.9335,67.43357,8.5917845,86.190636,444.60623,0.28232694,0.13189188,0.30379677,0.51282084,0.29714075,0.02078192,0.4166443,1.4206786,18.604698,11.8943405,17.664669,28.122362,48.197956,30.821838,48.04138,61.732533
1826,5001.0,63.707367,3.9284801,75.494255,268.8803,7.984912,0.92024255,7.979617,51.640232,548.85175,116.043144,453.0928,1229.62,64.75309,7.710823,79.9066,441.85107,0.25906038,0.10847741,0.27804998,0.45806608,0.33532605,0.03352786,0.4168682,1.5277537,17.990887,12.091227,17.275717,26.547169,47.30886,31.780056,47.76155,59.536488
1827,5002.0,79.870026,5.961512,94.92098,364.39105,11.746337,1.5795392,11.348727,70.41501,798.8233,365.78708,853.4172,1840.4747,101.34381,12.138728,104.8148,552.16144,0.23841561,0.11293428,0.26544237,0.44702417,0.32257706,0.04973186,0.39356107,1.9064564,18.831984,13.269645,17.975273,27.156082,54.507404,35.889362,54.86106,64.73397
1828,5003.0,32.017506,1.8355232,36.79849,278.1675,2.6413028,0.3454702,2.63486,31.243843,845.13165,394.6712,816.23425,2359.9744,364.55374,23.050488,351.62057,1864.8605,0.43772656,0.21711686,0.45806298,0.843106,0.45991158,0.068863556,0.49411696,1.6434109,15.472799,11.113052,14.803067,23.903528,42.933132,31.080727,43.365963,51.180717
1829,5006.0,48.49643,4.0527663,52.44036,1032.7521,3.682332,0.5258448,3.739572,187.1876,215.16344,45.41035,312.63922,2941.1838,119.95499,4.10659,148.19986,503.82382,0.30909637,0.094004795,0.35517803,0.61676264,0.13276507,0.010745872,0.26067665,2.549449,17.165943,11.091486,15.195369,31.71426,54.3307,25.683361,54.96177,82.96152
1830,5009.0,34.61422,7.0981197,36.533066,132.56108,2.4405272,0.4209476,2.620271,19.32946,2523.0598,818.2958,2538.8516,5543.928,940.80554,105.10182,871.58154,3071.4653,0.9796845,0.42291766,1.0564231,1.6629958,0.30132797,0.04706545,0.3033115,1.0487465,15.269912,11.38925,15.034173,23.15845,39.312065,21.980406,39.462955,50.28802
1831,5010.0,40.51004,8.195668,46.27354,150.70131,3.5982645,0.50916636,3.9514236,25.547222,2332.282,736.139,2546.2654,5782.8345,496.10614,85.39646,497.5119,2633.931,1.0604233,0.45440668,1.0757632,1.7746798,0.1258793,0.018954575,0.13970818,0.7908707,16.414734,11.556431,15.940583,23.561031,39.986256,22.443914,41.31879,50.21602
1832,5012.0,104.98401,9.212546,104.50488,910.5825,32.228188,2.090897,33.037064,349.2739,9130.826,1651.8823,12274.923,26919.889,450.16165,39.5729,482.00305,2228.7454,0.28882173,0.13565971,0.2772936,0.4364303,1.2761227,0.16899931,1.4472713,6.5545454,23.362894,14.106362,22.670153,36.11461,52.914906,25.479994,55.54383,80.65978
1833,5013.0,94.007904,4.08657,100.967636,1050.671,16.15222,0.55883014,15.829068,200.38174,4855.0186,109.36107,3775.1648,20236.75,184.48038,13.294603,224.78555,1236.1761,0.28639245,0.12878563,0.2996678,0.45364836,0.7344706,0.048934564,0.7017278,5.8642316,20.785309,11.825265,19.901766,29.152096,47.966156,22.238808,49.378387,73.6709
1834,5018.0,70.65903,2.4230576,46.049847,958.7448,3.1999638,0.59138674,3.0594122,224.81429,43.254272,12.335672,50.964348,785.14343,12.889258,0.40581855,18.225924,185.75244,0.14831902,0.05023513,0.15818447,0.26346517,0.045143034,0.009150255,0.15160577,1.5516629,15.694324,11.13061,13.954962,29.469395,60.969727,27.731722,60.243412,82.38249
1835,5020.0,49.30938,8.095542,51.131233,227.13753,4.0357637,0.45624515,4.499046,48.260727,7449.6064,724.02576,4990.9707,97661.39,2069.326,145.6372,1653.1559,7977.3276,0.7300086,0.3424832,0.7440132,1.6479541,1.1124369,0.052904494,0.94682884,5.7400365,17.59621,11.644492,17.394203,28.202192,45.802708,26.225693,44.94176,64.115364
1836,5021.0,83.032326,7.4773555,102.756134,327.23123,10.4112425,0.9363057,12.713277,65.80476,788.79987,352.40158,759.9949,1284.5958,90.41587,18.495562,80.10559,760.43353,0.27166057,0.14917423,0.26991126,0.50005865,0.26970145,0.053393852,0.28899303,2.202136,18.521566,12.570847,18.46005,26.23441,48.826275,29.247887,49.943512,58.41733
1837,5022.0,96.86137,13.659073,107.31224,366.16074,11.912219,0.7357685,12.411605,75.406075,11171.831,1400.2576,9683.372,32894.855,893.47833,111.47352,1040.8114,4356.686,0.9859368,0.42650983,1.0085063,1.7237409,0.30771497,0.023362912,0.36694995,2.3958433,19.515295,12.160562,18.157265,28.313654,49.084034,25.748207,48.360703,62.755665
1838,5025.0,31.787188,4.339964,43.11059,134.15181,2.6821957,0.3482425,3.3809276,25.08242,778.6694,428.16833,727.16833,1507.3158,267.0637,32.25394,278.8316,2693.717,0.87693083,0.3716205,0.8285598,1.5041966,0.11021585,0.015878165,0.110611394,0.7523603,15.925498,11.2973175,15.097067,22.35502,45.615673,20.718359,48.6674,58.72985
1839,5027.0,50.180202,2.5628402,71.46907,225.10625,8.883454,1.0315341,8.103935,50.405685,839.66425,253.27063,853.22473,2723.9158,87.24613,8.917405,133.53612,830.7748,0.4328321,0.20371008,0.4241291,0.79578996,0.17315792,0.014520976,0.19466375,1.3638408,18.235182,12.135343,17.856817,27.181604,46.566128,29.274136,46.696053,61.52188
1840,5029.0,45.398235,7.915502,51.92271,673.75336,3.8721614,0.4159448,4.6769037,148.94395,2197.2317,401.7368,2969.1604,12504.842,570.52264,13.365473,826.8613,5080.936,0.9817266,0.18984969,1.0630273,1.5248226,0.21504216,0.015687456,0.24760084,2.2130847,15.747523,11.205244,14.765691,27.592585,57.59945,26.760822,56.359306,74.876495
1841,5031.0,62.1795,4.9789915,58.10505,210.71617,4.9025974,0.6474376,5.272322,56.659206,99.87806,44.52292,140.14525,611.79346,37.629932,7.629876,38.437042,394.3864,0.20837642,0.113609575,0.19639228,0.5357741,0.14790659,0.016588893,0.22274688,1.0212787,17.362547,12.427429,16.132286,25.651419,48.839176,26.951714,52.692905,66.23262
1842,5036.0,37.37865,2.4457066,47.01223,144.00833,4.1350646,0.46134642,4.644059,23.67646,460.3702,226.5787,442.80295,656.2953,98.12125,18.958555,97.69906,568.992,0.43488556,0.2806191,0.45172852,0.7220313,0.12288833,0.03192663,0.11404508,0.495174,16.339664,11.589407,16.02491,23.027494,42.73659,28.173004,42.812897,48.04099
1843,5038.0,35.571545,3.5280023,43.57647,194.50702,4.25199,0.4280063,4.579215,45.44516,165.76741,40.912487,209.66289,824.5651,42.249176,6.96969,51.617867,464.30652,0.29146463,0.12243956,0.3203451,0.519373,0.11696135,0.015956068,0.11314231,1.2664323,17.354145,11.394923,16.355532,26.82812,40.904568,21.932865,43.093,52.887527
1844,5040.0,44.962467,3.476705,48.90348,159.45193,4.795465,0.5496737,4.8309216,29.06319,127.72965,35.96116,168.06479,351.44205,27.076832,2.9168336,34.24552,319.9274,0.32163253,0.13825539,0.31273136,0.476293,0.073214866,0.011861325,0.08611067,0.49750295,17.103798,11.1042,16.499561,25.126001,40.65966,29.057579,40.818497,49.651917
1845,5045.0,81.127144,2.6556308,105.3921,497.36343,13.415778,1.1125116,14.6131525,94.16878,4221.3,683.7747,4214.687,14904.095,321.44968,34.70449,365.11145,1365.5502,0.43519384,0.22377798,0.42963964,0.83004934,0.45202434,0.053349443,0.5353976,3.5060685,19.808386,12.838041,19.418493,28.736628,49.253925,18.038929,51.66136,65.79933
1846,5047.0,48.449535,1.9339017,74.59595,520.20746,9.200197,0.66036224,8.927263,141.06001,2627.4707,242.76874,2354.4275,14986.833,294.7593,20.526234,404.04733,1234.8347,0.43772528,0.22478232,0.43657306,0.780847,0.43475294,0.03581173,0.5099441,4.408561,19.451967,12.157578,18.435507,29.261744,45.22139,22.348202,46.41345,71.07282
1847,5071.0,63.889744,13.996951,74.90119,199.552,6.460544,0.72328496,7.408317,44.162884,2919.4297,1588.0137,3213.326,4107.4375,472.43283,91.87698,479.28098,2476.9636,0.9901889,0.47691765,0.9711836,1.5473762,0.14096087,0.028211359,0.10620278,0.6045699,17.591076,11.812297,17.072975,25.935556,44.763874,35.618427,45.8835,50.66849
1848,5072.0,22.669168,1.9016746,37.46566,126.30244,2.0209692,0.21630478,2.7129014,25.947458,51.564896,17.574543,57.61615,158.20729,33.115643,2.3176954,37.164192,343.09406,0.2806208,0.1195821,0.295225,0.4855322,0.10960118,0.00975114,0.124586254,0.5928454,14.680451,10.229716,14.219212,24.345673,42.929268,21.1202,46.09388,62.350945
1849,5074.0,24.986385,1.8517745,30.3394,93.60121,1.7074956,0.29558545,1.9460046,16.18804,52.84185,21.166456,53.371086,99.59779,30.654568,3.12365,29.815258,310.7256,0.23420145,0.121269606,0.24745229,0.4697445,0.1381406,0.025937809,0.16454965,0.58705854,14.58582,10.666175,14.071566,22.121353,39.234573,24.396687,38.746506,47.661747
1850,5092.0,99.684685,17.946077,115.8234,504.34784,14.20622,2.1074483,13.710542,104.174324,11230.134,4453.1763,13358.121,35647.79,1027.6549,128.80667,1340.7252,3468.1604,1.0777838,0.48165008,0.97940314,1.8518035,0.32542783,0.02143534,0.33242062,2.1416588,19.886135,13.164644,18.86435,30.515484,53.659256,30.684937,52.702652,78.82733
1851,5097.0,37.07057,3.987443,38.945957,154.72568,2.9814572,0.39508584,3.1871147,19.917606,104.34047,34.536915,120.11359,430.27603,37.342102,7.42678,39.27568,329.71518,0.37803382,0.20724711,0.36477554,0.5452686,0.093423024,0.01740626,0.08847899,0.48249036,16.082268,10.432779,15.462958,23.487663,35.90883,23.298634,38.56782,49.926407
1852,5098.0,77.13295,7.032649,85.119,275.15244,11.377711,1.434214,10.936424,59.576244,807.3332,396.9468,799.9874,1501.7048,85.39097,16.278511,86.71041,469.37698,0.23846354,0.12063151,0.26331022,0.46748644,0.3211042,0.058584142,0.3056108,1.668944,18.9279,13.198601,18.081148,27.672653,51.072098,38.112366,50.59505,59.9165
1853,5106.0,34.536114,3.0880327,43.35975,162.62405,3.3756876,0.3487804,3.9263237,44.436054,176.45369,51.691483,219.37265,718.6455,51.40555,3.5478861,68.66211,586.3658,0.2967062,0.11852447,0.3196076,0.4849904,0.20310685,0.016194014,0.23390973,1.1691068,16.481182,10.79297,15.772399,26.25192,40.970566,27.551378,42.67544,52.20481
1854,5109.0,49.098564,3.2409048,52.002724,142.52045,4.244912,0.538272,4.201034,24.607948,171.78392,84.15715,192.2964,435.54666,49.714066,9.727085,58.56809,401.99167,0.26811633,0.14555052,0.27917323,0.4974921,0.17504601,0.036406983,0.16739105,0.8823413,16.205544,11.823283,15.6125145,24.506319,39.3442,23.180668,42.322342,45.964104
1855,5112.0,27.019905,4.079702,32.13512,90.36876,2.248846,0.31689864,2.387641,17.118708,697.8843,214.97372,774.7302,2025.5923,333.60815,50.6837,283.97568,2050.0156,1.2039759,0.55445075,1.1951232,1.890604,0.06641906,0.020225985,0.0631871,0.47529188,15.243246,11.077114,14.927503,21.928617,37.86088,20.115921,38.57005,47.987804
1856,5114.0,63.840595,12.868096,73.4587,170.59898,6.731178,0.5358256,7.4192467,39.59581,5144.5557,1251.4899,5196.8755,8210.212,593.0339,131.4338,588.6667,3078.4712,1.107086,0.567389,1.0850731,1.8363942,0.13184865,0.024815125,0.13224836,0.5608601,17.733618,11.805791,17.216349,25.489187,43.907333,26.920645,45.159576,51.862606
1857,5128.0,72.72678,8.5588875,86.706276,502.0116,9.296193,1.1264812,9.158449,100.44061,3302.3838,846.8033,4764.2935,12997.4375,417.17844,41.43209,388.62042,2378.2786,0.69442266,0.32532772,0.72016084,1.134014,0.13256751,0.017700152,0.27453697,1.707594,18.193436,12.877129,17.25381,28.404045,57.829185,24.32896,58.80273,78.4251
1858,5133.0,18.888887,2.1072853,23.853292,134.9529,1.5425198,0.30202273,1.7772026,21.843513,39.43059,14.2811575,42.361298,367.8384,28.34427,4.1249166,35.815067,313.2796,0.27949557,0.121601604,0.3008638,0.4646998,0.080699794,0.015891088,0.070902295,0.7415386,15.007481,10.613728,14.744143,23.114235,34.140324,19.812737,36.757305,47.24781
1859,5137.0,43.04579,9.409627,49.293446,149.13982,4.0264564,0.5138021,4.746392,25.025398,2236.4414,409.16232,2631.7854,8527.164,585.85486,88.54986,574.5393,3450.0364,1.1821636,0.51260114,1.1295662,1.8699203,0.078860104,0.019433253,0.0661989,0.8048532,16.97949,11.606693,16.920778,23.142853,37.61987,21.707094,39.203392,49.755688
1860,5143.0,86.75955,4.440632,119.76701,415.26456,29.39141,4.4785867,28.664051,110.87639,75822.46,15376.644,65362.168,112773.51,2439.575,401.646,2484.2217,7782.7817,0.47445747,0.29459697,0.44833967,0.81410605,3.196779,0.2122408,3.482162,8.237024,26.739452,15.069736,26.341177,33.884876,52.28897,35.587734,50.99549,67.96999
1861,5146.0,32.129204,6.491015,40.498535,143.28877,3.3928752,0.3318824,3.4298298,45.3624,2427.4663,444.82162,2009.4679,8735.634,592.4389,62.986088,639.47076,3025.2314,0.6223577,0.2990012,0.60850626,1.2147324,0.51506186,0.030033993,0.56669223,3.4547048,16.35052,11.4717455,16.093405,27.255503,41.861183,25.02584,42.768543,54.851067
1862,5149.0,99.61893,5.463075,118.9563,357.17172,16.780895,2.728491,15.251478,84.84527,7905.531,3731.0264,8052.195,14517.221,522.728,84.525215,492.64584,2089.9592,0.4144679,0.2122827,0.41019642,0.68377155,0.9114527,0.23549053,0.83834577,4.342949,20.543121,14.311748,20.241735,29.379692,54.374615,35.122925,54.19719,70.691444
1863,5155.0,78.08315,4.0838923,89.45288,361.92468,14.095505,2.152786,12.5031595,72.91722,3115.7188,1325.2556,3292.8328,11827.666,261.01395,44.47561,232.7367,1106.2037,0.40476364,0.22796066,0.405055,0.7497679,0.3686884,0.09138587,0.3697958,2.0855196,19.773748,13.515471,18.844418,29.684566,53.01691,34.87848,53.044453,69.9799
1864,5158.0,72.13568,5.4374175,85.18868,377.98175,15.195005,1.1580247,12.809249,78.38169,1882.9368,155.11542,1864.1342,6237.8027,94.86976,8.396823,147.53218,560.2908,0.27774727,0.13384181,0.28877535,0.46406746,0.5965468,0.04352981,0.66174483,2.6056888,20.336098,12.20158,19.426546,29.553778,48.91407,29.419003,50.197598,65.044716
1865,5167.0,73.842804,4.2422824,104.786064,671.01245,19.672394,2.6417994,18.619131,145.76865,11751.918,2680.4456,12746.444,39505.496,739.4177,108.59236,747.66986,2573.1602,0.38789627,0.23334883,0.3929281,0.6767148,1.2058867,0.20239402,1.512251,4.968928,21.70263,14.631132,21.137264,30.319021,55.077656,26.662863,53.09868,85.33675
1866,5172.0,101.930084,5.5071096,119.995316,343.17767,18.712975,4.9164414,17.47623,67.38112,2725.9402,2057.372,3094.3335,4771.3047,167.10338,50.979557,146.58536,609.1155,0.3562503,0.21259388,0.33454946,0.6098565,0.37167203,0.09726445,0.3661866,1.3676145,20.147913,14.782045,19.692694,27.73302,51.54867,43.227234,50.837536,58.797077
1867,5176.0,67.98635,3.9100945,82.408325,263.0513,9.936782,1.5273256,9.057974,51.967484,1826.1182,886.55273,1751.0917,4425.476,209.07774,41.868813,176.29088,919.6869,0.38631815,0.21620037,0.3852963,0.6681116,0.40347677,0.074904144,0.47178748,1.7416638,18.463364,13.678241,17.47752,26.424665,47.72754,37.112865,48.06217,54.33452
1868,5179.0,91.72168,20.645006,101.85468,464.16568,12.942584,1.9320922,12.7651005,95.552666,12322.297,5045.7876,11194.591,22735.697,780.1679,122.85662,902.809,4105.4404,0.6892377,0.38926306,0.7093538,1.1278219,0.41015083,0.06992424,0.47010043,2.6206126,19.39961,13.898596,18.860224,28.61359,52.555565,34.47013,52.95042,61.438663
1869,5185.0,82.37654,6.799387,99.75688,370.79465,11.195801,1.1121775,10.598745,70.29726,783.7863,121.9866,891.56323,3114.8513,76.99412,5.8948507,114.2183,445.92215,0.26556316,0.11669,0.27982354,0.46145427,0.42795062,0.017799508,0.44146326,2.0176382,19.43304,11.583711,17.443426,29.823969,51.773457,32.230812,50.181316,67.38548
1870,5192.0,111.67213,10.334291,100.7639,388.37146,18.670572,1.2584147,18.925158,79.813416,57160.156,3220.2437,52398.61,102317.42,1921.4609,142.47853,2050.616,5777.856,0.6319274,0.31908154,0.5975406,1.3051006,1.5441943,0.07427904,1.5391726,7.2923927,21.547201,13.179389,22.608765,30.802515,49.893616,27.734818,51.065704,65.72578
1871,5196.0,40.82952,9.184747,49.55809,155.21642,3.409894,0.49593323,3.3341184,22.64042,1867.5958,1378.0425,1947.225,2180.7646,460.9349,67.937256,443.15802,2491.1196,0.9252972,0.4295543,0.85233724,1.3487507,0.15947668,0.04054158,0.15858133,0.6040201,15.822221,11.799348,15.460026,22.229616,41.216305,28.390747,42.25123,47.385944
1872,5200.0,55.20121,5.220623,63.763992,188.2949,5.2711167,0.5600221,5.930964,35.13832,235.45892,84.60453,233.68214,413.8804,54.28997,9.166245,54.442112,363.50012,0.26345843,0.13694142,0.26368845,0.4636332,0.17761026,0.026506104,0.13350603,0.73327255,16.960089,11.730396,16.395365,25.07505,43.746788,30.219751,44.697674,51.285255
1873,5202.0,69.85415,6.3693013,79.30022,245.71335,8.867277,0.79541373,10.079508,46.598583,399.25552,148.31538,384.92014,586.66254,52.529694,8.89448,46.960983,350.25256,0.22753645,0.12932344,0.23161276,0.39238688,0.21007597,0.0442141,0.20522769,1.1064737,18.036901,12.418869,17.890083,24.583586,46.33676,31.9268,47.795795,54.52786
1874,5203.0,125.55089,32.704613,140.77745,418.07532,23.12353,5.0608687,23.11374,101.36522,59136.53,22697.7,50170.24,68467.68,2084.4446,428.53598,2246.3396,6840.669,0.74910337,0.40160888,0.70250106,1.390438,1.253432,0.13300735,1.5461313,3.255296,22.443024,14.937283,22.957422,31.314318,48.105686,39.955948,48.94967,58.368797
1875,5210.0,27.116129,2.704746,38.171043,590.25696,1.9572895,0.1600179,2.7047832,111.975044,219.23616,22.671387,244.0265,1629.8179,162.49855,1.1220757,179.91257,1413.7684,0.29737607,0.07150232,0.30299526,0.55714685,0.40269512,0.014298549,0.34097576,2.8987877,14.569896,10.191994,12.921538,27.979338,54.94502,17.59087,55.940075,80.30556
1876,5211.0,130.38033,7.4399886,116.240295,566.33795,25.66146,1.3824348,23.097649,125.55898,5376.333,273.31677,5001.458,10801.365,162.55211,15.956347,247.72531,688.996,0.27026442,0.12844491,0.288386,0.46917114,0.92498094,0.06552198,0.96345925,3.781238,21.93261,12.228241,21.043453,31.904137,53.67863,30.98917,53.819653,67.8091
1877,5212.0,72.77188,4.0374737,88.50221,412.9129,13.461069,1.2269317,12.816637,76.11119,2507.0483,308.7309,2253.2847,7193.6694,184.60779,14.830425,256.19244,815.422,0.26066256,0.124515675,0.27108598,0.43106022,0.5919673,0.06393672,0.8895735,4.126643,20.24254,12.842849,19.682283,29.099882,48.357452,26.85871,50.494534,64.49602
1878,5213.0,66.236176,12.84249,77.971085,213.94905,7.104567,1.1490908,7.3035345,45.731297,4520.1597,2995.7832,4596.5645,8293.993,639.24884,122.57282,747.1363,3595.958,0.88344944,0.4673781,0.77934223,1.6800157,0.2664269,0.038283873,0.24019894,1.263098,17.699186,12.050804,17.278326,25.392992,47.034924,36.051075,48.698933,55.224888
1879,5215.0,30.21344,2.9358962,38.6987,190.81668,3.4195874,0.30668488,3.3016925,49.70814,179.94466,37.356895,209.6355,390.512,62.510406,6.1406507,75.61293,358.22516,0.30807802,0.1755795,0.31704578,0.5396085,0.1365625,0.021917319,0.14181879,0.75969374,16.240133,10.512926,15.077436,27.614698,41.674313,25.704948,42.77397,51.0612
1880,5220.0,44.23647,1.8957155,69.74827,390.61218,8.542064,0.6806326,8.018787,72.60891,2940.5122,341.2243,2997.4321,23913.54,473.40924,44.98281,561.13916,2514.779,0.56344146,0.29346326,0.5620303,0.99285233,0.42898452,0.03699493,0.47861367,4.040052,19.100346,12.255682,18.050703,27.914206,45.574146,22.651407,46.411896,65.99962
1881,5222.0,40.67436,2.9083228,44.56336,190.79012,3.5719051,0.44506568,3.621925,44.155094,271.96677,127.06187,312.39322,670.7511,95.204735,9.785028,113.93729,648.60376,0.25688523,0.1385538,0.26752827,0.5382537,0.35286826,0.059321817,0.45305312,1.5897005,15.939864,11.374221,14.982902,24.700996,46.0242,32.34463,45.560726,54.125645
1882,5226.0,39.55124,2.7155447,48.30825,192.16057,4.4451942,0.34580502,5.136746,39.651512,100.32345,34.02776,114.39958,154.00189,27.313005,3.4029095,20.502756,179.48122,0.23295632,0.15174338,0.22763307,0.45099598,0.08861543,0.015290794,0.08444989,0.46404874,16.595627,11.201893,16.458342,23.748358,43.600212,22.710625,43.216545,50.744343
1883,5230.0,106.48474,19.304724,131.30638,309.83804,15.349966,2.7360435,16.212694,59.986584,16121.192,9970.767,16586.934,29380.988,1019.67084,233.59682,1091.7637,4151.549,0.9811248,0.44438726,0.9662683,1.6950036,0.2850101,0.06270511,0.25004485,1.3380971,19.709143,14.125689,19.28033,26.10276,47.608112,39.219574,48.64051,53.44801
1884,5234.0,75.71951,19.789555,89.260796,258.99814,8.475128,0.83786863,10.166104,47.748695,7628.5815,3702.253,8022.088,9889.664,627.2237,122.77568,563.0663,3783.7073,1.00799,0.4580506,0.9721185,1.5372807,0.2109922,0.046436876,0.17976227,1.4473823,18.159435,12.626643,17.529282,24.421099,47.14872,32.372086,48.32294,55.25243
1885,5243.0,94.617165,3.01827,118.78483,427.5846,16.796408,1.7564963,15.131374,87.1262,7872.0454,1345.0635,8351.904,19805.404,545.95654,48.53331,506.87857,1659.1593,0.40691403,0.23079567,0.40487882,0.6919842,1.0015604,0.10157576,1.2435659,4.8290973,20.933996,13.350829,20.30946,28.465958,48.860233,27.324657,51.371174,64.46386
1886,5244.0,84.0965,6.381872,109.82511,394.89014,20.313173,1.6326864,22.647236,108.61209,17301.143,2733.491,30769.084,48213.336,958.50433,98.815926,1297.8411,2242.7817,0.23437865,0.16247529,0.2210564,0.6457931,4.2882953,0.19195496,3.1807523,10.831152,26.869965,14.954504,26.726925,34.674213,43.53662,33.413296,45.218315,62.348682
1887,5245.0,40.550884,2.2250245,66.122765,200.259,7.0030727,0.6915488,11.105216,36.739468,3798.625,651.66046,6925.867,16645.486,522.7168,57.655235,551.0659,2338.9766,0.3914832,0.23447047,0.38468158,0.83284265,1.0940946,0.038903773,1.0358361,5.587954,19.818657,12.332382,20.991379,26.147345,41.161827,23.085844,41.678204,60.326412
1888,5249.0,41.71429,4.0006847,36.84785,420.6716,3.5432384,0.39012414,3.9301605,25.801065,2090.8025,319.2695,1923.5895,3039.4766,414.81375,44.48123,505.65607,2203.9578,1.7370851,0.59075665,1.7289978,2.239296,0.05594954,0.01365686,0.051224973,0.3555822,16.071404,11.130794,15.856571,25.219282,39.40294,22.133972,41.428207,48.41232
1889,5251.0,115.26111,5.8687277,97.4381,882.2798,21.256294,0.96811604,24.472483,151.17188,18312.238,590.4191,19096.998,27426.943,476.52905,27.588617,509.0367,1642.5074,0.25042084,0.12842996,0.25076354,0.4493187,2.9726343,0.08836315,2.0505264,10.327737,22.805695,12.59564,23.453129,30.208284,48.697857,21.738789,49.44676,75.99274
1890,5258.0,65.76944,6.314416,68.87505,278.84146,8.231682,1.7359428,8.642812,55.988216,3479.3877,1985.2008,3646.464,7124.9565,455.83563,65.5933,352.00775,2283.326,0.40176582,0.20264803,0.4016887,0.65966004,0.71256316,0.15322186,0.731064,3.7852778,18.784294,14.275648,18.443249,25.014994,47.761127,33.675793,48.09415,58.738644
1891,5260.0,99.25313,12.917361,90.870255,573.7807,10.541945,0.6779483,11.342341,147.63765,10146.935,1105.6532,8324.907,73989.85,1141.3325,127.9535,1123.9358,4947.5938,0.7358491,0.4004602,0.7014889,1.3811424,0.65622854,0.05542192,0.6678858,4.9285316,19.604082,12.276485,18.646362,28.231325,45.934578,23.412169,45.01958,72.844925
1892,5269.0,75.702835,15.251576,80.44296,215.74094,7.700675,1.701297,8.7273,41.932938,4356.707,2642.2773,4263.9375,10343.583,656.48474,113.60993,642.20844,3204.1519,0.7992549,0.41723686,0.70280933,1.4388477,0.25973874,0.038973305,0.2524311,1.2897763,17.958683,13.120747,17.600283,25.052336,51.300602,39.68561,52.094234,65.965836
1893,5270.0,12.15681,1.3444456,23.066744,114.98383,1.0930067,0.13495411,1.2655761,26.230572,64.268875,14.731491,64.823494,422.6789,64.56353,1.0897924,77.67792,684.38635,0.31459072,0.10319563,0.3056041,0.639451,0.15878546,0.010390151,0.15049069,1.1216558,13.917996,9.895771,12.83982,23.665226,44.505417,19.186224,44.552963,63.5729
1894,5281.0,76.51985,5.285781,90.99981,354.6152,11.680397,1.9044735,11.370946,96.544914,755.1204,295.9618,904.64777,1531.6812,74.98541,16.036154,56.48573,348.55133,0.2001551,0.114249036,0.19568801,0.42475978,0.3845726,0.08625596,0.40348032,1.654566,19.063774,14.002982,18.372574,26.831282,52.271793,35.632328,52.475887,69.09893
1895,5282.0,18.878849,2.582018,23.53628,133.70909,1.4781512,0.29180902,1.7618032,21.870962,35.705246,12.375196,41.567654,308.91602,28.392523,3.8902967,30.628145,311.88327,0.28271776,0.12978716,0.3049232,0.47148812,0.07684285,0.017158203,0.06447938,0.6923538,14.963729,10.431018,14.727385,23.308521,32.040226,19.56106,35.00777,47.544636
1896,5286.0,135.76524,13.830586,127.05108,523.22205,15.183302,0.7977649,14.252093,138.15625,28313.307,1582.2571,27388.496,80528.984,1976.6107,106.19565,2169.8835,8426.051,1.0144356,0.3945267,1.0047952,1.9173232,0.33349535,0.025460849,0.45301,3.4730184,20.979113,11.997319,19.399414,32.653633,50.163837,24.871447,49.220165,67.32478
1897,5287.0,120.69133,7.6329184,152.23183,650.0671,25.342237,3.1475797,25.395971,146.25555,3797.868,1060.3536,5070.7227,9217.195,247.61432,42.637135,234.2127,781.9363,0.20117085,0.11663591,0.1906451,0.37305605,1.3558904,0.25056437,1.4894602,5.198906,22.062567,14.928622,22.214012,28.733973,56.0077,29.265326,53.626648,81.6562
1898,5290.0,94.76509,8.518612,126.08166,483.03748,18.025213,3.5167606,16.81777,132.73103,1805.2117,830.14276,1805.4337,3702.9165,134.13466,18.430536,174.55194,722.95667,0.2123197,0.13322179,0.21882413,0.36406448,0.64836395,0.14640412,0.63934386,2.4946945,20.012466,13.979254,19.785141,29.39265,55.70369,38.618427,56.003426,69.86048
1899,5303.0,50.333656,2.3855002,62.483734,175.23412,6.3204584,1.0671439,5.9680305,39.360973,215.6572,129.20018,238.19218,601.2476,32.24558,5.2620444,32.488605,340.3168,0.17045684,0.10453979,0.17335941,0.37877223,0.4136052,0.06761981,0.3933247,1.3973975,17.123392,12.686285,16.738052,25.020245,46.57216,33.641495,47.63368,55.951416
1900,5305.0,31.924711,3.6160123,44.246696,264.8785,4.1264114,0.51767164,4.812584,47.93198,146.34776,62.256077,156.06662,344.58096,39.637466,4.323414,41.78369,399.8579,0.25031534,0.11216269,0.24913505,0.44683668,0.12653728,0.017353183,0.15330045,0.9473034,16.35659,11.202839,15.850225,24.94275,49.212986,29.381891,51.174408,62.282837
1901,5309.0,48.808575,5.301569,57.743774,222.12625,4.502714,0.43191403,4.9177413,40.323193,3015.6335,1065.7201,2901.7358,4480.4053,576.8232,79.43158,480.94394,3447.8032,0.8288434,0.3937944,0.8632311,1.4824218,0.27924395,0.040458597,0.23773992,1.447559,16.732323,11.990615,16.007713,23.527771,45.23031,27.30175,47.535492,55.30979
1902,5310.0,104.276764,3.3145568,106.73219,290.08438,15.292323,2.8254468,15.320335,56.39664,272.38495,152.56589,198.87479,2860.8901,14.0939865,5.141046,9.438731,348.70328,0.068072,0.03604715,0.07024406,0.24525428,0.8531175,0.09827157,0.9584024,2.9449096,21.6334,14.766765,21.259296,27.914955,49.13322,35.45861,49.08072,56.92425
1903,5312.0,22.641645,1.3787683,27.915443,84.723175,2.1602428,0.3692343,2.209169,13.175301,118.98131,68.66994,144.76924,224.49194,71.46391,8.904886,70.48623,459.86404,0.45708808,0.23822671,0.4592528,0.8000585,0.11673317,0.025168657,0.113872126,0.36738336,14.922148,11.193677,14.424501,21.000778,37.79357,21.476109,38.619602,48.444168
1904,5313.0,15.1133585,0.9086531,36.387436,146.70271,1.5131896,0.19429165,2.5297773,31.925934,147.08984,51.961243,214.98839,1378.0131,130.77266,10.310417,147.94513,832.35803,0.41006693,0.20382294,0.3868264,0.7778441,0.1702216,0.014573236,0.2379764,1.52677,14.828987,10.66378,14.5351515,23.95234,47.47037,20.815283,49.697838,70.341805
1905,5315.0,29.797699,3.027433,39.06839,141.56505,3.25888,0.35385528,3.1697469,30.666939,108.57896,65.93131,98.53799,305.96762,33.840076,4.4608436,37.925293,477.07675,0.23923033,0.12601611,0.24320234,0.39786872,0.116754405,0.031729408,0.1843627,1.0019037,15.7781515,11.120494,14.259996,22.643595,43.278816,27.14271,43.719707,50.42214
1906,5325.0,23.149837,1.6241062,33.364025,432.45078,3.8739033,0.47270814,4.191863,73.943924,681.1654,104.25154,1192.805,19747.805,186.58281,5.7445545,418.7122,1316.9962,0.43945295,0.18128212,0.4177318,0.8161799,0.1988957,0.020247716,0.31319702,2.8668623,16.629656,11.695121,17.177658,29.484432,46.644382,21.348074,48.088017,72.861496
1907,5327.0,140.6998,7.350952,152.27632,921.727,33.230347,3.5669968,31.20577,240.76086,17217.346,5674.82,23130.19,31725.55,533.41986,80.31641,606.7688,2356.3413,0.2925306,0.18530138,0.3311283,0.6314522,1.2613069,0.19706278,1.3788905,5.376729,23.18457,14.800619,23.178558,29.468002,56.868084,28.530787,55.824364,85.74342
1908,5328.0,101.52848,5.195009,121.74522,390.67963,16.312717,2.198229,16.565489,88.95194,10823.97,4575.9116,8947.86,14626.561,700.77844,87.299866,551.578,2099.537,0.39514974,0.20449789,0.4069168,0.67246526,1.2010559,0.25349692,1.0765102,4.576979,20.43266,13.857096,20.015078,29.441801,54.665028,34.878826,55.502693,69.6088
1909,5331.0,28.760319,2.8741941,38.954315,231.01913,2.3315377,0.23379433,3.5516064,49.80893,57.218014,21.268951,72.31352,317.73163,46.44502,1.8503114,53.73863,340.14157,0.26907033,0.10822402,0.27774116,0.46297908,0.1216525,0.011321195,0.11576416,1.2799274,15.706127,10.507038,14.740614,24.906437,43.69991,19.27659,46.975517,57.9601
1910,5332.0,46.61905,1.8823028,59.266212,205.21252,6.7328725,0.51459306,6.1871514,53.74542,3906.9585,208.29967,2530.227,17208.137,419.60098,40.63611,471.8623,2433.1506,0.53147006,0.27382043,0.53083223,0.9642212,0.39143634,0.021321729,0.41541985,3.6251035,17.917192,11.699011,17.627506,27.326828,45.49183,22.185863,46.157055,63.144547
1911,5335.0,58.260105,3.886012,68.20634,213.24435,6.397382,0.6714271,6.204098,36.400745,674.79767,200.67126,588.93054,1800.141,134.48825,21.22136,150.8215,714.60925,0.28396472,0.15119866,0.2820186,0.44184446,0.44592258,0.05934717,0.40665492,1.6016958,17.532686,12.09039,16.904837,25.276426,44.906525,26.361185,44.678204,65.93564
1912,5336.0,24.696716,1.4617133,44.690693,262.8958,3.0283499,0.31331852,4.1235905,50.061085,332.74847,142.28143,422.0191,1503.061,118.56103,9.577529,137.20203,725.5343,0.4686434,0.2134656,0.4607929,0.7950364,0.13427426,0.01092518,0.1446141,1.344518,15.549213,11.472118,15.434295,26.528757,46.628765,19.49833,49.986885,63.133694
1913,5338.0,5.4551964,0.49688125,11.8138895,102.96424,0.5552296,0.10854485,0.6127089,16.145245,48.172153,18.002687,50.182545,505.41742,86.3631,5.2561827,65.31422,674.7839,0.51175225,0.20355077,0.4968424,0.84275556,0.080713935,0.011986599,0.09339774,0.86182815,12.651645,9.944666,11.820026,22.174622,39.06815,16.317781,39.27941,58.414196
1914,5339.0,16.280107,1.354895,40.246147,248.50758,3.554852,0.33482194,3.8944616,43.572685,472.43216,164.86089,538.12646,2049.6062,177.66641,15.404692,172.91747,851.84094,0.43418548,0.20846228,0.4375512,0.8049146,0.24691468,0.011933772,0.2415107,1.580986,15.916078,10.964148,15.599658,25.965591,51.01359,24.784788,50.48783,74.80628
1915,5341.0,102.94171,8.48618,120.268845,480.14124,16.161835,2.3925688,16.16902,113.90322,3751.367,1836.0789,4270.599,7141.0776,277.68484,42.154755,298.48267,1233.2195,0.35845995,0.23430447,0.37894836,0.5951938,0.4748502,0.070757814,0.5247221,2.8425992,19.918097,13.7744665,19.542963,28.18265,53.401066,33.236313,53.085835,66.145905
1916,5342.0,34.221653,9.810909,47.641785,277.76746,3.5972617,0.308153,4.505128,49.20969,737.99615,410.71988,1227.8893,4995.1465,311.8076,46.367588,291.54608,2399.6833,0.72139436,0.35408577,0.73614997,1.2642243,0.16462742,0.014104909,0.15683383,1.6280278,16.209455,11.367414,16.177406,25.745436,45.566048,17.775913,48.6867,62.65529
1917,5343.0,27.139225,6.165293,30.232449,219.2526,1.3274126,0.14469095,1.9464157,53.534252,465.52048,104.57866,546.28046,2421.889,451.50784,11.937891,305.02542,2653.7095,0.910944,0.28711155,0.92471004,1.5558163,0.15284666,0.009855687,0.13437827,1.2590024,14.176552,10.819643,13.028439,24.61712,52.022182,21.77668,52.10225,65.3339
1918,5345.0,9.519014,0.55332744,23.171984,289.08228,0.92698675,0.062946014,1.8204743,67.24291,91.027725,29.641607,163.3462,3382.0618,146.06715,6.6361446,99.695816,812.11053,0.5910597,0.2510286,0.67144096,0.8716375,0.12144784,0.009269932,0.12336796,2.4417245,14.270781,9.595385,14.898938,25.976921,36.503872,14.513047,44.166782,66.59409
1919,5348.0,23.092596,1.6541483,37.717678,145.62262,3.3159883,0.44261342,3.4875467,30.385006,384.2011,93.27957,403.50897,2072.8923,102.75849,11.975072,113.65305,885.8571,0.4371752,0.21964504,0.45289552,0.7625331,0.133535,0.019023236,0.13653918,1.1052469,16.531034,11.536676,15.9400015,25.051582,38.783268,22.583303,41.608585,52.55793
1920,5349.0,98.7765,14.379213,97.475555,314.91138,14.776629,1.1071882,12.214281,67.42712,33378.414,4203.3477,26711.62,96698.47,1790.1003,169.99248,1742.8557,6485.707,0.780685,0.4239334,0.8017142,1.5671725,0.901699,0.103726506,0.8441325,5.1175194,20.75256,12.862526,20.08988,27.990908,49.352615,28.168753,48.75068,66.61998
1921,5351.0,73.853966,12.215356,86.51065,304.1032,11.547264,0.9980713,10.2897,64.01538,18192.982,2332.5935,18504.451,74846.82,1491.9288,134.48326,1374.3885,4866.0923,0.8476499,0.42454562,0.84504044,1.5894147,0.6782298,0.070891835,0.63579196,3.4706974,19.70527,12.743295,19.007494,27.495459,47.430576,27.423769,47.687607,65.458725
1922,5352.0,34.74699,3.9895446,48.85158,152.30246,3.0093858,0.36292878,4.1805587,42.640335,48.60518,20.505714,63.912933,226.6243,21.02423,2.0908918,25.307005,230.01668,0.18990648,0.108481854,0.19161779,0.44037914,0.13444442,0.013613104,0.13209984,1.0169697,15.652615,10.945784,15.609567,24.447588,48.909657,23.001505,51.955402,64.6541
1923,5355.0,78.76055,5.993617,85.010414,363.94095,8.345626,0.94113714,9.227149,62.861652,1241.2944,420.6756,1134.2168,3666.232,205.56667,16.442997,210.20906,1308.0664,0.26993486,0.11167752,0.28464046,0.4852757,0.6743587,0.08130311,0.75386167,3.3262742,18.575972,12.685427,17.718578,26.886993,52.21242,30.033958,52.116318,62.2201
1924,5356.0,129.50809,19.162733,131.24004,558.20013,17.069592,2.4317045,22.542732,114.544014,15147.204,2416.4927,15747.985,47175.64,1045.8374,161.84244,928.3943,3207.567,0.86088216,0.32846293,0.8053037,1.5232759,0.31941465,0.024332626,0.3695845,1.9412941,20.652912,13.9572935,19.399128,30.083786,58.07295,35.076138,59.793846,76.72782
1925,5361.0,36.31979,2.4706697,45.856968,179.9529,4.3905373,0.41533118,4.9504447,40.937073,102.77073,60.40704,109.564316,235.01863,19.844545,2.9236586,20.746284,246.98978,0.19103023,0.11171333,0.19902539,0.4519064,0.16410266,0.021203358,0.20124647,0.7234435,16.433722,11.299597,15.71382,25.18127,46.004696,27.4192,46.500904,53.99874
1926,5362.0,22.913788,1.7161229,37.924576,138.67006,1.9321874,0.19643538,2.9541252,31.665426,38.15813,8.375064,57.961456,364.7904,40.82339,2.2070794,43.819897,328.26175,0.27191502,0.115667336,0.26530588,0.50058615,0.1649209,0.011502226,0.16137601,0.9685031,15.123586,9.96755,14.560704,23.973618,47.62594,16.426332,51.19678,72.64774
1927,5364.0,32.00868,2.577019,40.910233,129.21996,3.0994902,0.35422137,3.4769773,22.777325,75.456215,23.0964,79.27814,142.20941,24.556917,2.3977754,26.035282,213.08945,0.2942911,0.1612074,0.28905582,0.46725157,0.06739732,0.014610016,0.064151175,0.380473,15.732384,10.927478,15.251534,22.653545,42.855434,24.432909,42.146366,50.515938
1928,5367.0,20.363253,2.76114,24.854118,87.36878,1.2623765,0.18191615,1.5393301,13.821455,25.472116,11.667913,27.666134,104.28342,26.1682,2.7586718,22.986603,299.52975,0.28298476,0.13173553,0.2909699,0.4735719,0.07564906,0.01874478,0.05801163,0.5330769,14.154193,9.996517,14.222294,21.58027,33.317753,17.670578,34.535305,47.07983
1929,5369.0,40.54294,2.7324505,58.17802,211.30316,4.802083,0.30615795,5.910538,41.874477,211.77121,50.849033,221.67859,437.74768,53.390472,6.9283986,57.204132,350.03287,0.30199242,0.1697328,0.31331,0.47697902,0.11295221,0.020523177,0.103081174,0.66972524,16.888412,10.953443,16.576155,24.971252,43.20043,20.667082,44.197758,53.482742
1930,5372.0,25.411423,2.9226854,30.61317,93.14383,2.5597994,0.3469944,2.617817,19.02533,197.02563,103.24817,205.04027,369.76407,71.90507,9.291686,67.03705,460.6029,0.45225942,0.29658607,0.45163172,0.79797006,0.11826596,0.018984778,0.12801659,0.4539749,15.703664,11.415292,15.228867,22.280512,36.404472,21.716555,40.707867,47.322765
1931,5374.0,37.139748,5.1062026,42.14532,109.44944,3.3159425,0.48782685,3.3903108,22.308973,1073.4176,517.5778,926.40027,1412.9017,286.55182,52.8286,316.55527,1728.0702,0.99610054,0.48271602,0.96728,1.7640584,0.088724285,0.016650977,0.08613699,0.31903765,15.994521,11.530321,15.3506155,23.329378,42.664692,24.095985,43.759037,48.584743
1932,5378.0,26.072857,5.635048,27.948206,101.181915,1.6019859,0.2474776,1.9168237,15.663967,292.5246,141.3891,287.68802,1306.9977,194.48885,32.29374,191.30319,1681.0006,0.7728914,0.3559764,0.7398233,1.31513,0.095892526,0.01643151,0.099617146,0.70184195,14.468852,10.922202,14.191497,21.991787,38.320934,18.166946,41.454975,57.630016
1933,5382.0,200.41261,33.53268,179.30518,635.6272,27.944687,3.5605712,28.297749,183.23598,43557.79,18174.79,56984.844,118911.67,2050.7861,339.74915,1606.1903,6691.866,0.69060516,0.38002077,0.75064266,1.094862,1.202251,0.24640898,0.9564761,4.30187,22.462933,14.76052,22.246967,29.552778,57.372353,30.615458,56.00255,85.16106
1934,5383.0,29.171093,1.9726583,25.366869,130.79828,2.1937807,0.33648983,1.9120175,20.224178,76.86921,30.634384,90.05865,407.328,28.116098,2.5985808,30.896652,347.26813,0.2529515,0.13013937,0.25498548,0.4853536,0.12753086,0.019149505,0.16150092,0.7283877,15.121545,10.290219,14.688448,24.020958,39.007977,23.762096,39.141575,50.702896
1935,5387.0,20.985703,1.0574449,36.878334,137.17932,2.1484244,0.2970302,2.7327237,38.74059,138.10277,50.487476,161.0158,548.68195,70.96309,5.8604727,93.520325,544.3648,0.41875276,0.19997507,0.4082216,0.78122306,0.12309321,0.008919717,0.12998189,0.7075718,15.038671,11.069332,14.009376,25.34031,48.7395,21.943785,51.39961,67.80298
1936,5393.0,26.833002,2.2711577,31.653349,487.9813,2.222261,0.23319896,2.5999844,133.71593,204.10721,19.886091,233.12979,1413.6079,66.06049,0.5685084,102.96223,1397.4647,0.25034738,0.062784165,0.26577803,0.53434736,0.26242125,0.01331445,0.40971124,2.7769809,14.823994,10.47083,13.175916,27.025536,56.037197,19.87647,55.38553,80.95565
1937,5403.0,49.567497,8.8278,60.11074,170.00381,4.5802574,0.44661012,5.04759,33.816074,2726.866,1911.2858,2825.045,3965.0793,571.23883,93.786446,532.90405,2998.6045,0.86637586,0.45298067,0.90027064,1.3744128,0.18421662,0.038890626,0.17652026,0.8547323,16.477743,11.330197,16.026989,23.680803,43.3961,34.12441,44.358585,48.36867
1938,5408.0,67.50777,7.9803233,88.62653,362.49393,7.4989777,0.77265686,9.360213,61.41106,3326.5488,642.2813,3991.0366,18362.97,570.39777,97.36718,508.53546,2890.7664,0.9221458,0.39933372,0.8651475,1.5838413,0.21544828,0.018376447,0.19981717,1.2922611,17.97086,12.280464,17.23394,25.837711,57.65151,24.855133,54.93578,80.17683
1939,5409.0,197.00822,13.471848,177.97693,1116.4663,33.283623,1.0876217,30.747295,215.69412,168785.44,4001.5476,90112.35,413934.5,2803.23,202.88788,2200.038,13432.637,1.0260038,0.47535172,1.0003769,1.8523672,0.79631704,0.0801892,0.91426325,4.3191357,22.486423,12.389662,21.844202,31.439121,55.842762,29.37594,54.55144,74.65176
1940,5410.0,174.99782,16.18249,156.27394,438.1348,36.563713,1.9887105,46.520435,104.15247,509262.3,14540.788,385902.97,819783.5,6581.9453,271.93958,7332.907,13628.436,0.65645665,0.36171803,0.6038982,1.6953177,4.434276,0.095987014,3.4188437,14.664992,27.911251,13.567823,28.267221,34.334248,49.995224,29.64226,49.819714,65.45148
1941,5412.0,54.520676,7.893176,74.75529,354.97824,4.8996496,0.76663387,6.3065343,62.67827,2998.224,838.99756,3152.4038,9425.648,574.31525,44.999737,462.28867,2777.2908,1.0608202,0.38584805,0.96824723,1.7950565,0.17212436,0.010750629,0.13729103,1.1558104,16.934881,11.922903,16.073845,25.921812,60.04303,25.417982,56.15086,75.57953
1942,5414.0,130.44687,14.897542,135.29251,377.20734,17.861355,1.6716332,17.556087,71.63433,31912.932,5035.078,23801.484,90853.414,1494.5435,179.75838,1532.973,4906.9897,0.88972867,0.41738224,0.8901813,1.7479123,0.49203947,0.08081129,0.55974966,3.414098,20.44396,13.208888,20.200668,28.265923,51.75316,29.787281,51.461834,64.878
1943,5427.0,25.970446,3.1761603,30.960342,125.109795,1.9750293,0.26575238,2.2669213,16.670084,58.713604,24.118244,57.17945,195.32025,33.172943,4.527833,34.971386,321.19687,0.2694488,0.119761765,0.27317852,0.46974713,0.12237305,0.021674413,0.12984589,0.7705978,14.733455,10.577403,14.48884,22.811499,40.134323,19.383026,41.290432,51.050003
1944,5431.0,38.42148,6.0458417,54.8435,277.5212,3.5529323,0.39077485,4.5093923,54.523754,1481.2583,546.68024,1747.2607,6294.5493,531.379,46.430614,590.6523,3825.4727,1.0805864,0.4279751,1.0913478,1.5543816,0.13280907,0.015176018,0.13269818,1.2405219,15.866743,11.311318,15.123457,25.864834,49.004047,22.702805,50.839455,64.973625
1945,5433.0,26.937296,1.6546009,38.70081,162.67764,3.1200826,0.4483279,3.266112,36.050236,680.8128,209.31346,613.8372,2032.508,180.1373,15.582019,169.01633,1095.1304,0.35091236,0.21092083,0.34060395,0.6623762,0.4967084,0.043409973,0.536883,2.0916898,15.902751,11.438309,15.613874,24.981531,42.1846,27.734554,43.554657,52.02744
1946,5443.0,94.625114,8.472285,104.5298,329.3161,14.198438,2.5462065,14.759367,66.986374,1096.8147,819.3972,1169.9691,2747.387,87.59512,20.825861,65.903366,631.89386,0.33884904,0.22037196,0.33561078,0.5966978,0.21090081,0.030972792,0.2190463,1.2053225,19.01967,13.856298,18.795755,25.846275,53.388836,32.87532,53.74359,59.81238
1947,5444.0,72.3465,11.449333,77.751816,174.96402,7.885676,0.99518275,8.671256,44.0446,5576.981,1173.0017,4444.3726,13921.347,829.74414,47.90014,1086.8146,3912.861,1.019025,0.45143914,1.0081868,1.9365196,0.19163106,0.015235591,0.22410427,0.9996171,18.429653,11.737599,17.5791,27.326754,46.517036,30.424295,45.966534,57.4229
1948,5446.0,25.25686,1.653345,34.844845,157.31438,2.0043905,0.24301527,2.3335369,30.782135,54.222885,18.479517,52.324776,133.8898,29.875647,2.1343584,33.87835,388.9046,0.2902815,0.11215168,0.29962486,0.5204842,0.08452285,0.009541638,0.11224869,0.7127744,14.4815445,10.320548,14.075738,23.324808,45.849228,24.516562,46.678783,61.619602
1949,5449.0,46.887535,2.504143,67.38561,277.71,6.7011886,0.45508993,6.594337,56.536114,181.75117,45.886364,287.1972,980.7575,35.150204,4.53418,34.070995,352.4478,0.24793884,0.122194365,0.25262013,0.45589456,0.1412373,0.017028054,0.16457802,1.6316167,17.675634,11.569476,17.144854,27.558437,44.526264,22.696898,46.23757,56.584133
1950,5452.0,85.46453,3.7472794,104.88179,457.5021,13.399645,0.80273855,13.5179405,79.68446,1432.4894,197.53886,1523.2003,6760.934,133.27982,17.567322,134.01805,659.2059,0.24111888,0.12985043,0.24435425,0.44166815,0.6466106,0.07737227,0.6456547,5.029837,19.90929,12.253612,19.330944,26.970499,48.91893,21.858421,50.373634,70.93147
1951,5453.0,168.69917,4.1992116,115.26698,1127.7269,14.00756,1.3471277,11.832861,229.5902,910.3845,120.76127,979.36993,4062.7258,58.647926,3.5202954,95.96934,376.21976,0.23916662,0.09313199,0.24195682,0.46790117,0.38256463,0.015698103,0.52209663,2.4943526,20.20908,11.562753,17.940151,33.374935,53.785366,35.720062,53.53445,68.94147
1952,5454.0,44.145905,4.2438354,56.40412,203.37238,6.1445394,0.74011934,6.5030828,44.725517,964.6783,239.0721,837.093,1909.7545,151.59001,13.370824,193.27461,752.06134,0.273209,0.1322209,0.28675526,0.51150674,0.44364032,0.075254574,0.5312491,2.231649,17.451109,12.416825,16.883778,26.035347,46.29461,32.59924,46.363014,55.010822
1953,5456.0,75.88206,4.518827,86.490776,431.4004,9.889163,0.59619087,10.2246475,66.59194,723.24286,155.45952,1096.1826,5062.653,133.64836,17.4115,154.06947,860.9493,0.2756143,0.13069195,0.28691772,0.44329044,0.5405881,0.07527421,0.5829194,4.7545,18.810913,12.079329,18.380285,26.258614,46.66371,21.455002,47.363308,69.8581
1954,5457.0,47.59608,3.4437382,63.918964,399.85815,10.299003,0.63679785,9.601884,78.73967,1379.2996,112.64548,2219.16,8899.4375,180.11453,9.630626,234.80782,728.1864,0.24395548,0.12609795,0.23641093,0.46064687,0.78754956,0.043192532,0.83106375,5.464624,19.636549,12.210777,19.661484,29.242687,46.317036,26.67886,48.64893,65.69553
1955,5458.0,53.765823,4.2709794,68.644135,275.64304,7.9234886,0.5533909,7.623988,56.185455,661.0697,106.29911,900.2675,1771.2084,91.594055,10.259591,101.029465,607.1624,0.2506661,0.123614505,0.26049963,0.42662936,0.4354907,0.043796025,0.57907134,3.330876,18.538914,11.854833,18.001587,26.411589,45.274944,24.961618,48.646004,58.513336
1956,5459.0,74.35626,6.6222467,84.96016,242.4965,8.529718,0.80026907,9.6979885,48.037884,752.4746,300.4553,652.4552,1148.5111,86.826225,11.841299,84.64343,540.7736,0.26173604,0.13416068,0.26196578,0.44299948,0.29543412,0.07304905,0.27952182,1.7761856,17.84882,12.453501,17.406752,25.514418,47.358685,36.399643,47.3972,53.619453
1957,5460.0,28.381004,3.0507805,34.034584,136.1554,2.5575705,0.29751775,2.7996337,25.60442,89.48,28.500189,96.672424,214.65434,38.83393,3.7363274,48.682594,318.6119,0.30199,0.13458236,0.31457418,0.4682868,0.082948804,0.015877975,0.10950949,0.6455057,15.674033,10.9044695,15.083921,23.154484,38.678364,19.651981,39.703476,49.393124
1958,5461.0,45.431618,3.8327162,50.689888,144.28958,4.3276715,0.45091468,4.604097,30.480906,128.28651,82.73428,129.49919,219.91936,31.609602,3.658593,34.744884,325.4703,0.24072984,0.12748304,0.24615447,0.4319703,0.15621431,0.027791444,0.14283165,0.6683094,16.552124,11.668979,15.874017,23.953428,42.572388,34.40404,43.988987,48.21103
1959,5464.0,36.723343,7.9553905,38.76107,123.25522,3.0041604,0.42779014,3.1811059,19.853682,1218.6991,386.9075,1023.8575,3613.5217,456.90674,39.065216,509.70316,2747.6658,0.9217488,0.42978847,0.9038709,1.8151857,0.12816948,0.02031836,0.1441903,0.63418627,15.959148,11.158498,15.512475,23.683853,39.937267,24.256514,41.3534,49.27184
1960,5466.0,85.20603,13.6723175,91.67091,416.52463,10.545259,1.0668565,11.927132,64.81783,11311.718,2676.6267,12722.556,23778.184,763.97424,96.76097,1015.0297,3558.2524,1.5304514,0.44385034,1.5468061,2.186092,0.1547283,0.01414941,0.19079897,1.2628247,18.286793,12.692981,17.571783,26.496824,54.839813,31.04207,54.21303,70.097145
1961,5467.0,26.442505,2.8805444,36.904705,592.57056,2.534263,0.2069559,3.5231314,123.97239,149.99458,19.801476,141.38121,1378.4198,44.95925,0.84434587,52.880127,1023.94244,0.24319264,0.074098125,0.23332961,0.5281731,0.24406488,0.0135193,0.26814476,2.5193918,14.736659,10.336808,13.630552,26.978018,55.161896,20.4933,56.602253,79.63872
1962,5468.0,53.42159,7.9803996,57.389343,282.95303,4.7441006,0.7090485,5.491108,53.861893,7655.0586,1633.5166,7738.9805,68926.74,1972.9009,150.09567,1448.4174,10132.334,0.87974143,0.4342574,0.86659044,1.8759185,0.5134269,0.06413429,0.4261016,3.6057484,16.786406,12.106572,17.430157,27.510708,46.239334,26.450935,45.513542,65.04406
1963,5472.0,59.9527,5.7873015,79.0105,421.04327,9.807329,1.3757952,10.032609,70.19352,1625.0779,409.95895,1564.352,4973.556,194.23833,18.112186,244.1495,818.6439,0.28105637,0.105238646,0.2901333,0.4973234,0.45784023,0.048390977,0.534302,3.361954,19.01415,12.887203,17.987753,31.039164,53.790478,31.565645,53.653904,67.54677
1964,5476.0,46.741253,3.0676079,46.400246,190.73863,4.0461087,0.4060409,3.8624048,40.584957,792.789,470.71732,814.79315,1560.7526,201.59113,18.2751,212.12239,1365.4037,0.39665505,0.21368043,0.39365855,0.68228525,0.35585466,0.053984676,0.40822557,1.9357663,16.645836,11.632578,15.375641,24.033361,44.407173,33.651512,45.983273,54.78135
1965,5479.0,69.69481,4.6042495,88.570595,443.80597,10.099271,0.7761903,10.181039,69.19658,1041.3027,175.62854,1032.4767,2766.3352,148.46901,10.244177,176.92215,644.241,0.28428432,0.121335894,0.2907937,0.46442392,0.33675328,0.024700051,0.5569911,3.190477,18.709,12.153429,18.137053,28.467724,48.37698,20.11998,51.25766,66.78482
1966,5480.0,111.5136,13.232608,125.204506,661.7371,17.076418,3.5373392,16.12507,184.86502,2931.485,1101.7203,3535.6162,4039.8877,227.76616,16.99741,249.57816,1145.768,0.22702447,0.11563347,0.2017647,0.4581551,0.7894602,0.09269843,1.0593045,3.289888,20.591892,14.812031,20.622778,30.235434,53.75542,39.314625,55.72769,67.15295
1967,5482.0,81.660484,9.881421,107.120865,379.4168,14.561418,4.1861267,13.560302,82.901054,1601.4412,645.38416,1806.1501,2915.5942,131.9581,16.467625,173.03409,988.94135,0.20363273,0.11075959,0.20927972,0.37851354,0.6323615,0.08747351,0.82571757,2.2860758,19.721487,14.892404,19.326963,26.944176,55.680717,39.83575,55.642097,68.25745
1968,5484.0,13.687007,1.8780715,15.015961,102.312965,0.9535308,0.16937022,1.1006223,14.449651,36.52661,11.192667,35.420925,137.00386,36.507973,1.9622489,37.962048,270.34927,0.37036914,0.16509919,0.3616838,0.5689082,0.06183212,0.0121790655,0.06593553,0.43018362,14.538111,10.237043,12.682764,21.247744,30.121119,18.401468,35.99653,55.223232
1969,5486.0,23.884237,1.4584258,37.774532,204.2371,2.8424082,0.35809794,3.5392685,43.415997,904.41315,187.81947,950.89465,12237.895,383.747,54.97088,478.20755,2196.5222,0.5237249,0.26859352,0.54146695,1.0251756,0.3538097,0.043403324,0.49085447,2.9760497,16.076836,11.566983,15.8283615,26.950735,42.940163,20.178179,43.737064,65.21274
1970,5488.0,35.523632,4.0968537,34.39933,125.06034,2.2554789,0.329759,2.7671998,16.9522,67.805725,35.240166,61.660503,177.29863,28.25925,3.9536564,25.951654,271.12244,0.22386654,0.12230218,0.22242011,0.45027745,0.13873565,0.02660833,0.16447388,0.4999291,15.322281,11.10999,15.255018,22.63042,39.802773,22.731464,41.25993,50.0036
1971,5492.0,27.37801,2.873051,27.90592,107.78152,2.0295901,0.27709588,2.0559,20.716627,146.58838,31.157887,137.15982,479.0968,60.34397,5.313567,69.736534,426.10007,0.26112664,0.124389604,0.27701846,0.46459755,0.28061256,0.02972638,0.33972925,1.2963223,14.961468,10.979703,14.480869,24.101768,37.07176,22.58949,37.653473,48.627117
1972,5494.0,21.625292,2.1460679,23.518864,102.28791,1.4656492,0.17483747,1.535088,14.585428,31.325123,13.196796,29.661156,164.08588,27.804308,2.3881092,29.56915,337.84592,0.2887736,0.12105916,0.29210323,0.46821827,0.08104812,0.013300148,0.08153171,0.6569136,14.243149,10.240552,13.927469,21.699896,37.976395,16.69841,38.766865,56.055756
1973,5501.0,95.47305,6.317545,107.03095,371.2288,12.28058,1.3529595,13.411954,70.25135,1056.6222,278.2838,1426.3203,2298.258,113.60267,12.430803,120.315025,704.75714,0.25619087,0.11827129,0.25666198,0.41181836,0.43940878,0.049698666,0.5994216,3.026127,19.76063,12.494265,19.21688,26.80402,48.59791,27.66085,49.757042,59.923416
1974,5511.0,23.35826,3.8316138,24.147627,122.39778,1.3021725,0.2985749,1.6025475,23.431559,311.51248,104.19002,318.8753,718.8419,236.7404,15.263155,209.6317,1530.292,0.8816022,0.39384392,0.78516024,1.3458542,0.073614225,0.011538817,0.08243573,0.46651456,14.729822,10.937027,13.694463,23.310057,39.27636,19.552874,42.68247,57.428596
1975,5513.0,14.266082,1.3279951,20.298775,147.41571,0.8804433,0.13416456,1.2503763,27.010807,25.405472,10.942893,39.41594,171.18536,29.224144,1.6308546,25.038054,215.6645,0.34179223,0.1578837,0.3053265,0.50301445,0.06806768,0.010817115,0.064425014,0.6800914,13.847306,10.08498,12.641627,23.909416,39.64902,18.739712,43.222458,58.993057
1976,5521.0,121.76634,11.891857,129.94455,488.96216,13.025772,0.7639479,15.214846,85.618835,23074.91,2144.8953,18644.123,186516.36,2705.4854,183.55588,2389.7751,13701.6875,1.2744024,0.49521932,1.2863098,2.072126,0.4224961,0.047538936,0.45796534,4.203487,19.492111,12.23746,18.424273,27.368883,50.15107,24.777637,47.752026,67.279434
1977,5523.0,92.4664,3.1976738,79.75479,1135.0089,11.914935,0.67769784,11.218756,216.23499,339.60464,92.90678,851.9701,4751.1807,32.815437,2.6563125,97.804306,880.50214,0.19732219,0.079701975,0.2239303,0.4174812,0.2600083,0.07839907,0.41616908,3.4703903,19.049751,11.782269,18.854946,29.287512,54.126667,25.62929,52.777657,84.31766
1978,5526.0,49.776638,4.89571,61.271713,215.30652,5.111969,0.3862311,5.688151,40.847702,225.27142,62.17651,275.87872,773.78436,54.23854,7.098516,62.594906,472.99814,0.32159483,0.14025408,0.3234377,0.5194484,0.12640323,0.021393826,0.127112,0.9983308,17.206062,10.772409,16.288826,26.51088,43.896942,26.967907,45.82914,52.80178
1979,5528.0,16.640013,2.5981264,28.94887,269.7667,2.4262934,0.25975707,2.4061828,28.688389,118.630585,19.552774,111.47655,442.77252,47.04351,2.4879184,69.176285,511.31543,0.31491762,0.13173914,0.29520395,0.5255244,0.12487679,0.011583409,0.12308876,0.9333126,15.639018,10.2860775,14.504701,25.722013,40.164513,21.891556,41.245937,50.96003
1980,5529.0,33.03625,8.336606,39.203846,184.15492,2.4157557,0.2948908,3.246849,33.108894,684.1328,388.69086,661.6881,15536.873,493.02884,56.814125,451.1753,3088.2957,0.9571786,0.4465758,0.94886106,1.8096164,0.16439636,0.02975837,0.16511458,1.6905341,15.372404,11.044877,15.189217,25.362434,43.151604,20.802542,42.805027,66.11245
1981,5533.0,31.179064,7.593136,29.368017,134.99274,2.2008345,0.4168227,2.2844965,23.359367,935.7311,353.83313,984.14874,6588.8477,514.0348,60.85966,550.6955,3170.6057,0.94128674,0.4022055,0.9836748,1.7927587,0.10926572,0.023886189,0.11106127,0.8526599,15.545051,11.248278,15.221458,23.973549,37.76575,22.524143,39.05568,49.91832
1982,5534.0,66.45595,5.5738225,79.273,285.98917,9.972209,1.7452391,9.444527,56.19387,1708.4059,666.3782,1808.9686,3818.7769,195.17195,28.31134,198.30331,819.6446,0.27037618,0.11760228,0.2688766,0.44849858,0.68094206,0.14490977,0.7299218,2.8835747,18.84923,14.416196,18.333498,26.530724,49.933414,33.07066,50.060646,59.178745
1983,5536.0,147.67899,16.711359,98.19048,662.3025,15.191651,1.4702362,13.81306,171.94232,6816.1377,2303.3235,7020.035,41479.42,337.98236,36.652954,743.3581,3906.3586,0.669094,0.23959532,0.7023212,1.2044605,0.26612714,0.045604244,0.3764866,2.3191297,19.224537,13.155506,18.144468,28.657644,55.67992,29.129356,55.128872,76.62406
1984,5539.0,73.84629,13.748776,72.212975,234.98738,8.24892,0.7841924,7.782694,44.287655,5585.5503,2210.7644,5798.2354,9207.717,802.26416,115.76974,783.98517,3456.633,0.9294343,0.4417627,0.93999976,1.6596406,0.25671047,0.051369768,0.22025578,1.3735957,17.963833,12.220771,17.384611,25.681835,45.950516,35.447346,46.616703,52.725212
1985,5540.0,6.153068,0.69385564,13.164285,103.284706,0.61068875,0.13957605,0.73493415,16.103344,52.997875,29.031322,60.666718,436.41815,79.48436,4.735628,69.06992,563.22504,0.4857329,0.20622674,0.4540062,0.88366157,0.0900104,0.012661615,0.07793584,0.6989903,12.802388,10.109108,11.863461,21.99355,40.27189,18.879913,40.397007,58.935482
1986,5544.0,30.927307,2.2274137,36.368816,95.7766,3.003032,0.35457677,3.1354475,20.202763,43.016953,18.667067,39.941906,76.4526,12.178596,1.2100703,10.998405,190.92717,0.22201477,0.12970766,0.22176296,0.44754428,0.08243816,0.015678722,0.09242095,0.42921647,15.784115,11.133447,15.10604,22.09931,40.746117,22.021282,41.529583,49.532265
1987,5545.0,21.032421,1.8553976,25.221235,98.31234,1.3775284,0.20939551,1.5380458,15.406869,33.795277,10.929412,38.789635,148.7048,29.090168,3.4780335,30.814169,353.2583,0.25659543,0.1170102,0.26932678,0.47005025,0.12207145,0.020656392,0.12510563,0.65274954,14.1105795,10.361292,13.65998,22.21653,36.15829,18.611359,36.9096,48.21191
1988,5548.0,96.09183,13.40361,98.137825,267.68152,10.911643,2.2567527,11.828602,46.11721,12398.303,4178.34,11531.323,23279.52,1000.0707,156.16399,987.92,4621.968,0.93465,0.4572624,0.905298,1.3193252,0.29182395,0.08520439,0.37536198,1.5010927,18.517494,14.134616,18.298946,24.860952,53.70901,40.454918,53.2558,62.152237
1989,5549.0,104.64307,15.205654,112.280975,283.09686,12.395606,1.6711665,13.319519,48.935772,16622.549,5928.5464,17303.766,23291.467,1288.9104,212.3821,1334.773,4776.5723,1.294041,0.49065068,1.3430825,1.5347332,0.26356485,0.06680842,0.28436372,1.0646994,18.839912,13.536114,18.81493,26.45212,46.3041,34.89684,47.38993,52.404358
1990,5553.0,53.628925,2.6926477,59.881416,184.36281,5.190458,0.7283527,5.2866063,37.973362,226.44832,93.67114,271.48596,424.96964,54.64683,6.9380608,64.04631,314.79172,0.22382681,0.1279815,0.22132103,0.41584823,0.28070402,0.0361428,0.31677592,1.1114038,17.082409,12.109867,16.154215,24.996613,43.707527,32.146008,44.434486,50.779095
1991,5555.0,19.049017,2.6596394,23.904661,136.55742,1.687776,0.30344185,1.90726,21.519241,48.422546,13.381858,51.923817,457.4016,30.08851,4.347684,39.566,438.78336,0.29304254,0.12423407,0.30726826,0.465365,0.08117535,0.01707259,0.077259935,0.7967371,15.232976,10.582675,14.845629,22.918493,35.604,19.373373,36.805573,47.894135
1992,5557.0,58.262688,2.9871178,77.983505,399.72943,8.657152,0.56955934,8.172796,78.33211,641.63873,61.763905,961.0145,3505.8943,102.574844,7.3700557,153.89127,492.03964,0.2556458,0.11568897,0.27734977,0.45503837,0.3687445,0.017543115,0.5190676,3.4503531,19.00119,11.700989,17.685131,29.257273,47.38554,22.650997,48.659462,65.793846
1993,5564.0,33.38457,2.6257782,39.6697,117.79055,3.8603754,0.35981944,3.9044833,17.224232,59.34279,30.446728,61.466957,120.62913,13.935715,2.6607869,13.276469,158.61436,0.2772845,0.17843314,0.27014762,0.46615875,0.06005706,0.015789164,0.05634562,0.3229135,16.416597,11.222433,15.636589,22.515804,39.991016,21.604914,39.927174,50.576588
1994,5565.0,40.2884,3.2368424,58.57392,377.22333,4.004497,0.47153217,4.683388,61.688675,146.49872,57.74702,210.56067,1068.1443,58.3118,3.3042865,52.331497,306.49402,0.27152362,0.11777155,0.29080757,0.49551627,0.1361206,0.008414963,0.19067739,1.3150611,16.338371,11.049524,15.296005,26.451193,55.96479,22.305267,53.588688,79.18323
1995,5566.0,19.057745,1.2159386,36.20901,187.94534,1.5095466,0.2354945,2.0651314,38.800068,210.87608,46.299698,331.9616,2042.074,165.56488,8.6143265,185.80914,827.89307,0.45287946,0.20672187,0.47830805,0.79458714,0.18163916,0.010628344,0.25171822,1.8647211,14.807682,10.616382,14.094606,25.453043,46.78266,17.708578,49.66049,71.576775
1996,5570.0,11.749183,1.6428154,20.304157,188.67401,0.85815555,0.11612602,1.09581,46.795734,62.11078,13.467057,59.529816,310.942,87.06743,1.365092,65.64771,361.27774,0.30048272,0.09968155,0.31275016,0.5140536,0.15630981,0.010580442,0.12241968,1.4616779,13.774327,10.15333,12.262319,25.77544,43.483356,21.099146,46.292946,61.568996
1997,5573.0,15.972158,2.1275713,21.748873,139.04251,1.4513788,0.34234315,1.6617877,23.610506,46.009296,15.674043,43.208138,316.52582,30.391289,6.3553944,35.32277,433.79364,0.27090403,0.117509,0.29779473,0.477197,0.10336027,0.02128762,0.08324514,0.8483946,14.942105,10.769724,14.275801,24.617926,33.86559,20.76074,35.591152,47.85304
1998,5576.0,31.733932,2.9660404,44.05589,143.87221,3.8255312,0.45176822,4.470552,30.003004,86.385826,21.295164,116.7734,477.64035,22.384502,1.833449,32.101894,332.9013,0.26743975,0.117918946,0.278805,0.4566929,0.07727469,0.01080037,0.11047305,0.67049146,16.770514,10.929335,15.943149,25.793932,40.698452,23.341278,41.8334,53.804592
1999,5577.0,24.074286,1.4437313,28.06888,102.573135,2.0518782,0.2665269,1.960588,17.263462,71.79181,18.314505,70.937065,291.14526,25.44269,4.492407,26.305155,265.43854,0.20387153,0.1192165,0.21045592,0.4462818,0.1632303,0.029855374,0.22880486,0.9603821,14.832681,10.59145,14.308203,23.244896,39.852062,19.68855,39.905354,59.254772
2000,5581.0,59.59062,7.260492,59.72358,237.91212,5.599893,0.7868705,5.6804075,44.834835,9448.716,2794.4778,9821.212,11984.973,1727.4341,160.94102,2045.1953,6374.5444,1.2940769,0.44648033,1.4323713,1.7431356,0.34454322,0.08266155,0.4677102,1.6137815,17.099787,12.395422,16.320662,25.580036,44.30072,34.464844,45.52977,50.632557
2001,5585.0,19.210283,6.6245337,18.97311,101.68163,0.88167465,0.14435332,1.1785696,18.955896,337.70273,177.78633,315.38745,2496.7612,331.1064,36.082275,274.66403,3789.0408,1.0006802,0.35121155,0.9932649,2.1974506,0.09058168,0.01715296,0.08175303,0.76193607,13.75534,10.076061,13.249064,23.08343,40.26221,18.079544,39.625187,55.568882
2002,5586.0,35.8231,2.5062792,45.184273,147.13571,3.4704957,0.37267518,3.707412,20.766655,815.9463,280.6256,661.71375,1073.0247,204.73663,28.230297,217.52498,1440.1141,0.52793664,0.2854569,0.5550054,0.86668986,0.19633494,0.044411525,0.17968072,0.95472103,16.050983,11.074072,15.162171,22.287542,41.951996,32.0245,41.80501,47.844036
2003,5590.0,54.06217,3.6466565,49.50294,111.02479,4.188466,0.36178565,3.7885518,19.028341,17.011112,13.311814,20.929544,68.94241,5.3483047,1.3461015,4.741768,103.534515,0.12114238,0.08893291,0.12588674,0.2079452,0.085277155,0.021295188,0.0704326,0.40959224,16.173277,10.99357,16.040981,22.81655,39.4353,24.193445,40.24162,47.228554
2004,5594.0,101.58345,9.3699665,122.95531,377.2847,15.695445,3.5253725,15.651093,72.757935,1063.4104,520.854,979.2443,1758.3528,80.571915,13.601686,86.0871,400.87357,0.24785213,0.12447304,0.24328746,0.42748728,0.31450102,0.0494313,0.33189616,1.3796837,19.281118,14.22744,18.882502,26.694477,52.336727,38.485462,53.73932,58.887177
2005,5595.0,88.33722,15.894848,84.315445,281.66086,9.91184,0.6949314,9.6477165,53.103752,10952.96,1285.9501,10981.921,42883.754,1310.6256,128.1805,1360.2744,5264.3613,1.0106076,0.41176927,0.9606716,1.8254606,0.41180584,0.02455782,0.4269659,3.0726576,19.501879,12.11267,18.512129,26.75568,45.757824,22.721792,45.292503,62.335476
2006,5596.0,23.517488,1.2316275,31.026619,208.34966,1.9167001,0.27631727,2.125556,26.30247,183.1904,19.414948,209.75189,933.00836,95.01699,3.51446,124.18645,698.68176,0.24393745,0.1040102,0.25544423,0.5165966,0.44700944,0.027567772,0.5012429,1.4320611,14.867829,10.344203,14.424491,24.446238,44.68309,27.373308,46.3422,66.36638
2007,5599.0,32.874176,5.380471,37.64927,106.98457,2.5374048,0.3830939,2.3491476,18.97568,932.0591,453.24274,905.0171,1439.6699,387.15848,53.191566,378.93695,2176.7065,0.916991,0.4423654,0.9164918,1.6235485,0.12946816,0.031046595,0.12039951,0.6315673,15.473477,10.995876,14.652777,21.720137,39.341843,26.954563,40.805122,47.8179
2008,5600.0,19.38267,4.862872,28.567049,159.86595,1.0988489,0.20127213,2.1575608,27.76983,530.7209,182.81,677.5318,3322.8328,522.104,39.63325,380.4179,3057.204,1.2373439,0.40538466,1.1512791,1.959362,0.09904429,0.011880339,0.07947386,0.8856354,14.314204,10.155621,13.311541,23.668587,46.099495,20.967287,47.952976,60.43164
2009,5601.0,41.57413,14.251253,50.53831,125.29284,4.147124,0.7256089,5.0897365,23.34797,1838.0797,1240.8168,1942.6465,3292.6978,480.69406,78.44754,530.83704,2108.3528,0.77545553,0.41349354,0.7233153,1.2331053,0.1834006,0.049357396,0.18206084,0.7526128,16.62706,12.2792,16.743654,22.928196,43.000206,29.376316,42.65862,50.208263
2010,5602.0,27.96363,2.1760504,38.097244,598.0081,2.8845396,0.3664201,3.4937263,158.23409,270.94525,59.6989,347.98886,1806.4724,80.30224,1.5790695,114.754555,950.1644,0.36055046,0.11997897,0.3672931,0.6597311,0.26237565,0.01510266,0.23587008,2.286864,15.051574,11.217311,14.093344,26.930681,55.813725,22.974075,55.863113,75.76138
2011,5603.0,220.20961,32.43813,232.61876,655.1266,35.900894,3.8792007,37.446487,162.03639,98838.33,31824.916,101147.47,221061.28,2995.8118,441.89215,2353.8428,12680.137,0.99074525,0.46906918,0.9335974,1.5841659,0.98837465,0.2448558,0.8334235,4.485365,22.711674,14.28814,22.271456,29.695482,61.667984,32.163334,57.315144,87.544174
2012,5604.0,115.25209,15.687406,138.8887,693.6373,22.395126,2.0117662,23.213375,136.88515,139533.2,8945.4375,85997.04,324475.47,3915.5115,312.89774,3386.984,17894.91,0.9600172,0.45211586,0.8929553,1.8715563,1.3770502,0.09235773,1.0731664,4.6814218,21.439356,13.393013,21.984028,30.663546,54.94187,26.854548,53.026745,81.33779
2013,5606.0,22.639109,4.2212605,22.92492,88.81924,1.8634993,0.24701922,1.9698471,15.237407,295.91974,119.814644,234.56442,747.9059,180.7407,20.120604,153.0402,1807.8372,0.74049485,0.35540092,0.7229119,1.30906,0.08915144,0.014440996,0.10057321,0.4822225,14.741719,10.965207,14.340952,22.383854,39.267834,19.94448,39.499832,56.760788
2014,5607.0,45.70112,3.4120324,40.191246,101.175835,2.5614967,0.1876202,2.6255486,16.426424,6.2797413,2.6552365,5.7102456,63.5897,2.0436914,0.96377,1.3372743,127.209,0.07931763,0.052745353,0.08420922,0.2134616,0.07761493,0.023473514,0.10240819,0.5214623,15.239471,10.431837,15.360342,21.844759,35.70305,17.89001,37.75433,46.4265
2015,5609.0,166.69919,14.050379,114.837524,623.31525,17.777782,1.8299696,16.54466,206.42625,9568.859,2034.557,6041.333,32812.703,239.20496,27.99096,563.08484,3342.9207,0.51468474,0.20231123,0.5356331,0.94716465,0.35372505,0.052557986,0.40367076,2.5022209,19.259413,13.386392,18.652508,27.965258,56.825603,28.520447,56.926838,78.17153
2016,5610.0,37.013706,2.2439632,45.556118,217.09526,3.7933383,0.43442583,3.5353088,44.961246,834.18744,243.34824,784.3508,1521.6047,164.35902,14.767647,210.486,1100.0773,0.4140657,0.21405846,0.44733316,0.6792473,0.2849072,0.03291033,0.30443043,1.4558871,16.480019,11.650581,15.005301,26.738268,43.89481,25.25388,45.218254,53.68425
2017,5611.0,39.346626,2.2142367,47.571236,231.77475,3.2486305,0.54039174,4.7911215,77.542694,16.748022,4.3543043,16.220287,295.0048,3.101472,0.3107204,3.4089801,159.56602,0.09859427,0.04902939,0.1063254,0.26007894,0.06361917,0.009964913,0.12580743,1.3786157,15.981274,11.349069,15.15145,25.860548,59.008743,27.095144,58.039516,82.70169
2018,5614.0,63.15366,2.5578847,71.2954,237.35474,7.7204256,1.1606705,8.074695,42.01584,937.4988,481.64484,860.1537,1984.2053,149.56483,33.61335,163.55565,866.75946,0.48025244,0.26436102,0.5012143,0.869455,0.1834211,0.029826244,0.1867877,0.72369254,17.93725,12.875002,17.668364,24.707884,46.593544,35.359486,48.09014,54.601997
2019,5616.0,21.757238,3.8630865,22.49991,331.11014,1.7749425,0.2668813,1.7982764,20.044909,3393.5374,355.51978,2186.2798,18918.916,1520.0013,59.085564,1157.1941,9971.556,1.3641113,0.35708258,1.3039265,2.1844153,0.22305928,0.024047488,0.23883028,1.7125884,14.80694,10.48478,14.444656,24.83491,37.682995,22.866066,39.716045,51.029053
2020,5619.0,8.800596,1.0902267,17.36281,115.30068,0.6330145,0.12809947,0.8411384,22.852411,34.82641,10.670752,46.07143,327.5344,65.12898,1.9742805,63.172455,353.99887,0.33094645,0.107739106,0.32636386,0.50429934,0.12830648,0.011654653,0.14842786,1.0055153,13.12347,9.694165,11.674958,23.671928,42.36758,18.811764,44.55509,65.09679
2021,5624.0,38.181156,2.4487886,49.203693,212.76675,4.2626944,0.41688225,4.7447658,43.68712,32.67572,21.866556,29.95866,126.25234,8.611414,1.3002031,8.997467,140.37961,0.121318676,0.07330505,0.11802012,0.27694476,0.11498459,0.020785753,0.11642584,0.83444583,16.578503,11.340538,15.776228,24.20868,45.519222,27.980724,47.099174,53.033775
2022,5625.0,17.026665,4.314468,15.880964,117.2116,0.7844154,0.16143893,0.87214625,21.258503,989.4796,151.70232,537.2642,8700.971,673.4296,39.048363,521.24084,5385.4976,1.3414633,0.39139402,1.3319073,1.9920795,0.11267878,0.016911248,0.07881995,1.5012478,13.447236,10.148721,12.683677,23.329292,36.280556,19.176815,37.146393,57.02373
2023,5630.0,88.698235,2.4425063,94.84027,268.92444,10.434146,1.181502,9.68389,55.443005,149.70549,75.168175,140.40704,531.87964,14.179429,3.0560508,15.991057,157.39285,0.12525767,0.07342352,0.117888615,0.27821282,0.2383607,0.05956082,0.28073013,1.7711731,18.488752,13.01963,17.818348,26.005173,49.072704,37.33956,49.879612,57.112385
2024,5636.0,52.827198,2.4070494,91.13586,537.5645,12.362832,1.1519156,11.773182,144.98306,618.94635,67.326324,504.5311,2269.457,28.18537,2.6819687,39.275234,266.91135,0.13683718,0.06333162,0.12666266,0.24180607,0.43249443,0.027192371,0.49802056,3.0636067,19.84271,12.418716,18.900951,30.328756,51.21986,30.225796,51.19791,73.50196
2025,5638.0,24.812653,1.4449649,41.89636,173.8905,3.85793,0.41751993,4.3569355,40.48758,31.82065,10.647317,42.149563,463.06302,12.6610985,1.9184515,12.509642,178.92169,0.1480403,0.07961786,0.14083485,0.2055564,0.09574956,0.013892438,0.0945107,1.0823363,17.004757,11.371073,16.470297,25.228876,39.324646,20.56074,42.47028,50.724915
2026,5643.0,28.105274,4.7672596,33.68468,100.90728,1.9327812,0.2820911,2.4434533,15.925694,818.45935,349.41034,936.22784,1886.1078,532.7246,61.95682,445.81735,2938.4795,1.1649973,0.5006187,1.1335278,1.8847743,0.12103867,0.022342404,0.11377655,0.47593987,14.732968,10.668107,14.427679,22.093264,39.29735,19.617577,39.939762,49.59017
2027,5644.0,93.8284,3.5751815,111.725914,633.7566,24.314392,1.4783285,20.28918,140.68846,1346.0895,116.714836,1318.7003,5500.072,42.69072,4.419873,71.79167,281.34998,0.14162914,0.079879604,0.13548635,0.20568737,0.8385974,0.06364897,0.7316916,3.494804,21.70785,12.445149,20.967758,30.94411,53.52021,30.812542,54.433983,67.41677
2028,5649.0,235.18163,5.112589,252.87445,1083.8967,65.85401,2.5330806,74.96075,239.07951,19755.83,900.99493,18381.701,51932.906,154.7777,11.297851,176.1602,1581.2556,0.1136679,0.0559982,0.12115219,0.23852102,3.0678298,0.22763886,2.3237367,12.005832,28.19792,13.692293,29.259344,33.484116,56.76074,28.251688,58.41173,79.19956
2029,5650.0,76.54883,2.4590347,97.76603,1134.5088,16.116915,0.6232581,14.815077,202.96346,1210.5403,46.114697,938.6596,11700.163,47.592045,4.983981,63.57994,475.9402,0.14364475,0.07834152,0.1385033,0.24800107,0.8179281,0.047057148,0.5733595,5.5653286,20.74069,12.0222,19.959333,29.499338,48.05997,22.70874,49.39783,73.8834
2030,5651.0,71.61292,2.3859565,82.44872,880.78595,14.70078,1.1562486,16.53205,159.0064,828.6746,135.70215,777.11334,9205.75,68.8093,6.8461633,100.495094,700.591,0.13752131,0.07795674,0.12862305,0.24693397,1.0865155,0.08685893,0.83239895,4.8819666,20.530333,13.263555,20.511425,31.723392,50.647266,25.091469,51.84723,80.99385
2031,5652.0,56.688717,2.6007488,62.499916,210.8251,5.154487,0.38959777,5.3866773,41.945583,39.268486,23.976042,37.39696,136.10666,7.192964,1.4681875,7.4406924,133.50359,0.13368095,0.09004956,0.1272105,0.2097665,0.101495706,0.013326335,0.10762731,0.5944741,16.891102,11.242278,16.509975,25.7747,44.068516,25.289747,45.43531,51.53376
2032,5653.0,25.587318,1.6264791,39.10264,194.88737,2.2183836,0.2948078,3.045883,39.828842,17.43307,6.85377,19.166382,176.51471,9.910352,0.9172829,11.228389,128.76277,0.1430125,0.07296343,0.13012336,0.26657254,0.09769272,0.011936841,0.111588724,1.134278,14.9695835,11.12936,14.649346,25.42938,44.97129,20.97093,48.39965,63.138157
2033,5656.0,35.874714,1.7941655,41.069466,155.62001,3.0585577,0.316177,3.1554587,34.928646,49.723724,26.996655,38.755924,212.5825,16.531912,2.2706084,18.498724,297.5861,0.13052844,0.07472145,0.11915748,0.24734673,0.2479883,0.05028819,0.2653607,1.1993747,15.662453,11.0533695,15.285839,23.452978,43.349045,32.50853,43.676586,51.01591
2034,5658.0,29.729836,2.2298486,34.44418,311.06018,1.6858608,0.2417601,2.4166288,68.11436,17.367535,3.5246732,23.584858,826.77655,12.667125,0.53994495,16.104086,165.17934,0.16550858,0.060299076,0.16257939,0.30659983,0.07928476,0.007964047,0.13757043,1.5623623,15.398789,10.5816145,13.948255,26.802692,46.69821,22.775528,52.757816,77.6776
2035,5659.0,23.494478,1.2645435,42.597195,160.2889,3.2082374,0.39864406,3.9256182,43.132126,624.2263,250.13895,627.5256,1835.2534,156.94641,20.469337,192.8537,1389.8007,0.5594948,0.2700923,0.5360543,1.0145122,0.18459494,0.014043744,0.23579992,0.8359509,15.781551,11.500161,15.112228,26.397089,47.668213,24.412376,49.160664,63.956837
2036,5661.0,48.04094,2.6115088,76.91299,427.73795,14.036512,0.75446314,12.218529,82.494576,441.22955,40.12105,407.02142,4404.377,32.744,3.251297,40.941124,248.3042,0.1326817,0.07669205,0.12854703,0.2046528,0.66381466,0.035455704,0.5330566,4.6984835,20.217009,12.250833,19.45128,29.032797,46.510075,23.399416,48.71919,66.51505
2037,5664.0,50.891617,1.3867531,52.76609,175.95628,5.5580134,0.5103871,4.616949,40.861355,82.22721,40.07565,78.46493,578.5352,17.317287,2.3337772,21.443933,241.6792,0.13733502,0.08186987,0.12767741,0.23212618,0.27558035,0.039516944,0.27750584,1.2771763,17.542738,12.116894,16.223518,25.91162,43.48961,30.42866,44.0598,51.290382
2038,5666.0,29.635944,9.317566,37.81036,107.07481,2.1900127,0.35273272,2.8111951,20.873825,824.8369,361.90118,1076.4618,2854.3862,478.8339,52.000874,354.02673,4932.899,1.0562818,0.4609726,0.98511004,1.6351506,0.12529042,0.024451267,0.1290607,0.6263094,15.209834,10.744114,15.099252,23.458035,40.781456,22.565243,41.307915,52.57619
2039,5674.0,20.208908,1.4050627,25.840223,96.09979,1.7285541,0.25105533,2.0119123,15.778247,22.114609,8.0239,23.85255,108.290276,15.572407,1.4858562,16.70348,145.51234,0.22568212,0.09686316,0.22434755,0.325065,0.07612837,0.015358109,0.07525928,0.61999553,14.638496,10.804737,14.012934,22.52604,37.630714,18.96422,39.492348,55.921417
2040,5688.0,50.290653,2.0503001,45.43017,140.91956,3.797272,0.4084265,3.0346441,28.638931,49.72555,27.934011,46.134632,450.4324,12.878719,2.14835,17.497072,215.58131,0.13046716,0.08046609,0.13209371,0.2557152,0.16630359,0.028314732,0.16993427,1.0355278,16.284971,11.330137,15.384671,25.175873,41.1077,28.786118,42.145836,48.249603
2041,5694.0,31.571726,5.1511054,34.676685,680.0311,2.2490304,0.19239083,3.0008538,157.04755,2223.7478,219.86998,2380.5547,22462.676,877.56885,7.8364873,1264.1138,7043.9697,1.4590079,0.19136646,1.5045308,2.2216892,0.21181267,0.013393594,0.20289578,2.1457376,15.14088,10.768451,13.987796,27.966417,52.20418,19.209404,54.365208,74.52334
2042,5705.0,94.25665,25.015759,98.987305,246.13495,10.617667,2.097647,10.926206,52.542984,3553.9424,2088.427,3106.2043,7857.2393,335.69376,78.63333,337.06082,2248.8892,0.76421595,0.44773686,0.7399614,1.3034644,0.18945906,0.027634664,0.2281779,1.0966922,18.86403,13.603668,18.489626,26.0021,52.956825,37.92053,52.009632,58.735806
2043,5708.0,22.149498,4.967209,40.315796,279.26007,2.0982976,0.28451452,3.174157,72.10648,662.27905,143.72937,1324.5638,5434.7754,499.41342,24.709507,557.01184,2558.5344,1.2579136,0.42074594,1.294887,1.8421046,0.08928043,0.011475049,0.117234446,0.7867348,15.162059,10.790312,14.320765,28.87977,48.41456,22.88056,50.080925,70.35676
2044,5715.0,269.9879,13.594123,278.80676,1223.6533,41.97922,2.2130723,37.8007,292.58865,46695.04,6215.9014,35475.98,241616.33,926.4216,87.4977,1374.426,8744.027,0.8244525,0.34249198,0.8763295,1.2996728,0.58580434,0.12080433,0.5227949,4.745913,21.631645,13.691774,21.420055,30.72537,62.140717,30.431316,58.295433,84.96131
2045,5718.0,29.220263,2.06881,39.68272,543.1141,2.8115501,0.21765754,2.8646774,112.47115,34.919376,9.57932,33.60349,316.48282,12.168914,0.39612538,14.252255,279.40765,0.14594658,0.049472906,0.13138767,0.21995892,0.27831513,0.011322658,0.191123,2.3062425,15.186347,10.908095,13.881589,27.748217,53.14785,19.827784,55.49477,75.020485
2046,5721.0,73.42484,18.224825,77.54824,220.54631,7.378287,0.8308979,8.726499,41.84123,4146.465,1450.6936,4274.5967,5478.859,473.0719,102.52508,439.52594,2451.9944,1.0465814,0.51429254,1.0035781,1.5890644,0.13203809,0.024954883,0.14408743,0.5564972,17.90128,12.108005,17.726498,24.93923,43.63253,31.504337,44.752136,50.44049
2047,5723.0,109.460144,4.525194,121.94659,708.83655,18.713821,1.9537445,18.129183,187.13504,8077.538,1763.6152,7770.9307,29874.654,549.5958,74.812485,457.68738,2572.521,0.45049343,0.24188389,0.4190045,0.8394183,0.7199937,0.17302085,0.63901144,3.8076217,20.569084,13.570097,20.094292,28.677992,56.03899,27.78033,54.55506,85.186646
2048,5731.0,17.3474,1.6159133,33.547325,138.0312,1.8958486,0.44475788,2.4755409,32.31719,52.966366,17.108799,68.888916,232.11053,33.907616,2.278533,42.970303,348.90952,0.28450963,0.109846845,0.32703933,0.52838504,0.11818892,0.01055188,0.15053397,0.9003351,14.902018,11.004823,13.742424,24.196575,50.062286,22.065514,53.563766,69.10256
2049,5733.0,109.644745,22.169573,122.50913,348.9767,13.404318,1.2176223,13.447991,70.80994,15415.362,2980.6284,19699.463,38343.758,1489.647,149.49467,1206.644,6614.0234,0.95290774,0.41382274,0.92626566,1.6095852,0.58860046,0.04772983,0.5475273,3.1231294,19.533484,12.805784,19.347399,26.415565,50.83464,27.125011,50.48069,64.41437
2050,5736.0,26.623749,1.552089,38.106075,200.13127,3.1817946,0.4222552,3.9751644,38.035133,777.6094,258.35895,1000.8282,3229.892,254.90639,32.990376,277.06424,1835.7163,0.57469356,0.27627072,0.5913666,1.0019039,0.22884592,0.017255042,0.27965516,1.479714,16.172834,11.664698,15.519487,25.90958,44.294346,20.716814,47.788887,65.21492
2051,5737.0,83.983574,22.60427,94.26838,283.1768,9.812893,1.7605553,10.009446,92.20997,7842.701,3520.1865,9438.448,16299.392,836.99365,146.66045,846.0078,4710.638,0.8444313,0.42431656,0.76439893,1.6720328,0.28949028,0.04479774,0.2747627,1.7011168,18.732008,13.234065,18.121622,25.714441,55.656467,39.30426,53.887318,73.16365
2052,5746.0,69.00136,2.084279,94.639595,347.97495,10.475312,0.8425372,11.840551,55.344563,7579.0317,1052.288,7305.1904,18485.684,637.3852,117.74438,541.6105,3047.3071,0.57655287,0.30510998,0.5740608,0.9775905,0.5096547,0.05820486,0.6158243,4.1398983,19.428802,12.567544,18.788902,25.291151,47.20766,22.762339,47.03385,67.40077
2053,5747.0,13.172269,2.7262075,8.6937275,89.63563,0.38868493,0.07978053,0.44458196,14.109024,82.86363,40.756203,84.74366,981.7977,192.9491,16.470575,168.3749,1685.0165,0.9101996,0.43802842,0.90317035,1.3650985,0.07079284,0.015742458,0.048200697,0.54944444,13.088715,9.625304,12.436503,21.736565,30.061396,17.706976,33.52272,51.664185
2054,5750.0,42.404633,2.382083,45.88306,471.57242,3.1197076,0.3577707,3.8432453,58.444553,28.256561,9.482856,36.20493,1180.3699,9.150661,1.2292149,15.221402,318.9232,0.11187147,0.06825545,0.12065852,0.21265978,0.26147208,0.037439812,0.20115308,2.1226885,15.791434,10.529298,15.763994,26.77144,46.605663,24.475319,46.588455,73.35629
2055,5752.0,18.482826,1.4920418,27.530466,438.8545,1.8770825,0.193325,1.5679241,86.11385,83.27817,11.980865,58.132374,802.8137,38.368122,0.4950547,47.17248,644.9129,0.15161513,0.044919867,0.14805938,0.40029866,0.5986468,0.014933672,0.3847061,2.6377335,15.049982,10.990147,13.370063,27.870964,50.98059,20.5762,52.50319,75.9205
2056,5753.0,150.56284,19.10504,134.59224,645.78284,17.037666,2.5256212,22.307991,151.50664,19053.629,3879.1394,15336.954,41217.035,924.96533,159.04622,771.52045,3599.4922,0.92198503,0.40567735,0.8291421,1.5079056,0.29663947,0.021262897,0.34848627,1.9053801,19.734451,13.664237,18.999287,28.61354,62.52414,30.278976,61.829586,79.76192
2057,5757.0,78.16029,3.189539,87.15616,245.16588,8.537673,0.7622756,9.078031,44.157864,154.15332,113.53097,148.50052,686.8316,17.34767,3.7689462,19.01634,182.23862,0.13544287,0.08552917,0.13592279,0.20663126,0.21450481,0.04392363,0.20533416,1.6136607,18.057259,12.399744,18.120369,26.568928,46.746616,33.23145,47.31585,53.636112
2058,5758.0,75.32609,1.8746859,92.944435,353.85406,9.972601,0.68793947,9.929806,62.887135,146.14023,59.9547,152.26057,709.4178,15.935342,2.7675009,17.104147,223.45888,0.12860848,0.07153899,0.12537856,0.21085003,0.23968528,0.031695824,0.24071334,1.9367871,18.59995,12.557338,17.714066,26.31344,52.56865,27.05122,53.719826,64.567894
2059,5759.0,21.811283,1.0954362,30.268993,105.034996,2.1561592,0.29298276,2.2860584,20.731546,407.18195,146.98096,348.1907,841.95,140.47865,18.242674,185.09186,1394.9554,0.56422013,0.28132644,0.63653904,1.0203902,0.13564552,0.019500978,0.12553124,0.6619469,15.135188,11.084682,14.337825,22.256975,40.680077,22.570826,42.162994,49.125908
2060,5760.0,46.517284,4.517262,47.17372,149.08145,3.8979075,0.39985478,4.410788,36.65795,96.7099,49.252937,105.54735,292.0549,30.937351,3.1779735,33.444847,299.51505,0.25498235,0.13246508,0.26348743,0.45297834,0.1130802,0.012538778,0.119262554,0.5252898,16.464933,11.03808,16.191917,25.052599,41.551605,22.677143,43.880325,52.311626
2061,5763.0,51.128098,7.1848683,55.669746,573.7298,4.5845804,0.49669015,5.1923385,35.10532,3495.178,839.39813,3604.8342,8031.5806,672.171,67.753494,959.4075,4206.491,1.3993013,0.4721807,1.3514491,2.1196382,0.14896291,0.019387593,0.15408696,0.7651125,16.501743,11.527048,16.088465,26.00524,46.2654,28.68634,49.400642,61.565987
2062,5764.0,50.700558,12.293821,60.197483,232.40146,5.268748,0.66577756,5.915235,48.96142,2453.579,1703.3999,2751.7883,6410.4155,393.73007,68.360214,495.8477,3157.6333,1.0875994,0.44445467,1.0391657,1.8249427,0.13317238,0.01680135,0.13750923,0.9899932,16.755114,11.785639,16.572329,25.656828,49.42553,31.488388,52.0181,63.187363
2063,5767.0,18.575514,1.9918147,18.485516,133.15436,1.2735485,0.12237702,1.6740633,25.205349,18.936424,5.1056113,22.925795,324.9567,21.719482,3.5388947,21.915323,398.02203,0.35406935,0.16286659,0.34012806,0.48541492,0.043055438,0.012970663,0.05107849,0.65135527,15.347252,9.956906,14.864567,23.616852,30.111446,15.951444,32.102985,48.09552
2064,5776.0,138.07433,2.9190283,118.53339,825.9523,18.527624,1.5285351,16.73662,175.71826,986.43536,303.94894,881.3077,5421.637,56.441387,7.439439,69.13226,594.7035,0.1305476,0.07743076,0.1349175,0.19851209,0.8361125,0.13998325,0.68134105,4.530987,20.64346,13.479508,20.245953,30.474638,54.78411,25.76809,55.570827,85.69907
2065,5778.0,57.149277,3.8367856,75.6762,360.4207,12.899276,1.1088284,11.091113,72.96271,3084.2664,303.09244,2337.674,7824.465,207.98853,16.982288,264.05743,782.085,0.25611877,0.12584145,0.26955295,0.45032227,1.3416864,0.08865774,1.3232193,5.12713,19.947012,12.907641,19.530497,28.666245,46.7953,27.657305,49.599373,65.2905
2066,5779.0,262.2286,2.8285344,167.497,2063.1072,38.516853,1.613242,24.635777,489.10928,799.5271,149.295,709.26044,7230.707,14.686809,1.3955977,49.29877,599.3975,0.079305194,0.03975495,0.10654394,0.21164727,0.82085747,0.087220654,0.6475627,5.0106773,21.424116,13.613713,21.300266,30.169132,57.783283,24.860975,56.902355,84.38006
2067,5782.0,65.4211,4.313617,79.964264,259.26962,8.368964,1.2570094,8.714822,50.962105,562.5263,258.5956,727.99365,3120.0574,81.11782,12.60938,89.58853,671.0482,0.31628835,0.20194402,0.31793866,0.5980805,0.22846667,0.019038804,0.25818223,1.1600353,18.434332,13.775921,17.44668,25.459902,50.58879,28.60062,53.794136,69.18538
2068,5788.0,170.22925,3.6521616,134.3723,390.93103,17.746832,2.331766,13.832559,84.85199,121.19005,76.790886,126.11371,863.31775,7.0477505,1.8666785,8.03641,192.09882,0.12792878,0.06936868,0.12248614,0.23225799,0.113169536,0.015698291,0.18916602,1.3793687,19.482077,13.837807,18.522757,26.955662,61.148598,30.318726,58.466473,78.821495
2069,5793.0,19.116571,1.9516987,45.991875,205.64578,2.3902545,0.40739533,2.987815,40.840748,18.252121,9.47269,24.718506,167.16795,7.66472,0.62123674,9.651496,99.09645,0.1568302,0.069781646,0.1534205,0.2174794,0.085971035,0.009589627,0.11241857,0.75265366,15.570856,10.810938,14.769171,26.116964,50.67479,23.542107,50.671814,71.29466
2070,5798.0,17.885263,2.0228417,20.839952,145.00456,1.1893966,0.20746566,1.3227329,34.596703,72.266266,17.627645,73.5012,177.28697,53.592697,1.5330043,51.254433,341.98206,0.33677164,0.10985928,0.32420608,0.487564,0.10012978,0.008744951,0.08549006,0.6562427,14.099078,10.655705,12.634773,24.071455,45.2671,21.093903,47.154957,58.73587
2071,5801.0,35.64003,2.6688814,48.126545,135.44939,3.802727,0.52148503,4.5018544,28.514437,378.74094,201.6168,386.9221,1388.4806,142.19518,13.253537,156.69643,920.01196,0.4371399,0.23442253,0.417544,0.83668965,0.18698673,0.027654782,0.20724295,0.761071,16.360018,11.847554,16.029602,24.44854,42.585926,26.281404,43.29833,51.89145
2072,5808.0,201.74113,45.766113,244.66731,451.5231,58.137585,9.643395,55.176155,148.22,136549.55,46799.63,136798.5,166136.19,2345.6736,480.86298,2324.7773,7378.0474,0.54509866,0.30234423,0.5422221,0.93719935,2.0965042,0.3617356,2.0440164,6.9743786,28.365616,15.73059,28.22768,32.35086,55.41871,44.757866,53.808384,66.683685
2073,5810.0,87.07217,11.990277,94.85808,336.50885,11.038068,0.8645802,10.647697,70.780525,10633.399,1652.8751,10907.573,26991.045,842.3833,115.62623,1000.1388,4083.5657,0.9400477,0.44664317,0.95174474,1.7580485,0.31167844,0.03595386,0.47728077,2.2769704,19.354265,12.508557,18.231419,27.710838,50.531986,22.083021,50.76932,65.16125
2074,5818.0,127.44829,10.690388,170.85295,459.1038,38.26028,5.111563,49.70763,135.12535,43300.707,7593.9214,38549.418,53497.652,691.12,94.61433,893.67346,2157.0513,0.24979618,0.17356229,0.24890044,0.48363036,3.4665627,0.36510545,3.336722,10.29447,28.65081,15.209128,28.100466,34.420433,49.207497,39.29918,51.64694,67.26765
2075,5819.0,21.667175,1.6820017,28.165956,345.35968,1.452672,0.17666492,1.7116902,66.01316,39.225574,7.9685025,50.379025,810.5073,33.20487,0.8820257,28.06544,228.20862,0.17501123,0.072325826,0.16682525,0.24085209,0.15621445,0.010371573,0.28469068,2.9634848,15.083602,10.542382,14.23956,28.858534,43.50904,16.47763,49.16148,72.952805
2076,5821.0,59.807255,2.9986985,88.42982,651.6667,13.8945265,2.049748,12.825299,142.52208,8298.931,1722.5104,7768.8335,43273.918,748.9751,99.31936,767.00714,3312.3635,0.48665676,0.26496166,0.45888808,0.9280819,0.6933956,0.11478832,0.8213794,2.9564207,20.10942,14.00076,19.378342,29.508682,51.255047,26.366854,51.611412,81.523056
2077,5822.0,63.27634,1.9828767,77.90675,750.44116,13.383065,0.6326208,14.328505,145.79263,9596.34,485.25717,12169.82,70767.11,786.7355,59.511997,777.31537,3395.0364,0.43823346,0.24261563,0.4011922,0.91202843,1.0364641,0.068010025,1.1181008,7.0116887,20.50071,12.367117,20.480444,29.12949,47.92697,21.324211,48.07178,75.48672
2078,5837.0,67.93971,4.422455,71.480415,217.27454,6.9451876,1.2471572,7.1881657,40.20988,236.6657,117.35102,257.31857,606.51044,43.925594,6.2365856,48.384693,321.17282,0.23210156,0.12475092,0.23360413,0.43905434,0.22735466,0.025934255,0.25417513,0.8706506,17.579283,12.915881,17.091211,25.407095,48.1096,34.281563,48.96959,57.553547
2079,5843.0,66.42503,4.1076126,85.42306,382.0314,10.6343155,0.71552557,11.150837,56.290173,1707.0476,225.66328,1702.6633,4761.3545,192.84027,19.91898,216.73854,931.23004,0.27102363,0.12719953,0.280956,0.45350546,0.7345127,0.047768574,0.85014105,5.417691,19.42527,12.263737,18.79126,26.756004,47.7538,22.221664,47.31403,67.90021
2080,5844.0,99.96749,12.364859,117.583694,326.82938,15.691201,3.3850965,14.27091,66.49548,29112.334,12139.219,23885.594,83677.81,1962.2699,311.70175,1889.7521,6990.066,1.0373585,0.46273375,1.0232474,1.7933544,0.43423077,0.11041668,0.49021137,1.9017267,19.780136,14.272453,19.404083,29.070103,51.35014,35.185135,51.177025,67.99357
2081,5845.0,68.236565,2.146067,83.16764,241.2914,8.164545,0.6860696,9.880149,45.987488,112.48167,32.154945,112.494705,353.2229,14.092467,3.647657,13.075667,124.476,0.1552951,0.10555416,0.14336528,0.21478751,0.13949656,0.033295214,0.16364488,0.7670165,18.015951,12.180933,18.08104,26.605146,46.42559,27.934198,45.642387,60.624893
2082,5852.0,79.644615,3.5720222,90.25218,269.7244,10.81958,0.73367906,11.894964,53.680054,97.8038,64.41823,88.33225,444.7194,8.244375,2.3925443,9.060974,161.8425,0.121436745,0.07061246,0.11174058,0.21199743,0.15091567,0.028582342,0.20097741,1.2677205,18.694864,12.366778,18.182457,25.590443,50.37266,31.276438,51.117775,58.88192
2083,5853.0,56.514015,9.428124,72.572624,218.48604,6.1016765,0.646016,6.819878,45.58483,4816.1343,1890.338,4951.724,6735.1475,744.6598,110.76938,828.188,4063.8728,0.96449697,0.4542432,0.93896145,1.6484932,0.21480824,0.049370725,0.24103203,1.1513329,17.30397,11.922572,16.734327,25.32111,44.90658,30.959116,45.847706,52.07295
2084,5854.0,60.53821,3.6673641,93.81958,297.93097,14.84684,2.6168737,11.957061,55.8685,312.49213,147.26985,250.50072,2178.6216,23.934753,3.9481912,25.176981,273.73923,0.10294706,0.066255234,0.10384476,0.2163745,0.6239289,0.056792755,0.5967346,2.6301084,20.069042,14.485251,19.10711,29.053486,49.959034,34.82169,49.78063,59.84007
2085,5856.0,19.304682,2.715548,28.30149,202.15155,1.1447272,0.14235048,1.4684758,45.551105,84.148994,16.085583,109.2526,883.6179,100.246735,3.2853534,79.99325,456.34583,0.31543636,0.118680164,0.3463336,0.5914835,0.23205787,0.011865789,0.21198747,3.3224428,14.349446,10.488343,13.709681,27.445137,41.80268,16.7066,49.761818,68.341515
2086,5858.0,70.26465,10.937428,81.23146,332.9826,9.256898,0.59546435,7.971661,78.32363,5530.9,485.10263,5415.643,22793.121,749.90894,74.77098,767.55115,4042.5513,0.6964248,0.34063601,0.73257685,1.2146056,0.38768554,0.025486562,0.42868942,3.6806276,19.408037,12.179751,18.086115,29.629148,47.12643,22.10651,47.846153,64.87551
2087,5860.0,97.05606,3.9712324,114.45944,444.3309,12.178073,1.1441739,12.518194,71.497154,148.61867,74.690834,158.23085,1158.7456,14.384062,1.7945455,15.374746,224.72156,0.14241786,0.07080427,0.13766201,0.24679866,0.15708418,0.017452938,0.21429434,1.5368762,19.117468,11.968552,17.61777,27.321142,61.29967,30.096392,59.172165,78.2585
2088,5862.0,10.047551,1.1073308,15.845884,114.088585,0.79201704,0.13339028,0.84662,20.393183,14.112828,5.1882267,12.096282,129.0132,15.501351,0.8869364,11.001443,135.64638,0.16177085,0.06297467,0.14929415,0.23639026,0.11042218,0.016152376,0.1183373,0.96193373,13.549518,10.147948,12.503777,24.872187,38.183258,18.463526,39.597363,65.16974
2089,5864.0,33.686905,4.0902843,60.841003,330.93372,6.625566,0.53398794,6.815932,54.677376,444.90524,128.15213,500.9157,1249.5735,99.54826,7.8268476,108.98563,469.16443,0.28674844,0.12449389,0.30966127,0.45995632,0.21013495,0.015940798,0.26693612,1.4794754,18.052952,12.022463,16.87458,27.06139,48.595154,25.36273,51.301918,65.30346
2090,5865.0,86.65346,3.8820493,88.45419,250.75958,9.623278,0.8028621,10.461031,50.460033,45.109085,38.578743,45.674713,187.095,5.3972797,1.444994,5.676037,128.06686,0.11161071,0.073653184,0.10094902,0.21823111,0.11281315,0.02354051,0.11728564,1.0251867,18.383482,12.219519,18.137878,25.315004,48.3484,31.64284,48.865864,54.516926
2091,5867.0,74.90226,2.4590347,96.86169,1156.5602,16.141933,0.6232581,15.109812,204.5634,1174.6143,44.67133,890.59406,11809.835,45.318375,4.6578135,59.48592,474.42142,0.13607429,0.078293376,0.13012064,0.20245922,0.8218657,0.045521066,0.5692049,5.721028,20.754389,12.0222,20.062775,29.516132,48.05997,22.70874,49.40105,73.8834
2092,5868.0,10.271168,1.8107156,21.269135,211.03694,0.9054681,0.070320584,1.4954995,47.617104,173.63126,40.407143,289.70312,3762.9834,208.00252,7.6324434,170.74896,1396.2784,0.42213392,0.16231681,0.44112986,0.76558834,0.26433852,0.01016697,0.31089732,3.4409866,14.532625,9.338846,14.855629,26.394945,41.44836,12.755847,47.34816,71.28527
2093,5873.0,95.146065,17.79284,81.058815,377.60846,9.344265,0.986762,11.084076,44.05427,7600.377,2053.8267,8860.854,8586.94,579.2482,119.24354,741.1948,2851.566,1.345231,0.47621554,1.3636944,1.9579339,0.11257744,0.02204415,0.12371932,0.8058035,18.06287,12.453476,18.36136,24.664494,46.921566,32.90718,48.8513,53.696514
2094,5874.0,29.918232,8.591811,44.991386,249.79591,3.360712,0.5920803,3.8850656,44.647327,2520.0227,816.82764,2335.6062,23470.852,897.752,104.80805,775.4425,3909.5527,0.566221,0.3125935,0.5935241,0.9513064,0.6214711,0.07925602,0.5345811,4.318432,16.853409,11.842158,16.111694,26.04643,43.67824,28.483995,44.312515,64.233154
2095,5879.0,69.84372,10.921653,74.99139,229.49268,7.310128,1.367811,7.364358,40.092365,2618.3481,1281.459,2666.855,5955.895,425.7724,84.96195,433.50247,2330.7935,0.67051,0.38146323,0.64892656,1.151593,0.27183923,0.038860384,0.29889274,0.98270637,17.62007,13.1798,17.390825,25.582352,47.26964,32.14699,48.99883,57.854557
2096,5880.0,52.39171,7.5651426,67.97371,376.88086,8.455579,0.51163304,7.7744226,67.962265,17565.854,934.5316,14315.204,86486.82,1406.8324,67.912575,1463.68,4902.5464,0.7139407,0.33064798,0.6646462,1.2901375,0.80888313,0.014513764,0.7016667,5.223543,18.80999,12.265082,19.342163,28.313635,46.94375,22.7833,50.80332,72.689804
2097,5881.0,127.63231,23.387314,105.54619,671.82434,15.512189,1.5093497,13.776964,198.39894,22697.418,1995.5753,21093.703,42226.832,1101.1101,77.00726,1337.394,4137.08,0.6518929,0.35097125,0.63380957,1.269858,0.8576846,0.037646346,0.9546305,3.831592,20.935205,12.678432,19.810518,34.32091,52.117752,34.485157,50.325123,67.265205
2098,5886.0,48.714928,3.7770698,57.19074,204.74454,5.3591685,0.950883,5.513359,41.620403,38.199978,33.5127,39.04793,291.79877,7.3092046,1.2414535,9.190559,118.84818,0.13277811,0.07501235,0.12408223,0.20885552,0.11147789,0.016634645,0.119716,0.9322849,17.100922,12.5617485,16.904371,26.183449,47.828964,32.51956,50.932007,64.077736
2099,5889.0,102.23485,4.00373,96.56162,476.80023,24.172796,3.7698495,23.450726,95.209236,1349.9005,404.59644,1478.5557,7018.9844,59.775173,6.4826655,81.04002,368.46268,0.111503385,0.07447293,0.09918783,0.21100596,1.052059,0.14303613,1.1658158,3.6607726,21.390474,14.890387,23.095987,31.069403,53.19423,34.675507,52.66164,68.08302
2100,5890.0,57.318836,1.7761737,78.91012,369.1957,9.537548,0.60594153,9.10584,68.11602,111.04517,37.110554,135.29317,797.4084,13.857514,2.2444248,14.3560505,159.0554,0.13490461,0.0774709,0.12424945,0.20481242,0.22138506,0.017805781,0.30231732,2.3716884,18.754381,12.351366,17.907814,27.694042,48.215626,21.640598,50.385075,64.33003
2101,5891.0,109.14596,5.993375,119.16771,569.6897,37.66324,2.209164,43.647465,133.30473,6887.1777,891.57855,9163.933,35613.676,134.66338,7.4356213,166.26352,676.2826,0.09156507,0.050690994,0.09137101,0.19475324,5.5924587,0.21589547,3.7148983,11.414456,29.416662,13.457361,29.683315,38.76894,48.53729,39.806698,49.267952,67.08924
2102,5898.0,51.866535,2.032195,56.261433,233.79262,6.4178567,0.6703679,5.457345,47.11499,119.99491,76.33781,120.226974,712.37946,21.580322,3.193967,25.751085,244.33353,0.1386869,0.07754313,0.13276884,0.360528,0.28060108,0.061124925,0.2776981,1.5532742,17.677132,12.564269,16.68591,25.533619,44.768795,31.414995,45.836723,51.421734
2103,5899.0,59.369793,2.4590347,86.88752,500.82712,9.407114,0.62181836,10.378043,79.72672,179.29492,45.716156,233.84087,4258.7803,36.817474,5.0293193,42.97677,310.3415,0.14364475,0.07834152,0.1385033,0.24875277,0.48344588,0.04583643,0.4799947,4.802089,19.019,12.015776,18.194782,27.369104,46.049683,22.774675,46.37118,67.45011
2104,5901.0,37.32534,2.5734067,47.665707,142.9155,4.4361954,0.3868291,4.7619123,22.751913,27.19096,18.821753,24.823418,74.52561,6.4055305,1.6263504,6.2559547,91.70842,0.13269402,0.09467161,0.124166496,0.2618855,0.08297206,0.026422858,0.07690496,0.38407412,16.603472,11.304094,16.357164,22.969976,41.845207,26.565798,41.940174,49.147823
2105,5902.0,90.60355,5.162423,116.05908,361.5759,14.714105,2.8885353,15.997768,60.074722,3790.5947,1667.208,4398.8447,7357.53,311.6142,61.507008,315.3142,1533.1855,0.36507046,0.21760839,0.36211047,0.75120527,0.49694756,0.10562174,0.59798616,1.8267038,19.402273,14.65934,19.039684,26.076498,55.017605,34.90199,54.90024,66.56452
2106,5904.0,91.43909,4.2671185,113.820694,704.76685,12.044519,2.0524182,13.437095,100.874275,3153.649,447.13626,3761.4153,15749.413,324.2445,33.943935,337.89877,1063.7482,0.4279489,0.18854904,0.390868,0.89274704,0.37341893,0.017825285,0.4373504,1.9722139,19.312674,13.3858795,18.04765,29.751486,60.990326,27.72822,57.129204,80.48283
2107,5905.0,94.474075,5.5845094,123.807976,372.13196,15.750667,3.1185055,16.708185,62.333214,3091.7021,1504.1265,3155.5078,6267.989,173.55443,43.710117,139.48004,887.43286,0.3468035,0.19114287,0.32872882,0.57175875,0.4128736,0.09979467,0.47048143,1.9428743,19.813732,14.651584,19.156622,26.754032,53.213833,37.684074,53.222996,60.406246
2108,5906.0,60.230785,2.6770544,81.741875,326.23538,9.459245,0.99279594,8.632314,62.07928,143.12439,84.86518,130.81999,890.0629,17.549187,2.4511378,19.533106,304.5747,0.11503794,0.06218827,0.114164926,0.21241577,0.3051613,0.03696036,0.39070383,2.0622199,18.46639,13.063054,17.320055,25.356985,52.738678,28.825068,53.67411,65.22839
2109,5908.0,69.24532,17.364006,54.988415,263.0538,5.3489246,0.556877,4.882806,44.60104,6259.637,2841.114,6479.3647,12279.993,1577.5681,118.27739,1317.6324,5576.5874,0.68031883,0.32640624,0.7194936,1.148488,0.83229387,0.11782255,0.8508753,3.2153027,17.52931,12.446495,16.546482,24.340569,45.835426,33.325447,47.737114,57.477776
2110,5910.0,48.793148,8.386147,60.886715,215.6318,5.8556743,0.54242104,6.2136946,44.813877,3934.9211,904.0527,4774.7324,10291.119,712.3805,88.076836,661.0559,3661.2458,0.69339085,0.36346567,0.67364144,1.1423784,0.54645354,0.044554643,0.55101264,2.5666666,17.554703,12.056163,17.390799,25.86113,44.17311,22.671347,45.87289,56.85963
2111,5911.0,73.057785,14.842541,76.993675,209.96814,6.933198,0.6321367,8.2312,44.4872,2375.9912,999.9877,3135.706,4050.072,343.36752,68.07627,323.2826,2152.6895,0.7275745,0.41276,0.7080145,1.1219298,0.15975791,0.03495128,0.16437703,0.7476209,17.285639,12.407328,17.11248,24.819656,45.174427,28.24664,46.171444,51.28956
2112,5912.0,56.089596,3.3396144,60.54122,285.9953,4.4909987,0.45047313,5.4243402,63.604256,29.517548,22.55247,34.338963,266.1829,6.906464,0.9982842,8.140515,149.57419,0.16056871,0.07141905,0.13857487,0.2285909,0.07146893,0.0075303377,0.10135531,1.073555,16.607353,11.391411,15.821932,26.239702,58.73891,25.081758,57.302265,78.01818
2113,5915.0,54.9179,2.7352529,91.13257,427.75732,15.402636,0.757316,14.395113,95.3987,470.66214,49.170197,459.95963,5037.037,32.09698,4.027218,39.975662,257.99393,0.1386367,0.07082303,0.13698065,0.29012468,0.5861157,0.03490016,0.5374593,5.7006373,20.620531,12.220579,19.625982,30.640417,47.583645,23.770012,50.683296,66.86074
2114,5916.0,42.085968,2.3493655,51.28553,240.94554,4.8492904,0.43721867,5.1081357,48.284286,93.53125,37.761486,100.519295,559.93744,21.506405,3.1680272,28.117668,288.8738,0.14533393,0.08106559,0.14660984,0.40113336,0.21059778,0.043338574,0.19489576,1.6778402,16.807768,11.645409,15.945545,25.113102,45.64822,28.489017,46.99129,55.63266
2115,5919.0,72.38173,2.5944483,57.138916,1312.8579,4.712133,0.711671,4.7291493,361.3346,78.986244,25.534681,86.09127,778.231,14.941002,0.4893324,20.78684,167.82263,0.15032318,0.053036876,0.15821049,0.23815854,0.07069982,0.010001941,0.19389957,1.6171758,16.607807,11.087954,15.48035,30.786882,63.548504,29.93701,62.195583,81.51198
2116,5920.0,87.29766,2.6228466,92.19472,451.50632,18.344038,1.2294091,18.386568,80.136795,1337.912,129.09782,927.41815,6796.075,48.176426,4.049745,71.6093,253.07904,0.1212322,0.07922643,0.11340322,0.20604724,0.97506434,0.055733275,0.756436,5.7357144,21.044304,12.910004,22.253712,30.216486,48.64639,28.28483,50.724007,66.09597
2117,5923.0,79.7092,7.522086,100.513916,316.97153,15.14852,2.997277,11.426083,64.23358,944.0509,478.66452,1118.5348,2918.4597,71.803375,19.348734,72.24107,507.01056,0.22864579,0.18325442,0.2056559,0.47736117,0.3264491,0.03999297,0.3571852,1.672469,19.631592,14.198,18.778555,25.460072,59.87073,40.36774,58.08097,69.86629
2118,5925.0,42.625633,1.9584523,72.43158,275.82782,6.1818786,0.36032322,7.8824825,51.45818,65.72511,32.265026,65.50269,275.9096,13.706368,2.0854285,13.68361,174.59389,0.15257865,0.077718355,0.14830467,0.21700558,0.14364526,0.012548858,0.14265957,1.0185605,17.591793,11.715213,16.978004,25.734787,48.534534,23.904772,51.393284,65.317535
2119,5926.0,51.318363,1.7042577,55.82783,1164.9761,9.876333,0.5592359,8.736368,231.47533,1656.7338,286.3001,3234.7502,42523.215,236.71196,8.453531,577.1674,3589.9138,0.37336773,0.14663875,0.40290788,0.8529226,0.34692663,0.057950698,0.6225658,4.368737,17.83261,12.055648,18.465322,30.113571,53.653824,23.485247,52.01736,84.42653
2120,5928.0,76.01634,6.1509013,81.16471,307.21146,8.291147,0.5765288,9.803733,49.96674,540.88605,161.90257,463.84906,827.4211,63.21213,9.817574,59.74642,533.3921,0.25522918,0.130024,0.2689649,0.45074987,0.22443154,0.032002907,0.238376,1.3831323,18.010754,11.87723,17.764774,24.541521,47.75471,25.61978,49.910713,56.08274
2121,5930.0,37.862095,7.048583,41.38662,134.39388,3.3268476,0.42194736,3.5609374,22.124243,675.2747,380.3905,669.85736,1163.08,199.22124,33.10173,199.76324,1137.101,0.8839387,0.54093605,0.83795834,1.6320333,0.065969236,0.015496407,0.06355464,0.2932047,16.114515,11.495757,16.027145,22.502815,39.6352,22.17235,41.061066,48.34934
2122,5931.0,60.904602,2.4092796,71.43128,1230.1221,10.585965,0.6411502,10.040384,208.39424,186.46976,49.45091,316.65396,3873.7825,20.849585,2.288873,53.12805,545.3638,0.13354814,0.0644775,0.13566536,0.19853115,0.42487663,0.05826375,0.38277057,2.9202688,19.093664,12.155548,18.778004,30.174557,52.51427,24.349503,51.374496,83.68239
2123,5933.0,36.51478,2.0323741,46.019768,141.65654,3.6597679,0.41852283,3.6160219,26.117516,588.0918,329.15063,497.3459,1063.5159,143.66997,18.101433,178.50023,934.1957,0.43113017,0.23654817,0.42158374,0.91109407,0.1899603,0.04468315,0.20010376,0.9564836,16.161293,11.682858,15.354856,23.273323,42.37586,32.984013,43.191135,47.627914
2124,5934.0,48.524483,2.581027,62.652122,185.0564,5.767992,0.5693589,6.060911,39.323616,1003.657,246.76529,1114.1002,1994.064,150.27643,25.091196,187.65012,907.59454,0.51401454,0.29798007,0.53352576,0.93847823,0.14692198,0.022689445,0.13281687,0.6968503,17.389238,11.824554,16.719894,27.537561,42.519493,27.483053,43.32305,47.94819
2125,5935.0,15.935843,1.2081522,21.335104,164.42102,1.3141066,0.23816344,1.2536656,20.832739,326.42755,119.01542,286.11804,1148.1055,269.49786,14.696784,295.56253,1461.2373,0.41498235,0.20240217,0.41253752,0.80951566,0.28683123,0.040331606,0.38463777,1.2218176,14.181898,10.7272625,12.599473,23.142391,38.137127,23.738369,38.01023,48.90037
2126,5937.0,50.549477,2.72349,62.816235,297.87683,7.5437255,0.7181423,8.167437,50.367146,53.567165,32.570114,45.949608,242.02762,7.437291,1.3984975,7.971608,111.960464,0.1424985,0.072317034,0.13910742,0.20429106,0.12138951,0.013594254,0.120568395,0.73396415,17.927738,12.168807,17.395681,27.247192,49.49731,26.434937,51.072205,65.57218
2127,5938.0,20.697483,0.8209617,26.00836,211.89604,1.8923701,0.27488226,1.5318285,18.213564,487.23538,137.02536,464.18515,933.65375,216.45572,11.071509,338.14908,1105.1372,0.46430844,0.21952201,0.4789871,0.93645567,0.23751326,0.030288117,0.2892567,0.7619957,14.551289,10.418303,13.631415,23.158268,38.781982,26.847767,39.602787,49.962627
2128,5939.0,53.84744,3.2643528,61.209545,192.98653,5.579372,0.80422705,5.5676546,42.85601,716.0111,391.8765,631.92426,1267.2267,98.06082,13.985191,108.09713,667.7472,0.29405385,0.19204246,0.29711896,0.57421714,0.3037257,0.067387186,0.3831046,1.2825733,17.159931,12.650517,16.016586,25.016394,44.5998,35.82086,45.068134,50.67452
2129,5940.0,66.22497,2.628877,77.33189,247.78543,8.382019,1.3177567,7.956887,42.8202,1387.2139,636.89667,1394.8702,3352.9368,193.43225,35.02143,217.73076,1046.3403,0.40242955,0.23795389,0.3633183,0.82953215,0.29303864,0.044613235,0.3146033,1.4054497,18.047531,13.202643,17.443174,24.7922,47.12361,35.97332,48.424282,55.862556
2130,5942.0,76.222145,2.4590347,97.9214,1145.2201,16.119713,0.6232581,14.935287,202.96346,1210.5403,45.37142,924.706,12610.013,47.836067,4.97135,63.28038,474.42142,0.14003268,0.078293376,0.13361412,0.20245922,0.8218657,0.047057148,0.5733595,5.5653286,20.74069,12.0222,19.981667,29.499338,48.05997,22.70874,49.40105,73.8834
2131,5944.0,41.848053,2.051026,68.36804,243.19315,6.1733785,0.38348892,7.431176,46.86638,83.18201,37.401436,78.19403,262.7727,13.7863655,2.8400161,15.326097,141.50328,0.14024006,0.08590006,0.13234496,0.21005405,0.17196527,0.02802412,0.13400982,0.9032319,17.33796,12.112588,16.900888,25.129478,47.12977,27.348736,48.839504,56.474674
2132,5945.0,46.09886,1.8246839,79.20159,370.42126,8.195815,0.73121995,8.570611,65.441414,1965.08,398.05374,1911.1619,5065.367,264.01035,22.000542,270.9087,1152.3813,0.49363354,0.210568,0.4701244,0.8910074,0.30945355,0.016847607,0.4001999,2.0761893,17.909096,12.4134445,16.5594,26.857689,58.36094,27.25696,57.16375,76.87119
2133,5949.0,40.253025,4.150006,42.75407,157.73183,3.138996,0.36480096,2.9907706,23.366196,2618.0232,965.6609,2781.455,4822.5366,1014.06854,100.18757,1049.6425,4117.4976,1.1530004,0.5295073,1.1995769,1.811925,0.21018125,0.046237938,0.19458376,0.8646887,15.685999,11.209054,15.300332,23.957987,39.63294,23.614212,41.467457,47.141445
2134,5950.0,78.24891,2.618887,83.13069,894.15393,11.519021,0.54498696,10.535105,167.07726,339.25845,54.363815,464.6655,5362.461,29.334908,5.1140323,40.864094,443.37213,0.13424265,0.079919524,0.12902117,0.19935957,0.5112116,0.059360035,0.40783396,4.603645,19.567144,11.8036175,19.283302,28.865553,47.75042,22.134825,48.805515,75.75119
2135,5951.0,33.42159,2.9742508,46.255802,219.76735,3.9985435,0.39932925,4.554315,46.190083,131.41713,26.84895,201.7596,827.7297,44.544632,4.628039,58.235306,454.47308,0.31396452,0.13073224,0.32249823,0.44400853,0.09714809,0.0129310405,0.0967646,1.1286379,17.113276,11.343103,16.358025,25.568146,40.18973,20.945744,43.257153,51.729958
2136,5956.0,60.938652,4.1064095,57.54819,168.70416,5.376724,0.75991493,5.7075205,38.11955,178.04306,103.17956,184.9935,329.67874,34.10839,4.82416,37.56954,359.9681,0.23446663,0.13278691,0.22435585,0.44174987,0.16094023,0.024814487,0.18730144,0.7089785,16.7181,11.96674,16.307083,26.337034,44.046856,32.497982,44.979168,50.065357
2137,5961.0,157.01855,10.834756,176.16927,866.57306,40.316967,2.693723,56.117073,196.61821,34522.96,1754.7587,48976.133,61373.33,507.1547,53.455215,543.98987,2148.348,0.2681179,0.1227412,0.24442877,0.412652,2.444095,0.22934559,2.7181518,9.129917,26.969858,14.819798,26.553728,34.284077,58.143806,25.78014,56.66173,79.330505
2138,5965.0,42.195232,10.367845,50.361153,190.8023,4.0178638,0.5929084,4.689214,45.804543,968.7524,746.55865,1106.179,3396.0564,312.8989,44.520805,328.57294,2430.8882,0.77201843,0.38197443,0.6981286,1.5378067,0.15953639,0.011083932,0.14126635,1.1758003,15.96466,11.698316,15.738013,25.852057,50.962555,26.221178,51.474796,63.983906
2139,5967.0,66.27814,4.3273325,77.39305,337.44986,8.590592,0.45621663,9.12731,60.760178,1223.0164,163.1078,1209.5248,2950.5125,146.41156,9.812338,186.95613,977.2907,0.3229925,0.13502687,0.33791122,0.49742386,0.36179084,0.029922301,0.43021178,2.3960986,19.114166,11.246056,18.036322,27.96068,47.425964,29.326063,48.121647,60.147533
2140,5969.0,33.353035,2.043676,47.796295,198.03004,4.1606994,0.4444992,4.960852,43.28266,846.1312,493.32166,835.0669,1632.4445,185.16808,18.72543,183.81854,913.7725,0.3787233,0.20176426,0.3518691,0.76429725,0.33149514,0.04877664,0.36984667,1.2657138,15.987108,11.909725,15.740591,24.71194,46.817642,35.286304,47.931164,56.17234
2141,5973.0,39.50267,1.8269198,58.5436,197.11272,5.2469664,0.39140928,5.4129853,56.176964,58.67484,20.104874,59.16665,204.60136,12.53979,2.2487376,14.262278,119.162094,0.17651406,0.10749072,0.16925438,0.2809063,0.10399379,0.019219298,0.09772002,0.57125616,17.35519,11.017043,16.464684,29.993916,44.07389,28.14172,43.1479,54.72175
2142,5974.0,121.515656,39.01926,112.177055,319.12762,14.182736,2.626922,14.086595,65.66935,14071.711,8254.436,12620.25,24637.508,1066.3672,182.77567,1045.6859,4073.313,0.98873615,0.46464872,0.9045303,1.6725585,0.31373796,0.04796273,0.300034,1.4522867,19.416594,14.060664,18.9146,25.743074,50.591194,39.13047,51.58093,57.12809
2143,5976.0,31.0511,1.488719,44.395718,154.7841,3.8022234,0.5827798,3.6031497,34.373306,1256.75,314.55478,1001.8123,3737.7788,252.16286,24.2807,270.7319,1157.8206,0.3436922,0.19426222,0.34128177,0.6745144,0.6111938,0.06279885,0.5999108,2.315454,16.908993,11.82926,16.056473,24.247654,41.18634,27.831776,42.44645,52.92278
2144,5979.0,34.969128,2.0126035,40.25723,116.41058,2.7917202,0.47141355,3.0295002,19.676071,400.5747,245.71442,406.46326,616.5998,131.0638,15.311006,131.16083,690.07513,0.40113574,0.22369246,0.3939333,0.79089767,0.20799536,0.047321152,0.2218284,0.7951805,15.565622,12.292367,15.240924,21.394426,38.324768,22.65155,40.90221,45.54622
2145,5989.0,51.24984,3.585449,68.26813,329.68045,7.544992,0.581609,7.1013465,58.14651,1189.5103,246.01173,1855.7767,5034.3237,173.46432,17.857313,178.87436,810.64886,0.3453367,0.18367466,0.3470755,0.6201734,0.40491438,0.026202392,0.55526227,3.1633575,18.68049,12.139159,17.645552,26.024544,46.895958,20.95208,49.6793,64.569115
2146,5991.0,49.877926,3.164248,51.399544,423.40912,5.795994,0.43357566,4.650655,161.29326,2064.2998,362.08417,1899.2112,4197.107,230.30576,5.962224,278.96353,1537.0192,0.329499,0.1460411,0.3931579,0.68048453,0.48862788,0.039152987,0.54734695,2.614759,17.479803,11.169834,16.691578,27.835138,46.88672,27.964275,46.29857,67.82199
2147,5992.0,40.635258,3.0696597,60.871094,236.23792,5.6769104,0.56305987,6.4341507,44.45191,563.8033,235.0646,491.86115,1319.8579,94.33768,14.421952,86.46891,538.747,0.33190688,0.17056276,0.34735364,0.6176719,0.21221268,0.030756827,0.22303754,1.0095648,17.048708,11.810011,16.56372,25.22146,48.109352,27.173529,49.250755,55.269287
2148,5997.0,60.497932,2.4599385,68.98312,177.6511,7.180121,0.8770919,7.6241875,38.803425,80.85985,49.83342,82.67592,314.26453,11.486392,3.3902216,11.887891,139.25165,0.11740645,0.07574,0.109897405,0.20261185,0.22169858,0.050749518,0.19074094,1.2124972,17.796902,12.646683,17.281702,25.835112,44.894276,33.459682,44.994045,52.011772
2149,6006.0,47.68144,2.0867195,58.648823,202.30023,5.6847997,0.45918715,6.2002983,35.180336,52.213364,19.879597,49.039604,169.20341,9.766152,2.6010325,10.282105,104.323906,0.16277476,0.09972624,0.15679863,0.21916483,0.073488735,0.018873887,0.06404982,0.49045798,17.311087,11.449385,17.02931,25.002888,43.92447,25.299026,44.083866,54.09881
2150,6010.0,30.75286,1.065637,32.09299,158.31258,2.2546575,0.4259134,2.164931,18.67436,42.365215,17.68697,37.899685,239.87405,11.900936,2.196682,12.743001,151.87045,0.12159248,0.0693413,0.11944717,0.21022588,0.24890798,0.037016924,0.24533895,1.1935955,14.9604,11.174971,14.9148245,22.700253,38.605053,24.902702,38.651028,50.888706
2151,6026.0,44.11962,3.7929866,43.947224,142.68495,4.14662,0.6066232,4.0422387,29.437738,182.93803,124.12895,160.40465,374.61148,42.701584,6.0528064,45.978695,349.61267,0.2957218,0.17535411,0.30212465,0.5373634,0.1219214,0.023573194,0.15587218,0.5795669,16.369959,11.907838,15.942902,22.934608,42.2266,30.099333,42.995117,48.051853
2152,6030.0,6.9727407,0.50915873,17.506203,142.63576,0.67776597,0.10065665,1.1079668,26.860775,103.07728,26.315609,165.61122,1632.6414,206.14049,7.608339,182.40623,1100.9504,0.6892322,0.3018887,0.72464186,0.9509861,0.09632462,0.011018757,0.07836751,1.573409,13.862986,10.071309,13.4682,24.277859,30.945248,16.943523,37.840145,59.89466
2153,6034.0,67.66226,15.465956,90.375916,334.44565,6.738637,0.9001311,7.830965,63.423084,3872.586,1178.2876,4697.2114,17247.863,654.1754,83.15591,586.49835,3348.8494,1.0265471,0.44948485,0.920174,1.9481167,0.19008091,0.014343686,0.1843626,1.1929318,17.474575,11.584108,16.955294,26.272215,58.25857,30.282867,53.785934,78.08963
2154,6035.0,63.35647,2.3773537,93.715996,341.11728,17.222923,3.6900213,12.638572,82.84672,518.31744,294.51273,335.84024,2165.1882,27.707119,6.236383,34.580235,207.58397,0.120831616,0.0779865,0.11871526,0.26528624,0.48303598,0.14887227,0.41220352,2.290001,19.994951,14.760195,19.214535,28.49031,51.277798,36.39686,52.560497,66.76749
2155,6038.0,121.76634,11.891857,129.94455,488.96216,13.025772,0.7639479,15.214846,85.618835,23074.91,2144.8953,18644.123,186516.36,2705.4854,183.55588,2389.7751,13701.6875,1.2744024,0.49521932,1.2863098,2.072126,0.4224961,0.047538936,0.45796534,4.203487,19.492111,12.23746,18.424273,27.368883,50.15107,24.777637,47.752026,67.279434
2156,6044.0,58.256638,2.4590347,82.70459,485.8147,9.395461,0.6744661,10.335035,74.16635,180.98038,45.535656,230.19333,4610.9434,38.33934,5.670249,44.05856,311.57086,0.13828298,0.07713976,0.13093807,0.20273136,0.5931944,0.048968222,0.54453945,4.769708,19.027737,12.12759,18.24988,27.409958,45.30453,23.145367,45.040195,67.25186
2157,6046.0,94.95965,2.5314882,121.04047,417.40823,14.658718,1.8932161,15.6976595,68.48857,564.8101,365.3178,419.1189,2968.4204,52.278446,8.276855,39.331802,563.9729,0.14104827,0.07648759,0.13671783,0.26845258,0.65872514,0.13842751,0.51140064,3.824509,20.15368,13.732956,19.805016,29.956186,51.70223,30.50359,52.792404,69.98674
2158,6047.0,19.114937,1.2135997,28.972473,499.8539,1.6592227,0.15064345,1.6440551,133.4224,22.618242,7.044441,17.541426,325.75412,15.762988,0.43129432,18.971172,233.26834,0.16151784,0.053839922,0.14820407,0.2633584,0.1750409,0.0112215765,0.16197489,1.5383223,14.781961,10.431915,13.755924,30.154003,48.327538,22.423452,48.725807,68.605034
2159,6050.0,26.287977,1.2802283,38.681892,140.99498,3.7260692,0.36381575,3.9002364,22.52699,24.570929,13.932404,24.294046,141.72546,9.586883,1.699985,9.48642,113.43898,0.16977991,0.11057693,0.15816985,0.22407286,0.05586186,0.013628549,0.06564057,0.88185924,16.423971,11.297795,15.973784,24.250816,38.577877,21.372843,40.692963,50.025463
2160,6052.0,36.963123,6.1817875,42.049572,170.4614,2.976707,0.46782506,2.8766615,23.850834,5759.443,1145.3751,4997.305,11078.444,1666.8401,119.90552,1521.8755,5774.1104,1.1369237,0.4684183,1.1786989,1.7224627,0.40180194,0.04738487,0.43546507,1.4394544,15.602165,11.5017805,15.1503,24.19766,40.983902,25.520933,41.490376,51.947186
2161,6054.0,38.33733,9.555391,51.906784,255.51524,3.1817,0.6240226,3.7882848,42.798195,5351.502,1096.8779,5021.919,44887.69,1743.7875,145.83276,1508.6748,8198.874,1.0724833,0.4604585,1.1329949,1.6402317,0.42279652,0.06165251,0.3457876,3.131089,16.398792,11.777181,15.797598,25.539352,45.336723,30.244776,44.31237,62.86217
2162,6055.0,42.835384,6.2382817,53.264496,424.748,4.873684,0.55648506,4.2994313,29.877615,7878.8643,2416.1838,7969.207,10800.172,1963.8237,183.5354,1823.0054,10248.339,1.2801038,0.47634894,1.4008677,1.946575,0.25875577,0.0658925,0.2565287,1.1616675,17.094965,12.160302,16.12667,24.502398,41.482914,24.486597,42.804153,48.16107
2163,6056.0,36.38963,4.2112565,54.130463,151.11081,4.072031,0.7857905,5.0291085,27.592775,4286.6064,1869.326,3825.2175,9475.228,1050.4431,132.13043,928.1021,5093.0933,0.9139828,0.49056885,0.9587407,1.3940889,0.34619525,0.052529212,0.31173626,1.1689652,16.906538,12.277141,16.476725,24.517069,43.330982,26.622675,43.764256,51.25293
2164,6063.0,37.432533,8.640719,40.261906,101.15586,2.6714792,0.43974698,2.8840587,20.774143,1097.4204,616.9818,1116.5823,1721.71,443.8906,57.48772,429.34595,2592.2783,1.1080217,0.4760399,1.0852107,1.8828752,0.11847714,0.024628043,0.12317563,0.37758583,15.447007,11.32416,15.128634,22.280794,39.55642,25.679626,41.712242,46.751152
2165,6064.0,63.863853,15.938017,66.407616,204.53532,6.0811667,1.3145596,6.6804156,44.54071,3862.2405,2557.0293,3598.655,7322.893,623.10455,95.42626,652.0736,3427.6604,0.98868805,0.4927095,0.9630926,1.4052489,0.16145349,0.042424463,0.14853363,0.95921856,16.942421,12.578139,16.609575,24.419296,46.0618,41.10684,46.52238,52.226383
2166,6065.0,33.835987,1.8553076,39.179886,422.7216,2.770687,0.49046776,3.0786762,135.76616,42.999718,10.432231,39.806488,324.54803,10.852186,0.28286684,14.444478,241.71333,0.110901624,0.03995801,0.11488747,0.24048951,0.30022886,0.01279159,0.23160349,1.3968881,15.465226,11.475993,13.957612,27.537638,58.239742,28.954649,58.126125,73.72766
2167,6066.0,17.687878,1.4135194,27.533485,238.16899,1.1801068,0.11834689,1.493965,45.61462,14.38052,6.16968,20.450783,297.80457,18.781534,0.77596456,14.744298,142.73851,0.18574947,0.069388226,0.17331523,0.2855141,0.10626811,0.009825842,0.10761339,1.2570192,14.463577,9.894988,13.665152,27.0414,43.65596,18.173214,49.18317,65.95834
2168,6067.0,23.431898,2.2146688,34.860786,279.10474,1.5083271,0.16018535,1.9075269,58.962208,100.597786,27.515364,112.88476,454.44623,84.19712,1.4753625,71.97862,474.93405,0.31596255,0.096225366,0.29543772,0.50915664,0.16977741,0.015364437,0.13833214,1.329767,14.320143,10.129154,13.470028,25.48474,50.47204,23.967993,51.274673,71.23518
2169,6068.0,31.590391,1.30306,40.94126,392.18234,2.6243804,0.30176827,2.8700023,155.41682,275.62112,56.603527,305.39172,1600.0176,91.67427,2.2605557,122.8042,931.3406,0.5112988,0.152556,0.52849466,0.83994067,0.117458925,0.010284553,0.12713088,1.4252115,14.999064,10.779242,14.410112,27.288935,54.517166,23.247604,55.033356,72.520424
2170,6069.0,53.878242,5.081869,65.59805,156.22298,5.583335,0.6330617,6.022811,23.390465,4673.2085,1595.2526,4468.6104,6516.8813,861.4351,158.2463,816.74664,3244.7915,1.254578,0.55774623,1.2397331,1.8410337,0.15711284,0.045402944,0.12987623,0.6087278,17.175154,12.109478,17.03854,22.62936,39.523895,23.848835,41.606064,46.90899
2171,6070.0,58.31867,10.583666,58.98431,211.57487,6.3839746,0.5868298,6.2105174,50.768417,2272.9387,659.4996,2433.4722,13032.353,489.70923,55.378933,612.86066,3325.9429,0.7560537,0.37766394,0.73950386,1.532361,0.24218161,0.021380777,0.27950555,1.82173,17.669916,11.898596,17.03778,27.039177,43.564632,24.127369,45.137383,57.573685
2172,6074.0,46.70087,5.745171,55.593933,410.22195,4.313437,0.63145214,4.774917,53.87332,4605.468,1674.6259,4625.3804,60065.62,1878.21,145.14935,1529.1884,13155.575,1.2728716,0.49709147,1.2255597,2.125843,0.28590572,0.04756562,0.22809018,1.6891916,16.315174,11.686107,16.049866,26.979462,49.43771,26.097956,46.873783,74.390785
2173,6078.0,90.35277,3.0448895,88.56287,229.4919,9.964439,1.0196356,9.707146,45.74663,107.247215,49.434227,100.00635,328.63968,10.1042185,3.2545574,10.334096,139.95265,0.13179103,0.0804616,0.12352318,0.19672918,0.14673452,0.03768235,0.17524071,0.9469331,18.380203,12.9318695,17.987103,27.074894,45.32865,33.60008,46.17391,51.863247
2174,6082.0,74.92526,6.333432,81.10037,237.41258,7.52768,1.3914456,8.124856,40.479412,228.66109,49.0239,239.41309,814.4075,46.10425,7.7786574,38.298603,374.77927,0.2324063,0.12277295,0.22615829,0.4260113,0.24251825,0.02571893,0.25295696,0.9604287,17.543184,12.912656,16.71262,25.429539,50.166233,28.801912,52.063145,65.21894
2175,6086.0,123.55598,3.0780344,136.76935,557.6252,17.015303,1.6759356,16.869576,120.0055,657.4148,232.3414,556.0064,1536.1678,32.575893,4.1449265,36.047928,247.63707,0.14256163,0.078250684,0.13436314,0.19991066,0.35998482,0.052433852,0.34115934,3.04897,19.839445,13.323953,19.22746,29.765194,55.060513,28.645666,55.275486,66.2737
2176,6091.0,38.337322,2.596408,45.422367,152.37248,4.0226855,0.4215813,4.0120497,26.11297,95.672935,31.55429,101.889114,376.95242,26.676912,4.1603837,30.24885,346.57236,0.29088265,0.13464223,0.28342488,0.4633461,0.07020399,0.022205193,0.112248585,0.5785188,16.53268,11.093201,16.043985,22.90037,39.34971,27.240566,40.559006,50.1381
2177,6092.0,57.728325,4.7829266,66.83619,213.20377,6.6392655,1.1590954,6.602129,45.79779,310.0291,155.80919,318.80368,591.5525,60.158257,9.707998,72.3811,481.93774,0.21156706,0.1246756,0.19770768,0.37806776,0.32848778,0.07131486,0.32964456,1.6692144,17.31556,12.916528,16.358944,24.702808,46.11113,38.486107,47.21689,56.186157
2178,6094.0,105.162285,18.756083,118.75968,331.116,14.4273205,2.4890058,14.179005,61.70468,12890.326,3596.2258,13396.291,29019.725,1178.4398,169.13582,936.6833,5267.656,1.1459768,0.43548858,1.0576485,2.17314,0.2883354,0.028768616,0.24538581,1.4884608,19.21195,13.770465,18.819717,26.490936,59.071487,35.5505,58.063526,73.02109
2179,6096.0,31.276953,2.227064,35.992683,206.82448,3.0923374,0.3754056,2.8720512,37.054092,225.49013,71.98119,206.94759,670.7386,79.31437,6.327803,99.08917,450.25076,0.28696266,0.14106338,0.2858248,0.49930587,0.21050385,0.028061623,0.2291809,0.9883883,15.774647,10.976239,14.84395,25.476648,42.717213,26.752268,44.157,51.869312
2180,6098.0,84.17059,2.3708498,104.39332,372.40854,12.526349,0.95053416,12.642967,69.87787,4115.8213,494.21094,2931.9045,10606.541,298.81036,36.140358,321.86746,1523.0145,0.4948598,0.2102824,0.5241747,0.9266131,0.24190222,0.032974634,0.5653215,2.4542384,19.67977,11.918494,18.527414,30.106768,51.42068,32.207115,51.331097,63.25538
2181,6099.0,28.159475,4.745797,50.30338,150.20306,2.9537113,0.51837623,4.269597,42.328598,1267.486,363.74356,1341.1229,3174.185,369.49612,41.657948,434.97156,2938.938,0.85767925,0.39644995,0.7824844,1.6277618,0.12774198,0.01722424,0.14912984,0.8245188,15.655245,11.516451,15.44704,25.057922,54.190384,29.72454,55.519844,71.168335
2182,6102.0,49.746666,4.3231387,58.573868,262.17047,5.444884,0.41814557,5.9505157,52.53483,707.0308,176.28954,642.2648,1423.3647,128.97137,10.869891,133.19557,690.82477,0.2892627,0.13064069,0.27517653,0.4660256,0.34130394,0.056062665,0.35546893,2.3705344,17.045221,11.958408,16.313923,25.333616,46.757954,31.271297,48.27107,55.705296
2183,6103.0,52.178234,4.754349,50.86395,157.85237,4.9621563,0.41422918,4.5780053,37.34248,276.32315,83.51665,301.366,612.8504,62.898804,7.389852,87.15146,497.87997,0.29070333,0.13181293,0.29570138,0.51607984,0.21861453,0.0379968,0.21843393,1.0270241,16.929085,11.43458,16.024494,26.116396,40.79582,24.960392,42.95589,49.038982
2184,6104.0,65.28081,4.6605606,68.4633,315.907,8.247479,1.3609627,6.979358,59.28303,801.9261,289.71457,867.7093,3381.8262,131.20242,23.318956,123.59457,854.46,0.23968291,0.1294754,0.22172719,0.53990054,0.53498524,0.10970124,0.47502497,2.8593636,18.557827,13.716936,17.93667,28.599895,48.54546,30.33154,49.38015,68.66074
2185,6107.0,92.16004,9.451848,106.917046,701.8636,12.323516,1.1627011,10.836904,137.55975,9468.371,1841.971,9851.756,54131.152,847.5041,77.937065,1017.54156,5368.826,1.0081017,0.44666395,1.0428703,1.89964,0.15685548,0.036276735,0.20852113,1.3896399,18.959778,12.741465,17.548525,29.299892,55.67778,26.982168,54.141594,77.72129
2186,6109.0,58.12866,5.87096,84.899055,405.22604,6.9325676,0.41772273,8.074409,67.49022,7270.758,886.9041,6858.8413,32971.426,1214.2634,80.80523,1273.132,7082.094,1.0821065,0.41730002,1.1059208,1.989483,0.28791398,0.014455538,0.37214583,3.1601682,18.281555,11.577186,17.465643,28.612734,49.105736,19.36294,49.46286,75.601654
2187,6110.0,63.264397,11.96935,83.32543,480.01242,6.9865675,0.71816343,7.40075,73.69194,1748.9337,753.9418,2466.6907,7879.383,330.90118,31.088829,376.95056,2774.5242,0.83812,0.37928215,0.8224844,1.6056075,0.15006687,0.009890016,0.2252103,1.6160249,17.944605,12.112456,16.385042,26.869976,57.580467,20.775272,53.710964,79.89223
2188,6111.0,138.74725,8.349719,139.85452,898.7092,21.257687,1.3819194,19.908302,245.60522,29992.81,4086.581,24794.96,141518.62,1635.1354,167.54901,1669.9792,8567.423,0.69989175,0.36571345,0.70595396,1.37692,0.8073526,0.13293204,0.8405966,4.099595,20.491455,13.637295,19.933714,30.319578,56.88713,25.148834,54.574444,86.466
2189,6113.0,26.754864,2.5632463,28.843689,104.93657,1.978183,0.27809167,2.026694,21.28619,89.3,21.870136,81.26587,255.1131,44.606495,4.5128746,50.108414,338.2784,0.26093432,0.12301635,0.27189437,0.4716142,0.13208242,0.021839755,0.17954795,0.80816627,14.789951,10.874188,14.520186,23.197304,38.42514,19.695251,38.911484,47.95927
2190,6115.0,149.06311,13.140866,160.16574,779.2674,22.664227,3.030117,22.032116,181.73497,80984.3,15496.579,82078.44,291133.8,4107.61,372.1309,3469.1262,26378.55,1.1331065,0.48494303,1.1674594,2.0131881,0.8047527,0.14385316,0.7706725,4.1221757,21.12427,14.438828,20.719376,31.180553,59.651333,29.100185,55.311436,85.42838
2191,6117.0,152.03879,12.639946,162.75137,552.41077,19.569447,1.2694007,22.34385,114.704,35520.87,4951.55,24083.887,109711.02,1400.6149,170.55203,1427.3239,7517.0825,1.1827443,0.52234936,1.1915855,2.0453668,0.3377089,0.05244517,0.32821465,2.7975836,20.240307,12.9081745,19.83293,28.476816,54.95846,24.426147,52.945175,70.11413
2192,6118.0,162.86789,7.8382473,169.45177,1300.5073,23.980616,1.5217459,23.38538,293.8959,45046.23,5972.771,38179.523,236269.95,1900.3778,125.410164,2079.56,22286.234,1.0773572,0.35195205,1.1994277,1.9719939,0.5012443,0.08502389,0.46330804,3.2467017,20.793043,13.550204,19.991299,30.773941,59.72035,26.967484,56.50861,86.7998
2193,6120.0,92.84371,5.0736566,88.935524,420.4165,12.555715,0.72036016,12.489422,68.242775,904.533,151.10715,1147.3873,3976.7812,111.120605,12.890861,125.99078,537.7227,0.24755928,0.122186616,0.2634782,0.45728844,0.37505633,0.05031616,0.44962284,3.4751487,19.604446,12.295749,19.057924,27.861155,48.83128,19.617947,50.32816,70.82869
2194,6122.0,128.5128,14.602439,131.517,564.05414,15.726392,1.345452,14.762668,135.946,10132.439,3165.7505,10537.849,42852.645,722.17316,64.95264,742.9527,5080.5874,1.0264709,0.47311026,1.00659,1.8847376,0.14648423,0.037590124,0.18075387,1.2440306,19.082396,12.962141,18.412483,29.906733,57.86396,27.08933,57.485706,77.37883
2195,6123.0,72.49516,13.565226,98.77513,351.63345,8.86132,0.78854626,10.802137,68.37287,7247.698,2107.6882,7459.452,15840.364,759.9862,81.9225,640.92084,3862.524,0.998512,0.4199674,0.9089102,1.8141266,0.21584968,0.015939627,0.20155132,1.3760002,18.074434,12.515131,17.704103,26.321669,59.85077,29.42696,58.84674,80.31533
2196,6125.0,39.783695,7.853004,56.625122,429.094,3.9522464,0.5571367,4.832313,118.27949,3901.6155,536.60266,3591.866,15184.795,809.8386,56.289604,739.1615,4238.3555,1.0872272,0.39277452,1.0504198,2.0970216,0.17358506,0.011046724,0.20413703,1.2856679,16.682169,11.272365,16.180672,27.40488,60.120403,25.045622,56.061848,80.32198
2197,6127.0,80.04171,11.453055,87.7452,610.18585,8.400692,0.8306506,8.658941,103.90539,4469.0625,717.48926,4388.5703,20300.906,505.8707,40.045414,512.3891,2657.0952,0.81682307,0.3877411,0.8564368,1.6478168,0.17244898,0.0104978,0.28445008,1.7132074,18.726091,12.221296,16.9222,29.235477,57.585407,25.373604,55.129356,82.39841
2198,6129.0,119.79568,11.964555,100.54134,797.74146,16.229988,1.1220019,15.134297,169.34805,42308.18,3766.157,33918.633,147725.83,2208.7688,200.68698,2430.6492,7785.6406,0.7593141,0.4103227,0.7236502,1.5737519,1.1891447,0.09932631,1.3387603,6.726935,21.035116,12.954708,20.420963,29.445726,49.33773,22.90713,50.119083,77.507034
2199,6131.0,101.95138,16.780426,108.67011,385.26956,11.910774,1.1102895,11.843798,72.293594,23283.428,2416.7913,20412.709,47238.484,1719.9299,112.69523,1655.3724,7217.2188,1.1284848,0.42417306,1.0505261,2.2702389,0.4157002,0.027020188,0.4650328,2.3995297,19.754574,12.154878,18.664904,28.650448,51.915337,31.978483,51.05822,65.26378
2200,6132.0,122.848656,9.567871,129.85005,805.9186,12.474391,0.52507246,13.817963,202.62462,9277.11,786.3225,12838.26,57727.15,1147.8849,90.78325,1197.9661,5865.0894,1.1131322,0.3227885,1.176851,1.8420849,0.1803101,0.015119607,0.2888846,2.0165,19.747223,11.883034,18.164444,31.55747,57.316833,26.720642,57.179462,84.28064
2201,6134.0,161.35297,28.994162,179.9124,528.9352,24.94044,3.0158546,25.643291,120.03056,27251.32,9131.602,24555.057,82018.03,1141.5013,196.91527,1016.6403,5092.0254,1.1799474,0.54904616,1.2058536,1.9339947,0.28428748,0.07454434,0.2442439,1.5044938,20.391844,13.711575,20.389313,30.195587,55.31891,33.443443,55.238533,72.71227
2202,6136.0,95.378,15.32668,91.75921,542.76794,10.6764,1.1279033,9.92895,84.89104,2794.6897,1109.3865,4476.7617,19927.361,379.9295,65.15924,465.05832,3394.3013,0.7679861,0.40557325,0.721168,1.584343,0.15566592,0.025821831,0.24449635,1.4121594,18.870417,12.573572,17.235994,28.714664,53.21308,23.028366,53.650024,73.73981
2203,6138.0,97.75489,25.573505,99.63879,307.70465,9.3032875,1.4146563,10.205755,59.59102,5690.3403,2560.729,5675.9834,12210.194,622.8586,96.50816,582.7939,3300.715,0.9429384,0.4514321,0.8869785,1.4352154,0.18994246,0.018309552,0.18889444,1.635416,18.075058,12.985431,17.603176,24.901686,59.08993,34.91086,58.188015,69.68552
2204,6139.0,101.83059,8.226223,104.285355,402.9566,14.662737,1.7142344,13.322428,80.38307,1799.8044,801.7965,2013.9503,9405.113,145.99815,22.55195,143.69669,654.17194,0.3505651,0.19559531,0.36904606,0.63787717,0.31292084,0.063467115,0.2903729,1.5163689,19.61589,13.022044,19.217016,30.125765,53.076527,26.592163,53.642296,69.82466
2205,6141.0,72.61746,9.021514,92.897964,611.498,11.439087,1.0575954,9.442722,167.66817,4458.956,778.01025,4300.2827,11720.211,327.57016,18.100801,409.46564,2604.4727,0.51577014,0.20775548,0.52206445,1.0758188,0.25573224,0.01628635,0.36897677,2.4803941,18.845755,12.398676,17.40879,30.171278,61.322933,31.052382,59.76185,84.5766
2206,6142.0,142.57837,28.137701,114.1829,407.1952,15.336006,1.7532556,12.007736,78.90045,5279.1523,2085.0361,6324.6055,23773.557,446.45276,73.6409,372.27075,2775.006,0.6716117,0.42005628,0.6328521,1.4154847,0.269961,0.04710023,0.26492655,1.55695,19.314585,13.221712,18.209238,28.789978,54.501907,31.57711,53.455776,73.73448
2207,6144.0,82.22745,15.236311,85.38079,428.74774,10.3249035,0.82774717,9.923788,93.887436,3627.9792,1210.4122,3751.6033,11932.09,386.14172,46.044765,389.7478,3735.0068,0.7853249,0.32446152,0.76652473,1.6725012,0.21773517,0.011901795,0.28101534,1.828617,18.693642,11.977667,17.398458,28.226784,59.94222,29.561255,56.29671,81.99703
2208,6145.0,137.67027,18.186848,140.10143,404.20264,19.26311,2.812626,20.649775,80.58552,15161.468,6688.2363,17832.88,64862.24,1080.9094,206.13028,910.62463,5678.155,1.0760868,0.45875898,1.0616206,1.9105172,0.2611555,0.06235097,0.24539891,1.3395578,19.957167,13.753905,19.702705,29.82253,57.407097,29.352509,56.196224,70.07662
2209,6149.0,126.2801,42.641,126.30291,368.06387,19.924341,6.8243775,19.97491,68.13963,9685.07,7037.4233,10325.133,16498.398,562.49097,166.28192,560.4674,2014.5035,0.5559337,0.38087344,0.54004157,0.9978647,0.43937182,0.101390235,0.43063983,1.6598561,20.371391,15.413273,20.501226,26.512434,53.58263,45.25444,52.594345,61.269897
2210,6150.0,84.258934,11.5613575,89.38009,420.9144,5.8775287,0.4792999,8.421047,77.41309,2556.977,342.2519,3848.816,21196.184,614.0433,77.24896,584.3502,2862.7253,0.929893,0.32861412,0.9036388,1.3944498,0.18605453,0.01420166,0.21330671,1.3359334,17.499817,11.81486,16.746258,25.365864,57.82543,30.375015,55.924385,83.29751
2211,6151.0,80.696075,18.51713,81.16917,271.25394,8.842933,0.947009,8.792782,50.38704,5127.828,1125.2335,4741.8286,16704.2,620.15814,73.755005,721.99445,2956.6091,0.74855995,0.40744328,0.70422274,1.5537498,0.41243485,0.026294114,0.42207694,1.7393898,18.651281,12.083468,17.943968,27.357885,48.20874,31.623335,47.599728,60.597946
2212,6154.0,96.58431,8.290278,109.02076,451.17487,16.883871,3.2639265,15.485331,93.15937,1407.7169,533.7117,1554.2571,4289.4814,115.24237,20.789572,124.11777,506.44128,0.2629359,0.13721034,0.2536259,0.5085674,0.3429281,0.076877765,0.33596557,1.7903047,19.780489,14.209017,19.675522,29.35186,53.66972,25.80461,53.79674,70.561516
2213,6155.0,60.3043,13.456369,82.22556,394.22208,7.53633,0.8759001,7.702452,64.43884,2287.2197,669.6294,3930.9602,11073.3,480.37143,56.96639,407.11887,2579.59,0.7840019,0.40477267,0.7433443,1.5664637,0.23034528,0.013582325,0.27047053,1.4059616,18.095358,12.160864,16.713879,26.757435,57.821594,27.543913,55.830704,81.097565
2214,6156.0,64.3963,1.9699099,89.411125,418.39603,10.98086,1.2829647,10.064077,71.69352,4153.743,669.3609,4300.816,10606.642,380.79285,34.939365,445.38177,1230.8589,0.47363797,0.21263066,0.45529693,0.77608144,0.4085308,0.026146596,0.621694,3.1572335,19.105343,12.965443,18.295498,29.789198,49.987297,27.125237,52.832714,71.00599
2215,6158.0,171.09723,10.006586,175.01718,1169.264,25.394798,1.8367379,22.032532,267.87625,75235.99,12316.621,66538.21,331828.25,3440.19,285.1532,2680.8008,21905.928,1.0502118,0.43006736,1.2085452,1.9591866,0.6683856,0.12754554,0.58935654,3.7802804,20.81066,13.723802,20.342567,30.489786,60.059967,27.6091,56.368153,86.87338
2216,6160.0,76.75237,7.8617206,87.36241,495.83585,9.715339,0.86433077,9.17374,84.054565,11170.02,2652.8403,14806.157,53362.06,1370.0172,127.85549,1303.5739,10673.674,1.061813,0.4178617,1.12217,1.9271535,0.29443642,0.05764734,0.22710449,2.1628551,18.391582,12.693265,17.636383,28.487967,53.64106,30.024464,53.39171,73.90991
2217,6161.0,102.01634,5.185207,134.27321,744.626,17.938269,1.4393686,17.922491,182.26662,5610.3003,1398.4886,4680.577,24369.242,311.41904,46.448174,313.83417,2069.7424,0.36165044,0.18247873,0.38148722,0.6378392,0.743687,0.13546304,0.62403315,3.6354227,20.650963,13.233312,19.905323,30.375729,54.331474,22.348963,55.255436,83.52195
2218,6162.0,111.80068,5.4091253,119.47963,786.3382,19.768953,1.7747451,18.691635,232.13321,3568.9512,1160.7767,4077.1802,21043.914,254.50232,40.464542,266.13254,1437.4502,0.31049564,0.17356014,0.33807814,0.5339207,0.6870053,0.15282325,0.57989216,4.040537,20.797302,13.801369,19.946571,29.48648,55.92125,26.131329,55.018166,83.9556
2219,6163.0,112.09739,8.259369,124.44686,454.58643,15.791869,2.2581568,16.140572,107.07465,5081.5757,1829.7686,4922.274,12200.278,278.42136,39.682144,326.1699,1166.6727,0.333074,0.18783933,0.33082965,0.6172356,0.630979,0.18567987,0.6003491,3.3728888,19.831116,13.618043,19.474226,30.243046,55.50191,37.02094,56.363594,71.69491
2220,6164.0,106.391,8.017284,116.53116,349.8503,18.238098,3.5836089,17.26237,67.998116,3965.9795,1640.4622,3841.7017,10155.173,187.2794,51.81881,186.68266,916.73456,0.32878375,0.19247256,0.305949,0.5943792,0.47308272,0.15429276,0.4453748,2.1616976,20.042345,14.442558,19.668755,28.030575,54.15998,38.45665,53.572758,71.044655
2221,6165.0,228.87633,20.169348,230.75394,914.92615,38.58691,2.1428604,39.544662,221.35703,73856.55,11648.038,65256.727,154631.34,1805.5896,244.31116,1544.8813,10866.728,0.5615858,0.30672804,0.6283897,1.0693793,1.1381607,0.19094366,1.0932277,5.328272,22.69231,13.909762,22.275,30.514284,61.04262,26.60993,58.475353,87.57224
2222,6166.0,103.203964,6.3600826,112.4799,386.0252,17.016516,3.1023536,15.1249075,77.60491,1754.9854,824.58044,1748.6644,4118.7856,113.81434,21.363482,120.04275,551.3345,0.25335866,0.13537778,0.24689208,0.44808117,0.4390541,0.10831898,0.4444569,2.0452354,19.841131,13.99654,19.485838,29.075638,51.904793,37.531693,53.082214,66.8913
2223,6167.0,144.41328,37.11372,153.64864,526.37134,20.55223,3.800611,22.42924,104.495224,16406.36,6866.388,17911.217,23608.49,735.7813,175.07527,666.7691,2996.3633,0.6435532,0.38150078,0.6541009,1.2092996,0.4620652,0.107770815,0.40685543,2.225035,20.897774,14.8672495,20.407366,28.372059,53.425602,37.602768,53.2859,61.569424
2224,6169.0,54.168526,2.6025715,69.98023,470.33682,9.724143,0.768222,8.704703,92.477165,2837.7468,516.32904,2706.79,12306.712,208.99294,15.924826,271.59952,1615.3248,0.40840963,0.17757446,0.40172923,0.8148987,0.3559294,0.0503107,0.37284246,3.3096514,19.019712,12.765123,17.524294,31.13454,53.0155,31.925953,52.771667,74.25749
2225,6170.0,110.622856,8.516723,112.26101,784.9173,14.495895,1.070691,12.797254,172.96208,26716.383,5209.529,28636.318,196927.11,3219.728,216.73543,2605.0303,27917.182,1.1301734,0.44733816,1.0873967,2.1717196,0.58540905,0.08508641,0.5695646,2.816992,20.044624,12.825778,19.211872,30.587006,57.30844,27.577862,52.52383,83.1565
2226,6171.0,151.96165,11.444764,141.17056,1040.1241,21.927113,0.8372693,21.140781,207.125,147944.5,2163.343,62672.445,483128.72,3520.0322,205.65286,2704.0796,18740.385,1.2764803,0.4936094,1.2610693,2.0870597,0.6778178,0.05088388,0.5976908,4.8154206,21.133715,12.334019,20.134443,29.544182,52.358765,25.12219,49.70513,74.364044
2227,6172.0,61.088802,2.439842,82.648766,380.409,11.586617,1.2470627,10.166708,80.6818,5162.1943,1357.7251,6073.3296,18205.13,474.73917,70.98985,536.8719,2771.306,0.64535856,0.33166432,0.62467986,1.042698,0.2977738,0.044678707,0.40896767,1.5757065,19.167194,12.848039,18.648191,30.333189,53.50467,26.710472,53.391796,70.81658
2228,6173.0,192.42197,8.229641,173.82991,484.16098,22.977602,2.6382258,23.798931,90.76978,50094.316,23189.227,39901.48,103075.766,2624.4568,343.34314,1900.3833,15674.882,0.9876137,0.36846676,1.0131502,1.5174745,0.8978438,0.19461451,0.58868724,3.7484262,21.058947,13.842432,20.795631,28.976719,56.54128,38.254986,55.821495,72.43653
2229,6174.0,261.7015,5.016681,171.42928,1264.8416,43.21013,0.9061941,35.340088,258.81482,50678.87,545.0297,24226.293,106226.61,401.16882,31.789938,481.6809,2160.1567,0.3614592,0.19293961,0.39680797,0.6679755,0.950982,0.09119749,1.006978,5.6203475,22.796206,12.608314,21.95374,31.899837,56.120335,26.979643,55.742382,77.41653
2230,6175.0,164.62178,5.1581945,182.16469,800.0661,25.906736,1.4010582,26.915483,214.7596,10268.571,1406.157,8114.2964,40444.773,428.91788,56.528652,405.6421,1707.3114,0.34950724,0.17587535,0.38256723,0.6001826,0.871949,0.16149545,0.8637499,4.4511695,20.891823,13.606759,20.262066,30.012566,56.29752,24.723467,55.83852,86.363495
