YB,mean_pred,0.025_pred,median_pred,0.975_pred
1.0,0.36501038,0.1553852,0.40068093,0.6643752
2.0,0.31685224,0.14915586,0.34457713,0.62421536
3.0,0.44518605,0.23483588,0.4430459,0.76382256
4.0,0.27467036,0.11129213,0.2830769,0.48979235
5.0,0.29025212,0.13015999,0.30215043,0.5060546
9.0,0.28280216,0.14210987,0.31024402,0.48121923
10.0,1.1398263,0.4755782,1.2156519,2.1236362
11.0,0.7481509,0.32282826,0.7314339,1.6335827
12.0,0.57697684,0.31491566,0.59120166,0.9473233
13.0,0.63903916,0.31239313,0.62842447,1.0225517
14.0,0.29015824,0.12887655,0.31300136,0.47786894
15.0,0.6168118,0.2769789,0.64989555,0.8509951
16.0,0.635939,0.34704027,0.592208,1.326921
17.0,0.6428291,0.30745152,0.6457194,1.0561764
20.0,0.32634106,0.18017355,0.3243435,0.5682926
21.0,0.6697566,0.3528396,0.68843484,1.1309401
22.0,0.24134827,0.121537894,0.27050453,0.45641762
23.0,0.2605299,0.12999408,0.26737344,0.4696795
25.0,0.25963247,0.12891963,0.26744646,0.4706827
26.0,0.29425848,0.13479674,0.31243625,0.45265663
27.0,0.29015824,0.12887655,0.31300136,0.47642496
28.0,0.4471626,0.18116245,0.45118916,0.9595556
30.0,0.78830975,0.40880287,0.8074979,1.1930177
31.0,0.6755125,0.3762569,0.6398798,1.3980079
32.0,0.9000248,0.36020708,0.81758314,1.7757188
33.0,0.92409873,0.43751732,0.90118986,1.7629974
34.0,0.7152514,0.3865077,0.6814418,1.3222862
35.0,0.9237257,0.39878643,0.8986585,1.769346
36.0,0.6612836,0.29825842,0.62068284,1.173113
37.0,0.9146181,0.3966999,0.8735324,1.8792151
39.0,0.9775853,0.5155279,0.8579414,1.3619531
45.0,0.34024447,0.17469418,0.36166546,0.64838487
51.0,0.44526407,0.2460894,0.47943842,0.8385578
52.0,0.34039947,0.19383581,0.33519885,0.5459089
59.0,0.3007925,0.13400748,0.32773823,0.4689503
62.0,0.29876855,0.08472903,0.30381665,0.503904
66.0,0.3099077,0.18391791,0.3086171,0.48262146
72.0,1.0030932,0.450944,1.0457287,1.6624408
76.0,0.14759059,0.08092141,0.14703436,0.25858513
77.0,0.18441291,0.10866891,0.1775878,0.26008424
79.0,0.28581145,0.15361105,0.3008663,0.54402375
81.0,0.43623754,0.21046296,0.45244974,0.81197333
89.0,0.25004768,0.15073635,0.24655119,0.5006574
90.0,0.24325356,0.114588864,0.2651435,0.50233
92.0,0.25835553,0.14869869,0.24956997,0.4868258
94.0,0.22515322,0.11855076,0.24987808,0.48591283
98.0,0.3326525,0.16072848,0.33806354,0.5554752
105.0,0.40971228,0.15715326,0.415217,0.6324122
108.0,0.38733694,0.16205524,0.37776724,0.60789365
109.0,0.2932905,0.09780571,0.3130574,0.6417693
110.0,0.3140921,0.18113765,0.3320954,0.53080034
111.0,0.28965187,0.077884816,0.322141,0.63396376
116.0,0.13913761,0.06543635,0.17551295,0.49479708
118.0,0.3123771,0.14429148,0.33178452,0.6014497
124.0,0.2875507,0.09916401,0.30564216,0.528291
129.0,0.27410904,0.124697395,0.2741801,0.5679131
140.0,0.3384239,0.20345311,0.340674,0.5443294
142.0,0.31947067,0.16354598,0.31845146,0.54192364
146.0,0.32648063,0.16045214,0.32907245,0.52669793
148.0,0.260651,0.1393484,0.25846776,0.47739393
160.0,0.38586944,0.2189358,0.37079108,0.72624964
172.0,1.390603,0.4826425,1.4822657,2.0224774
176.0,0.17511953,0.09671598,0.17476442,0.25533897
178.0,0.6197016,0.31375405,0.62723696,1.0904996
183.0,0.45409715,0.23182705,0.44376636,0.63531303
184.0,0.36489645,0.18750836,0.36209655,0.5968817
193.0,0.9433622,0.21987472,0.92662024,1.5457329
194.0,0.23146167,0.14204867,0.22502111,0.6021387
216.0,0.34513724,0.15087919,0.36974114,0.5924354
218.0,0.3724448,0.14885281,0.4032099,0.6626545
219.0,0.22344331,0.11686419,0.23102203,0.47694013
221.0,0.36279982,0.1871673,0.36814943,0.6271168
222.0,0.36517498,0.18943605,0.3795708,0.6322695
228.0,0.3544465,0.17172681,0.35350057,0.68295276
229.0,0.28255358,0.13053517,0.2968277,0.5080256
231.0,0.4580691,0.25526974,0.46511826,0.82735926
233.0,0.2709732,0.13928755,0.28702766,0.5227926
234.0,0.18600462,0.0980762,0.20589049,0.46857718
238.0,0.31420946,0.08426994,0.33604375,0.6361679
239.0,0.38949347,0.20237571,0.40214017,0.6123336
240.0,0.14999063,0.067257494,0.14188625,0.2190057
243.0,1.0350425,0.4431316,1.0614172,1.7765933
245.0,0.4336517,0.22441459,0.40972677,0.90052015
246.0,0.3943253,0.1858152,0.40639964,0.6170414
251.0,0.22579667,0.10705052,0.2251748,0.50436574
256.0,0.28292727,0.14351365,0.28782764,0.49440107
261.0,1.013862,0.4720822,1.0530608,1.9307353
265.0,0.13251683,0.07634019,0.13114378,0.2707304
266.0,0.3262156,0.0934862,0.35594335,0.5557023
267.0,0.73162484,0.22838888,0.71629286,1.5304365
269.0,0.2213139,0.15077771,0.21504587,0.5657838
273.0,1.0009028,0.43974075,0.9856082,2.020781
274.0,1.1389773,0.4702035,1.1559786,2.0782897
279.0,0.2527955,0.13531184,0.26325417,0.44387594
282.0,0.5203248,0.30723035,0.3946691,1.4715123
283.0,0.511728,0.308723,0.44554484,1.1267271
285.0,0.43963194,0.24250183,0.44749898,0.8686751
287.0,0.3521123,0.17821614,0.3389041,0.9591302
288.0,0.31171444,0.19832107,0.28990874,0.6866001
289.0,0.34882548,0.17778057,0.3375474,0.96029246
290.0,0.34695265,0.15300028,0.35641307,0.92038673
292.0,0.39329922,0.21400833,0.3836974,0.8939979
293.0,0.312421,0.14404394,0.31971058,0.5334831
294.0,0.26823187,0.13897677,0.33820045,0.606182
295.0,0.2837524,0.15633795,0.2817383,0.563908
297.0,0.22894704,0.14922254,0.21401496,0.5606496
309.0,0.37401885,0.14950575,0.4120574,0.66562927
323.0,0.73096657,0.36817744,0.7138496,1.3422438
325.0,0.12638074,0.071861,0.12950343,0.26613832
329.0,0.25500086,0.12005979,0.27279198,0.4366557
332.0,0.2963403,0.13378814,0.31951022,0.46693507
333.0,0.20069608,0.11490076,0.21032046,0.4378869
344.0,0.99887526,0.47159818,1.0819374,1.7277536
347.0,0.9280078,0.40316895,1.0465515,1.5741432
348.0,1.0343658,0.42729965,1.0045387,1.7540418
349.0,0.24280928,0.098155275,0.32087174,0.61124223
352.0,0.6979936,0.33072966,0.61676276,1.712004
354.0,0.86870337,0.39262465,0.9648143,1.5840862
358.0,0.28496698,0.14208688,0.30847123,0.51139134
359.0,0.36975658,0.19538572,0.39266387,0.65277004
362.0,0.12805313,0.06371797,0.122245796,0.22256352
364.0,0.26323074,0.13804293,0.28125417,0.5036965
368.0,0.13679521,0.06275712,0.14129664,0.22335783
371.0,1.260455,0.51812124,1.3645794,1.8544517
379.0,0.27898502,0.1400863,0.29151088,0.5393054
380.0,0.26761928,0.14148073,0.27348554,0.51540476
381.0,0.2949334,0.16318616,0.29856107,0.47281736
382.0,0.29137656,0.14438602,0.31331697,0.4924898
384.0,0.26868924,0.14461052,0.27092347,0.48759782
385.0,0.118617386,0.064966254,0.11369107,0.21907154
387.0,0.29462773,0.13776569,0.3002222,0.5208476
388.0,0.28239548,0.1252142,0.3177526,0.51143223
389.0,0.10208293,0.06122723,0.09875793,0.21981044
395.0,0.3667198,0.19367675,0.38152492,0.630475
398.0,0.24509284,0.14929828,0.2434269,0.48751205
400.0,0.381906,0.20349017,0.3996805,0.66797066
403.0,0.3635831,0.19092411,0.369,0.65397614
409.0,0.19604133,0.09594359,0.1939283,0.30384028
415.0,0.28377515,0.12418708,0.2998502,0.506229
421.0,0.290958,0.120470636,0.30406398,0.5871943
422.0,0.1930983,0.08783966,0.21071362,0.347184
427.0,0.3409163,0.1674815,0.37732387,0.53268105
428.0,0.3933965,0.11207556,0.3852225,0.6199207
429.0,0.29562622,0.14083482,0.32090366,0.51235527
432.0,0.27907467,0.09588701,0.29810372,0.63347536
433.0,0.37323996,0.18984579,0.3990258,0.6768288
434.0,0.36901745,0.17748818,0.38642448,0.6832467
435.0,0.33971864,0.1708868,0.35685727,0.6701048
437.0,0.24963243,0.117333755,0.2699805,0.51739514
439.0,0.19189711,0.07538222,0.25824314,0.46098223
444.0,0.11963962,0.06979201,0.1144214,0.3402586
449.0,0.35070074,0.12844758,0.3477409,0.6842377
450.0,0.17991918,0.092462435,0.18339093,0.33852172
453.0,0.76364785,0.3550095,0.75264674,1.3214264
454.0,0.15714268,0.087807,0.14635657,0.31729296
459.0,0.40314192,0.22237283,0.39989802,0.70040053
460.0,0.17888783,0.09190436,0.17043361,0.3385415
461.0,0.19779332,0.08976844,0.19425662,0.31796724
462.0,0.33737683,0.19910681,0.3438932,0.5839491
470.0,0.11236948,0.056059923,0.11639867,0.30523145
471.0,0.3779803,0.19344287,0.40204167,0.6562896
472.0,0.34327438,0.20090874,0.3534019,0.6263354
473.0,1.4950204,0.4745806,1.509126,2.03729
483.0,0.29691508,0.115484335,0.3651109,0.73342025
484.0,0.16857944,0.096670225,0.17852198,0.3117412
488.0,0.39244494,0.21147709,0.40984684,0.66840035
490.0,0.20198867,0.103943065,0.20783558,0.29170653
492.0,0.5139376,0.27779198,0.52530813,0.9458845
495.0,0.5952173,0.1542072,0.5866474,1.022476
500.0,0.1723983,0.11774802,0.15971388,0.31231543
501.0,0.5499328,0.1491549,0.54429543,0.9862104
502.0,0.3314054,0.16667145,0.3542331,0.6408658
506.0,0.44718653,0.2658139,0.43402427,0.61169267
509.0,0.6735799,0.35622326,0.6816043,1.1479422
510.0,0.86516774,0.32609758,0.78471315,1.3067987
512.0,1.0956118,0.40376934,0.97173,1.7946103
514.0,0.23687907,0.11590417,0.23800266,0.42347926
517.0,0.27482,0.18471424,0.2788141,0.50577015
524.0,0.20180535,0.105314314,0.21107127,0.44012058
525.0,0.7136986,0.2313094,0.7676165,1.3192525
530.0,0.01754355,0.006085582,0.020471673,0.23052694
532.0,0.30469295,0.15613209,0.29436642,0.60628563
536.0,0.41488263,0.22191598,0.41389304,0.8110194
537.0,0.2877736,0.18378039,0.28291085,0.59435
539.0,0.31665695,0.16653039,0.32095477,0.5897548
550.0,0.21999711,0.15358372,0.23373674,0.44495094
565.0,0.5101032,0.22171707,0.48246297,0.8079399
571.0,0.26271638,0.13149418,0.27123567,0.53597546
572.0,0.81710863,0.37484908,0.811311,1.601762
573.0,0.024635589,0.012603271,0.027335845,0.23513336
575.0,0.73018205,0.20637624,0.668621,1.1916735
576.0,0.1811755,0.086445965,0.17735383,0.31714737
578.0,0.819082,0.46563312,0.8128614,1.373322
585.0,0.5807834,0.3210464,0.5913331,0.9182666
589.0,0.6481843,0.33457366,0.646812,1.0061307
590.0,0.5874062,0.31810197,0.57951075,0.98962855
593.0,0.42677695,0.23933257,0.41546544,0.7430737
596.0,0.5555421,0.3040672,0.57312876,0.90108305
602.0,0.5060945,0.270916,0.4954956,0.9051436
603.0,0.3234169,0.14572397,0.36107752,0.53167987
604.0,0.63946897,0.32025123,0.65727735,0.9985386
609.0,0.43188116,0.12324404,0.42934948,0.83136433
610.0,0.1271108,0.09246111,0.12947956,0.20466886
615.0,0.9482448,0.40622357,0.91591954,1.8000022
617.0,0.5111448,0.28715476,0.5375479,0.82880604
619.0,0.2151638,0.11527051,0.20635487,0.50708354
620.0,0.955836,0.35266408,0.98145735,1.881394
621.0,0.59022826,0.28048474,0.6105154,0.98129034
624.0,0.4234881,0.16092353,0.4209751,0.8061034
625.0,0.49332955,0.24726522,0.47374475,0.9847563
627.0,0.3768954,0.18806818,0.37026677,0.73166484
629.0,0.4981549,0.25272048,0.49356422,0.90114504
630.0,0.6169014,0.29449975,0.6253601,1.1938102
632.0,0.40357718,0.19215822,0.39334896,0.7579361
636.0,0.43826962,0.27409697,0.45709997,0.7832927
638.0,0.47677565,0.24807708,0.46761575,0.85376775
639.0,0.4263936,0.22855124,0.43113458,0.8089648
642.0,0.44430104,0.21275796,0.45071092,0.7980037
644.0,0.36957487,0.19496486,0.36602482,0.8216491
645.0,0.45388177,0.22731963,0.42688072,0.771018
650.0,0.8744287,0.29296583,0.9387566,1.5217916
654.0,0.3658609,0.21481046,0.3537494,0.6709884
655.0,0.76367724,0.39680186,0.7604541,1.570464
660.0,1.0729696,0.44189373,0.9786361,1.9066036
662.0,0.35028628,0.21592058,0.3474722,0.6681896
664.0,0.37674612,0.20377146,0.3986942,0.6732187
667.0,0.41596606,0.23118225,0.41432917,0.6801682
669.0,0.16116667,0.077758476,0.15800393,0.2518476
672.0,0.45837197,0.17607318,0.4867286,0.825004
673.0,0.47980124,0.20788816,0.4611598,0.7954484
682.0,0.30471033,0.15446027,0.31027427,0.52441925
684.0,0.34059194,0.1442187,0.37896597,0.61802894
692.0,0.5138917,0.2991452,0.5086809,0.9721375
695.0,0.31471854,0.16791274,0.31457192,0.59842664
696.0,1.0635886,0.5914322,1.0719875,1.7985144
698.0,0.4867351,0.2770048,0.49968192,0.859028
700.0,0.449108,0.25094754,0.4666791,0.78586733
706.0,0.45952183,0.21734369,0.42825663,0.94148785
712.0,0.30543664,0.153525,0.32223088,0.5906244
713.0,0.81629884,0.22168064,0.7187656,1.4566672
715.0,0.028475728,0.022792235,0.03184057,0.20343384
717.0,0.66896224,0.18260963,0.7027094,1.3052038
719.0,0.0389112,0.012732713,0.03560535,0.24447992
731.0,0.8935423,0.41626894,0.8097101,1.8241585
734.0,0.79959327,0.413471,0.7359633,1.6157132
735.0,0.80670154,0.4080893,0.8085399,1.5145165
739.0,0.5237813,0.19857028,0.5576696,0.8526979
743.0,0.23354456,0.12180969,0.24815306,0.4470115
749.0,0.70751786,0.3549002,0.6912514,1.2664263
751.0,0.6920125,0.31200978,0.6866189,1.196021
764.0,0.6498562,0.27638948,0.6607078,1.0169762
769.0,0.421676,0.15979007,0.4539614,0.82324064
771.0,0.5822002,0.22760877,0.5791917,0.8452375
772.0,0.67701834,0.3226335,0.6683315,1.0980611
780.0,0.2606415,0.12455588,0.2894947,0.48789266
785.0,0.17769535,0.08608753,0.1956003,0.3869581
787.0,0.54611176,0.24009876,0.58324045,0.95828706
794.0,0.4409008,0.21610999,0.45236087,0.7608126
797.0,0.6305923,0.33424446,0.6048638,1.162314
801.0,0.3546364,0.17924255,0.35116264,0.611066
802.0,0.59015054,0.307832,0.61809045,1.0346226
803.0,0.34169003,0.13333978,0.3968642,0.5450649
807.0,0.86343676,0.41803977,0.9012457,1.4692664
808.0,0.43491656,0.1492125,0.43073297,0.77118134
813.0,0.37184268,0.18102542,0.38789374,0.64174974
814.0,0.41559148,0.22590736,0.41143063,0.82978725
815.0,0.5306824,0.24945702,0.54846424,0.85485154
816.0,0.36103448,0.19760509,0.36245084,0.6237663
817.0,0.62886965,0.33279777,0.6645664,0.90565073
819.0,0.66221976,0.36102477,0.6491176,1.072093
821.0,0.73458177,0.41956863,0.74039197,1.0650085
824.0,0.43472943,0.22522825,0.4540878,0.81380624
827.0,0.7699457,0.3704549,0.7579516,1.5485394
828.0,0.5597346,0.31029883,0.5647564,0.93731004
832.0,0.3654804,0.2084016,0.3511686,0.7224124
838.0,0.44403374,0.22411115,0.44843704,0.7944968
839.0,0.47568107,0.22227353,0.4947763,0.8509438
843.0,0.1971376,0.08097646,0.19201456,0.26329678
846.0,0.43690303,0.22741514,0.43258882,0.87723476
849.0,0.53952837,0.28089717,0.5552969,0.9444962
851.0,0.46936315,0.184017,0.49684244,0.8450715
854.0,0.431151,0.24541645,0.42453042,0.7557775
862.0,0.30140245,0.18299122,0.2857213,0.6229018
866.0,0.8718433,0.36736697,0.87818146,1.4699152
870.0,0.48762694,0.27857012,0.5059677,0.8996099
872.0,0.6032179,0.35026866,0.6390815,1.1025232
876.0,0.6423671,0.36905387,0.6363314,1.1170852
878.0,0.6855904,0.34247264,0.62666285,1.2415545
888.0,0.4698266,0.27185157,0.4829354,0.7795038
889.0,0.98437977,0.2884799,1.1176425,2.0893757
891.0,0.4912993,0.24532393,0.46662736,0.97243685
895.0,1.2879812,0.4947014,1.2964761,2.0751824
897.0,0.6365663,0.3470459,0.6448303,0.999244
899.0,0.32950455,0.1420078,0.34423575,0.60422695
903.0,0.6844762,0.32137734,0.66874087,0.8750348
904.0,0.6204879,0.33767003,0.63081175,0.8659445
905.0,0.44742423,0.18306619,0.45298144,0.72738576
906.0,0.5848597,0.23609808,0.52954155,0.8998926
908.0,0.7730431,0.4328274,0.7732599,1.3047767
909.0,0.40823865,0.20484413,0.44624034,0.73002356
911.0,1.0173854,0.43072596,0.9102329,1.8982197
914.0,0.7680133,0.37684694,0.7332678,1.2194998
915.0,0.5171965,0.30413118,0.52787715,0.8747195
916.0,0.97896564,0.48199388,0.95172143,1.6369091
918.0,0.9032618,0.42026275,0.80096674,1.8023844
924.0,0.62293756,0.35748717,0.58606154,1.6102384
926.0,0.7595455,0.35756326,0.753519,1.0304644
935.0,0.7880335,0.25788015,0.79428416,0.94505095
941.0,1.0703497,0.30064476,1.054653,2.0185003
945.0,0.16687205,0.09553548,0.16642803,0.30534858
950.0,0.48855108,0.29042786,0.5028083,0.82279646
952.0,0.35515484,0.23267828,0.34111357,0.6261066
953.0,0.45491967,0.22880498,0.46288103,0.7929131
957.0,0.49000064,0.2539952,0.5234978,0.86511725
963.0,0.32539767,0.09156804,0.32534567,0.6542425
972.0,0.88957256,0.402465,0.91330826,1.4952803
974.0,1.0636941,0.51802886,1.0562165,1.6815717
978.0,0.33518526,0.1956326,0.28723496,0.8485467
994.0,0.5722776,0.37342754,0.5787206,1.0491542
997.0,0.35776764,0.20796126,0.33795747,0.61002505
1000.0,0.48736113,0.13335828,0.49181157,0.9248648
1005.0,0.3824857,0.21952567,0.36430198,0.8947991
1006.0,0.49031076,0.22988096,0.52585226,0.96421236
1012.0,0.760818,0.4594637,0.76495063,1.3114892
1014.0,0.44881848,0.26255026,0.43645704,0.71417046
1022.0,0.37531507,0.19867639,0.3885132,0.65855384
1024.0,0.27837744,0.17896834,0.29222366,0.58372545
1028.0,0.39267373,0.23341565,0.36787438,0.89639163
1031.0,0.37763754,0.20848155,0.40358272,0.66165584
1033.0,0.99192184,0.39608547,0.95090026,1.9302511
1034.0,1.0858678,0.44973052,1.1109538,2.0966897
1039.0,0.6363482,0.3144118,0.57805496,1.0606253
1040.0,0.52609634,0.31002817,0.54315084,0.8328595
1046.0,1.1805512,0.49096894,1.1490217,2.0149853
1048.0,0.39411873,0.19609013,0.39749512,0.75341314
1057.0,0.7787329,0.3823608,0.7584464,1.6523371
1060.0,1.0776364,0.55377996,1.0894775,1.8190211
1065.0,0.3764963,0.18828061,0.41489738,0.8675398
1067.0,0.9886512,0.4610598,0.9221323,1.8529842
1077.0,0.2956987,0.12240063,0.32458758,0.5293708
1089.0,0.6455868,0.29422617,0.7088848,1.2029557
1092.0,0.4818398,0.19252469,0.5275995,0.9384317
1096.0,0.37965485,0.21877028,0.37903965,0.71759605
1098.0,0.44605413,0.32849756,0.43928537,0.7530549
1101.0,1.1014197,0.29228047,1.168132,1.8644617
1102.0,0.36755982,0.17916486,0.38927928,0.6395516
1107.0,0.3548963,0.21802281,0.350535,0.70403546
1108.0,0.58948565,0.17236494,0.58957684,0.8872403
1110.0,0.888185,0.34167567,0.8502177,1.7404946
1115.0,0.61895984,0.30428723,0.59912914,1.0939659
1116.0,0.57882214,0.2735819,0.6164925,1.05449
1118.0,0.16945164,0.086467266,0.1639937,0.30767018
1121.0,0.18491079,0.092486635,0.19901626,0.3215659
1125.0,0.9475386,0.17709403,0.97220045,1.787525
1130.0,0.27221686,0.16184057,0.27226838,0.5736893
1131.0,0.74993914,0.28458482,0.6691732,1.2912862
1135.0,0.6491458,0.21280555,0.5951268,1.1350137
1137.0,0.52756065,0.2467985,0.5549222,0.96695083
1138.0,0.8514227,0.23855746,0.8518527,1.7181591
1139.0,0.439277,0.19589978,0.44530073,0.87093717
1149.0,0.44988173,0.20579101,0.44491443,0.5757442
1151.0,0.6731786,0.401988,0.6817215,1.041288
1157.0,0.47818598,0.19990484,0.51639426,0.92245066
1160.0,0.5219256,0.15865602,0.52519494,0.78890467
1164.0,0.47637445,0.16989772,0.47757033,0.6742882
1167.0,0.6364267,0.28153536,0.6739148,1.0391544
1171.0,0.48613346,0.20271759,0.5408643,0.9189185
1176.0,0.33331743,0.1350829,0.33472988,0.5481193
1179.0,0.54754794,0.27027205,0.5530724,0.83654636
1180.0,0.48046806,0.2411364,0.49243453,0.8857829
1181.0,0.186902,0.10705685,0.20010695,0.43291324
1183.0,0.72815084,0.32801804,0.7213999,1.3993989
1184.0,0.35475877,0.16665089,0.3875102,0.7532478
1185.0,0.33017346,0.12939711,0.3815886,0.60698944
1189.0,0.40678898,0.19531895,0.4057983,0.8593715
1193.0,0.5239631,0.25198886,0.51796603,0.95170707
1196.0,0.19497529,0.112805106,0.20576485,0.3496099
1199.0,0.8456845,0.32712024,0.8261919,1.753673
1200.0,0.47364867,0.27316386,0.45594966,0.8275192
1203.0,0.70309925,0.2355447,0.69351435,1.5289241
1205.0,0.34676456,0.16751297,0.37466773,0.65967524
1206.0,0.20227796,0.083868586,0.21923476,0.35425955
1212.0,0.30618346,0.17473643,0.3037586,0.5782612
1213.0,0.3005016,0.1335981,0.32108843,0.6217125
1214.0,0.38465557,0.14709137,0.44845647,0.68012834
1231.0,0.27046415,0.18573102,0.2718076,0.5249498
1232.0,0.7650678,0.4103223,0.7579611,1.7538762
1233.0,0.4300225,0.21096979,0.44414955,0.85367244
1235.0,0.28086132,0.159352,0.26824197,0.7487035
1239.0,0.8962539,0.41775942,0.8318739,1.7637438
1240.0,0.42645264,0.22989964,0.430961,0.7595499
1242.0,0.37051442,0.23905689,0.36703455,0.8015256
1245.0,0.91168535,0.40673935,0.8177102,1.7074682
1248.0,0.20483711,0.10629041,0.21681477,0.44482765
1250.0,0.971763,0.44049737,0.9430921,1.8102125
1258.0,0.4483261,0.2604451,0.47003192,0.7228412
1259.0,0.437472,0.22532547,0.45280007,0.71973723
1263.0,0.2222445,0.07623917,0.23957938,0.36445773
1266.0,0.5312188,0.2659152,0.5049252,0.81579286
1268.0,0.43645817,0.24046597,0.4190112,0.9369486
1270.0,0.18919691,0.07708611,0.18391226,0.35011217
1275.0,0.3671809,0.20705839,0.3608652,0.61476713
1277.0,0.31338885,0.1743169,0.32418603,0.5722069
1282.0,0.61700904,0.34780028,0.5930831,0.90319854
1297.0,0.69754887,0.38806865,0.6952042,1.2426908
1300.0,0.1409804,0.08814888,0.13442518,0.3327737
1306.0,0.51613295,0.24679942,0.49056807,0.93562776
1312.0,0.2956095,0.17891276,0.30281553,0.63707477
1314.0,0.5303677,0.27193993,0.5346666,0.9413523
1320.0,0.37311387,0.21019119,0.38410655,0.66837615
1321.0,0.18093269,0.08932808,0.19425188,0.36391285
1322.0,0.7279406,0.3325161,0.6423183,1.3593042
1324.0,0.3616992,0.16841781,0.38791898,0.63535315
1325.0,0.4033311,0.23584501,0.38920164,0.7140646
1330.0,0.45098716,0.21917604,0.46127132,0.9385117
1331.0,0.47309473,0.24892636,0.48259103,0.9411389
1338.0,0.16703837,0.09438141,0.17183192,0.31663525
1340.0,0.3792196,0.21755558,0.37047812,0.7202433
1342.0,0.53110725,0.23736513,0.5499884,0.91362077
1348.0,0.1339068,0.07985185,0.12988308,0.26821217
1350.0,0.73818487,0.3697141,0.77188444,1.3423008
1356.0,0.75573087,0.48447323,0.7701306,1.1607437
1362.0,0.3618529,0.16327158,0.39355358,0.6225242
1363.0,0.47034532,0.2581447,0.44606438,0.91753143
1366.0,0.68850064,0.36984655,0.6740677,1.3596579
1368.0,1.050881,0.4572141,1.0426693,1.8149279
1382.0,0.79230034,0.3803402,0.7115547,1.3655273
1384.0,0.52627796,0.23054573,0.50548744,1.055372
1385.0,0.77960616,0.36338603,0.72975373,1.6359241
1387.0,0.48847187,0.2378573,0.5054363,0.95208997
1396.0,0.70462006,0.35439074,0.68676096,1.2363157
1399.0,0.55281824,0.26330096,0.5489611,0.97627634
1401.0,0.36908606,0.11081414,0.43969485,0.61550844
1402.0,0.4418104,0.2843049,0.46426225,0.8671724
1408.0,0.35384008,0.22705625,0.33767018,0.65035236
1410.0,0.50802714,0.24420612,0.48437467,0.976593
1412.0,0.45383516,0.2427502,0.47201148,0.8647401
1413.0,0.47125983,0.27303252,0.5088494,0.9023423
1416.0,0.4117345,0.21924153,0.40875056,0.8707368
1418.0,0.46530482,0.23980244,0.43867865,0.9330889
1431.0,0.47353315,0.2467986,0.46927735,0.86287004
1435.0,0.72271127,0.29088745,0.67677855,0.99518704
1436.0,0.42384365,0.2151861,0.44780138,0.9125989
1442.0,0.4309815,0.23180495,0.41479635,0.91082823
1448.0,0.55519986,0.2842903,0.5775463,0.9043196
1449.0,0.35184956,0.16841781,0.36707205,0.6222058
1450.0,0.44166616,0.2734499,0.45123795,0.7698053
1452.0,0.6381852,0.33328846,0.6296813,1.0059134
1453.0,0.56047255,0.21920078,0.5412697,0.8460208
1458.0,0.71121734,0.3498222,0.683999,0.9978912
1459.0,0.60970616,0.17684095,0.6388034,0.9680365
1461.0,0.31116056,0.16938168,0.309645,0.37383884
1463.0,0.57563204,0.30946627,0.5564176,1.0185065
1468.0,0.31828633,0.1628928,0.34651107,0.5884667
1473.0,0.5126905,0.2666636,0.5570069,0.8782676
1474.0,0.63636947,0.33542153,0.5974167,1.1323029
1485.0,0.9242803,0.47227028,0.9388005,1.3032322
1488.0,0.4297084,0.256012,0.417486,0.7383084
1489.0,0.7603622,0.42132467,0.679391,1.6059779
1492.0,0.9763998,0.46607956,1.0444907,1.549855
1494.0,0.5903896,0.3214846,0.57566625,1.0400509
1497.0,0.3681252,0.18686317,0.3863517,0.553975
1498.0,0.55753005,0.29795414,0.53416395,1.0105914
1499.0,0.5099915,0.3115093,0.5058282,0.85255504
1502.0,0.36885417,0.21405499,0.34103498,0.53131324
1512.0,0.5101058,0.29166424,0.49738708,0.6830045
1514.0,0.6951007,0.37585336,0.7480981,1.0319707
1516.0,1.0285993,0.59248775,1.030352,1.5463129
1518.0,0.30786136,0.12883219,0.28831625,0.4689593
1523.0,1.007014,0.533203,0.97589475,1.6260753
1524.0,0.6007172,0.3119377,0.60000247,0.91019684
1534.0,0.52839327,0.29078904,0.5496702,0.84584856
1535.0,0.29427513,0.1603369,0.30679926,0.56067896
1544.0,0.4264109,0.22298259,0.43436825,0.7710363
1549.0,0.36109573,0.22259957,0.35742286,0.8851197
1550.0,0.44004437,0.2977583,0.43371615,0.7431173
1551.0,0.21294224,0.09804894,0.22214043,0.35086066
1553.0,0.15544714,0.0874643,0.15351376,0.31425282
1554.0,0.36289975,0.1963792,0.3820568,0.67951024
1567.0,0.44367927,0.26758716,0.4562624,0.8357436
1583.0,0.9814556,0.43509066,0.9902645,1.7939076
1584.0,0.73711485,0.40619135,0.77433556,1.0412872
1585.0,0.8959744,0.4189102,0.9380592,1.3729335
1610.0,0.9148071,0.45122486,0.9004868,1.6478778
1614.0,0.88340974,0.4336871,0.8462241,1.5206136
1615.0,1.1533812,0.5362912,1.1508677,1.73994
1624.0,0.36253244,0.19164872,0.38379136,0.67881334
1626.0,0.5201043,0.2861249,0.523695,1.0107831
1629.0,1.0152313,0.4144666,0.96378034,1.8231872
1632.0,0.4173071,0.24684535,0.42840552,0.668587
1642.0,0.9519229,0.50320524,0.905907,1.6280599
1644.0,0.4920157,0.27443948,0.49134973,0.9496132
1646.0,0.3878166,0.22800292,0.38291496,0.5851005
1649.0,0.88988143,0.43818992,0.8411601,1.566234
1652.0,0.5559615,0.3029091,0.56299645,0.93949187
1655.0,1.0672861,0.42047563,1.1012506,1.8231949
1674.0,0.21903099,0.107214525,0.20327216,0.36762336
1682.0,0.38130975,0.15030079,0.38610122,0.6792661
1684.0,0.6612831,0.30966368,0.65571594,1.2717204
1686.0,0.7053392,0.31665337,0.7022523,1.3968946
1690.0,0.17764866,0.109691314,0.17560898,0.31952262
1692.0,0.60747826,0.2936848,0.6188632,1.1396763
1693.0,1.0533273,0.4460767,0.99094635,1.9272503
1696.0,0.32845092,0.21101364,0.3098201,0.5773319
1698.0,0.20444019,0.089363165,0.23280184,0.3249604
1700.0,0.77318394,0.4027248,0.7789488,1.3696707
1703.0,0.88477784,0.37445796,0.925539,1.7313961
1705.0,0.7447354,0.36990973,0.76689047,1.2398996
1706.0,0.5453777,0.31390965,0.5392427,0.84615064
1707.0,0.16356125,0.08824348,0.16644582,0.3546236
1709.0,0.57300615,0.16145648,0.5647205,0.95389056
1710.0,0.8687805,0.4360425,0.9173174,1.4308791
1712.0,0.95162725,0.22321342,0.9223733,1.5285394
1718.0,0.68187594,0.3297833,0.6696476,1.2674817
1721.0,0.14385101,0.09019012,0.13975261,0.28432718
1727.0,0.48583135,0.23965402,0.48675883,0.93456864
1730.0,0.73410064,0.4247418,0.68189704,1.4492569
1733.0,0.50094205,0.23866944,0.5200416,0.9746799
1734.0,0.6182121,0.32819375,0.6708053,1.0035133
1736.0,0.8977711,0.47436112,0.87935704,1.3193231
1742.0,0.5715879,0.29251364,0.5697113,0.98179024
1747.0,0.8616104,0.51148057,0.8564349,1.5795591
1748.0,0.75097543,0.42050838,0.7523735,1.1802803
1749.0,0.20410272,0.11415836,0.21869127,0.43112192
1753.0,0.52864313,0.26522493,0.5298796,0.92551017
1762.0,0.6301837,0.30491704,0.6137614,0.97844803
1763.0,0.7524965,0.38410768,0.74764776,1.1939205
1764.0,0.89879006,0.40599436,0.8833504,1.5635202
1765.0,1.1332445,0.46072257,1.1113062,2.002332
1773.0,0.45287502,0.20828028,0.4430155,0.81868196
1775.0,0.2759844,0.14027442,0.2830202,0.5369339
1777.0,0.68781805,0.33930033,0.71991664,1.1835647
1779.0,0.5171825,0.28167397,0.55789524,0.8148487
1784.0,0.5494876,0.2751198,0.5544002,0.89503163
1789.0,0.66179025,0.252033,0.6653815,0.9629396
1796.0,0.5827945,0.33164448,0.58537745,0.9844439
1803.0,0.24721417,0.14963393,0.26728126,0.59263223
1808.0,0.5474424,0.23283504,0.58207345,0.9553172
1809.0,0.6333891,0.2863246,0.6583634,0.98032075
1811.0,0.44919235,0.21601835,0.48378924,0.7981732
1814.0,0.9059258,0.46458054,0.94519913,1.7826897
1815.0,0.15329514,0.08458508,0.1557176,0.24971761
1817.0,1.1081206,0.5450867,1.0880086,1.7863482
1818.0,0.19596836,0.10824154,0.20211785,0.4648452
1819.0,0.991926,0.45263815,0.98406,1.7083169
1823.0,0.6536006,0.3116378,0.6975788,0.9794587
1828.0,0.5161939,0.24515185,0.52278185,0.7957183
1830.0,0.24246305,0.06811357,0.23064889,0.68664515
1832.0,0.20420747,0.09295383,0.21505892,0.36734763
1834.0,0.28176266,0.17634274,0.28332812,0.54974264
1835.0,0.98603195,0.46616834,0.90699226,1.6748582
1837.0,0.30471832,0.19801629,0.27666816,0.7603518
1841.0,0.42237163,0.21415584,0.4503443,0.7746053
1842.0,1.1244475,0.32425746,1.1552346,1.8351507
1846.0,1.1785765,0.48733062,1.2286985,1.8535686
1847.0,1.064217,0.46478406,1.0507953,1.7425176
1848.0,0.912255,0.42217013,0.9837867,1.4302584
1850.0,1.074347,0.45324698,1.112684,1.7216392
1851.0,0.72462183,0.31783912,0.6199258,1.2880292
1853.0,0.2398021,0.113702215,0.2387724,0.48860016
1854.0,0.9835313,0.44951704,0.92945343,1.7658774
1856.0,0.97985846,0.4105521,1.0175846,1.7014912
1858.0,0.6952106,0.33883622,0.7394752,1.2068764
1859.0,0.520322,0.2388964,0.51674443,0.8015406
1860.0,0.57535625,0.30573672,0.5883129,1.0205004
1862.0,0.21461433,0.11095404,0.21672128,0.4914864
1863.0,0.28233242,0.19741668,0.2677215,0.54688036
1866.0,0.91786486,0.4185499,0.89514434,1.6693463
1868.0,0.18085633,0.095224574,0.19052063,0.3051887
1871.0,0.7924946,0.41882908,0.73937976,1.5348494
1873.0,0.52227235,0.27742705,0.5154164,0.9759423
1874.0,0.81552047,0.356504,0.8349066,1.7419748
1875.0,0.3419702,0.141026,0.36178872,0.68982255
1879.0,0.46624532,0.21694176,0.46126214,0.87460405
1881.0,0.47116634,0.21805608,0.4976058,0.79021716
1888.0,0.35449472,0.18614933,0.38824615,0.6639545
1889.0,0.24558558,0.1372304,0.24585816,0.46731198
1890.0,0.14249143,0.07269622,0.15910527,0.27294007
1895.0,0.45366642,0.2240438,0.45738924,0.9176175
1899.0,0.39802048,0.19965439,0.40911674,0.7041311
1900.0,1.0144086,0.39188293,0.88810235,1.9069862
1915.0,0.6883614,0.34056783,0.67480063,1.2320906
1919.0,0.45729125,0.22281481,0.49717373,0.7794109
1922.0,0.6498266,0.32431644,0.6529837,1.039028
1925.0,0.8523782,0.39647657,0.84987414,1.6471498
1927.0,1.0064503,0.48585144,1.0436543,1.7033807
1932.0,0.3374428,0.18633027,0.35178965,0.7705715
1934.0,0.4986634,0.27506557,0.48464927,0.8484317
1935.0,0.3412385,0.19106907,0.341159,0.6751187
1943.0,0.42497328,0.22117154,0.41653216,0.7890839
1944.0,0.45778295,0.11816943,0.406737,0.91834015
1947.0,0.47136065,0.2557133,0.4565182,0.8872724
1951.0,0.6854409,0.34248033,0.6794685,1.0425469
1955.0,0.6459338,0.33110988,0.6361964,1.1146042
1958.0,0.77831787,0.38129264,0.78669775,1.6451824
1959.0,0.18987723,0.1143108,0.18589292,0.30947706
1961.0,0.72899747,0.28416994,0.7455431,1.3799219
1965.0,0.83208793,0.44572616,0.83348876,1.5344692
1967.0,0.51231575,0.27118245,0.5586966,0.9664154
1970.0,0.62282306,0.28996688,0.6186363,1.0561869
1974.0,0.8492889,0.35121608,0.91506517,1.7334541
1975.0,0.36538443,0.20403248,0.3578821,0.7501429
1980.0,0.857047,0.38285246,0.8920062,1.7230521
1981.0,0.20762587,0.093227,0.19427848,0.34040123
1985.0,0.886217,0.36952052,0.8721862,1.695975
1988.0,0.8801831,0.16585143,0.9256972,1.5938106
1991.0,0.42798704,0.20568793,0.44782346,0.7149131
1993.0,0.18438047,0.0927985,0.19529302,0.38871613
1995.0,0.9761567,0.3883965,1.0186346,1.7744683
1996.0,0.29857293,0.18920763,0.29199907,0.861344
1998.0,0.8478539,0.36223632,0.89944154,1.7272439
1999.0,0.5155624,0.2764562,0.52331585,0.97997737
2001.0,0.81247526,0.33224064,0.836755,1.5827417
2003.0,1.0439928,0.45136434,0.9807765,1.7902731
2006.0,0.60657585,0.2710209,0.6488951,0.91537815
2007.0,0.88769317,0.33971354,0.8431003,1.783161
2008.0,0.037061635,0.01874267,0.04295522,0.20524924
2011.0,0.3898851,0.18969882,0.39716947,0.7453417
2013.0,0.3664153,0.17565002,0.3876307,0.6766951
2014.0,0.80879414,0.32033455,0.8035611,1.8113195
2015.0,0.675223,0.28602323,0.77927935,0.9971552
2021.0,0.6609213,0.30905613,0.63337404,1.1177571
2023.0,0.46115583,0.21987791,0.46674803,1.0983878
2031.0,0.38987234,0.19768855,0.39526927,0.70020133
2035.0,0.7895462,0.42863125,0.7576747,1.3835067
2037.0,0.40663645,0.19095404,0.4377055,0.6538554
2039.0,0.50503683,0.21683986,0.51393354,0.76791304
2041.0,0.33875275,0.15804234,0.3304478,0.6094333
2043.0,0.9064137,0.4315498,0.91108567,1.6364877
2046.0,0.6898202,0.3699274,0.77492493,1.018602
2048.0,0.50541806,0.22708914,0.4755353,0.8759699
2049.0,1.1538084,0.4228489,1.2024758,1.8800306
2053.0,1.2437501,0.5114085,1.2600524,2.1516848
2054.0,0.4428472,0.21800657,0.4683202,0.69548416
2058.0,0.3840594,0.20275596,0.39636728,1.0379763
2063.0,0.37308475,0.21315227,0.3732635,0.69523215
2066.0,0.535334,0.29890037,0.5259475,0.96567816
2067.0,0.80550104,0.38993356,0.71099174,1.4273919
2072.0,0.72333556,0.36968085,0.6998531,1.239624
2073.0,0.61349326,0.3191602,0.5945792,0.92423475
2076.0,0.58281326,0.31553218,0.5978634,0.9812837
2079.0,0.69974816,0.40073436,0.66687816,1.2477009
2085.0,0.38684887,0.22115694,0.40056992,0.6909852
2086.0,1.1821904,0.44161198,1.2592387,1.9255922
2087.0,0.6813171,0.29322976,0.73285633,1.043736
2088.0,0.48266688,0.2219792,0.49598113,0.9095531
2090.0,0.84657747,0.3575155,0.8181532,1.755601
2094.0,0.86392987,0.37811095,0.86970806,1.6611853
2101.0,0.907772,0.4750749,0.8152703,1.6461813
2113.0,0.6250581,0.23834752,0.5923836,0.9706098
2118.0,0.43017265,0.2439723,0.4044906,0.8184687
2126.0,0.6019478,0.2951147,0.6502228,0.9259986
2129.0,0.54563123,0.24620733,0.53962404,0.96509886
2131.0,0.69245535,0.30750096,0.73581445,1.2963408
2132.0,0.5516221,0.2907769,0.5258089,1.0393268
2138.0,0.5506727,0.3338012,0.5911892,1.0694602
2139.0,0.8605919,0.36202884,0.9289485,1.8006259
2141.0,0.6803122,0.33584797,0.6871629,1.2374775
2144.0,0.631075,0.38569197,0.6004091,1.2811377
2149.0,0.5261331,0.21096252,0.5282103,0.8705215
2152.0,0.73121065,0.46935087,0.7027121,1.2138512
2154.0,0.68888724,0.2973322,0.6737986,0.96957535
2159.0,0.41474476,0.18787253,0.40383175,0.73748344
2160.0,0.022530945,0.011667353,0.025378335,0.25384647
2166.0,0.37062994,0.18297726,0.40841085,0.66141856
2167.0,0.63464034,0.28759286,0.6949964,1.0161124
2168.0,0.37041944,0.15298629,0.3850735,0.6329581
2169.0,0.523832,0.23255311,0.51075304,1.0117202
2170.0,0.19279039,0.0918598,0.21193807,0.37045228
2177.0,0.3110114,0.12812667,0.36177552,0.56676835
2179.0,0.21969016,0.101936586,0.2489796,0.46585613
2181.0,0.74855036,0.3533597,0.69466966,1.3223426
2187.0,0.7135432,0.32902873,0.71569896,1.2625824
2192.0,0.33911154,0.15977481,0.3912157,0.659141
2193.0,0.7732298,0.35809046,0.86869395,1.5929452
2196.0,0.35638157,0.17743848,0.34276497,0.5920138
2198.0,0.42704383,0.115162805,0.43246636,0.748546
2206.0,1.3834685,0.5560557,1.5345055,1.9621674
2220.0,0.673323,0.31555015,0.6607317,1.195158
2225.0,0.66156363,0.3144105,0.6656706,1.0632633
2226.0,0.4391692,0.20472924,0.43848065,0.912133
2230.0,0.9072836,0.3867095,0.79273987,1.7637311
2235.0,0.4708657,0.23978163,0.48463643,0.7949708
2236.0,0.4559171,0.2022454,0.47434068,0.95139724
2237.0,0.39008093,0.20089938,0.41641057,0.60747707
2239.0,0.119252995,0.07791627,0.12339762,0.20798805
2242.0,0.3389998,0.15614025,0.35322315,0.6167071
2244.0,0.7341402,0.3772214,0.82016236,1.0319501
2247.0,0.43152332,0.19413218,0.4511451,0.82731205
2250.0,0.4172763,0.22694382,0.43548253,0.6704765
2255.0,0.29022938,0.14157516,0.27087528,0.44859058
2258.0,0.70275897,0.37760615,0.6712534,1.5652169
2259.0,0.6536705,0.2772045,0.6906483,1.0505797
2262.0,0.34628478,0.14478002,0.3935015,0.633542
2265.0,0.33667558,0.15827101,0.37278938,0.5915957
2271.0,0.31851983,0.16047572,0.3307396,0.58486086
2274.0,0.35179362,0.20140703,0.38827765,0.7275769
2283.0,0.26380742,0.1257784,0.28033286,0.51247734
2285.0,0.69738823,0.3898936,0.72657025,1.2124425
2287.0,0.42037585,0.22489038,0.40932593,0.8356828
2290.0,0.3566046,0.16721572,0.3628525,0.64925253
2296.0,0.34187415,0.16176149,0.34023392,0.4714066
2298.0,0.39557484,0.18629725,0.41566524,0.6997695
2308.0,0.014155003,0.0053496105,0.01663769,0.22775126
2311.0,0.3850212,0.22471653,0.37905166,0.73687935
2318.0,0.4955178,0.27288905,0.53255427,0.77451336
2321.0,0.43788305,0.21922249,0.468144,0.7847512
2323.0,0.45716688,0.2769686,0.44893888,0.7276271
2330.0,0.36828145,0.17399496,0.37652045,0.60369486
2335.0,0.29472625,0.13859618,0.32050264,0.53875
2339.0,0.38544908,0.16991486,0.3884354,0.57264704
2341.0,0.369985,0.16810052,0.38853842,0.52857506
2343.0,0.88131326,0.34643015,0.88196605,1.7034249
2348.0,0.31717274,0.13281222,0.335002,0.49115002
2349.0,0.3098694,0.13284923,0.3353386,0.6348295
2352.0,0.31598604,0.1599761,0.32998794,0.6110637
2356.0,0.81553733,0.4209964,0.80245334,1.6860868
2358.0,0.79615265,0.3708228,0.8562972,1.5846715
2361.0,0.97454804,0.48586112,0.9888698,1.6220016
2363.0,1.0194217,0.47896883,1.1141557,1.6499307
2364.0,0.75038457,0.38468543,0.71896946,1.4618033
2365.0,0.38540053,0.16042225,0.41181043,0.61827075
2369.0,0.2821706,0.14571619,0.29416227,0.6124527
2370.0,0.98354596,0.48380965,0.98683894,1.6718736
2371.0,0.6696571,0.31516293,0.65181994,1.5695767
2372.0,0.92118376,0.48230314,0.9351935,1.6577926
2378.0,0.32956204,0.14583038,0.35742968,0.5267075
2379.0,0.87170655,0.4485797,0.88301396,1.6873535
2381.0,0.34536168,0.16090046,0.37526944,0.536422
2385.0,0.23843516,0.115323,0.24906394,0.48610353
2386.0,0.29604715,0.1413121,0.33900464,0.52651584
2387.0,0.8213228,0.35390648,0.8771641,1.7334086
2397.0,0.9494372,0.35646296,0.90726453,1.6905634
2399.0,0.5461441,0.2637672,0.57710785,0.80053395
2402.0,0.3480054,0.20141481,0.36423177,0.52023536
2404.0,0.2654249,0.1461938,0.27309558,0.49382845
2413.0,0.19628765,0.07296855,0.20785506,0.53918034
2415.0,0.41160074,0.22740346,0.42567402,0.70280474
2417.0,0.2665403,0.16665459,0.2694242,0.56550515
2418.0,0.39157686,0.19670735,0.38945344,0.6999961
2419.0,0.38427636,0.21992014,0.39315885,0.71738726
2420.0,0.38843852,0.22765297,0.40280628,0.66171235
2421.0,0.30046678,0.1330344,0.32732162,0.61970073
2422.0,0.22009492,0.09930168,0.2391313,0.3607741
2423.0,0.269312,0.13417,0.27693972,0.5266585
2424.0,0.26334435,0.13565703,0.28477788,0.47032496
2428.0,0.8556917,0.38521892,0.90002316,1.6386865
2429.0,0.21200253,0.0961752,0.21374048,0.3684585
2433.0,0.21005863,0.078055166,0.21838085,0.3439433
2434.0,0.21344519,0.10490294,0.21972251,0.33865073
2435.0,0.30185154,0.13694325,0.33772355,0.52265155
2436.0,0.347714,0.19926153,0.36284503,0.6701223
2437.0,0.23040609,0.11083187,0.24108028,0.36068967
2438.0,0.2640005,0.13083835,0.24212617,0.5250036
2440.0,0.7330527,0.4811533,0.73453957,1.1975808
2445.0,0.7453573,0.3378948,0.7060279,1.3187015
2448.0,0.37665382,0.1436355,0.41370767,0.7091974
2451.0,1.1162982,0.43675265,1.1823338,1.795383
2455.0,0.3780961,0.16065572,0.40496555,0.52847195
2456.0,0.36268923,0.1620075,0.3857076,0.59764224
2457.0,0.3754644,0.16703199,0.40643683,0.5574615
2459.0,0.37456945,0.17983508,0.36479273,0.5438222
2467.0,0.35249984,0.17878193,0.37546682,0.5326984
2471.0,0.7446328,0.345788,0.79841,1.2649273
2475.0,0.19837919,0.08640582,0.21786791,0.43716487
2478.0,0.6493945,0.3525163,0.67260844,1.1734998
2481.0,0.7734817,0.3978522,0.7631933,1.3139241
2482.0,0.6915125,0.3691368,0.6770878,1.1934676
2487.0,0.20554897,0.11358355,0.20865627,0.3498712
2488.0,0.70828694,0.35042623,0.6723584,1.1742682
2491.0,0.7820248,0.3517214,0.7146088,1.2597233
2501.0,0.39235833,0.15045959,0.4112336,0.7212995
2504.0,0.3384703,0.13561825,0.37521735,0.5531935
2507.0,0.4517253,0.16535,0.5163292,0.5414557
2509.0,0.32146066,0.1378966,0.35289985,0.64965254
2514.0,0.2608858,0.12632687,0.27383384,0.37822002
2520.0,0.90427655,0.44839707,0.89101523,1.3245136
2521.0,0.38309234,0.15751901,0.3964278,0.56333
2522.0,0.22896536,0.10583089,0.2458441,0.3744329
2525.0,0.19496351,0.107261546,0.19108707,0.36786538
2526.0,0.3680615,0.17871124,0.3556034,0.59374607
2527.0,0.8680049,0.41511187,0.8978726,1.331393
2533.0,0.6684353,0.32476783,0.6648029,1.191244
2534.0,0.23485117,0.098152414,0.264902,0.48248523
2536.0,0.2772151,0.12285957,0.2709271,0.48162904
2537.0,0.2896662,0.13799928,0.29485303,0.47446954
2538.0,0.5406281,0.28180078,0.5600035,1.0229018
2545.0,0.6583809,0.28633797,0.7321458,1.0387318
2549.0,0.42799103,0.18018611,0.45863652,0.64393353
2551.0,0.31879544,0.16517457,0.33210146,0.608227
2553.0,0.42666107,0.18441465,0.41433382,0.78606486
2554.0,0.3103382,0.13710342,0.33163843,0.5490266
2555.0,0.33801702,0.15482472,0.33303517,0.5491518
2556.0,0.30521634,0.14211667,0.33048126,0.52643496
2557.0,0.39119318,0.1972621,0.39163902,0.62094903
2558.0,0.43315768,0.1984578,0.44323596,0.63033646
2559.0,0.37354657,0.1653366,0.36645013,0.6182544
2560.0,0.29994044,0.16432506,0.29954585,0.5851588
2563.0,0.35204417,0.1750307,0.37701592,0.6124969
2564.0,0.35685143,0.16339447,0.3474328,0.54263985
2565.0,0.31942967,0.14651231,0.34172532,0.5398472
2566.0,0.28792801,0.14191371,0.31907934,0.51704216
2567.0,0.29213104,0.15115222,0.3168055,0.52058643
2568.0,0.3328669,0.14420234,0.36397162,0.57297534
2569.0,0.31527165,0.13346608,0.33837396,0.4936545
2572.0,0.40088606,0.14955102,0.470081,0.6819131
2573.0,0.3321102,0.15560785,0.34987727,0.49994332
2576.0,0.30259514,0.1335009,0.34696907,0.53037405
2577.0,0.34555802,0.14836113,0.38314077,0.5671906
2578.0,0.30768374,0.116561055,0.34807765,0.57865584
2580.0,0.47044703,0.19157608,0.44337854,0.7490714
2581.0,0.33083892,0.14313854,0.36287776,0.5249465
2582.0,0.39321613,0.17892793,0.40866175,0.5521868
2583.0,0.35019895,0.16841781,0.36672464,0.6222058
2585.0,0.27850986,0.12021523,0.29961863,0.5835685
2586.0,0.33752766,0.14886898,0.36790645,0.53796864
2588.0,0.32869974,0.16824198,0.36701673,0.542844
2591.0,0.28803557,0.12185759,0.3000835,0.56740946
2592.0,0.36484462,0.18853803,0.35652706,0.53699934
2593.0,0.31095228,0.16462807,0.32978737,0.57234323
2594.0,0.60199386,0.32001734,0.6264723,0.9306839
2595.0,0.3281574,0.14401804,0.3579009,0.54007465
2596.0,0.33134487,0.15930836,0.3641124,0.6046358
2597.0,0.26247913,0.13175958,0.28409883,0.56033415
2598.0,0.3518063,0.14463142,0.34976417,0.57124794
2599.0,0.27310213,0.12115236,0.2853543,0.47731367
2602.0,0.29150483,0.13098517,0.31408802,0.4722658
2604.0,0.20996767,0.10307083,0.21560463,0.4408977
2605.0,0.26008072,0.120554455,0.26544672,0.47256565
2606.0,0.2756846,0.13098058,0.27927777,0.5236744
2608.0,0.34517926,0.17100596,0.37954018,0.54132205
2609.0,0.25064713,0.1319238,0.25375086,0.47289294
2610.0,0.30912662,0.13116749,0.33917618,0.58045405
2611.0,0.35402706,0.17365457,0.38951135,0.56863695
2612.0,0.34780973,0.12001848,0.37981862,0.69741577
2613.0,0.27314833,0.14935842,0.2849767,0.46155533
2616.0,0.31656116,0.14034414,0.32198477,0.5080723
2617.0,0.40001735,0.17901424,0.4474458,0.5516181
2619.0,0.2842145,0.13375016,0.28940302,0.4484595
2620.0,0.41002375,0.124417,0.40150264,0.5956154
2622.0,0.4001605,0.176,0.4520213,0.55130315
2623.0,0.33034834,0.11696265,0.3688139,0.5803679
2624.0,0.34210086,0.10816423,0.3402712,0.5582153
2625.0,0.28604043,0.118335575,0.31833836,0.5778216
2629.0,0.2584772,0.1320729,0.25596502,0.45701936
2630.0,0.26050395,0.12373777,0.26931092,0.46298027
2632.0,0.20431852,0.11155788,0.20926043,0.32910278
2635.0,0.3336571,0.11177555,0.36968166,0.56093353
2638.0,0.34644297,0.15533584,0.34706333,0.48618072
2639.0,0.3663219,0.15996996,0.34281424,0.5285722
2640.0,0.3595385,0.16942684,0.40651393,0.5251378
2641.0,0.26408768,0.14400968,0.27510992,0.51551175
2642.0,0.30986163,0.12886195,0.33212465,0.46723688
2643.0,0.19819556,0.11711946,0.21105258,0.48494372
2644.0,0.27492285,0.15398791,0.27375093,0.5046268
2645.0,0.2476846,0.12622276,0.25424433,0.37336874
2648.0,0.33588636,0.1569185,0.3434413,0.55205965
2649.0,0.3189781,0.11247664,0.3355021,0.6827065
2650.0,0.3266944,0.16672193,0.3495195,0.55509573
2651.0,0.17695513,0.09693665,0.1693187,0.34161192
2653.0,0.14003028,0.0851152,0.1407842,0.21850483
2659.0,0.2711491,0.13239661,0.28787413,0.49944293
2662.0,0.3078224,0.13490131,0.33534786,0.5032601
2665.0,0.23843221,0.11648898,0.25014472,0.42736924
2666.0,0.27661464,0.12429429,0.31699646,0.4698137
2669.0,0.30272296,0.17162192,0.27927396,0.5462067
2670.0,0.2069756,0.09605821,0.22177769,0.31872466
2671.0,0.29392743,0.15759376,0.2728862,0.49518
2672.0,0.25490364,0.12192667,0.25410935,0.44614866
2674.0,0.30280203,0.13336423,0.30551562,0.46744332
2675.0,0.2096381,0.086343385,0.23511155,0.4655646
2677.0,0.2978448,0.13047712,0.31879714,0.4927562
2679.0,0.26313356,0.122421525,0.27952448,0.4776522
2682.0,0.2643495,0.15337622,0.27859756,0.4559324
2684.0,0.27842507,0.12496674,0.2904303,0.45802832
2685.0,0.27654415,0.14054374,0.2865446,0.46266785
2690.0,0.15993732,0.096598044,0.16050261,0.3262935
2693.0,0.2628744,0.12745936,0.2764379,0.45299113
2694.0,0.36590853,0.16127655,0.37437883,0.50490576
2695.0,0.31728014,0.07404372,0.35535228,0.52722144
2696.0,0.3077337,0.14680195,0.3207338,0.5423904
2697.0,0.2722025,0.14730246,0.2701124,0.4757096
2698.0,0.21346422,0.10434116,0.22247928,0.44158232
2699.0,0.13413446,0.066953786,0.13239269,0.20271592
2700.0,0.31746805,0.13514788,0.33073932,0.46611384
2701.0,0.27893627,0.12232656,0.30432963,0.46487582
2702.0,0.16104783,0.09542841,0.17135479,0.31423625
2703.0,0.24799548,0.11294474,0.24976167,0.46275327
2704.0,0.23217826,0.14095064,0.2488083,0.38088045
2706.0,0.34154078,0.17332758,0.36047325,0.5431681
2707.0,0.18326871,0.105253525,0.19123721,0.39620432
2709.0,0.20015427,0.11626522,0.19314674,0.44362465
2711.0,0.23010531,0.12157439,0.23040918,0.32521266
2713.0,0.27946022,0.11688425,0.29594147,0.49807492
2716.0,0.3011719,0.13720262,0.32612047,0.5104879
2717.0,0.30409932,0.1316382,0.31574014,0.46778774
2719.0,0.24083482,0.12660566,0.25213668,0.3533745
2720.0,0.21070805,0.09834138,0.22631454,0.31607482
2721.0,0.11730631,0.05664249,0.14039873,0.21575512
2722.0,0.2328742,0.10280736,0.22527593,0.3208299
2723.0,0.2600422,0.12745833,0.27100414,0.46148968
2724.0,0.23849575,0.10397539,0.25259227,0.37483937
2725.0,0.21994363,0.105478056,0.23395619,0.39037898
2726.0,0.30240676,0.14122646,0.33033645,0.5261059
2727.0,0.25282556,0.1183895,0.26342538,0.43463516
2728.0,0.2819564,0.12961087,0.26652122,0.5504698
2730.0,0.26259735,0.12834325,0.25909922,0.39279154
2732.0,0.13124265,0.08009007,0.14155999,0.21867977
2733.0,0.17589211,0.09187366,0.1794868,0.35625654
2734.0,0.3027624,0.14509377,0.32882226,0.54026586
2735.0,0.13507804,0.088871166,0.12749624,0.20964853
2736.0,0.22668178,0.103125624,0.23336384,0.41653335
2737.0,0.20999709,0.08920281,0.19843034,0.36332965
2739.0,0.31879574,0.15626861,0.34363887,0.5295423
2740.0,0.23054409,0.10137365,0.2279553,0.35126913
2742.0,0.32154325,0.16223256,0.33143428,0.52681124
2743.0,0.14274433,0.07701182,0.14777666,0.23687053
2744.0,0.25290617,0.11545504,0.25904325,0.47800654
2745.0,0.1371646,0.07911754,0.14235248,0.20637992
2746.0,0.21699311,0.1146155,0.2280274,0.4408015
2747.0,0.13408479,0.07021385,0.14680141,0.21573997
2748.0,0.11594213,0.063927084,0.12842715,0.21771762
2749.0,0.26126575,0.12336051,0.2666245,0.47238648
2750.0,0.18905342,0.114072695,0.19797084,0.43239963
2751.0,0.2266188,0.097543165,0.2367083,0.35484174
2752.0,0.14938395,0.06277793,0.15044527,0.27286637
2755.0,0.18083605,0.0981674,0.18555479,0.31171605
2757.0,0.19499406,0.112327404,0.20320833,0.44216436
2758.0,0.28975314,0.13984571,0.29377395,0.45291516
2759.0,0.19885243,0.10067561,0.21252003,0.4392405
2760.0,0.23206016,0.10850377,0.23805152,0.49266428
2761.0,0.23534529,0.12058242,0.23518929,0.46510983
2763.0,0.25134787,0.1370411,0.25549257,0.46626395
2764.0,0.24177983,0.117164284,0.2595043,0.48053113
2765.0,0.26587892,0.13206762,0.27119032,0.45896927
2767.0,0.19995752,0.0943844,0.2030947,0.29942062
2768.0,0.25812852,0.13246995,0.26339927,0.4431559
2771.0,0.26701427,0.13102093,0.27343196,0.46414596
2772.0,0.20367628,0.104464315,0.20799172,0.30479693
2773.0,0.22767414,0.10543189,0.23830792,0.49545386
2774.0,0.19603775,0.12635341,0.20546468,0.3339701
2775.0,0.2221909,0.103183635,0.23242503,0.31942704
2776.0,0.28987962,0.16008347,0.29159257,0.47790274
2778.0,0.24984129,0.13671952,0.26394254,0.4770476
2780.0,0.25527522,0.1486266,0.24900463,0.47926447
2783.0,0.24286902,0.14471556,0.23611273,0.36779898
2785.0,0.25913122,0.13249026,0.2697669,0.4774304
2786.0,0.2744553,0.13704406,0.2827626,0.47107705
2787.0,0.22793467,0.10541451,0.23768747,0.32404825
2789.0,0.2355776,0.10120262,0.25516304,0.3403241
2792.0,0.28099155,0.1287204,0.30583575,0.4678969
2793.0,0.24351424,0.12753455,0.2446275,0.39531675
2794.0,0.27301055,0.13512316,0.28461513,0.46772078
2795.0,0.187143,0.08212012,0.18373987,0.33220872
2796.0,0.2667966,0.1380169,0.27372396,0.45017368
2798.0,0.25074556,0.08364289,0.2402652,0.4902761
2802.0,0.3489167,0.12945813,0.34947294,0.55405766
2803.0,0.19505744,0.12165552,0.2027494,0.43368828
2805.0,0.21719421,0.09695266,0.21946272,0.34724033
2807.0,0.29597527,0.15114783,0.31108212,0.46866113
2809.0,0.20652674,0.09047671,0.20203507,0.3186262
2810.0,0.21600027,0.09275861,0.21826613,0.3570623
2811.0,0.2447621,0.14267813,0.24850485,0.37013713
2812.0,0.2773616,0.083069466,0.29678214,0.47947043
2813.0,0.24441095,0.12200101,0.2559788,0.3406703
2814.0,0.22819802,0.107295744,0.24156386,0.45530844
2816.0,0.89235675,0.47301403,0.8417003,1.3296311
2817.0,0.16357337,0.092674755,0.16562521,0.29850325
2818.0,0.21376522,0.11909576,0.20226395,0.4145119
2819.0,0.2831053,0.100964084,0.30203956,0.49508068
2821.0,0.2981014,0.14421014,0.29463983,0.47075447
2822.0,0.24897794,0.11738056,0.24802437,0.3686556
2823.0,0.2805579,0.15554315,0.26441348,0.4044751
2824.0,0.26363477,0.11689623,0.26526448,0.46375814
2825.0,0.26629913,0.13270329,0.2879523,0.4716402
2826.0,0.26482916,0.11634654,0.24340332,0.36385876
2827.0,0.23784086,0.10775039,0.25355503,0.377452
2828.0,0.24706602,0.11801711,0.2655715,0.4766837
2831.0,0.22027177,0.09908579,0.23453882,0.33065242
2832.0,0.22957751,0.104859,0.23492515,0.32330924
2833.0,0.2668477,0.13187452,0.26484758,0.46486753
2834.0,0.240488,0.10401702,0.2554318,0.35777622
2835.0,0.23482305,0.10226633,0.25441208,0.3345233
2836.0,0.23300597,0.100081734,0.2622154,0.32365656
2838.0,0.21871784,0.12786157,0.20521297,0.48598406
2841.0,0.28052032,0.12174732,0.26982552,0.3806417
2844.0,0.20903291,0.10468158,0.21175587,0.3138389
2845.0,0.2675369,0.15324643,0.27991104,0.461942
2846.0,0.2211284,0.10722902,0.23197542,0.3269052
2848.0,0.26240745,0.096593685,0.2811828,0.5773632
2849.0,0.29393923,0.12678503,0.27565366,0.5618517
2851.0,0.5304768,0.26679236,0.53214985,0.9280843
2853.0,0.5292281,0.2614915,0.5202763,0.95460504
2854.0,0.2132024,0.099015675,0.2261593,0.35980308
2857.0,0.26150122,0.09575343,0.2865123,0.52285933
2858.0,0.25285396,0.088980794,0.2683311,0.6045496
2862.0,0.2511121,0.12242868,0.2508911,0.3703574
2863.0,0.23065397,0.114929445,0.24642138,0.4817482
2865.0,0.20973252,0.10749608,0.21545146,0.28834677
2868.0,0.2339487,0.108752064,0.23932543,0.44526982
2870.0,0.23403715,0.09649013,0.23759595,0.32276803
2872.0,0.24544998,0.122016296,0.26036447,0.33924294
2873.0,0.23912348,0.085413426,0.23902944,0.35989437
2875.0,0.22748019,0.11672326,0.2298078,0.3305484
2877.0,0.26175812,0.10838786,0.24213389,0.44222733
2878.0,0.2275208,0.09557408,0.22745977,0.31892133
2880.0,0.24226075,0.12136751,0.25974306,0.33652577
2881.0,0.22498345,0.09205232,0.2430526,0.38380504
2884.0,0.22968392,0.098751105,0.22446553,0.5170804
2885.0,0.20676506,0.089412995,0.2307826,0.3186816
2886.0,0.22917058,0.09990527,0.23618355,0.4598425
2887.0,0.26110727,0.13507894,0.2700664,0.46214578
2889.0,0.26603046,0.11239045,0.26020223,0.37107232
2891.0,0.22784586,0.10488296,0.23417044,0.3299502
2892.0,0.26101995,0.13597451,0.2673582,0.4835719
2894.0,0.20162357,0.09100563,0.20612085,0.31307843
2895.0,0.24906279,0.11122663,0.2565242,0.33800754
2896.0,0.24096702,0.08268405,0.23075315,0.40084273
2897.0,0.29132864,0.13751829,0.30123723,0.4624454
2899.0,0.2016018,0.11749757,0.19643585,0.33328196
2900.0,0.21450268,0.08376014,0.22462822,0.33857256
2901.0,0.22018741,0.097905956,0.23680127,0.47206196
2902.0,0.23979436,0.12094994,0.24608867,0.34273365
2903.0,0.1880954,0.09356383,0.19493452,0.3144034
2905.0,0.2514314,0.1160697,0.24992895,0.36806142
2906.0,0.23031396,0.099058695,0.21944787,0.36490464
2907.0,0.27521273,0.10916104,0.265142,0.43169737
2908.0,0.2700341,0.118899204,0.2808695,0.4893998
2909.0,0.26624504,0.12990393,0.2684793,0.3844912
2910.0,0.24631852,0.119343705,0.25364575,0.377319
2911.0,0.24738511,0.11793927,0.23520611,0.3545297
2912.0,0.24438353,0.10597608,0.24572524,0.47431168
2913.0,0.20430884,0.096512705,0.20237297,0.33273402
2915.0,0.22775736,0.103239104,0.23601753,0.4760354
2917.0,0.2392535,0.110881954,0.25649622,0.4580931
2918.0,0.265216,0.0992707,0.28022796,0.50050616
2919.0,0.17146535,0.09297529,0.18946114,0.31674567
2920.0,0.24516918,0.10769376,0.27249047,0.4592317
2925.0,0.22775605,0.07830081,0.23289312,0.36939454
2926.0,0.2645961,0.13365771,0.27575433,0.47483182
2927.0,0.27402017,0.14817794,0.2710358,0.53336257
2928.0,0.14942607,0.083985075,0.15736903,0.32707274
2929.0,0.22106405,0.100660436,0.24063607,0.33130577
2930.0,0.2218516,0.10026944,0.24349111,0.32917756
2935.0,0.23809299,0.11654957,0.2406977,0.3236295
2940.0,0.2628744,0.12745936,0.2764379,0.45299113
2941.0,0.21109734,0.09045364,0.22448541,0.31738317
2943.0,0.19494234,0.095838554,0.2203968,0.3293308
2944.0,0.2297549,0.1060165,0.23514512,0.32404995
2945.0,0.1964189,0.09962667,0.2063478,0.32427752
2947.0,0.26413834,0.11462003,0.27068028,0.37695077
2948.0,0.20512071,0.09148354,0.19855021,0.3206361
2949.0,0.25638333,0.09886237,0.26157588,0.35289183
2951.0,0.25092432,0.09622864,0.25746801,0.47458467
2952.0,0.19097836,0.10080829,0.20753849,0.44467542
2953.0,0.29927632,0.119712956,0.29915637,0.5871086
2956.0,0.19942059,0.115541615,0.19442433,0.31141943
2957.0,0.24590573,0.115006,0.25599352,0.3484498
2960.0,0.19678736,0.10556178,0.20459415,0.32806745
2961.0,0.25986677,0.11281369,0.27050346,0.365024
2962.0,0.2416152,0.12115932,0.23476127,0.46781462
2965.0,0.18855229,0.09306074,0.1938099,0.29344514
2966.0,0.24932693,0.1409069,0.23623775,0.35054615
2967.0,0.2590707,0.1502756,0.2847283,0.48633245
2970.0,0.2325611,0.10434257,0.2446171,0.3678352
2971.0,0.23997413,0.10592366,0.2564649,0.36928004
2972.0,0.25954327,0.113916524,0.26202857,0.3693248
2973.0,0.22964099,0.11564401,0.23753367,0.36731216
2974.0,0.16831385,0.08826253,0.18806504,0.2970877
2975.0,0.18458748,0.09804885,0.17960566,0.28776968
2977.0,0.16252285,0.09713371,0.1649426,0.26399007
2978.0,0.19341256,0.09950057,0.2059822,0.35252553
2981.0,0.221557,0.10995328,0.23964578,0.3329575
2984.0,0.2260239,0.10806184,0.23542939,0.44451192
2986.0,0.12356264,0.08165664,0.11676932,0.20169607
2989.0,0.24128622,0.11048562,0.25662598,0.47297025
2991.0,0.1496178,0.07643868,0.15891661,0.28842217
2992.0,0.18156162,0.09470311,0.17872636,0.25483125
2995.0,0.24936792,0.12151967,0.265801,0.48662958
2997.0,0.22838418,0.116714075,0.24445905,0.4207886
3001.0,0.238881,0.102517076,0.25561762,0.46323323
3004.0,0.22363721,0.1017724,0.24633662,0.46565187
3005.0,0.23419772,0.12009004,0.2344497,0.5388181
3006.0,0.21121174,0.09904385,0.22517782,0.43813914
3007.0,0.27448386,0.12571141,0.251148,0.33157265
3008.0,0.20658669,0.0874341,0.21292192,0.32240105
3009.0,0.104422316,0.06485884,0.10610796,0.2892692
3010.0,0.19486147,0.110220365,0.1806338,0.27307522
3012.0,0.14375722,0.08170113,0.139394,0.26760495
3014.0,0.1947712,0.1184282,0.17193441,0.29044458
3015.0,0.13863114,0.06882392,0.14473967,0.26769164
3017.0,0.24022263,0.12699129,0.22696488,0.33291417
3018.0,0.14374885,0.08287732,0.14571872,0.3152366
3019.0,0.19459945,0.10781944,0.18493585,0.2667077
3020.0,0.15189932,0.085391715,0.14321156,0.32146952
3021.0,0.1357949,0.069513015,0.13984309,0.26544106
3022.0,0.1502387,0.08871426,0.14747676,0.2986053
3023.0,0.20490585,0.09621252,0.22394821,0.32458207
3024.0,0.16255686,0.08784333,0.16471289,0.2601281
3025.0,0.14323537,0.08821978,0.13319308,0.30502835
3027.0,0.16573784,0.08879157,0.1640131,0.2528745
3028.0,0.14426424,0.07937385,0.14482707,0.2624541
3031.0,0.19313382,0.094362624,0.18715313,0.31190726
3032.0,0.20638193,0.092974715,0.21595766,0.30781195
3035.0,0.04513124,0.019485297,0.045673337,0.20419861
3036.0,0.052112002,0.01981764,0.04404886,0.21668038
3037.0,0.051075023,0.024060046,0.043925233,0.20387642
3038.0,0.046376757,0.018682895,0.04845301,0.2640457
3039.0,0.050043803,0.016008958,0.04355133,0.23619922
3040.0,0.046803817,0.02001846,0.043274116,0.21500336
3041.0,0.049917895,0.029463716,0.048182927,0.21209162
3042.0,0.052967384,0.024964357,0.04839398,0.20512961
3043.0,0.06693179,0.03506632,0.08039585,0.21287394
3045.0,0.036999006,0.014223713,0.042861372,0.21597557
3046.0,0.05585074,0.023698598,0.07249739,0.21946049
3047.0,0.57389957,0.23935924,0.6446664,1.0044788
3048.0,0.2753014,0.11475062,0.28260887,0.4565404
3049.0,0.07238969,0.020575872,0.09485948,0.28835684
3050.0,0.5972278,0.26960605,0.62057436,0.98013896
3051.0,0.5810023,0.25771886,0.59418553,1.0062637
3053.0,0.06142064,0.028517077,0.07068664,0.231298
3054.0,0.084818505,0.02566042,0.09010758,0.24509147
3055.0,0.08368639,0.023762727,0.09727267,0.28238317
3056.0,0.27618346,0.11629481,0.29641375,0.48279482
3057.0,0.37018162,0.11328883,0.35831136,0.6256129
3058.0,0.060126245,0.02923718,0.07479597,0.22340068
3059.0,0.052618094,0.0181491,0.07904148,0.2267022
3060.0,0.453387,0.22476763,0.44690037,0.99876976
3062.0,0.70023066,0.26694658,0.7352477,1.083251
3063.0,0.27565277,0.11486725,0.28893435,0.5117128
3064.0,0.051805634,0.027240442,0.06774437,0.22472599
3065.0,0.34664902,0.11972923,0.36494714,0.70630276
3066.0,0.18801555,0.08770682,0.20046273,0.45439857
3067.0,1.2601147,0.3633809,1.4827455,1.915913
3068.0,0.38326392,0.15314594,0.42089102,0.65520805
3070.0,0.32691446,0.09660624,0.34737375,0.63348573
3071.0,0.38318747,0.14073762,0.39309794,0.6551474
3072.0,0.28469113,0.13495988,0.29886353,0.46939686
3073.0,0.28720397,0.118247025,0.3035085,0.6165277
3075.0,0.27449125,0.11854225,0.29561964,0.57724845
3076.0,0.063285686,0.021654423,0.07042961,0.2255491
3077.0,0.047030736,0.016505407,0.06911052,0.22179988
3078.0,0.058877658,0.027326357,0.070654996,0.21517584
3079.0,0.38976216,0.19804648,0.4100752,0.66683203
3080.0,0.23258929,0.12772253,0.24336748,0.51954556
3081.0,0.2700923,0.10714321,0.28161484,0.6078534
3082.0,0.07740039,0.031205136,0.09307422,0.21484476
3083.0,0.0798298,0.031616174,0.09810925,0.22302113
3084.0,0.06535987,0.021124158,0.07239314,0.23933862
3085.0,0.051585484,0.027788116,0.069089234,0.22531071
3087.0,0.04832883,0.0172707,0.065638974,0.2282073
3088.0,0.26011676,0.124455124,0.29260814,0.49526227
3089.0,0.05587312,0.020818174,0.07892453,0.2207106
3090.0,0.6145993,0.31075233,0.63473433,0.98053384
3093.0,1.1538659,0.42512912,1.3429371,1.9376061
3095.0,0.28642273,0.14228086,0.32648733,0.55872273
3097.0,0.5603458,0.29909676,0.59611976,0.9944822
3098.0,0.39713496,0.14615567,0.42141768,0.7126894
3099.0,0.085383534,0.0296122,0.09995265,0.28949502
3101.0,0.05036664,0.01921475,0.0727971,0.21926528
3103.0,0.090469785,0.028006189,0.09965424,0.27208832
3104.0,0.0637734,0.022256859,0.085133284,0.21945871
3107.0,0.07932841,0.026860291,0.084957756,0.21944287
3108.0,1.1356251,0.3853984,1.2012198,1.8458534
3110.0,0.69989634,0.34020227,0.80192435,1.0417802
3113.0,0.066510014,0.022821771,0.0923203,0.23348936
3116.0,0.34637153,0.13570634,0.3333315,0.49018025
3117.0,0.05903612,0.02128189,0.08281299,0.22586581
3119.0,0.31757873,0.14215016,0.32513905,0.47910562
3121.0,0.048339788,0.018489474,0.07120394,0.22997685
3122.0,0.7371711,0.33593836,0.8189988,1.033645
3123.0,0.07654767,0.032719195,0.07885405,0.2088467
3124.0,0.7512215,0.38448605,0.70125574,1.1888652
3125.0,0.7346582,0.32614946,0.6559481,1.1739937
3126.0,0.045521315,0.018963391,0.06856067,0.21930054
3127.0,0.7724205,0.38296595,0.75875866,1.219523
3128.0,0.6235409,0.321903,0.5989798,1.0636668
3129.0,0.29602122,0.14103754,0.33001575,0.5746349
3130.0,0.7255723,0.20478842,0.70993274,1.2857988
3131.0,0.5621038,0.34313425,0.5530214,0.98108214
3132.0,0.29762298,0.13038829,0.3168799,0.588523
3134.0,0.33472407,0.16795653,0.37636092,0.5270801
3136.0,0.36395204,0.16834548,0.39218882,0.5445325
3138.0,0.8468277,0.48626032,0.8158815,1.2420596
3140.0,0.5702279,0.29283032,0.5584017,1.0584806
3142.0,0.080745295,0.023094175,0.098783165,0.27050447
3143.0,0.33854967,0.18949743,0.35535112,0.69814354
3144.0,0.30179638,0.12889421,0.31939515,0.49069914
3145.0,0.808283,0.3765583,0.8426546,1.252814
3146.0,0.26794186,0.12935007,0.2930239,0.5199655
3147.0,0.35601264,0.15535234,0.37306395,0.48103225
3148.0,0.5503811,0.2962825,0.52719986,0.99076915
3150.0,0.3141701,0.14529355,0.33048585,0.50297976
3151.0,0.30793276,0.13927753,0.3295116,0.54782605
3152.0,0.5340506,0.2382794,0.5252596,0.984519
3153.0,0.23302823,0.10427185,0.26013365,0.47325897
3155.0,0.5015837,0.17865586,0.51708704,0.925237
3157.0,0.066097975,0.030470027,0.0730098,0.21466695
3158.0,0.051020253,0.01924878,0.074148774,0.22013684
3160.0,0.3056526,0.14034358,0.34410608,0.5660215
3161.0,0.39669207,0.16746765,0.43164015,0.59634066
3162.0,0.3287562,0.14583038,0.3472793,0.5267323
3163.0,0.081655286,0.026092833,0.08847343,0.2536371
3164.0,0.0681714,0.029984867,0.08306057,0.20572035
3165.0,0.32022628,0.16540372,0.3263537,0.5113914
3166.0,0.904702,0.45732135,0.85368663,1.6620159
3168.0,0.06379079,0.024102371,0.08606059,0.2300274
3169.0,0.32284588,0.14569242,0.34259632,0.5143608
3170.0,0.086741485,0.028951202,0.09201526,0.21650636
3171.0,0.28404823,0.13237472,0.29597014,0.54216105
3172.0,0.32427287,0.14362231,0.3532022,0.5600846
3173.0,0.046587,0.018253673,0.070722915,0.21962887
3174.0,1.4859082,0.3927069,1.690052,2.0704558
3175.0,0.0633314,0.028475083,0.075096026,0.22196494
3176.0,0.04591927,0.019292178,0.06724522,0.2211945
3179.0,0.3124105,0.13064219,0.33226582,0.7776151
3180.0,0.33695975,0.19883394,0.35360888,0.8230004
3181.0,0.429607,0.15883584,0.44700256,0.6843936
3182.0,0.046798173,0.01994811,0.07630512,0.24654925
3183.0,0.05694388,0.026184805,0.07641472,0.2422549
3186.0,0.26599166,0.13270909,0.30807337,0.60558337
3188.0,0.27178574,0.12825923,0.30532393,0.490363
3190.0,0.5536935,0.29980195,0.5863399,0.99927044
3192.0,0.21653384,0.10473823,0.25392425,0.4860466
3193.0,0.060360912,0.02807476,0.07526268,0.23914245
3195.0,0.32619438,0.12810993,0.36535576,0.6329858
3196.0,0.24641019,0.113450795,0.26266196,0.49103406
3199.0,0.07067094,0.026146166,0.10166892,0.22771034
3200.0,0.34553692,0.1707243,0.37081343,0.58137167
3201.0,0.06475674,0.031670928,0.08147287,0.20746171
3202.0,0.054456767,0.03283721,0.07347297,0.22362818
3204.0,0.075414464,0.038054556,0.09829852,0.21927156
3205.0,0.36661047,0.18996479,0.36139464,0.58258873
3206.0,0.25795865,0.14053313,0.25116944,0.49691564
3207.0,0.070085615,0.025192237,0.09178275,0.2559737
3209.0,0.25964794,0.12861499,0.2845423,0.52784944
3210.0,0.33008096,0.1723572,0.33504674,0.5699569
3211.0,0.07183737,0.026750745,0.08906846,0.23478606
3212.0,0.078856304,0.042400897,0.08741466,0.20703736
3214.0,0.059023973,0.024831267,0.087049626,0.22309439
3215.0,0.19394365,0.11353002,0.22660553,0.43754888
3216.0,0.072205134,0.025965068,0.078532785,0.23388474
3219.0,0.08060161,0.027014589,0.10674071,0.27463764
3220.0,0.2066104,0.11478337,0.1973692,0.47935855
3222.0,0.066461906,0.023549546,0.08638754,0.22518791
3223.0,0.063191935,0.026315846,0.074003085,0.22782771
3224.0,0.45673501,0.19296333,0.49957052,0.75729233
3226.0,0.06496665,0.02654029,0.076488525,0.22518963
3227.0,0.052761957,0.025855783,0.07762212,0.21973161
3229.0,0.07678002,0.026202353,0.1060194,0.28758556
3230.0,0.063358836,0.027989078,0.074306704,0.22861873
3231.0,0.07163393,0.037618384,0.0825244,0.21008742
3232.0,0.062466376,0.03322551,0.08111632,0.23833755
3233.0,0.07194315,0.02554074,0.10390997,0.23555632
3234.0,0.048324093,0.01976354,0.075704575,0.2202787
3235.0,0.047122657,0.019860985,0.076242514,0.21701355
3236.0,0.065564714,0.03458258,0.08518201,0.2091097
3237.0,0.057019133,0.025315994,0.08518498,0.21966721
3238.0,0.63445556,0.32685515,0.7309078,1.0037706
3240.0,0.07221171,0.03587959,0.08975135,0.2578836
3241.0,0.08004308,0.02605069,0.109830454,0.2867283
3242.0,0.26004714,0.11761789,0.29215905,0.58799833
3243.0,0.06554327,0.028084517,0.09385132,0.2215532
3245.0,0.3377696,0.16895281,0.3391792,0.6348374
3247.0,0.2875648,0.1413743,0.31315136,0.51496357
3248.0,0.623543,0.33152238,0.6980159,0.99857324
3250.0,0.046479553,0.022822957,0.07272248,0.21634947
3251.0,0.06912215,0.023155307,0.09634212,0.23889178
3252.0,0.07848029,0.04139692,0.088390134,0.20662071
3253.0,0.04990474,0.025699494,0.07293335,0.21590099
3254.0,0.27031505,0.12804547,0.290073,0.58258367
3255.0,0.27603188,0.12641436,0.32437733,0.56188047
3256.0,0.064870454,0.033609357,0.085678525,0.20877512
3257.0,0.061968878,0.025937578,0.09611013,0.2294011
3258.0,0.28182647,0.16744336,0.2640617,0.51736933
3259.0,0.34013656,0.12149427,0.3576651,0.698948
3260.0,0.07835097,0.0356,0.10290383,0.21115442
3265.0,0.26458985,0.12627104,0.2830605,0.54783034
3267.0,0.077784844,0.035595704,0.08724695,0.20597468
3268.0,0.3361775,0.12289073,0.35924724,0.6964965
3269.0,0.0577326,0.0254186,0.070711315,0.21426696
3270.0,0.21356003,0.10696235,0.2422543,0.5430236
3272.0,0.059672464,0.028060796,0.074319884,0.2288952
3274.0,0.073817074,0.026759515,0.108385764,0.24462964
3276.0,0.26603967,0.12554823,0.28235525,0.48210242
3278.0,0.5647474,0.30312032,0.57449716,0.98764664
3280.0,0.30462357,0.14668445,0.3271824,0.5164955
3282.0,0.33078068,0.14871272,0.3544495,0.58243656
3283.0,0.076378286,0.036825143,0.08533149,0.20570523
3284.0,0.28530896,0.1282445,0.29330748,0.581839
3286.0,0.048726674,0.023842094,0.07487714,0.21946095
3287.0,0.07251956,0.035910923,0.080830075,0.21732308
3289.0,0.31656948,0.12918238,0.35820597,0.5352527
3291.0,0.27886027,0.13041674,0.30838954,0.5209283
3292.0,0.058248904,0.02648365,0.08511658,0.22028269
3293.0,0.3037186,0.13119248,0.31308255,0.4661337
3294.0,0.35945544,0.12433121,0.38860276,0.6047207
3295.0,0.30082703,0.13345365,0.3166842,0.45768914
3308.0,0.18936814,0.08580713,0.20763245,0.37016848
3310.0,0.23596641,0.1160697,0.25100198,0.36174142
3311.0,0.26119858,0.12554327,0.25005856,0.4523196
3321.0,0.78906506,0.39028105,0.75244284,1.6042664
3335.0,0.7394942,0.3404266,0.7228442,1.4047376
3347.0,1.1095283,0.4240734,1.0859424,1.8306566
3350.0,0.8205551,0.4090371,0.7561927,1.4377457
3355.0,0.780683,0.38528776,0.7841484,1.5931895
3357.0,0.7144583,0.34756666,0.6808873,1.5727497
3359.0,0.56041723,0.4083864,0.55415905,1.1043613
3360.0,0.3736505,0.18387748,0.41297966,0.65671414
3362.0,0.75544083,0.41821593,0.7266817,1.0470734
3365.0,0.41061383,0.2160117,0.4260236,0.6780755
3366.0,0.45364374,0.26290426,0.48782337,0.7189159
3370.0,0.6412536,0.32102355,0.66468495,0.9720368
3375.0,0.37006015,0.19334565,0.39256752,0.6725074
3379.0,0.8554453,0.40438342,0.82676566,1.6377479
3381.0,0.38904998,0.17054164,0.39816073,0.67282045
3383.0,0.2494571,0.12223041,0.24872212,0.36104825
3389.0,0.3932827,0.21261004,0.411351,0.6515746
3403.0,0.40214744,0.20428385,0.4134019,0.6886049
3405.0,1.0531166,0.5256238,1.0143148,1.8391812
3407.0,0.830245,0.39006603,0.81327355,1.6674865
3410.0,0.33790398,0.19635329,0.3424674,0.5791206
3412.0,0.18368156,0.08806009,0.19056131,0.32776368
3413.0,0.3936887,0.2287444,0.40534306,0.6442506
3417.0,0.22873622,0.115216196,0.21377474,0.47197843
3418.0,0.17129804,0.09094098,0.18773931,0.3215996
3424.0,0.1957552,0.08402778,0.20344386,0.33188173
3425.0,0.7839808,0.37424082,0.77038634,1.3808914
3429.0,0.43880516,0.1986486,0.42921627,0.7377621
3432.0,0.39314947,0.21106878,0.36335102,0.7899868
3437.0,0.68992734,0.34883028,0.66252095,1.1904303
3438.0,0.43800244,0.21886043,0.46480906,0.687023
3439.0,0.38677838,0.19214797,0.42501202,0.6767755
3442.0,0.8792593,0.37738457,0.84961045,1.306209
3445.0,0.98613465,0.24263524,1.0222206,1.5575289
3450.0,0.38423604,0.20588769,0.40127608,0.74496245
3453.0,0.30146727,0.18594542,0.30772096,0.6273287
3454.0,0.46440482,0.22606918,0.4619853,0.94489187
3456.0,0.41781104,0.23862138,0.431437,0.75927365
3466.0,0.767946,0.37865323,0.74140084,1.4138205
3467.0,0.276175,0.105207965,0.27205893,0.42436257
3472.0,0.38162297,0.16581802,0.4103524,0.7447592
3475.0,0.9713417,0.546909,0.89875996,1.529176
3477.0,1.1243795,0.37307292,1.1346668,1.8257943
3478.0,0.7447957,0.3838045,0.6883939,1.4347568
3482.0,0.40940005,0.24643607,0.4175059,0.7775747
3485.0,0.4800888,0.26124004,0.54385304,0.7537602
3486.0,0.17378339,0.10236926,0.17030984,0.34830084
3488.0,0.36284527,0.18077669,0.40848637,0.7044508
3489.0,0.39331266,0.21036991,0.40670186,0.7086474
3490.0,0.3940349,0.22704704,0.4108431,0.7085001
3491.0,0.39256948,0.22799233,0.42189375,0.7004522
3493.0,0.40267622,0.23165613,0.40448108,0.7754246
3494.0,0.38757053,0.23385194,0.38346395,0.6868557
3498.0,0.20083675,0.09167508,0.19283052,0.32609275
3500.0,0.22768085,0.1253348,0.21334352,0.3145137
3503.0,0.5106547,0.25906911,0.57348484,0.81275606
3506.0,0.3537119,0.1520578,0.35702115,0.5503531
3511.0,0.34283173,0.16987985,0.33966923,0.55334705
3512.0,0.3387207,0.19162239,0.34008744,0.5399265
3520.0,0.42298517,0.15062945,0.43454844,0.5874223
3521.0,0.32103,0.1739363,0.32112268,0.532894
3523.0,0.5166832,0.26937348,0.50491506,0.94160694
3526.0,0.16324663,0.09257844,0.15918802,0.30602267
3534.0,0.18804796,0.11202833,0.18507631,0.33343568
3536.0,1.0393013,0.43509847,1.1084449,1.7762449
3539.0,0.9182275,0.5124088,0.8811786,1.4369287
3542.0,0.29510918,0.13009445,0.31013247,0.5295201
3548.0,0.9987459,0.4759724,0.94215006,1.7077615
3557.0,0.9766154,0.4205974,0.9470128,1.8770169
3559.0,0.41293636,0.22098105,0.43703565,0.79652935
3564.0,0.18725747,0.07750456,0.18297054,0.3539055
3566.0,0.3808907,0.15300332,0.4004425,0.5155771
3568.0,0.8872257,0.43459275,0.91313595,1.6400557
3574.0,0.18937024,0.11631491,0.18664713,0.3154349
3575.0,0.032167833,0.01414922,0.03525719,0.22984694
3578.0,0.44436607,0.21261902,0.48590645,0.80911493
3579.0,1.1833498,0.54620695,1.2358282,1.7832391
3580.0,0.93951863,0.43508658,0.98410696,1.9220672
3582.0,0.19541411,0.0920942,0.19847222,0.30557096
3587.0,1.0180049,0.52067846,1.009628,1.4674582
3588.0,0.87539864,0.3836803,0.8485893,1.6145718
3593.0,0.93583435,0.44814697,0.8995585,1.5638853
3600.0,1.0022414,0.42906755,1.024526,1.8118845
3601.0,0.9482524,0.44115382,0.9277843,1.611475
3603.0,0.888931,0.4125419,0.938022,1.7980403
3604.0,0.92173475,0.4945278,0.9491966,1.8117838
3608.0,1.0061084,0.47922847,0.9493589,1.8270268
3611.0,0.3703732,0.21592566,0.38036162,0.7067497
3615.0,1.008018,0.5078643,1.0117252,1.5733697
3619.0,1.0979608,0.511517,1.0310105,1.9244684
3622.0,1.1127717,0.22280203,1.0894669,1.6292086
3624.0,0.492205,0.25344443,0.5004705,0.87138855
3630.0,0.55844575,0.31725597,0.57226914,0.8764233
3635.0,1.1351362,0.44726837,1.1945072,1.8683541
3637.0,0.5085601,0.26902804,0.521381,0.80493265
3639.0,0.53137803,0.2864435,0.52755773,0.8594746
3641.0,1.0636047,0.4302496,1.0249536,1.7846615
3645.0,1.0199023,0.42108542,1.076772,1.7561064
3653.0,0.55344576,0.28047496,0.565552,1.0133952
3654.0,0.4372988,0.2167065,0.45810512,0.7690375
3658.0,0.489054,0.22715837,0.49024454,0.8380745
3663.0,0.16338556,0.080393955,0.16288516,0.32536292
3667.0,0.4962449,0.22814213,0.51180434,0.94945025
3668.0,0.51503706,0.24313815,0.5273412,0.9416444
3671.0,0.93396026,0.294115,0.9638261,1.7650367
3674.0,0.5811693,0.24003778,0.6351008,0.88726336
3677.0,0.45663446,0.2677657,0.44297037,0.7895952
3679.0,1.0213832,0.39381796,1.0543586,1.9818696
3681.0,1.0853227,0.3620697,1.137116,1.9577519
3683.0,0.17721018,0.081547305,0.17852686,0.29043487
3684.0,0.9165561,0.31959304,0.9896588,1.7535185
3689.0,0.48876145,0.20477,0.53393775,0.9943411
3692.0,0.53690034,0.31072375,0.5082707,0.9195708
3696.0,0.18238522,0.0875163,0.19411795,0.29090863
3698.0,0.24393371,0.1274003,0.24599351,0.4434022
3699.0,0.2061752,0.10733318,0.20978059,0.29859585
3702.0,0.42322516,0.19774094,0.42833447,0.8334151
3703.0,0.5113084,0.2506907,0.48921257,0.92484456
3704.0,0.6073767,0.30683538,0.60780054,1.0881692
3705.0,0.6335974,0.346154,0.63479495,1.0439898
3711.0,0.51612186,0.26946032,0.5245227,0.84748316
3713.0,0.50302136,0.2671049,0.5078532,0.9518848
3715.0,0.7275637,0.34842744,0.7010974,1.0508146
3717.0,0.881747,0.4598753,0.8630992,1.3440034
3722.0,0.8248811,0.45006,0.8018285,1.3046016
3723.0,0.64956546,0.23972045,0.659921,0.96889526
3728.0,0.5513447,0.3300861,0.5295794,1.0021265
3730.0,1.3473084,0.43212005,1.2982616,2.1868255
3732.0,0.6875675,0.27354148,0.6313659,0.985013
3735.0,0.66793764,0.3383379,0.6308561,1.0527813
3739.0,0.35257304,0.16208772,0.3962949,0.60409
3742.0,0.538685,0.25320917,0.53944963,0.954248
3747.0,1.1391089,0.445922,1.1907768,1.9612501
3750.0,0.7763349,0.38974345,0.81345403,1.2395655
3754.0,0.9268217,0.42851186,0.91398937,1.6388264
3759.0,0.82006264,0.37091014,0.8544724,1.4140496
3765.0,0.431937,0.210661,0.44020352,0.6198813
3766.0,0.47210595,0.27899003,0.48135385,0.8023294
3772.0,0.6156963,0.28944588,0.6279441,0.98721373
3780.0,0.86787766,0.37703994,0.92085564,1.7503395
3785.0,1.4777908,0.51311356,1.4153869,2.1610854
3791.0,0.51711935,0.244658,0.56294036,0.95085907
3796.0,0.42497683,0.23635377,0.40347812,0.85270303
3800.0,0.54538447,0.15483756,0.5018477,0.89672
3802.0,0.91390294,0.38368306,0.8560307,1.8978242
3803.0,0.9294428,0.49185768,0.815713,1.3683283
3809.0,0.3912386,0.20802312,0.37686893,0.6241862
3813.0,0.42741835,0.22442469,0.44377583,0.72585136
3818.0,0.49613693,0.24995598,0.4764377,0.9239982
3820.0,0.5333917,0.30489424,0.5595672,1.0721804
3822.0,0.4842997,0.24706633,0.47327563,0.92099375
3827.0,0.21412657,0.07938669,0.20777245,0.34242752
3829.0,0.9775418,0.5032499,0.98645735,1.6602591
3842.0,0.37528452,0.20957492,0.38196924,0.63817006
3844.0,0.8060224,0.43418363,0.83122194,1.3568897
3845.0,0.77011186,0.36709458,0.7559615,1.2699339
3847.0,0.42643958,0.20619425,0.43819073,0.7497509
3848.0,0.41425768,0.23807831,0.3920927,0.86514616
3853.0,0.4751028,0.2399728,0.4818796,0.93081164
3854.0,0.53222954,0.26724344,0.5807814,0.8781827
3855.0,1.2408702,0.48064598,1.2325193,2.0090446
3856.0,0.43190145,0.22826359,0.450661,0.6915045
3858.0,0.20203622,0.102669485,0.2113444,0.28367552
3859.0,0.89896053,0.3182206,0.8090308,1.874031
3861.0,0.81352425,0.39610866,0.8381668,1.3925501
3863.0,0.55701405,0.25526452,0.5485592,0.95172334
3864.0,0.4969021,0.25422382,0.4812172,0.95637286
3865.0,0.4008429,0.22082384,0.42160016,0.7757299
3867.0,0.46148038,0.25692323,0.44236386,0.78385645
3870.0,0.24640267,0.18424116,0.24904455,0.45410797
3873.0,1.0899063,0.46813276,1.0155352,1.8924196
3875.0,0.54169446,0.1762666,0.5328249,0.90117234
3880.0,0.46601498,0.23750661,0.46179265,0.78549147
3888.0,0.50091666,0.21419467,0.503798,0.9785761
3891.0,0.3778236,0.21004204,0.37576532,0.58796203
3894.0,0.40475985,0.20864668,0.42156598,0.7245533
3896.0,1.2322524,0.49521932,1.1919193,2.072126
3898.0,0.43826267,0.1777238,0.44133303,0.7507118
3901.0,0.41299874,0.24528793,0.3969672,0.7991489
3902.0,0.3742256,0.20949675,0.36572313,0.69422036
3908.0,0.42645264,0.23023608,0.43138316,0.7609848
3913.0,0.40751588,0.21785928,0.40436798,0.75901943
3918.0,0.49977353,0.22487055,0.5537285,0.8328765
3927.0,0.4460538,0.29116014,0.4780403,0.741387
3936.0,0.47978136,0.2557462,0.48867422,0.89733124
3943.0,1.2128885,0.44448537,1.20058,1.7903025
3946.0,0.3146622,0.15782663,0.30099618,0.5827292
3954.0,1.1841406,0.46551517,1.1960293,2.0230615
3955.0,0.3853152,0.22094955,0.39054325,0.66529113
3956.0,0.48619568,0.23241082,0.47152236,0.83613497
3961.0,0.5464029,0.24134083,0.5634341,0.9401256
3972.0,0.41222125,0.22547148,0.4155902,0.7553175
3973.0,0.40827224,0.21657117,0.42666227,0.71007
3974.0,0.8303526,0.43325365,0.841767,1.4231509
3975.0,0.9255529,0.45340243,0.87040025,1.602428
3980.0,0.7515444,0.40542376,0.7092193,1.2107182
3982.0,1.0137937,0.48961166,1.038621,1.5495268
3990.0,1.364406,0.5134979,1.3930706,2.0184698
3993.0,0.56874394,0.2605439,0.58129895,0.9689615
3996.0,0.3799754,0.22422296,0.40299407,0.69635975
4002.0,0.36783168,0.2110429,0.37832156,0.6812874
4004.0,0.33655992,0.2137626,0.32665727,0.5728771
4006.0,0.3608596,0.17708637,0.3787094,0.6820343
4012.0,0.23954391,0.113975085,0.24574052,0.44486806
4015.0,0.41448376,0.2253402,0.4215505,0.6665642
4022.0,0.38780537,0.20393282,0.40946242,0.6752096
4029.0,0.38557175,0.20169462,0.40130392,0.6687272
4038.0,0.5654777,0.32678723,0.57069606,1.0312663
4042.0,0.5269274,0.30013955,0.50172013,0.7464866
4044.0,0.85888207,0.41194302,0.7818276,1.818493
4047.0,0.32308704,0.12344518,0.31862098,0.50104743
4048.0,1.170686,0.41728908,1.097824,1.8109646
4052.0,0.37040713,0.21301182,0.36030015,0.69766587
4057.0,1.0848014,0.4433012,1.0509428,1.7171873
4058.0,0.51645684,0.24447401,0.504585,0.72470033
4059.0,0.4458995,0.24262579,0.44334182,0.8213061
4064.0,0.1801119,0.10200116,0.18218972,0.25839856
4068.0,0.39104706,0.16354083,0.4174405,0.69233817
4069.0,0.31173262,0.10843642,0.29658985,0.49227482
4074.0,0.26799348,0.11123921,0.28593704,0.5115524
4075.0,0.9650968,0.48804182,0.9172615,1.8273724
4077.0,0.351615,0.21211956,0.35061452,0.60959387
4084.0,0.3839108,0.23603526,0.38647288,0.6484112
4087.0,0.4176104,0.27201852,0.426291,0.61836225
4090.0,0.66752416,0.24974783,0.65697235,0.9748034
4092.0,0.31344473,0.17915729,0.31852332,0.5492675
4096.0,0.52951086,0.21226859,0.5496776,0.73534703
4097.0,0.38681278,0.20671174,0.42440906,0.6338734
4098.0,0.3618783,0.17958474,0.3845901,0.6096346
4101.0,0.40000904,0.147076,0.4462624,0.53600585
4105.0,0.3607304,0.19656508,0.38345858,0.6449835
4107.0,0.38436422,0.19007573,0.4007375,0.6382747
4108.0,0.39270017,0.19240205,0.41555935,0.6843713
4111.0,0.24292915,0.11676168,0.25187972,0.47787222
4112.0,0.43505308,0.24259062,0.42752123,0.6177972
4113.0,0.19472374,0.10675698,0.19110218,0.2768326
4114.0,0.38577536,0.20302711,0.41082853,0.69193435
4115.0,0.89801615,0.40558317,0.9192049,1.8237103
4119.0,0.38570872,0.21858521,0.40012,0.6676823
4120.0,0.3563519,0.17206101,0.3648592,0.72190005
4126.0,0.7596013,0.3284495,0.7610994,1.2666367
4127.0,0.36173135,0.17935038,0.37471735,0.64584076
4131.0,0.22544245,0.08435823,0.21516038,0.32232663
4133.0,1.7759968,0.45445377,1.6996089,2.1903334
4134.0,0.44834587,0.2224466,0.461678,0.68360686
4135.0,0.3465334,0.1948502,0.36836824,0.6558599
4137.0,0.46992937,0.22943482,0.49010837,0.7183337
4138.0,0.58876497,0.20159438,0.55992466,0.89208436
4141.0,0.4147588,0.23042496,0.44156745,0.6706772
4142.0,0.45909667,0.2142383,0.4752623,0.7197519
4147.0,0.44583976,0.17595546,0.43439838,0.65643597
4150.0,1.4294204,0.5283807,1.5805227,2.011382
4151.0,0.4630848,0.18404189,0.47623587,0.7838372
4157.0,0.3782205,0.14755586,0.3988416,0.6943647
4165.0,0.3245931,0.15713295,0.34798312,0.6528748
4167.0,0.35083476,0.19046526,0.34249383,0.59106565
4168.0,0.4188198,0.15157929,0.40645954,0.65211815
4169.0,0.37401018,0.20548113,0.37818095,0.65603894
4173.0,0.38652024,0.14371866,0.40263674,0.66251636
4177.0,0.59016204,0.24919307,0.5494839,0.9741673
4183.0,0.20794097,0.091852576,0.20061949,0.2858778
4189.0,0.6518374,0.40005505,0.6168974,1.2621845
4190.0,0.38046786,0.20726348,0.39509162,0.5869425
4193.0,0.36566657,0.21760634,0.33809882,0.6237275
4195.0,0.38775805,0.16712669,0.38642436,0.62214607
4196.0,0.2982411,0.14642543,0.32138547,0.50348604
4203.0,0.3205663,0.13413529,0.33633062,0.58611584
4206.0,0.15799858,0.08775219,0.15328778,0.24931191
4212.0,0.6397661,0.41987827,0.5976905,1.0114098
4213.0,0.14193892,0.061018795,0.15034433,0.26715103
4216.0,0.49127415,0.19995467,0.49692363,0.8046377
4221.0,0.12522604,0.06937241,0.11915276,0.27827218
4222.0,0.34906676,0.1455581,0.36518842,0.60117334
4225.0,0.27350932,0.11179791,0.29117528,0.56220895
4239.0,1.6471605,0.49896753,1.7161734,2.1697855
4242.0,0.3365085,0.16269666,0.3695253,0.60611844
4244.0,0.45507738,0.22843072,0.4677136,0.6485561
4245.0,0.2637328,0.13179626,0.27916464,0.47970137
4247.0,0.16245495,0.07239537,0.14226773,0.30080172
4257.0,0.3970947,0.2159278,0.39294833,0.8031754
4258.0,0.9395562,0.4269266,0.897391,1.8360288
4260.0,0.969824,0.42670074,1.0041082,1.7024139
4266.0,0.34431386,0.1772158,0.3392786,0.56422955
4268.0,0.38791445,0.15638018,0.40603802,0.63538134
4270.0,0.16874036,0.093909256,0.16512813,0.26306668
4273.0,0.3012549,0.16171087,0.30452573,0.5668994
4275.0,0.20044737,0.12909292,0.2018169,0.42787626
4280.0,0.16523413,0.09744277,0.15644847,0.27942115
4282.0,1.2085276,0.32137555,1.2688911,2.0438824
4287.0,0.29414567,0.15174633,0.31896767,0.59571236
4290.0,0.3219272,0.16941328,0.3350592,0.607885
4292.0,0.40631136,0.21054731,0.4044195,0.6199634
4293.0,0.44203952,0.20027564,0.45428228,0.65156275
4294.0,1.4387062,0.563992,1.5026156,2.046092
4295.0,0.31937763,0.15114538,0.32004234,0.5935482
4297.0,0.47319853,0.19669919,0.45369855,0.69089246
4304.0,1.0806085,0.4472146,1.0069534,1.8249499
4312.0,1.0208085,0.27768978,0.90407926,1.8819715
4314.0,1.0740901,0.38310054,1.0898353,1.8113354
4316.0,0.16031358,0.08699499,0.18380581,0.33127162
4317.0,1.133017,0.5922645,1.0976021,1.8174661
4326.0,0.15551293,0.05508083,0.14149472,0.26899981
4327.0,0.88746434,0.40954438,0.7940927,1.312471
4328.0,0.88947207,0.37542525,0.8540402,1.7470375
4334.0,1.0405487,0.54519176,0.9870863,1.7600543
4336.0,0.39528757,0.17081052,0.40395042,0.6250676
4342.0,0.7120882,0.37453732,0.69009984,1.2091535
4345.0,0.3301365,0.16385578,0.3361911,0.58146995
4351.0,0.6200108,0.29480073,0.6300906,1.0331733
4353.0,0.70258015,0.35309467,0.7242513,1.2103864
4354.0,0.38389432,0.15285428,0.3890193,0.67709744
4361.0,1.1096541,0.43238,1.0572463,1.848976
4362.0,0.9702169,0.50442034,1.0165884,1.3105336
4366.0,0.6842398,0.33937734,0.67621374,1.1247106
4370.0,1.114982,0.45247746,1.0457209,2.0200684
4373.0,1.0004022,0.39527005,1.0563227,1.7440807
4375.0,1.09184,0.4886061,1.0308836,2.1491373
4379.0,1.14648,0.46869978,1.1287683,2.0110996
4380.0,1.2371905,0.5672616,1.2123989,1.9974829
4383.0,0.48152795,0.24209642,0.48445183,0.80065
4395.0,0.8871982,0.32489756,0.8486141,1.5464149
4396.0,0.40342912,0.19710071,0.40910193,0.62353265
4400.0,0.8759569,0.39149415,0.92072815,1.6457695
4403.0,0.26538068,0.15445834,0.26089817,0.52422404
4407.0,0.60313225,0.318748,0.5887562,1.0867753
4411.0,0.35238114,0.167732,0.37020436,0.66130763
4416.0,1.5396358,0.4924223,1.5761975,2.2278006
4418.0,0.18320099,0.11700575,0.17628743,0.25846863
4423.0,0.13745824,0.08715274,0.1264401,0.25026447
4424.0,0.13770999,0.08715274,0.12667112,0.25026447
4430.0,0.59737825,0.35060155,0.53613627,1.4800458
4437.0,1.4146506,0.5856406,1.3527911,2.2316725
4439.0,1.3246789,0.43248367,1.2930465,2.3681164
4440.0,1.1185745,0.5251708,1.1171312,1.7163239
4443.0,1.0859386,0.53778106,1.1262788,1.727123
4444.0,0.98826355,0.41086304,1.0235486,1.8004831
4447.0,0.17930107,0.12443035,0.16682954,0.2615043
4450.0,0.16337024,0.10214325,0.16010165,0.25697666
4452.0,0.634686,0.18089761,0.6344926,0.9556095
4454.0,0.37724853,0.20364335,0.37221435,0.6312698
4455.0,1.2932112,0.56065005,1.4620669,2.098045
4460.0,0.3421675,0.15880825,0.3807361,0.59200656
4463.0,1.2169194,0.46516898,1.2136137,1.988784
4464.0,0.29104277,0.13987465,0.31606656,0.56190795
4466.0,0.41667086,0.11418454,0.45935488,0.67086643
4472.0,1.0023545,0.3744618,0.99536693,1.797514
4478.0,0.7774088,0.3065049,0.7692909,1.7081058
4482.0,0.46761495,0.24127378,0.44200906,0.88906395
4485.0,0.85677856,0.37433273,0.8732085,1.7714735
4486.0,0.2506898,0.12517641,0.28902644,0.45300707
4487.0,0.9670804,0.47079104,0.9314789,1.627052
4490.0,0.30832613,0.14217578,0.3306601,0.52492654
4498.0,0.2780302,0.15709871,0.29408267,0.42322725
4500.0,1.0042447,0.40994063,0.9763174,1.6499597
4502.0,0.9525816,0.43312383,0.9130201,1.6690221
4508.0,0.2607055,0.109919496,0.2874385,0.40593874
4510.0,0.29703292,0.12535632,0.3006337,0.48273477
4514.0,0.38538584,0.18603367,0.38929036,0.5440024
4515.0,0.5538875,0.24821903,0.55138886,1.1427591
4522.0,1.4571174,0.50721425,1.3906053,2.0046103
4525.0,0.644422,0.27900138,0.66432124,1.0342083
4539.0,0.65003026,0.28307578,0.64794797,1.1386222
4543.0,1.2386582,0.42681774,1.1257395,1.9929507
4548.0,0.3002894,0.11500293,0.31889543,0.54127043
4550.0,1.4133041,0.5605571,1.3926276,2.058379
4551.0,1.0153964,0.5314863,1.0155016,1.7963961
4553.0,1.0317293,0.49075657,1.0452021,1.5728145
4559.0,0.79949313,0.45089406,0.81407154,1.1892732
4564.0,0.34055647,0.13124344,0.36315235,0.5408547
4567.0,0.24678954,0.15256324,0.25157475,0.4717079
4570.0,0.24176124,0.11763744,0.2492448,0.44386622
4573.0,0.27671602,0.1294743,0.30166432,0.50908303
4574.0,0.31365648,0.13934058,0.33832827,0.52608573
4575.0,0.3071255,0.14538401,0.32975554,0.508308
4579.0,0.58361816,0.28362796,0.61687887,0.81502116
4581.0,0.9219645,0.48683292,0.94036967,1.3437706
4583.0,0.6861393,0.36692208,0.6666512,1.451443
4585.0,0.36701572,0.14002803,0.4026158,0.5459444
4587.0,0.958461,0.39610174,1.0426809,1.7197015
4594.0,0.29847866,0.15100111,0.30061325,0.4807054
4597.0,0.66717553,0.36985013,0.67452925,1.044048
4600.0,0.22793019,0.13237014,0.24052066,0.46992272
4604.0,0.34443188,0.11290635,0.37531486,0.5666038
4606.0,0.29810485,0.15663852,0.30118713,0.49195796
4608.0,0.72243184,0.39714956,0.7264875,1.1935687
4609.0,0.28633526,0.14703222,0.30719703,0.5139114
4612.0,0.5034623,0.13055015,0.5165791,0.97257155
4613.0,0.48753527,0.21440834,0.4733982,0.9981346
4620.0,0.8445589,0.3917737,0.893855,1.6361943
4625.0,0.84055144,0.40064192,0.8186886,1.4403155
4628.0,0.57056487,0.329357,0.57570434,0.90255696
4629.0,0.6999705,0.27163124,0.6969704,1.0361654
4630.0,0.86590695,0.40237808,0.86800826,1.7783172
4634.0,0.3218952,0.17592452,0.32307288,0.53726864
4635.0,0.543355,0.25486064,0.55327386,0.92758995
4638.0,0.27018008,0.12756608,0.25348818,0.5567618
4640.0,0.23044159,0.113792755,0.23920752,0.46158722
4643.0,0.21088973,0.11806726,0.22421698,0.46251795
4647.0,0.48336542,0.22116892,0.48160753,0.8719683
4649.0,0.31490868,0.1627042,0.3297058,0.5020721
4652.0,0.9498781,0.32480747,1.0108274,1.7972581
4656.0,0.5436209,0.2674288,0.5461216,1.0228524
4658.0,0.74506027,0.37867066,0.73526025,1.3116001
4663.0,0.2834152,0.12555653,0.31185806,0.54921746
4665.0,0.7691902,0.3407852,0.71554446,1.1965281
4666.0,0.423683,0.24158964,0.43413773,0.7447069
4667.0,0.23956761,0.124914326,0.253778,0.49065256
4670.0,0.29085556,0.14143312,0.3135662,0.5134881
4671.0,0.4594622,0.2685215,0.4540266,0.89461404
4676.0,0.6929566,0.35212767,0.6726715,1.2545918
4678.0,0.6365629,0.3518216,0.6039878,1.2246927
4681.0,0.81333584,0.39275447,0.7525698,1.393204
4682.0,0.7186833,0.37072062,0.69958764,1.2213949
4684.0,0.64335394,0.25701535,0.6229493,1.1666869
4688.0,0.8215229,0.38185707,0.8381611,1.5253848
4689.0,0.30463696,0.13991964,0.32134947,0.52871215
4691.0,0.7898458,0.2822308,0.8075435,1.4653697
4697.0,0.30457798,0.16601239,0.329133,0.49228528
4700.0,0.29199514,0.1329197,0.3190967,0.5115888
4701.0,0.4642025,0.25681224,0.46279153,0.7612607
4704.0,0.44320956,0.22117871,0.42916965,1.1503136
4707.0,0.3159419,0.15383333,0.32278192,0.58733904
4709.0,0.88082325,0.44287646,0.84625494,1.512981
4712.0,0.57024986,0.31640166,0.5699493,0.9534505
4717.0,0.9796481,0.41744044,1.0771706,1.6658957
4718.0,0.39929882,0.22572827,0.36943406,0.8361407
4719.0,0.80748415,0.42845556,0.8080284,1.3115402
4721.0,0.28530684,0.13983658,0.3109366,0.5215276
4726.0,0.38358372,0.19008192,0.36427164,0.61124563
4728.0,1.3983457,0.5333966,1.4366803,2.1019247
4731.0,1.1002048,0.4856603,1.119001,1.776411
4733.0,0.7664663,0.39901686,0.8082994,1.3566723
4737.0,0.61031884,0.39478603,0.6128395,1.0382738
4739.0,0.7498559,0.36917576,0.72016406,1.6693668
4744.0,0.28639227,0.15673892,0.28694823,0.5653819
4750.0,0.8349345,0.3854295,0.74996454,1.6140314
4751.0,0.84601164,0.3664601,0.85488,1.7000356
4755.0,0.7001043,0.3383751,0.70200664,1.2801218
4757.0,0.61545825,0.27813867,0.59795225,0.9400264
4758.0,0.62541354,0.2644357,0.62160116,1.0201396
4762.0,0.5007969,0.25059947,0.4916847,0.87606174
4764.0,0.48565528,0.27852854,0.50492483,0.833904
4765.0,0.3552402,0.22309768,0.34987062,0.6860067
4768.0,0.2861079,0.15074949,0.2934,0.4957417
4770.0,0.92469996,0.44695908,0.88548005,1.6570683
4774.0,0.58728266,0.30954602,0.60763013,0.9117725
4779.0,0.26364288,0.14660695,0.28330094,0.47206438
4781.0,0.983322,0.4642447,0.9821303,1.6372465
4782.0,0.2848076,0.10311279,0.3788369,0.7100693
4788.0,0.27058432,0.110656366,0.29547215,0.5879765
4790.0,0.633005,0.3455603,0.6214931,1.0244097
4794.0,0.49024835,0.2786168,0.4792021,0.8871241
4795.0,0.28310207,0.14542504,0.29673347,0.5340864
4796.0,1.0739276,0.35862872,1.1750451,1.8527199
4800.0,0.21961895,0.11807739,0.22157626,0.4804462
4805.0,0.38627055,0.16690958,0.35879618,0.5684341
4807.0,0.8714229,0.39260158,0.8526468,1.3019047
4809.0,0.30184785,0.16738021,0.31126136,0.5235897
4818.0,0.6184136,0.30101055,0.6469411,1.0512153
4819.0,0.37020665,0.17565075,0.36973673,0.53628594
4821.0,0.66485775,0.37046435,0.5991401,1.5473464
4822.0,0.6339465,0.3642478,0.57639635,1.7211084
4825.0,0.5168752,0.32293275,0.5399651,1.3792127
4827.0,0.91350543,0.42361853,0.8940286,1.800171
4828.0,0.89288604,0.42989543,0.8780483,1.798972
4832.0,0.4661094,0.2282258,0.4339619,0.89166623
4835.0,0.26035458,0.13687053,0.25867328,0.43789074
4836.0,0.46342432,0.24494639,0.46521735,0.8804735
4838.0,0.991538,0.4095574,0.8814044,1.7945985
4843.0,0.4517322,0.23452708,0.43841937,0.86771125
4847.0,0.4526078,0.2293672,0.4519876,0.76229805
4852.0,0.5702217,0.22286837,0.50786984,0.9430929
4853.0,0.2544762,0.1384121,0.27453142,0.44615608
4854.0,0.45344022,0.23657358,0.437852,0.88525313
4855.0,0.4884835,0.24868014,0.46381953,0.92086047
4856.0,0.6705271,0.2789077,0.62055606,0.9686411
4862.0,0.2520001,0.1420111,0.26628187,0.475865
4863.0,0.5076976,0.30424395,0.49760002,0.97459364
4867.0,0.2513615,0.098468795,0.32325536,0.595213
4870.0,0.27068862,0.15122333,0.2736946,0.5454142
4873.0,0.45320284,0.21091802,0.41947174,0.8739532
4876.0,0.5430701,0.24288146,0.5267931,0.9718926
4878.0,0.29084206,0.13932793,0.30661055,0.5107304
4881.0,0.36870086,0.105208345,0.35634995,0.60566884
4882.0,0.49432886,0.22306024,0.45370436,0.94580543
4886.0,1.3620266,0.57774556,1.3487258,1.9135106
4889.0,0.5087861,0.24698141,0.48111537,0.8947993
4896.0,0.5304768,0.26561308,0.53302,0.92989635
4898.0,0.27502534,0.12380499,0.30287212,0.5074673
4899.0,0.24892753,0.1364919,0.25240782,0.48070148
4901.0,0.44670647,0.2503303,0.44675845,0.84888047
4903.0,0.2682853,0.14702186,0.2880369,0.47908366
4905.0,0.29082853,0.13716146,0.31487998,0.5122686
4907.0,0.25110233,0.13966061,0.275193,0.45621935
4908.0,0.25703505,0.118834525,0.2867373,0.51351947
4909.0,0.4397266,0.19801036,0.45221493,0.88102895
4912.0,0.26600912,0.1214018,0.2850769,0.46531555
4916.0,0.19164601,0.11271419,0.21345569,0.615337
4923.0,0.41942674,0.25437,0.40241933,0.8617671
4924.0,0.36194307,0.16719273,0.38410518,0.5479819
4928.0,0.2724836,0.14706811,0.2992479,0.48829085
4930.0,0.5081759,0.25626364,0.51786906,0.8929235
4931.0,0.26888663,0.15560001,0.27140903,0.45926443
4932.0,0.30770785,0.13881731,0.34107038,0.5306695
4939.0,0.8277927,0.3567427,0.8489967,1.7010708
4947.0,1.0028648,0.45222473,0.97089964,1.8004029
4950.0,0.3496857,0.14049615,0.34026954,0.55426604
4952.0,0.25522894,0.12760891,0.2705588,0.46735775
4955.0,0.2554728,0.1268984,0.27452216,0.5135363
4958.0,0.30977577,0.105437554,0.3606143,0.5071851
4959.0,0.24533787,0.11260755,0.2728568,0.46310955
4961.0,0.21950594,0.1175132,0.22247662,0.5204994
4964.0,0.2508121,0.114143044,0.26152164,0.48232207
4967.0,0.26443642,0.14090519,0.26299876,0.45823053
4970.0,0.28199652,0.1345693,0.30675086,0.51310873
4972.0,0.26414657,0.14425707,0.26431802,0.4594327
4979.0,0.27880055,0.14215995,0.29539803,0.5131881
4980.0,0.32278317,0.15897697,0.34470722,0.49128628
4981.0,0.29034907,0.14143312,0.31320077,0.5142124
4982.0,0.26986185,0.14370324,0.30068237,0.47994536
4987.0,0.2714508,0.13425618,0.30411416,0.50583047
4988.0,0.25779417,0.12576656,0.25406775,0.5020632
4994.0,0.7114054,0.2845747,0.74436456,1.1501501
4995.0,0.22900015,0.117781155,0.22749047,0.47832292
4996.0,0.28232694,0.13189188,0.30379677,0.51282084
5001.0,0.25906038,0.10847741,0.27804998,0.45806608
5002.0,0.23841561,0.11293428,0.26544237,0.44702417
5003.0,0.43772656,0.21711686,0.45806298,0.843106
5006.0,0.30909637,0.094004795,0.35517803,0.61676264
5009.0,0.9796845,0.42291766,1.0564231,1.6629958
5010.0,1.0604233,0.45440668,1.0757632,1.7746798
5012.0,0.28882173,0.13565971,0.2772936,0.4364303
5013.0,0.28639245,0.12878563,0.2996678,0.45364836
5018.0,0.14831902,0.05023513,0.15818447,0.26346517
5020.0,0.7300086,0.3424832,0.7440132,1.6479541
5021.0,0.27166057,0.14917423,0.26991126,0.50005865
5022.0,0.9859368,0.42650983,1.0085063,1.7237409
5025.0,0.87693083,0.3716205,0.8285598,1.5041966
5027.0,0.4328321,0.20371008,0.4241291,0.79578996
5029.0,0.9817266,0.18984969,1.0630273,1.5248226
5031.0,0.20837642,0.113609575,0.19639228,0.5357741
5036.0,0.43488556,0.2806191,0.45172852,0.7220313
5038.0,0.29146463,0.12243956,0.3203451,0.519373
5040.0,0.32163253,0.13825539,0.31273136,0.476293
5045.0,0.43519384,0.22377798,0.42963964,0.83004934
5047.0,0.43772528,0.22478232,0.43657306,0.780847
5071.0,0.9901889,0.47691765,0.9711836,1.5473762
5072.0,0.2806208,0.1195821,0.295225,0.4855322
5074.0,0.23420145,0.121269606,0.24745229,0.4697445
5092.0,1.0777838,0.48165008,0.97940314,1.8518035
5097.0,0.37803382,0.20724711,0.36477554,0.5452686
5098.0,0.23846354,0.12063151,0.26331022,0.46748644
5106.0,0.2967062,0.11852447,0.3196076,0.4849904
5109.0,0.26811633,0.14555052,0.27917323,0.4974921
5112.0,1.2039759,0.55445075,1.1951232,1.890604
5114.0,1.107086,0.567389,1.0850731,1.8363942
5128.0,0.69442266,0.32532772,0.72016084,1.134014
5133.0,0.27949557,0.121601604,0.3008638,0.4646998
5137.0,1.1821636,0.51260114,1.1295662,1.8699203
5143.0,0.47445747,0.29459697,0.44833967,0.81410605
5146.0,0.6223577,0.2990012,0.60850626,1.2147324
5149.0,0.4144679,0.2122827,0.41019642,0.68377155
5155.0,0.40476364,0.22796066,0.405055,0.7497679
5158.0,0.27774727,0.13384181,0.28877535,0.46406746
5167.0,0.38789627,0.23334883,0.3929281,0.6767148
5172.0,0.3562503,0.21259388,0.33454946,0.6098565
5176.0,0.38631815,0.21620037,0.3852963,0.6681116
5179.0,0.6892377,0.38926306,0.7093538,1.1278219
5185.0,0.26556316,0.11669,0.27982354,0.46145427
5192.0,0.6319274,0.31908154,0.5975406,1.3051006
5196.0,0.9252972,0.4295543,0.85233724,1.3487507
5200.0,0.26345843,0.13694142,0.26368845,0.4636332
5202.0,0.22753645,0.12932344,0.23161276,0.39238688
5203.0,0.74910337,0.40160888,0.70250106,1.390438
5210.0,0.29737607,0.07150232,0.30299526,0.55714685
5211.0,0.27026442,0.12844491,0.288386,0.46917114
5212.0,0.26066256,0.124515675,0.27108598,0.43106022
5213.0,0.88344944,0.4673781,0.77934223,1.6800157
5215.0,0.30807802,0.1755795,0.31704578,0.5396085
5220.0,0.56344146,0.29346326,0.5620303,0.99285233
5222.0,0.25688523,0.1385538,0.26752827,0.5382537
5226.0,0.23295632,0.15174338,0.22763307,0.45099598
5230.0,0.9811248,0.44438726,0.9662683,1.6950036
5234.0,1.00799,0.4580506,0.9721185,1.5372807
5243.0,0.40691403,0.23079567,0.40487882,0.6919842
5244.0,0.23437865,0.16247529,0.2210564,0.6457931
5245.0,0.3914832,0.23447047,0.38468158,0.83284265
5249.0,1.7370851,0.59075665,1.7289978,2.239296
5251.0,0.25042084,0.12842996,0.25076354,0.4493187
5258.0,0.40176582,0.20264803,0.4016887,0.65966004
5260.0,0.7358491,0.4004602,0.7014889,1.3811424
5269.0,0.7992549,0.41723686,0.70280933,1.4388477
5270.0,0.31459072,0.10319563,0.3056041,0.639451
5281.0,0.2001551,0.114249036,0.19568801,0.42475978
5282.0,0.28271776,0.12978716,0.3049232,0.47148812
5286.0,1.0144356,0.3945267,1.0047952,1.9173232
5287.0,0.20117085,0.11663591,0.1906451,0.37305605
5290.0,0.2123197,0.13322179,0.21882413,0.36406448
5303.0,0.17045684,0.10453979,0.17335941,0.37877223
5305.0,0.25031534,0.11216269,0.24913505,0.44683668
5309.0,0.8288434,0.3937944,0.8632311,1.4824218
5310.0,0.068072,0.03604715,0.07024406,0.24525428
5312.0,0.45708808,0.23822671,0.4592528,0.8000585
5313.0,0.41006693,0.20382294,0.3868264,0.7778441
5315.0,0.23923033,0.12601611,0.24320234,0.39786872
5325.0,0.43945295,0.18128212,0.4177318,0.8161799
5327.0,0.2925306,0.18530138,0.3311283,0.6314522
5328.0,0.39514974,0.20449789,0.4069168,0.67246526
5331.0,0.26907033,0.10822402,0.27774116,0.46297908
5332.0,0.53147006,0.27382043,0.53083223,0.9642212
5335.0,0.28396472,0.15119866,0.2820186,0.44184446
5336.0,0.4686434,0.2134656,0.4607929,0.7950364
5338.0,0.51175225,0.20355077,0.4968424,0.84275556
5339.0,0.43418548,0.20846228,0.4375512,0.8049146
5341.0,0.35845995,0.23430447,0.37894836,0.5951938
5342.0,0.72139436,0.35408577,0.73614997,1.2642243
5343.0,0.910944,0.28711155,0.92471004,1.5558163
5345.0,0.5910597,0.2510286,0.67144096,0.8716375
5348.0,0.4371752,0.21964504,0.45289552,0.7625331
5349.0,0.780685,0.4239334,0.8017142,1.5671725
5351.0,0.8476499,0.42454562,0.84504044,1.5894147
5352.0,0.18990648,0.108481854,0.19161779,0.44037914
5355.0,0.26993486,0.11167752,0.28464046,0.4852757
5356.0,0.86088216,0.32846293,0.8053037,1.5232759
5361.0,0.19103023,0.11171333,0.19902539,0.4519064
5362.0,0.27191502,0.115667336,0.26530588,0.50058615
5364.0,0.2942911,0.1612074,0.28905582,0.46725157
5367.0,0.28298476,0.13173553,0.2909699,0.4735719
5369.0,0.30199242,0.1697328,0.31331,0.47697902
5372.0,0.45225942,0.29658607,0.45163172,0.79797006
5374.0,0.99610054,0.48271602,0.96728,1.7640584
5378.0,0.7728914,0.3559764,0.7398233,1.31513
5382.0,0.69060516,0.38002077,0.75064266,1.094862
5383.0,0.2529515,0.13013937,0.25498548,0.4853536
5387.0,0.41875276,0.19997507,0.4082216,0.78122306
5393.0,0.25034738,0.062784165,0.26577803,0.53434736
5403.0,0.86637586,0.45298067,0.90027064,1.3744128
5408.0,0.9221458,0.39933372,0.8651475,1.5838413
5409.0,1.0260038,0.47535172,1.0003769,1.8523672
5410.0,0.65645665,0.36171803,0.6038982,1.6953177
5412.0,1.0608202,0.38584805,0.96824723,1.7950565
5414.0,0.88972867,0.41738224,0.8901813,1.7479123
5427.0,0.2694488,0.119761765,0.27317852,0.46974713
5431.0,1.0805864,0.4279751,1.0913478,1.5543816
5433.0,0.35091236,0.21092083,0.34060395,0.6623762
5443.0,0.33884904,0.22037196,0.33561078,0.5966978
5444.0,1.019025,0.45143914,1.0081868,1.9365196
5446.0,0.2902815,0.11215168,0.29962486,0.5204842
5449.0,0.24793884,0.122194365,0.25262013,0.45589456
5452.0,0.24111888,0.12985043,0.24435425,0.44166815
5453.0,0.23916662,0.09313199,0.24195682,0.46790117
5454.0,0.273209,0.1322209,0.28675526,0.51150674
5456.0,0.2756143,0.13069195,0.28691772,0.44329044
5457.0,0.24395548,0.12609795,0.23641093,0.46064687
5458.0,0.2506661,0.123614505,0.26049963,0.42662936
5459.0,0.26173604,0.13416068,0.26196578,0.44299948
5460.0,0.30199,0.13458236,0.31457418,0.4682868
5461.0,0.24072984,0.12748304,0.24615447,0.4319703
5464.0,0.9217488,0.42978847,0.9038709,1.8151857
5466.0,1.5304514,0.44385034,1.5468061,2.186092
5467.0,0.24319264,0.074098125,0.23332961,0.5281731
5468.0,0.87974143,0.4342574,0.86659044,1.8759185
5472.0,0.28105637,0.105238646,0.2901333,0.4973234
5476.0,0.39665505,0.21368043,0.39365855,0.68228525
5479.0,0.28428432,0.121335894,0.2907937,0.46442392
5480.0,0.22702447,0.11563347,0.2017647,0.4581551
5482.0,0.20363273,0.11075959,0.20927972,0.37851354
5484.0,0.37036914,0.16509919,0.3616838,0.5689082
5486.0,0.5237249,0.26859352,0.54146695,1.0251756
5488.0,0.22386654,0.12230218,0.22242011,0.45027745
5492.0,0.26112664,0.124389604,0.27701846,0.46459755
5494.0,0.2887736,0.12105916,0.29210323,0.46821827
5501.0,0.25619087,0.11827129,0.25666198,0.41181836
5511.0,0.8816022,0.39384392,0.78516024,1.3458542
5513.0,0.34179223,0.1578837,0.3053265,0.50301445
5521.0,1.2744024,0.49521932,1.2863098,2.072126
5523.0,0.19732219,0.079701975,0.2239303,0.4174812
5526.0,0.32159483,0.14025408,0.3234377,0.5194484
5528.0,0.31491762,0.13173914,0.29520395,0.5255244
5529.0,0.9571786,0.4465758,0.94886106,1.8096164
5533.0,0.94128674,0.4022055,0.9836748,1.7927587
5534.0,0.27037618,0.11760228,0.2688766,0.44849858
5536.0,0.669094,0.23959532,0.7023212,1.2044605
5539.0,0.9294343,0.4417627,0.93999976,1.6596406
5540.0,0.4857329,0.20622674,0.4540062,0.88366157
5544.0,0.22201477,0.12970766,0.22176296,0.44754428
5545.0,0.25659543,0.1170102,0.26932678,0.47005025
5548.0,0.93465,0.4572624,0.905298,1.3193252
5549.0,1.294041,0.49065068,1.3430825,1.5347332
5553.0,0.22382681,0.1279815,0.22132103,0.41584823
5555.0,0.29304254,0.12423407,0.30726826,0.465365
5557.0,0.2556458,0.11568897,0.27734977,0.45503837
5564.0,0.2772845,0.17843314,0.27014762,0.46615875
5565.0,0.27152362,0.11777155,0.29080757,0.49551627
5566.0,0.45287946,0.20672187,0.47830805,0.79458714
5570.0,0.30048272,0.09968155,0.31275016,0.5140536
5573.0,0.27090403,0.117509,0.29779473,0.477197
5576.0,0.26743975,0.117918946,0.278805,0.4566929
5577.0,0.20387153,0.1192165,0.21045592,0.4462818
5581.0,1.2940769,0.44648033,1.4323713,1.7431356
5585.0,1.0006802,0.35121155,0.9932649,2.1974506
5586.0,0.52793664,0.2854569,0.5550054,0.86668986
5590.0,0.12114238,0.08893291,0.12588674,0.2079452
5594.0,0.24785213,0.12447304,0.24328746,0.42748728
5595.0,1.0106076,0.41176927,0.9606716,1.8254606
5596.0,0.24393745,0.1040102,0.25544423,0.5165966
5599.0,0.916991,0.4423654,0.9164918,1.6235485
5600.0,1.2373439,0.40538466,1.1512791,1.959362
5601.0,0.77545553,0.41349354,0.7233153,1.2331053
5602.0,0.36055046,0.11997897,0.3672931,0.6597311
5603.0,0.99074525,0.46906918,0.9335974,1.5841659
5604.0,0.9600172,0.45211586,0.8929553,1.8715563
5606.0,0.74049485,0.35540092,0.7229119,1.30906
5607.0,0.07931763,0.052745353,0.08420922,0.2134616
5609.0,0.51468474,0.20231123,0.5356331,0.94716465
5610.0,0.4140657,0.21405846,0.44733316,0.6792473
5611.0,0.09859427,0.04902939,0.1063254,0.26007894
5614.0,0.48025244,0.26436102,0.5012143,0.869455
5616.0,1.3641113,0.35708258,1.3039265,2.1844153
5619.0,0.33094645,0.107739106,0.32636386,0.50429934
5624.0,0.121318676,0.07330505,0.11802012,0.27694476
5625.0,1.3414633,0.39139402,1.3319073,1.9920795
5630.0,0.12525767,0.07342352,0.117888615,0.27821282
5636.0,0.13683718,0.06333162,0.12666266,0.24180607
5638.0,0.1480403,0.07961786,0.14083485,0.2055564
5643.0,1.1649973,0.5006187,1.1335278,1.8847743
5644.0,0.14162914,0.079879604,0.13548635,0.20568737
5649.0,0.1136679,0.0559982,0.12115219,0.23852102
5650.0,0.14364475,0.07834152,0.1385033,0.24800107
5651.0,0.13752131,0.07795674,0.12862305,0.24693397
5652.0,0.13368095,0.09004956,0.1272105,0.2097665
5653.0,0.1430125,0.07296343,0.13012336,0.26657254
5656.0,0.13052844,0.07472145,0.11915748,0.24734673
5658.0,0.16550858,0.060299076,0.16257939,0.30659983
5659.0,0.5594948,0.2700923,0.5360543,1.0145122
5661.0,0.1326817,0.07669205,0.12854703,0.2046528
5664.0,0.13733502,0.08186987,0.12767741,0.23212618
5666.0,1.0562818,0.4609726,0.98511004,1.6351506
5674.0,0.22568212,0.09686316,0.22434755,0.325065
5688.0,0.13046716,0.08046609,0.13209371,0.2557152
5694.0,1.4590079,0.19136646,1.5045308,2.2216892
5705.0,0.76421595,0.44773686,0.7399614,1.3034644
5708.0,1.2579136,0.42074594,1.294887,1.8421046
5715.0,0.8244525,0.34249198,0.8763295,1.2996728
5718.0,0.14594658,0.049472906,0.13138767,0.21995892
5721.0,1.0465814,0.51429254,1.0035781,1.5890644
5723.0,0.45049343,0.24188389,0.4190045,0.8394183
5731.0,0.28450963,0.109846845,0.32703933,0.52838504
5733.0,0.95290774,0.41382274,0.92626566,1.6095852
5736.0,0.57469356,0.27627072,0.5913666,1.0019039
5737.0,0.8444313,0.42431656,0.76439893,1.6720328
5746.0,0.57655287,0.30510998,0.5740608,0.9775905
5747.0,0.9101996,0.43802842,0.90317035,1.3650985
5750.0,0.11187147,0.06825545,0.12065852,0.21265978
5752.0,0.15161513,0.044919867,0.14805938,0.40029866
5753.0,0.92198503,0.40567735,0.8291421,1.5079056
5757.0,0.13544287,0.08552917,0.13592279,0.20663126
5758.0,0.12860848,0.07153899,0.12537856,0.21085003
5759.0,0.56422013,0.28132644,0.63653904,1.0203902
5760.0,0.25498235,0.13246508,0.26348743,0.45297834
5763.0,1.3993013,0.4721807,1.3514491,2.1196382
5764.0,1.0875994,0.44445467,1.0391657,1.8249427
5767.0,0.35406935,0.16286659,0.34012806,0.48541492
5776.0,0.1305476,0.07743076,0.1349175,0.19851209
5778.0,0.25611877,0.12584145,0.26955295,0.45032227
5779.0,0.079305194,0.03975495,0.10654394,0.21164727
5782.0,0.31628835,0.20194402,0.31793866,0.5980805
5788.0,0.12792878,0.06936868,0.12248614,0.23225799
5793.0,0.1568302,0.069781646,0.1534205,0.2174794
5798.0,0.33677164,0.10985928,0.32420608,0.487564
5801.0,0.4371399,0.23442253,0.417544,0.83668965
5808.0,0.54509866,0.30234423,0.5422221,0.93719935
5810.0,0.9400477,0.44664317,0.95174474,1.7580485
5818.0,0.24979618,0.17356229,0.24890044,0.48363036
5819.0,0.17501123,0.072325826,0.16682525,0.24085209
5821.0,0.48665676,0.26496166,0.45888808,0.9280819
5822.0,0.43823346,0.24261563,0.4011922,0.91202843
5837.0,0.23210156,0.12475092,0.23360413,0.43905434
5843.0,0.27102363,0.12719953,0.280956,0.45350546
5844.0,1.0373585,0.46273375,1.0232474,1.7933544
5845.0,0.1552951,0.10555416,0.14336528,0.21478751
5852.0,0.121436745,0.07061246,0.11174058,0.21199743
5853.0,0.96449697,0.4542432,0.93896145,1.6484932
5854.0,0.10294706,0.066255234,0.10384476,0.2163745
5856.0,0.31543636,0.118680164,0.3463336,0.5914835
5858.0,0.6964248,0.34063601,0.73257685,1.2146056
5860.0,0.14241786,0.07080427,0.13766201,0.24679866
5862.0,0.16177085,0.06297467,0.14929415,0.23639026
5864.0,0.28674844,0.12449389,0.30966127,0.45995632
5865.0,0.11161071,0.073653184,0.10094902,0.21823111
5867.0,0.13607429,0.078293376,0.13012064,0.20245922
5868.0,0.42213392,0.16231681,0.44112986,0.76558834
5873.0,1.345231,0.47621554,1.3636944,1.9579339
5874.0,0.566221,0.3125935,0.5935241,0.9513064
5879.0,0.67051,0.38146323,0.64892656,1.151593
5880.0,0.7139407,0.33064798,0.6646462,1.2901375
5881.0,0.6518929,0.35097125,0.63380957,1.269858
5886.0,0.13277811,0.07501235,0.12408223,0.20885552
5889.0,0.111503385,0.07447293,0.09918783,0.21100596
5890.0,0.13490461,0.0774709,0.12424945,0.20481242
5891.0,0.09156507,0.050690994,0.09137101,0.19475324
5898.0,0.1386869,0.07754313,0.13276884,0.360528
5899.0,0.14364475,0.07834152,0.1385033,0.24875277
5901.0,0.13269402,0.09467161,0.124166496,0.2618855
5902.0,0.36507046,0.21760839,0.36211047,0.75120527
5904.0,0.4279489,0.18854904,0.390868,0.89274704
5905.0,0.3468035,0.19114287,0.32872882,0.57175875
5906.0,0.11503794,0.06218827,0.114164926,0.21241577
5908.0,0.68031883,0.32640624,0.7194936,1.148488
5910.0,0.69339085,0.36346567,0.67364144,1.1423784
5911.0,0.7275745,0.41276,0.7080145,1.1219298
5912.0,0.16056871,0.07141905,0.13857487,0.2285909
5915.0,0.1386367,0.07082303,0.13698065,0.29012468
5916.0,0.14533393,0.08106559,0.14660984,0.40113336
5919.0,0.15032318,0.053036876,0.15821049,0.23815854
5920.0,0.1212322,0.07922643,0.11340322,0.20604724
5923.0,0.22864579,0.18325442,0.2056559,0.47736117
5925.0,0.15257865,0.077718355,0.14830467,0.21700558
5926.0,0.37336773,0.14663875,0.40290788,0.8529226
5928.0,0.25522918,0.130024,0.2689649,0.45074987
5930.0,0.8839387,0.54093605,0.83795834,1.6320333
5931.0,0.13354814,0.0644775,0.13566536,0.19853115
5933.0,0.43113017,0.23654817,0.42158374,0.91109407
5934.0,0.51401454,0.29798007,0.53352576,0.93847823
5935.0,0.41498235,0.20240217,0.41253752,0.80951566
5937.0,0.1424985,0.072317034,0.13910742,0.20429106
5938.0,0.46430844,0.21952201,0.4789871,0.93645567
5939.0,0.29405385,0.19204246,0.29711896,0.57421714
5940.0,0.40242955,0.23795389,0.3633183,0.82953215
5942.0,0.14003268,0.078293376,0.13361412,0.20245922
5944.0,0.14024006,0.08590006,0.13234496,0.21005405
5945.0,0.49363354,0.210568,0.4701244,0.8910074
5949.0,1.1530004,0.5295073,1.1995769,1.811925
5950.0,0.13424265,0.079919524,0.12902117,0.19935957
5951.0,0.31396452,0.13073224,0.32249823,0.44400853
5956.0,0.23446663,0.13278691,0.22435585,0.44174987
5961.0,0.2681179,0.1227412,0.24442877,0.412652
5965.0,0.77201843,0.38197443,0.6981286,1.5378067
5967.0,0.3229925,0.13502687,0.33791122,0.49742386
5969.0,0.3787233,0.20176426,0.3518691,0.76429725
5973.0,0.17651406,0.10749072,0.16925438,0.2809063
5974.0,0.98873615,0.46464872,0.9045303,1.6725585
5976.0,0.3436922,0.19426222,0.34128177,0.6745144
5979.0,0.40113574,0.22369246,0.3939333,0.79089767
5989.0,0.3453367,0.18367466,0.3470755,0.6201734
5991.0,0.329499,0.1460411,0.3931579,0.68048453
5992.0,0.33190688,0.17056276,0.34735364,0.6176719
5997.0,0.11740645,0.07574,0.109897405,0.20261185
6006.0,0.16277476,0.09972624,0.15679863,0.21916483
6010.0,0.12159248,0.0693413,0.11944717,0.21022588
6026.0,0.2957218,0.17535411,0.30212465,0.5373634
6030.0,0.6892322,0.3018887,0.72464186,0.9509861
6034.0,1.0265471,0.44948485,0.920174,1.9481167
6035.0,0.120831616,0.0779865,0.11871526,0.26528624
6038.0,1.2744024,0.49521932,1.2863098,2.072126
6044.0,0.13828298,0.07713976,0.13093807,0.20273136
6046.0,0.14104827,0.07648759,0.13671783,0.26845258
6047.0,0.16151784,0.053839922,0.14820407,0.2633584
6050.0,0.16977991,0.11057693,0.15816985,0.22407286
6052.0,1.1369237,0.4684183,1.1786989,1.7224627
6054.0,1.0724833,0.4604585,1.1329949,1.6402317
6055.0,1.2801038,0.47634894,1.4008677,1.946575
6056.0,0.9139828,0.49056885,0.9587407,1.3940889
6063.0,1.1080217,0.4760399,1.0852107,1.8828752
6064.0,0.98868805,0.4927095,0.9630926,1.4052489
6065.0,0.110901624,0.03995801,0.11488747,0.24048951
6066.0,0.18574947,0.069388226,0.17331523,0.2855141
6067.0,0.31596255,0.096225366,0.29543772,0.50915664
6068.0,0.5112988,0.152556,0.52849466,0.83994067
6069.0,1.254578,0.55774623,1.2397331,1.8410337
6070.0,0.7560537,0.37766394,0.73950386,1.532361
6074.0,1.2728716,0.49709147,1.2255597,2.125843
6078.0,0.13179103,0.0804616,0.12352318,0.19672918
6082.0,0.2324063,0.12277295,0.22615829,0.4260113
6086.0,0.14256163,0.078250684,0.13436314,0.19991066
6091.0,0.29088265,0.13464223,0.28342488,0.4633461
6092.0,0.21156706,0.1246756,0.19770768,0.37806776
6094.0,1.1459768,0.43548858,1.0576485,2.17314
6096.0,0.28696266,0.14106338,0.2858248,0.49930587
6098.0,0.4948598,0.2102824,0.5241747,0.9266131
6099.0,0.85767925,0.39644995,0.7824844,1.6277618
6102.0,0.2892627,0.13064069,0.27517653,0.4660256
6103.0,0.29070333,0.13181293,0.29570138,0.51607984
6104.0,0.23968291,0.1294754,0.22172719,0.53990054
6107.0,1.0081017,0.44666395,1.0428703,1.89964
6109.0,1.0821065,0.41730002,1.1059208,1.989483
6110.0,0.83812,0.37928215,0.8224844,1.6056075
6111.0,0.69989175,0.36571345,0.70595396,1.37692
6113.0,0.26093432,0.12301635,0.27189437,0.4716142
6115.0,1.1331065,0.48494303,1.1674594,2.0131881
6117.0,1.1827443,0.52234936,1.1915855,2.0453668
6118.0,1.0773572,0.35195205,1.1994277,1.9719939
6120.0,0.24755928,0.122186616,0.2634782,0.45728844
6122.0,1.0264709,0.47311026,1.00659,1.8847376
6123.0,0.998512,0.4199674,0.9089102,1.8141266
6125.0,1.0872272,0.39277452,1.0504198,2.0970216
6127.0,0.81682307,0.3877411,0.8564368,1.6478168
6129.0,0.7593141,0.4103227,0.7236502,1.5737519
6131.0,1.1284848,0.42417306,1.0505261,2.2702389
6132.0,1.1131322,0.3227885,1.176851,1.8420849
6134.0,1.1799474,0.54904616,1.2058536,1.9339947
6136.0,0.7679861,0.40557325,0.721168,1.584343
6138.0,0.9429384,0.4514321,0.8869785,1.4352154
6139.0,0.3505651,0.19559531,0.36904606,0.63787717
6141.0,0.51577014,0.20775548,0.52206445,1.0758188
6142.0,0.6716117,0.42005628,0.6328521,1.4154847
6144.0,0.7853249,0.32446152,0.76652473,1.6725012
6145.0,1.0760868,0.45875898,1.0616206,1.9105172
6149.0,0.5559337,0.38087344,0.54004157,0.9978647
6150.0,0.929893,0.32861412,0.9036388,1.3944498
6151.0,0.74855995,0.40744328,0.70422274,1.5537498
6154.0,0.2629359,0.13721034,0.2536259,0.5085674
6155.0,0.7840019,0.40477267,0.7433443,1.5664637
6156.0,0.47363797,0.21263066,0.45529693,0.77608144
6158.0,1.0502118,0.43006736,1.2085452,1.9591866
6160.0,1.061813,0.4178617,1.12217,1.9271535
6161.0,0.36165044,0.18247873,0.38148722,0.6378392
6162.0,0.31049564,0.17356014,0.33807814,0.5339207
6163.0,0.333074,0.18783933,0.33082965,0.6172356
6164.0,0.32878375,0.19247256,0.305949,0.5943792
6165.0,0.5615858,0.30672804,0.6283897,1.0693793
6166.0,0.25335866,0.13537778,0.24689208,0.44808117
6167.0,0.6435532,0.38150078,0.6541009,1.2092996
6169.0,0.40840963,0.17757446,0.40172923,0.8148987
6170.0,1.1301734,0.44733816,1.0873967,2.1717196
6171.0,1.2764803,0.4936094,1.2610693,2.0870597
6172.0,0.64535856,0.33166432,0.62467986,1.042698
6173.0,0.9876137,0.36846676,1.0131502,1.5174745
6174.0,0.3614592,0.19293961,0.39680797,0.6679755
6175.0,0.34950724,0.17587535,0.38256723,0.6001826
