YB,mean_pred,0.025_pred,median_pred,0.975_pred
1.0,987.0503,315.65222,925.7441,2844.8691
2.0,8552.231,2237.936,6193.4814,17583.033
3.0,11406.526,975.14716,11484.986,40180.695
4.0,181.61566,57.652596,175.64378,367.84213
5.0,242.98914,63.8966,311.11316,827.43445
9.0,7773.8877,1446.7325,10898.901,22393.12
10.0,73099.33,12846.71,62372.527,255971.33
11.0,28738.092,2906.0396,22604.918,181804.34
12.0,39379.83,6604.7896,39599.99,73295.91
13.0,7762.2124,2331.4624,6140.439,21096.238
14.0,786.49567,109.73409,1008.1643,7668.3936
15.0,16578.457,4062.9155,15208.388,39453.35
16.0,16630.523,6163.331,14782.271,57975.582
17.0,42372.14,4684.6006,28089.621,114831.3
20.0,3144.9421,1469.9694,3243.149,7859.6377
21.0,26705.938,3351.0315,22871.662,120377.63
22.0,1218.1798,156.11745,1730.4283,4237.3613
23.0,44329.586,598.8104,44668.492,53082.895
25.0,19500.58,605.44135,26673.104,46761.844
26.0,7495.0854,1371.9325,8948.39,14705.43
27.0,4855.0186,110.69714,3795.3406,20235.514
28.0,8156.752,368.27734,4545.431,27402.916
30.0,90137.016,43739.195,93009.97,131138.47
31.0,9824.885,3695.8887,9087.426,41310.617
32.0,5201.328,683.85065,5315.5874,30746.734
33.0,29493.225,3445.6272,30119.072,136790.3
34.0,322753.38,28040.562,424797.44,446949.75
35.0,18852.42,1082.6818,15136.316,65465.54
36.0,95745.79,50283.234,90200.055,143238.28
37.0,36757.42,3004.8682,31814.508,186857.84
39.0,965.11774,231.77705,1056.7375,3065.475
45.0,189.2553,141.07225,178.97743,447.06226
51.0,460.6324,212.78392,420.97318,874.7842
52.0,150.95245,42.90899,229.0035,538.4542
59.0,297.54337,72.8877,394.67667,2381.7524
62.0,165.75247,35.786713,142.76784,565.83295
66.0,268.95767,66.40977,281.64645,380.15912
72.0,12948.012,5361.6987,12294.815,17747.729
76.0,102.59011,46.98349,107.162605,340.60724
77.0,37.915474,15.503942,41.40316,121.65862
79.0,102.83952,33.779907,109.76355,169.37817
81.0,378.97055,81.37498,428.7684,1990.3838
89.0,232.75603,128.509,260.1897,439.02136
90.0,872.4844,209.55244,953.12897,2395.1323
92.0,1588.0151,643.0953,1945.2103,4969.2944
94.0,227.39175,72.508125,253.4759,483.56522
98.0,66.99679,26.966799,79.737526,291.53134
105.0,25.44715,12.652353,44.624928,319.01627
108.0,73.89024,13.653658,91.8162,679.7082
109.0,77.35306,20.993938,73.12112,655.1391
110.0,328.6657,88.5885,445.0489,591.35345
111.0,406.77267,36.50859,374.6288,2410.2979
116.0,53.752262,19.35529,51.624317,1299.0187
118.0,118.92102,42.961174,150.06569,363.49542
124.0,208.3274,37.140198,265.04706,1184.3322
129.0,108.25398,28.435764,109.946625,341.0387
140.0,432.12384,92.58094,511.10968,983.1708
142.0,1109.0929,222.50055,1128.748,3180.339
146.0,96.195755,32.50508,118.55374,360.18256
148.0,14021.878,2053.1638,22445.975,32654.93
160.0,523.3239,358.07178,518.2421,1253.4285
172.0,642.70197,125.439354,890.89136,11730.912
176.0,183.38124,113.918106,203.4976,612.08905
178.0,265.3006,62.435757,300.4007,2321.4065
183.0,102.33401,55.734074,108.67779,309.2314
184.0,132.46504,66.73448,148.12866,296.6872
193.0,1820.8629,284.61078,1661.9886,8996.049
194.0,7004.734,374.57877,4706.785,19910.7
216.0,1425.1177,159.46988,1700.763,6121.921
218.0,533.9616,37.254192,610.33136,10507.993
219.0,9095.922,393.2128,8333.008,26193.021
221.0,10639.272,2655.3005,13050.175,34043.527
222.0,6278.1226,1233.9023,6413.8154,25067.938
228.0,244.56467,125.820404,213.30832,996.70105
229.0,5779.8896,642.68787,6098.455,17170.105
231.0,1281.8121,156.07376,1255.782,3602.8682
233.0,143.49402,86.558846,153.84601,285.9605
234.0,185.9747,106.51368,197.81175,573.5208
238.0,290.5783,38.641624,278.4714,1613.4697
239.0,665.44775,259.37198,588.77136,1276.3462
240.0,16.20955,7.02969,16.499048,176.38228
243.0,756.35657,213.44049,717.3175,2406.0984
245.0,4493.2295,1693.9482,4426.767,9402.172
246.0,3255.1218,901.67535,2788.0662,7956.3735
251.0,832.77966,410.2916,919.13354,2474.231
256.0,308.12088,118.283264,362.4139,721.6134
261.0,2236.1301,1034.7463,2261.8665,5036.816
265.0,543.9663,228.9988,411.39688,3465.5352
266.0,125.87183,29.266098,131.02194,402.1619
267.0,8617.029,1547.0575,8830.392,30320.291
269.0,7241.666,195.84476,3708.96,31203.535
273.0,558734.06,9628.966,363421.28,911178.5
274.0,143255.1,2163.7195,63811.957,482473.56
279.0,1504.2555,646.03845,1613.3313,3566.4402
282.0,117140.59,5556.351,165711.8,369454.6
283.0,114834.14,9040.074,147898.67,286222.75
285.0,16956.947,3729.682,13432.623,49159.71
287.0,142792.44,2654.9045,176992.8,215542.08
288.0,89848.39,8074.3105,111106.88,210015.61
289.0,161973.92,2750.7324,183938.27,208653.5
290.0,6735.629,1458.4006,5217.335,33641.742
292.0,11989.798,612.3433,13347.794,31465.875
293.0,1230.1965,488.26453,1148.6886,2054.913
294.0,751.3829,361.4904,626.7743,3529.3264
295.0,7568.6816,522.1364,4458.08,7915.9272
297.0,6400.116,176.06161,3370.4924,23574.54
309.0,1770.3369,388.13004,1716.0052,7745.1606
323.0,6582.328,3054.4968,6145.1016,12619.527
325.0,74.83561,34.63685,66.900764,337.43875
329.0,1653.7189,144.46913,1615.8241,4122.853
332.0,548.6893,78.56516,606.1525,3004.7075
333.0,27608.387,4065.3574,31121.746,41267.617
344.0,64318.273,20493.209,59835.445,144815.23
347.0,36008.33,10408.744,32660.225,60673.76
348.0,12148.808,923.72064,10505.93,70041.56
349.0,940.283,112.03871,1172.0238,15239.777
352.0,277273.78,4852.4956,215382.22,422729.88
354.0,16787.322,5017.103,14712.625,32867.95
358.0,55.495274,22.941563,58.73659,120.13478
359.0,1659.7202,264.51123,1655.5769,14375.399
362.0,152.46007,72.54222,141.92429,1132.8217
364.0,225.06238,77.67221,212.13837,455.48666
368.0,21.01325,4.807478,18.585278,328.69595
371.0,85095.15,25168.521,85024.164,121776.75
379.0,1509.3396,318.7143,1371.7645,6841.015
380.0,37568.355,595.6599,41350.816,48451.312
381.0,30643.457,1639.115,55921.465,102197.47
382.0,16303.62,649.3462,19019.48,33803.74
384.0,560.4789,220.2617,635.6321,1182.699
385.0,355.1694,238.64986,333.78763,2113.724
387.0,1519.5317,436.90686,1469.5026,3264.9216
388.0,211.25995,38.555042,297.26498,1813.9467
389.0,131.2324,78.26275,143.1932,1011.05664
395.0,332.49362,204.73691,307.39383,765.7996
398.0,118.72391,58.977753,134.75606,208.3731
400.0,10980.318,262.1915,7466.363,58066.215
403.0,78.55681,56.056553,81.70723,198.96254
409.0,176.61726,33.45705,180.54147,930.5434
415.0,199.88187,23.1202,160.90857,821.96436
421.0,58.19422,26.525087,69.829,432.46027
422.0,37.542793,18.880117,57.320747,475.3768
427.0,250.2376,98.33208,301.3667,562.1491
428.0,78.86051,13.975507,116.71356,705.796
429.0,278.82578,61.99704,326.70334,982.3408
432.0,45.704594,21.211632,158.83688,5526.171
433.0,564.03424,155.0414,476.23053,2053.8953
434.0,1235.9875,413.5184,1387.0148,5595.622
435.0,565.31104,159.21686,490.62854,1345.9841
437.0,92.86811,34.1818,86.14844,238.76643
439.0,1148.7024,167.83351,1916.887,14479.225
444.0,1085.5105,420.74982,926.4521,5568.7856
449.0,622.5896,138.49283,669.0798,6894.676
450.0,203.64583,30.2481,263.83392,1888.201
453.0,447.2153,221.43378,438.28317,994.47986
454.0,826.2615,638.2925,939.4598,3807.3115
459.0,563.2682,218.54907,607.1618,1616.772
460.0,270.0532,123.17272,329.09286,1260.8274
461.0,79.92085,40.59184,85.67581,362.44208
462.0,3109.6125,869.51636,2930.0679,16233.447
470.0,81.40681,19.493393,109.7815,616.4266
471.0,1999.4053,374.1761,1602.3134,5017.208
472.0,261.60043,270.7487,247.04419,545.53467
473.0,731.2805,185.53716,1046.2634,6551.6157
483.0,7032.874,681.1625,7852.707,75331.266
484.0,55.412796,33.82753,62.877426,139.65034
488.0,603.6639,127.64393,729.65283,5941.995
490.0,578.33325,109.31389,648.1295,3109.3076
492.0,12342.524,3417.216,12279.536,35674.555
495.0,784.09393,85.077576,660.1864,6474.213
500.0,52.47469,20.682936,57.512997,109.356316
501.0,1055.9135,83.673225,915.7733,6843.272
502.0,796.899,129.25273,692.9276,4049.11
506.0,372.38312,120.84036,374.48648,708.88385
509.0,3176.6921,827.08295,3518.2603,4268.026
510.0,193.5297,60.356304,230.76218,1107.1124
512.0,950.179,248.33725,964.1361,1870.4879
514.0,30.917166,8.7389345,31.289417,105.428185
517.0,1347.2369,632.31616,1406.0718,3495.5115
524.0,170.02432,57.38433,190.00053,357.08762
525.0,11600.558,6138.928,11241.974,16527.137
530.0,1.0556824,0.39735538,0.6666851,617.9852
532.0,198.9741,87.57684,198.14151,973.1251
536.0,493.3687,239.1778,409.48868,1248.0787
537.0,5085.828,416.9887,3287.897,7228.9287
539.0,258.57687,112.33946,251.266,853.23413
550.0,329.74146,214.34413,316.97696,834.13837
565.0,144.79369,48.97179,136.9187,545.7184
571.0,680.93384,82.42927,621.81635,2723.9915
572.0,7918.388,1794.3989,6552.7847,17184.111
573.0,2.2361176,1.1458979,1.8671329,247.22838
575.0,4067.347,994.9508,5768.678,35634.023
576.0,247.65077,76.0519,304.0616,769.89825
578.0,1287.8591,303.5314,1581.0007,4293.779
585.0,3700.043,1367.5598,3814.3506,6979.308
589.0,9103.107,606.4963,7131.5435,47800.742
590.0,8485.086,2173.7725,7964.2305,22049.752
593.0,224.6351,107.6352,245.84062,948.79266
596.0,2930.346,967.40076,3378.8152,3897.9
602.0,563.5522,176.08153,567.7523,1100.1842
603.0,1636.044,310.28897,1425.1211,3921.289
604.0,3440.6096,1003.31726,3559.315,5074.7036
609.0,1164.5789,129.33208,859.81085,7883.2915
610.0,24.961609,15.7151375,24.232067,101.35053
615.0,650.24164,247.20695,677.536,1177.7999
617.0,125.42093,30.66441,110.07971,425.80124
619.0,178.00682,40.190964,353.25204,5066.3237
620.0,710.1864,202.20706,629.1167,3672.7898
621.0,59.647137,20.21835,61.212933,490.94705
624.0,389.24152,77.659996,443.4068,6960.332
625.0,165.26593,93.22399,194.15285,749.70184
627.0,150.20529,47.886536,182.8973,1102.915
629.0,1478.2904,348.93097,1173.9087,5967.5786
630.0,2061.2673,372.2649,2098.5283,9589.963
632.0,480.46603,120.84249,427.29623,2311.7454
636.0,113.49357,52.274,136.63676,232.36357
638.0,237.87877,52.764515,209.15782,925.1325
639.0,346.52942,198.58691,290.82407,692.81995
642.0,607.67706,300.8145,555.3096,1545.4827
644.0,359.65414,136.55305,287.66772,1469.6595
645.0,890.69934,400.16733,874.5098,2169.2185
650.0,6001.915,785.69507,7389.7935,107466.27
654.0,4010.2083,2058.5684,4552.7847,8421.777
655.0,16389.812,1431.956,16035.632,34324.312
660.0,20140.56,4091.089,17601.773,55855.746
662.0,1238.5894,567.9733,1396.1101,3634.3755
664.0,875.0479,465.25925,871.98816,1851.3752
667.0,2274.3157,1340.9176,2271.8726,5015.381
669.0,236.03784,48.031445,286.52246,1670.4596
672.0,1492.8625,285.3635,1849.8442,7849.151
673.0,94.55078,43.157,122.234474,613.09796
682.0,2388.9956,1099.5381,2130.1304,4845.379
684.0,1330.7496,172.60172,1189.8727,5485.4307
692.0,264214.4,2043.9368,189726.97,271283.47
695.0,30205.596,869.37823,39240.59,77912.88
696.0,1231.8595,508.7125,1552.6002,1531.9624
698.0,1519.0153,829.41986,1650.933,2680.4365
700.0,2032.5604,875.8406,2400.9102,3565.2905
706.0,8528.351,321.15964,5395.0693,26600.35
712.0,303.30716,147.9382,257.72305,1000.9528
713.0,1279.0593,342.19754,1148.6163,2590.3892
715.0,87.97328,45.046494,27.431747,2561.5718
717.0,2246.6992,275.28568,2238.2551,11545.353
719.0,3.4492347,0.79808253,1.335637,438.422
731.0,9507.659,856.627,9461.294,101345.23
734.0,8312.047,1669.5701,7196.7153,36767.73
735.0,9233.586,1464.7057,9892.314,23010.83
739.0,788.03937,167.92934,714.3697,2180.9854
743.0,697.9359,52.399162,629.50385,6490.663
749.0,12523.258,941.8612,12318.678,32203.895
751.0,5316.956,1321.0365,5396.109,9024.647
764.0,287.83636,60.001717,358.2296,1865.6973
769.0,1761.5569,300.05554,3791.7012,26490.96
771.0,186.41855,57.94316,262.46368,1608.7444
772.0,5900.4004,2878.64,6632.468,15349.041
780.0,193.7061,44.255905,224.8714,2058.1768
785.0,68.67351,25.645853,71.41786,252.89775
787.0,503.64532,87.73349,730.559,7248.901
794.0,1874.0654,860.7527,2015.6077,5213.336
797.0,3809.592,1229.083,5017.787,13816.897
801.0,1104.5745,555.4486,1350.2687,5998.024
802.0,809.7773,381.1774,833.81036,1286.7634
803.0,202.63785,32.53604,341.54794,2114.2874
807.0,4112.1055,1424.9736,4802.805,8311.46
808.0,454.99023,65.733826,511.68738,3042.2605
813.0,3048.2725,477.09088,3075.5369,7926.859
814.0,1733.3055,597.32837,1941.1389,5346.2534
815.0,5177.4736,2003.51,6204.3887,9931.9795
816.0,3721.6196,584.4912,4392.3096,10999.193
817.0,4534.287,1370.7876,5488.838,7735.4097
819.0,4193.3696,1566.6469,4406.5576,8996.067
821.0,849.24164,268.06485,992.0235,1547.0759
824.0,1423.1693,514.54565,1433.0851,2196.8315
827.0,1910.4685,901.0865,1768.0643,5471.7363
828.0,473.52124,199.40256,415.81543,634.9741
832.0,2996.9404,1260.4355,2943.8567,6026.2905
838.0,610.7625,140.65459,704.0115,4513.944
839.0,750.5352,216.78886,884.35596,5639.525
843.0,17.238176,6.7938733,16.813433,434.5617
846.0,7556.147,556.1581,7373.327,15352.613
849.0,3304.7969,351.2914,4011.1682,20635.293
851.0,238.84877,30.273598,305.91043,2233.616
854.0,10979.984,2359.36,11820.63,40157.48
862.0,522.7988,332.90308,511.94507,2227.5366
866.0,9051.073,2647.8735,10170.216,18942.531
870.0,1273.2169,459.91077,1429.937,2220.9333
872.0,2710.5007,1812.3237,3053.4336,5023.634
876.0,581.2267,337.58212,575.2186,953.24677
878.0,9776.721,993.85205,9713.395,24301.43
888.0,1634.8733,531.077,1693.064,3296.1663
889.0,43364.844,4034.5864,38814.617,63567.12
891.0,417.4055,98.83289,465.15387,1085.9945
895.0,148784.69,2115.903,66061.73,488020.7
897.0,18926.516,707.41595,12309.951,59811.195
899.0,1252.957,509.9431,1077.512,3646.5234
903.0,8806.727,2830.7693,7210.414,14980.131
904.0,2375.7012,1108.0685,2388.7473,3052.726
905.0,3227.1672,658.05206,3325.8862,7013.484
906.0,5650.4316,722.385,5486.513,12434.395
908.0,37004.83,16605.137,33977.004,82831.2
909.0,849.8801,191.84691,1330.1146,5436.0044
911.0,56279.6,3740.3748,47482.652,164050.52
914.0,1428.3928,408.9741,1779.435,2130.0432
915.0,38128.98,6550.454,43051.266,80030.04
916.0,952.49615,191.00166,1216.7899,5145.6304
918.0,17701.564,1422.3615,13963.696,53720.406
924.0,2519.584,628.6211,2649.9248,38140.69
926.0,1206.4731,574.6725,1280.038,1740.165
935.0,637.889,105.13601,683.477,4841.157
941.0,27212.832,1316.5537,18999.322,108945.31
945.0,384.3517,235.12523,415.46362,771.3504
950.0,411.86386,142.27425,316.9123,672.06274
952.0,14375.551,6618.327,12394.342,22877.441
953.0,261.56937,103.35378,243.64511,506.60043
957.0,1804.6384,813.01404,1871.6237,3901.2656
963.0,372.52646,46.211956,321.80518,2344.6592
972.0,2180.6472,878.121,2032.9288,4495.6895
974.0,7463.3447,2526.6401,7503.5894,13792.212
978.0,54380.867,2371.2634,72728.08,142387.47
994.0,1788.1791,1235.6558,1988.5583,3611.0242
997.0,999.0192,529.6568,970.04944,2162.4683
1000.0,806.60596,62.817577,770.699,4437.698
1005.0,406.65305,228.6984,392.3069,5645.9824
1006.0,849.3825,141.87448,703.41754,18814.361
1012.0,205280.56,49639.4,196901.95,312758.25
1014.0,6090.492,3713.2993,6771.639,9941.987
1022.0,349.49683,208.35532,327.4073,632.12646
1024.0,3076.7603,817.91736,2488.6594,10558.823
1028.0,206.88416,80.59404,209.7374,728.8732
1031.0,502.59003,147.12021,480.49008,1698.8282
1033.0,8973.703,627.8285,9281.358,73636.266
1034.0,23332.508,3860.2224,24597.455,68339.24
1039.0,201.06956,54.902924,213.1434,1556.2942
1040.0,1211.1166,350.82388,1498.5702,2498.6228
1046.0,8977.606,1869.812,8320.716,27745.35
1048.0,235.48093,98.549965,258.82022,530.3465
1057.0,4598.2354,1515.0519,3601.982,10879.73
1060.0,5362.609,1300.5745,5594.9336,7125.2354
1065.0,1086.2898,575.6996,936.7605,2235.0696
1067.0,14928.063,5504.7524,14622.445,27375.15
1077.0,1124.5222,122.024826,1199.6631,8550.217
1089.0,2327.487,442.52536,2686.672,9219.183
1092.0,3882.0889,283.9769,3165.4517,13023.183
1096.0,1206.4846,549.5581,1051.3125,1501.082
1098.0,190970.98,16552.863,181849.08,283208.03
1101.0,2095.4326,292.72623,2353.02,18966.3
1102.0,2504.8796,317.16415,2461.4504,5027.3433
1107.0,379.73535,185.5922,381.28122,995.0224
1108.0,167.36815,42.487617,210.84572,744.7055
1110.0,657.09033,293.0525,507.0713,1168.2097
1115.0,4844.589,1454.3881,5054.683,7086.1484
1116.0,657.029,274.68564,527.09924,914.62866
1118.0,378.31155,70.77179,700.0363,6664.2197
1121.0,121.649284,26.66633,110.33364,474.4506
1125.0,2333.5857,266.99777,2087.6934,13717.0625
1130.0,530.64594,579.7373,558.6379,3737.6826
1131.0,4453.13,1053.2789,4306.1187,9513.247
1135.0,1519.203,284.5029,1742.318,11676.778
1137.0,2495.4412,552.8923,1854.359,15584.302
1138.0,1464.0529,168.13092,1787.6011,16634.838
1139.0,2350.3445,468.1755,2258.841,6851.389
1149.0,196.44765,55.722248,289.79153,839.7076
1151.0,533634.1,10190.468,491165.34,1.1532961e+06
1157.0,3924.192,243.06306,2709.2073,13991.037
1160.0,364.82016,76.71721,429.3576,2247.819
1164.0,67.2995,17.855492,143.3286,1162.6276
1167.0,1109.4965,311.9614,1157.1824,3844.073
1171.0,4579.701,380.3,3738.1924,15226.094
1176.0,65.51453,28.294575,79.3642,152.81606
1179.0,423.40485,109.79355,438.78253,1122.5337
1180.0,10537.697,2915.7612,8541.13,29812.098
1181.0,133.42963,70.53502,150.80548,1065.7561
1183.0,13036.504,3483.1758,12298.382,29457.72
1184.0,392.04657,73.02119,367.9263,4291.7607
1185.0,783.4504,87.70877,822.4604,8227.581
1189.0,84.26701,28.48966,148.51651,2411.981
1193.0,759.62573,68.42956,735.1835,11886.229
1196.0,321.79657,204.51581,389.51688,628.9653
1199.0,37812.85,3953.2427,46570.785,182541.83
1200.0,32350.572,4484.257,35853.38,99507.66
1203.0,5351.028,789.5555,4806.003,37183.613
1205.0,852.4106,188.92609,733.7528,3703.118
1206.0,174.97261,25.8225,161.40207,1011.67883
1212.0,2732.4734,906.54956,2444.8538,7322.2856
1213.0,4020.7163,559.9978,4049.0715,14872.487
1214.0,472.49298,89.00926,634.7101,3858.802
1231.0,3386.7095,1805.252,3334.2603,7687.995
1232.0,47691.688,2740.0303,38687.305,133743.92
1233.0,884.9507,241.21158,871.262,10009.505
1235.0,1182.6077,170.74107,1505.2285,15525.305
1239.0,75467.38,5268.475,87751.49,294731.94
1240.0,1849.3141,268.39114,2115.4402,22595.91
1242.0,89233.055,11227.768,72163.0,175420.9
1245.0,2481.3284,775.5545,3248.5288,9713.774
1248.0,83.15167,44.02926,103.18645,282.06607
1250.0,1815.5864,541.37115,1971.6548,5620.25
1258.0,77.04461,32.25959,92.18891,839.55176
1259.0,112.492455,40.828644,142.07935,335.33957
1263.0,27.862022,12.357994,30.182636,146.53714
1266.0,101.57632,35.64244,96.81377,539.6683
1268.0,2463.9116,333.24023,3752.272,42151.88
1270.0,15.560616,5.718253,16.3404,244.92503
1275.0,287.2223,169.2988,291.99686,501.29086
1277.0,2276.351,949.30585,2235.317,5057.832
1282.0,10203.605,3169.847,9446.391,23702.494
1297.0,1853.1461,762.6744,2205.3748,3523.1218
1300.0,132.30362,70.12801,149.22404,648.42505
1306.0,3367.726,981.6109,3707.7754,6829.8022
1312.0,1638.0234,875.7922,1629.0641,11326.732
1314.0,248.56448,81.035355,204.24724,434.7723
1320.0,724.6581,333.13602,740.1666,2591.1885
1321.0,351.22778,32.99094,267.0218,5241.8726
1322.0,4730.0947,1418.3187,4748.3447,13300.372
1324.0,9309.548,204.00156,7009.1714,47258.895
1325.0,1554.1764,598.0797,1292.4521,2822.6992
1330.0,715.82025,158.6074,750.30945,3809.4868
1331.0,805.5229,256.82935,1210.3511,10370.508
1338.0,282.46634,217.15977,321.85104,1216.4464
1340.0,4192.694,1461.9236,4105.108,15327.523
1342.0,3489.3994,360.55975,3706.6265,13885.613
1348.0,32.03009,20.427685,28.036554,107.37304
1350.0,2379.3394,614.1853,2534.9612,10349.314
1356.0,602.09344,309.66104,641.8952,811.7946
1362.0,91.94522,36.4017,103.5874,876.4276
1363.0,684.13477,250.68213,633.0007,1527.7518
1366.0,358.5389,202.24911,371.8127,664.9901
1368.0,12732.365,5267.822,13730.596,30386.611
1382.0,1650.9927,562.41376,2437.2854,5915.258
1384.0,831.06323,354.79684,1242.7062,6779.6323
1385.0,928.26636,406.31616,1035.3259,3606.8354
1387.0,1248.586,356.40903,1758.7888,7550.4414
1396.0,7573.836,478.40097,5504.2173,28859.982
1399.0,431.79715,120.91915,434.68854,1478.5535
1401.0,316.70654,79.56737,415.752,2677.9773
1402.0,147.76372,74.23358,130.53815,283.03546
1408.0,227.6375,218.18204,216.03596,515.1223
1410.0,1204.8473,521.9706,1157.295,3134.9165
1412.0,1057.6449,318.06485,1304.0084,2968.3325
1413.0,101.5054,46.8558,104.48237,229.71317
1416.0,761.6485,182.55981,789.8624,9320.982
1418.0,440.30078,209.15285,410.98163,1141.8552
1431.0,6710.8027,3544.9546,7069.1724,19363.39
1435.0,97.135414,29.814192,80.47899,1162.065
1436.0,1763.483,835.276,1822.2179,3940.832
1442.0,2555.9456,291.8038,2106.9045,6559.168
1448.0,1603.8552,410.4125,1718.3611,3519.9485
1449.0,1442.887,188.52536,1578.2222,15137.6875
1450.0,7996.9497,2864.7412,7297.2314,18866.846
1452.0,5470.7505,611.93,5084.087,47798.74
1453.0,104.781525,38.32332,86.464134,634.7952
1458.0,222.56847,49.82577,241.78735,769.34625
1459.0,1014.56915,111.61149,1218.3866,7844.878
1461.0,129.18668,26.677038,176.73495,323.27423
1463.0,623.1182,348.88754,654.82086,906.3256
1468.0,314.98703,83.28269,387.11325,1296.9801
1473.0,109.82946,46.055405,149.88568,316.2674
1474.0,3741.4165,1171.0496,3978.6208,6781.8047
1485.0,1135.9119,295.58905,1204.1512,2509.3398
1488.0,72.56532,54.18059,89.44413,217.79057
1489.0,4725.0537,1072.7366,4350.882,56146.707
1492.0,107.29826,42.126072,131.0713,2947.624
1494.0,569.41187,258.47208,540.13605,1032.6324
1497.0,109.604546,44.262016,119.14953,236.93636
1498.0,1383.0911,254.46762,1396.2118,17120.299
1499.0,198.58455,100.07647,190.89067,536.6474
1502.0,207.9782,70.29354,237.20164,388.08966
1512.0,386.45154,132.45601,440.9292,878.77277
1514.0,98.33451,35.873043,135.72345,1669.9507
1516.0,2061.408,688.0951,2035.6605,2470.6294
1518.0,92.54765,32.161522,146.73859,729.6264
1523.0,1322.8784,553.7614,1252.727,2100.5728
1524.0,1224.9769,180.91772,1234.3826,9257.569
1534.0,4071.4487,1824.1173,4527.015,7812.542
1535.0,859.02075,208.42099,1193.4122,5934.9097
1544.0,731.26794,263.55527,672.3156,2488.3604
1549.0,7785.521,398.0843,6326.687,32615.186
1550.0,96.66209,60.67115,121.00866,242.9765
1551.0,161.88017,38.115143,170.62654,845.6864
1553.0,78.65598,47.55368,90.30931,410.20258
1554.0,550.64746,106.45839,598.6275,4648.4775
1567.0,751.8638,250.6428,693.07135,1073.4918
1583.0,697.77313,154.25288,700.99835,4357.509
1584.0,113.059074,38.51586,108.55297,583.69714
1585.0,4193.3657,2490.7883,4047.8054,5964.3696
1610.0,806.9506,325.54587,743.345,1372.7349
1614.0,611.61346,314.19846,520.0913,1072.8031
1615.0,1392.2861,313.38196,1207.6449,6291.9272
1624.0,6881.2163,357.37738,5378.353,31147.043
1626.0,90.15176,20.134941,79.81954,387.05493
1629.0,3836.4114,796.5263,2112.7927,14954.496
1632.0,57.63596,30.253466,78.26558,178.60146
1642.0,781.994,380.23724,912.2049,1271.2599
1644.0,535.154,148.26978,578.20337,2223.2197
1646.0,179.35837,82.01618,177.32703,437.98193
1649.0,1106.1943,550.6201,987.0254,1615.8757
1652.0,759.118,133.75464,704.26263,2139.0103
1655.0,2885.2705,558.68365,3364.086,11589.257
1674.0,17.743694,4.8047647,30.790863,47.49544
1682.0,188.28117,42.65095,203.35655,1228.7338
1684.0,1089.967,420.46924,1016.6229,3125.9185
1686.0,2248.3862,615.00323,2659.1106,7593.4727
1690.0,27.874588,14.672203,34.998646,67.59763
1692.0,1784.4286,459.8969,1805.6886,4171.619
1693.0,19399.47,1918.8406,17140.492,164730.0
1696.0,1167.8236,562.57434,1060.2352,2067.887
1698.0,19.422703,9.389202,25.25211,287.67596
1700.0,7014.414,2561.2542,6429.1987,8833.062
1703.0,859.63,207.9199,651.083,1775.0555
1705.0,97.36677,27.999928,87.079216,622.21295
1706.0,448.9488,103.405235,493.7794,1322.5133
1707.0,31.070604,9.074317,32.376896,119.133575
1709.0,462.5404,60.42545,511.52686,2462.5938
1710.0,791.6768,308.44193,814.5787,1358.6447
1712.0,1300.65,251.39795,1229.0912,5174.6357
1718.0,556.47107,180.79398,616.7779,2013.0094
1721.0,18.26179,8.549693,16.798824,83.22874
1727.0,388.7848,99.004776,339.7305,946.5053
1730.0,3039.2214,1792.0989,3587.5693,8268.113
1733.0,127.87256,53.45189,153.10788,831.56024
1734.0,46.470257,17.109848,47.264515,1426.8263
1736.0,1547.4441,577.1572,1605.6742,2472.573
1742.0,1650.3212,596.0486,2214.2588,2878.53
1747.0,833.0458,333.84702,774.8104,1309.503
1748.0,1342.7194,499.9576,1270.3455,2309.0967
1749.0,134.57011,70.66722,135.4577,327.7886
1753.0,10357.876,321.26547,7172.8096,59395.96
1762.0,5749.8174,347.3917,3996.46,15298.477
1763.0,1723.8351,317.41013,1847.3989,12846.589
1764.0,4660.7153,2539.0002,5697.987,6657.9688
1765.0,3160.3508,573.2682,3116.2598,5785.526
1773.0,2334.012,179.69644,1868.8387,6546.638
1775.0,54.587883,22.784885,57.918106,167.2153
1777.0,1781.8457,453.94568,1690.0045,4230.368
1779.0,184.57664,53.147373,174.8842,624.1888
1784.0,68.01132,12.168711,82.542076,383.09485
1789.0,181.368,48.868412,229.88118,1855.9839
1796.0,23811.744,3718.7886,21636.826,60528.297
1803.0,242.63693,59.02792,229.32335,1303.2775
1808.0,931.9777,180.94922,1078.5256,3750.4832
1809.0,1211.3933,192.69551,1210.2391,6243.2363
1811.0,155.80734,45.761894,131.97188,1334.8939
1814.0,2142.4338,437.14856,2242.9326,5899.1177
1815.0,93.46884,24.750828,108.80321,2323.977
1817.0,1055.6658,431.15112,1021.78125,1722.6312
1818.0,41.230488,18.362482,42.299137,136.1969
1819.0,969.6137,267.1478,943.058,1872.3147
1823.0,33.733665,11.58943,47.475746,1292.7961
1828.0,99.40692,38.528618,121.45189,1571.0905
1830.0,158.14372,18.337946,133.14268,1200.8805
1832.0,563.004,34.586502,553.36224,3978.2795
1834.0,1810.6367,580.91833,2127.4426,16664.42
1835.0,864.5354,362.0474,659.6546,1650.1647
1837.0,5062.1704,474.52435,8049.086,37432.887
1841.0,1237.476,247.8769,1066.1643,2776.0264
1842.0,2501.0854,330.0076,2774.5125,13972.276
1846.0,363.16153,73.42785,396.78824,5694.108
1847.0,609.73474,218.5548,663.90906,13749.7
1848.0,1734.8402,951.31146,1900.4143,2301.3452
1850.0,370.93317,126.96218,378.06662,4704.461
1851.0,589.461,170.58376,600.2648,1893.574
1853.0,312.726,47.16414,309.2504,1967.5579
1854.0,13819.005,1754.1161,10790.597,130232.27
1856.0,3227.6965,561.6647,3097.5662,12690.094
1858.0,119.266624,80.14601,107.44797,1501.8408
1859.0,126.8238,46.864433,186.1518,1400.7256
1860.0,596.7721,119.099594,577.1036,1776.9388
1862.0,65.24054,17.482546,60.780926,164.1906
1863.0,2152.4126,1070.6001,2377.0247,5368.683
1866.0,1082.1869,248.31013,889.2462,3434.627
1868.0,189.714,39.57482,167.2531,793.2545
1871.0,4430.1167,1716.9178,4071.5847,9187.918
1873.0,247.25339,90.99283,239.63362,570.5915
1874.0,530.99176,171.5399,438.03848,3002.0208
1875.0,123.563324,47.01389,131.0711,390.87302
1879.0,389.0528,98.253525,363.36478,937.37585
1881.0,172.42953,47.581684,171.61084,1314.1976
1888.0,253.27798,71.53071,220.90427,764.76514
1889.0,32.224876,10.560965,41.00097,129.4524
1890.0,6.407679,2.1281147,6.489181,74.78699
1895.0,109.84953,36.344753,95.39538,378.4835
1899.0,156.33707,71.275925,148.40169,846.7238
1900.0,1709.612,307.10086,1666.4387,6198.492
1915.0,38922.37,623.7404,20121.555,124495.414
1919.0,36.48224,12.174559,43.536873,718.59174
1922.0,411.3182,186.98038,387.31506,665.875
1925.0,1103.1202,270.76367,892.0863,3345.3667
1927.0,499.49106,161.75702,561.1333,4248.8086
1932.0,961.57794,152.4613,799.43225,12937.52
1934.0,26909.006,1529.563,17294.43,15435.781
1935.0,1006.5729,212.95303,745.92566,2764.8557
1943.0,132.5195,58.978516,115.8181,401.56958
1944.0,313.15564,61.36121,361.1346,3188.189
1947.0,1901.2743,589.61536,2431.8179,4010.6633
1951.0,1901.1464,524.5247,2306.1885,3843.9956
1955.0,1576.974,275.8403,1538.8444,4820.145
1958.0,3409.6472,837.7051,4237.0176,14217.313
1959.0,98.14265,40.73055,110.160416,278.6773
1961.0,631.0441,72.16485,611.7529,6281.8477
1965.0,165.023,68.02104,166.35115,1503.3378
1967.0,164.63708,39.393307,159.32259,1566.9703
1970.0,754.98224,93.64564,639.49396,8563.126
1974.0,647.4438,148.12286,444.3021,3425.144
1975.0,67.534096,26.605497,79.26589,240.75928
1980.0,508.1409,161.08199,465.92062,2455.7786
1981.0,54.882427,15.335321,79.68017,600.64185
1985.0,5027.113,905.1125,4460.0444,19546.404
1988.0,3139.6108,271.417,2770.311,15934.121
1991.0,49.83348,20.023394,58.57884,817.3108
1993.0,97.11185,52.022068,118.87345,395.9349
1995.0,119.91071,56.56953,83.94689,1358.1207
1996.0,201.38638,68.19008,296.01093,8480.516
1998.0,735.9593,189.23137,578.7857,3625.7866
1999.0,769.5264,355.64902,668.0105,1456.9736
2001.0,379.7366,130.33153,467.7667,9844.111
2003.0,15343.186,1755.7605,12653.404,142144.88
2006.0,2358.0293,617.0989,2598.522,5122.1733
2007.0,878.6269,99.02715,633.97296,23469.443
2008.0,4.417428,2.9583633,5.11937,212.34663
2011.0,50.44705,16.58594,48.366287,598.35266
2013.0,161.02777,31.094822,183.0821,1777.2692
2014.0,181.82077,29.828722,139.55461,1504.5504
2015.0,83.96399,34.347435,73.11153,1757.8297
2021.0,200.0101,44.652237,200.2085,1304.56
2023.0,96.393974,27.591928,112.41609,679.45874
2031.0,1661.8569,630.7403,1402.3143,4492.197
2035.0,24924.74,12962.257,19476.904,50698.207
2037.0,157.99019,51.601894,148.78984,1119.8049
2039.0,82.717804,32.19587,132.7899,1306.3746
2041.0,178.7226,82.056526,150.48904,519.4625
2043.0,5482.5283,2991.184,5613.571,7812.878
2046.0,338.21536,88.44537,281.75113,932.65344
2048.0,32.23207,17.270935,38.357452,321.99948
2049.0,317.46796,76.854324,267.7867,5242.137
2053.0,98646.5,4309.372,74003.266,179317.52
2054.0,42.894913,8.17072,48.82705,628.5195
2058.0,259.60388,44.88365,256.5169,987.43726
2063.0,2260.5305,1006.5984,2993.7698,9594.481
2066.0,266.0527,125.173935,273.05676,388.97675
2067.0,653.1114,148.01767,866.2339,1947.5436
2072.0,43478.023,924.51685,21287.121,178831.66
2073.0,11516.233,3687.6187,9773.924,24253.365
2076.0,36821.98,2372.037,25192.295,86589.32
2079.0,17440.045,4871.1997,18358.207,44662.312
2085.0,4985.357,267.58136,4699.936,35400.31
2086.0,15352.114,1301.9812,15224.394,59135.965
2087.0,505.70407,138.12978,393.48138,3141.8423
2088.0,1377.5919,192.88542,1499.9944,8067.7456
2090.0,3797.5059,643.4937,3671.876,18878.438
2094.0,5866.281,785.6587,4058.617,16703.514
2101.0,1072.5259,316.8094,1236.705,3446.6956
2113.0,65.03362,22.342775,78.493004,488.2604
2118.0,1245.9435,450.5757,1115.3584,2906.0781
2126.0,90.76792,18.845858,81.73849,1456.6207
2129.0,557.8153,120.24103,817.33923,4914.8955
2131.0,362.93787,81.15569,269.92316,3460.2446
2132.0,332.53165,85.66797,362.01614,1427.8167
2138.0,1497.3153,466.4506,1411.9945,6054.564
2139.0,4519.2207,863.3069,4483.598,17848.84
2141.0,4352.5376,770.6482,4073.9312,43187.05
2144.0,4740.983,2409.5532,4538.89,14953.227
2149.0,163.69272,68.28496,234.99333,1514.8171
2152.0,644.8391,307.7755,632.9916,1238.2574
2154.0,161.0297,62.621357,231.78589,1587.3368
2159.0,5529.824,1578.1077,4572.819,18540.664
2160.0,1.0428438,0.3197568,0.7274442,112.75915
2166.0,678.7528,296.7656,670.1756,1540.5352
2167.0,75.44334,20.792055,91.83717,1363.3529
2168.0,13.047502,3.6035142,20.373674,165.93285
2169.0,141.70958,51.928432,163.42996,418.09967
2170.0,20.737997,5.322732,21.935438,174.25449
2177.0,194.39992,39.32294,297.26852,2215.9722
2179.0,88.951645,25.04357,86.986015,426.0535
2181.0,1300.1434,508.28525,1332.8389,6842.306
2187.0,468.5644,161.94972,374.38416,2058.798
2192.0,228.82483,50.005974,196.49075,1969.8373
2193.0,154.50471,91.730644,163.08961,3499.424
2196.0,222.91217,83.505295,236.93546,597.86865
2198.0,174.97913,39.05947,207.26787,1440.2727
2206.0,5976.0415,691.94,6066.644,14932.306
2220.0,3173.9456,346.01837,3242.997,10312.055
2225.0,1034.2832,513.41406,959.68616,1705.6205
2226.0,68.428024,23.485477,73.52304,428.70255
2230.0,972.8445,348.1673,1133.382,3077.0303
2235.0,150.54402,34.303326,168.24753,1183.815
2236.0,175.64102,66.269035,173.50569,371.75967
2237.0,21.502687,7.457661,30.810677,566.89856
2239.0,143.02669,40.76483,272.9447,2292.4702
2242.0,609.62976,149.42941,580.82916,3169.0698
2244.0,83.791565,22.041283,91.047386,1630.2982
2247.0,146.1615,31.603943,139.83105,436.8808
2250.0,115.149475,58.256496,156.60036,2462.4163
2255.0,69.70584,17.988739,71.48928,142.79793
2258.0,24334.129,1706.7114,18010.34,55208.164
2259.0,152.07278,28.809582,155.93987,525.9288
2262.0,23.58583,7.306242,22.67804,455.83932
2265.0,152.39725,40.827934,209.35211,1250.7855
2271.0,636.52167,230.83073,612.129,1673.8779
2274.0,583.0357,201.66344,688.5427,7891.2427
2283.0,13.845476,3.4535882,14.815621,147.77562
2285.0,5959.73,2127.2996,6023.9463,13553.221
2287.0,536.9348,208.47496,671.84735,3498.7935
2290.0,262.76337,162.04128,235.68785,620.84015
2296.0,57.978897,13.977145,75.24861,441.45428
2298.0,76.45471,27.630367,68.61037,414.64606
2308.0,0.088645704,0.047577668,0.08706379,62.65965
2311.0,90.30987,38.98025,95.51667,251.16382
2318.0,53.68664,16.082664,61.460392,833.5376
2321.0,74.66647,29.543219,61.871025,388.47165
2323.0,141.57079,57.108,170.07394,322.4071
2330.0,257.5335,70.34155,297.8825,836.5364
2335.0,75.55303,23.958025,84.4531,286.26855
2339.0,51.177315,7.3628645,56.9126,398.34653
2341.0,12.676396,4.517201,18.079441,334.00256
2343.0,358.5661,125.20342,255.6521,2155.9285
2348.0,68.58387,16.988302,79.06307,217.83824
2349.0,304.77304,53.926853,233.69363,5217.663
2352.0,63.80474,25.356604,77.10651,296.0582
2356.0,193.87503,131.2045,241.24275,4390.0396
2358.0,188.63408,85.79604,175.63306,4192.922
2361.0,189.49016,80.03331,241.35124,2926.0928
2363.0,116.31194,41.24907,151.5656,3220.1853
2364.0,1041.3748,386.15125,848.01953,2364.9558
2365.0,22.228481,8.113013,27.905819,569.46045
2369.0,2442.0134,150.80959,1832.1975,4608.855
2370.0,553.50214,203.18619,660.5917,4929.7666
2371.0,408.4127,107.58808,347.94058,2799.522
2372.0,203.8455,122.17835,284.9981,3185.481
2378.0,36.58287,13.39679,58.408974,1142.9213
2379.0,179.03018,67.50204,175.21408,1128.2153
2381.0,18.939255,4.983379,25.23399,397.91522
2385.0,1507.8281,309.51196,913.80524,7625.4614
2386.0,225.78888,51.736126,265.05893,882.92
2387.0,129.90044,65.36332,96.26913,1785.485
2397.0,281.0976,67.83629,239.17894,1626.4539
2399.0,59.42621,25.73372,119.82218,1915.787
2402.0,399.26483,111.68261,479.9126,901.8418
2404.0,205.84483,68.158936,241.59406,419.43137
2413.0,164.79478,37.078945,227.94041,2899.086
2415.0,406.01788,157.65868,435.3905,896.8372
2417.0,16235.025,5184.065,20162.469,48841.11
2418.0,202.10893,49.093857,290.9521,2304.9749
2419.0,508.01218,188.66277,487.62195,1927.0267
2420.0,3830.2405,1272.2175,3239.5105,12755.298
2421.0,621.31134,79.30004,590.21277,2800.1733
2422.0,30.743795,9.901858,38.530655,319.2331
2423.0,2294.7988,137.57642,2012.2494,5728.947
2424.0,2665.2812,943.3463,2435.9612,5843.7285
2428.0,565.8062,203.98346,588.34814,4422.4966
2429.0,1051.0433,419.12228,940.64044,2827.1216
2433.0,201.04356,63.269554,238.50871,623.44836
2434.0,760.6961,378.82584,715.30853,1783.5328
2435.0,542.7019,64.88265,560.3632,1989.9537
2436.0,131.78714,77.14346,137.03412,325.18066
2437.0,328.87607,79.25108,340.5814,645.1322
2438.0,606.12195,197.86911,686.47284,1796.9799
2440.0,548.9489,248.13922,490.8377,860.3572
2445.0,676.0205,153.74112,560.6246,2723.5405
2448.0,34.60045,16.050182,54.14038,675.3961
2451.0,290.9213,112.00003,324.05643,4270.6973
2455.0,13.374312,3.5735145,20.022991,376.50833
2456.0,22.250057,6.1392617,26.61935,117.87067
2457.0,12.878063,4.042412,16.458406,368.4994
2459.0,72.336075,21.750568,87.94887,187.92723
2467.0,92.329956,28.858534,106.46859,264.1922
2471.0,90.93142,46.21819,94.967926,2521.8088
2475.0,145.96259,64.84535,152.53635,314.80685
2478.0,20176.068,1511.808,14574.941,23651.555
2481.0,5137.702,1091.0939,4047.6897,12089.5625
2482.0,6655.277,741.3743,4042.5818,8731.369
2487.0,123.96109,56.396267,125.99518,215.89551
2488.0,3774.2363,596.36615,2637.5217,5832.8936
2491.0,512.513,109.23963,628.3145,3688.0967
2501.0,147.60971,28.93601,182.90742,1670.0487
2504.0,16.199097,5.9308004,23.217106,351.08795
2507.0,63.697468,19.891832,98.45073,689.394
2509.0,22.640839,10.903249,30.720837,510.52823
2514.0,10.449506,3.2169821,16.05891,247.71385
2520.0,156.13695,57.184902,216.72995,3075.0527
2521.0,13.968479,3.54997,16.375345,137.19691
2522.0,12.674321,2.6722443,13.164891,89.967
2525.0,30.481422,17.301058,36.046124,65.43276
2526.0,23.470303,3.3423839,28.968729,103.68796
2527.0,158.65211,47.22234,157.32817,3453.282
2533.0,333.87677,151.66081,293.4723,901.84607
2534.0,12.704681,2.512754,12.664302,240.50293
2536.0,13.771911,2.4861915,14.992935,318.50085
2537.0,13.988921,4.423207,20.954483,274.9814
2538.0,87.56824,15.428634,113.3948,509.3917
2545.0,89.03906,25.33753,81.19862,661.03186
2549.0,15.504437,6.3112874,18.89849,767.9363
2551.0,1579.703,183.42342,1046.5199,8348.034
2553.0,27.43449,13.153323,27.308111,188.74124
2554.0,55.783398,19.033497,54.999798,328.4443
2555.0,114.35977,39.73321,130.6774,466.9275
2556.0,670.1376,54.91473,697.91187,9512.048
2557.0,92.8114,37.18534,125.00501,877.5257
2558.0,32.353443,14.626175,53.19285,650.03394
2559.0,36.334606,19.21222,46.411556,271.62128
2560.0,6296.0264,2265.0225,8366.326,18852.385
2563.0,296.28897,58.209595,399.52347,3477.0623
2564.0,14.559041,4.650378,19.52108,197.36035
2565.0,93.8263,28.025976,137.25699,1200.1643
2566.0,17978.387,221.39238,12719.476,32782.332
2567.0,10896.5205,173.09987,10320.25,31425.54
2568.0,18.95245,4.268346,20.052692,166.54625
2569.0,51.937824,15.315268,71.34373,453.24622
2572.0,4.2138023,1.4507521,6.929049,940.3463
2573.0,90.966064,17.75096,112.12271,407.80762
2576.0,10.4703245,2.6529832,13.693182,331.61057
2577.0,9.095971,1.6190308,8.616917,304.31586
2578.0,28.153353,4.626033,24.132986,514.0595
2580.0,28.369413,12.41417,37.125473,216.46606
2581.0,156.85258,30.678587,202.82181,788.7728
2582.0,77.71734,13.470695,93.0941,385.76645
2583.0,1251.4172,188.52536,1451.7509,15137.6875
2585.0,23.460321,13.1569395,29.616117,185.3182
2586.0,87.88791,25.6497,84.45616,288.65292
2588.0,17.53621,4.827417,21.242973,395.98965
2591.0,19.265232,3.276248,20.518585,96.214745
2592.0,62.64143,18.407198,70.32677,141.4703
2593.0,46.392185,19.586353,65.11623,207.38383
2594.0,79.22334,17.399317,95.10782,1402.9672
2595.0,66.427826,17.31887,85.92452,534.95325
2596.0,7.929185,4.467008,9.713653,297.5401
2597.0,24.958235,4.083013,22.893269,780.6178
2598.0,21.758556,7.730383,25.19457,178.20717
2599.0,26.872595,10.58249,27.547197,161.8648
2602.0,105.67259,21.746048,127.58886,542.0916
2604.0,23.87145,12.7080765,27.60539,75.160255
2605.0,32.33226,15.886482,39.20223,77.86664
2606.0,26.546198,11.674933,28.45843,120.30928
2608.0,41.64489,17.166313,39.608727,164.03989
2609.0,31.587273,13.188302,27.997105,70.59332
2610.0,15.790239,10.008938,31.482403,989.7188
2611.0,24.139235,7.140682,22.575512,205.00018
2612.0,45.110455,9.560031,56.560547,662.0426
2613.0,23.41185,8.044095,27.6999,269.77084
2616.0,30.298372,9.747981,28.161673,87.10812
2617.0,21.656946,6.6143494,33.397694,441.90207
2619.0,156.98653,39.168793,186.04808,1323.252
2620.0,36.110233,11.0527,34.35322,264.84683
2622.0,19.59783,5.665241,31.219976,438.29575
2623.0,32.074627,6.564533,31.88495,431.5382
2624.0,20.45365,6.5683446,19.780157,154.28546
2625.0,14.676927,3.402336,20.211174,93.902435
2629.0,89.78949,29.83649,139.71948,1081.2141
2630.0,106.23525,23.217842,159.72095,581.2342
2632.0,61.29597,26.611893,61.027454,128.46129
2635.0,53.538963,12.788351,68.93078,759.60614
2638.0,45.05456,15.600743,56.775364,398.5194
2639.0,35.448185,13.336516,44.772804,215.59633
2640.0,29.507826,9.826083,37.271942,446.16272
2641.0,41.258972,18.984732,41.20756,90.70835
2642.0,45.46286,15.315686,47.542202,359.99573
2643.0,13.954107,6.983014,15.633836,47.54022
2644.0,35.23241,14.589236,43.802315,186.92485
2645.0,21.988453,8.480332,28.501297,244.44283
2648.0,181.82086,45.48778,225.39154,392.79974
2649.0,29.078781,7.965757,38.13106,573.6888
2650.0,184.90417,37.175365,246.07861,1025.4619
2651.0,35.66655,20.767109,44.41144,187.66522
2653.0,50.72525,12.974624,56.989723,320.96536
2659.0,6572.7563,1678.2767,8368.073,13114.103
2662.0,200.47762,38.09054,283.43185,1582.1343
2665.0,790.10236,253.52946,835.5596,1329.7772
2666.0,15.2361,4.6060004,18.589735,307.3789
2669.0,265.01663,62.09755,309.60352,895.93665
2670.0,25.598967,10.32687,47.83835,260.9221
2671.0,34.983585,16.338774,39.795155,192.81583
2672.0,60.447094,26.995424,57.09918,113.10351
2674.0,113.98657,31.865103,149.2545,1257.1893
2675.0,636.7332,65.570625,748.7976,10717.493
2677.0,50.220222,15.800461,80.14872,997.5527
2679.0,1047.051,136.56055,1098.061,6396.6934
2682.0,15.253277,4.7365556,22.531088,282.7515
2684.0,68.77473,20.88629,69.5443,229.1408
2685.0,214.70256,109.047485,206.38765,340.91452
2690.0,171.29004,90.079735,170.68855,343.69205
2693.0,569.9829,82.32306,827.1792,7193.2783
2694.0,84.17906,20.730879,137.35806,570.3942
2695.0,79.02527,24.312332,72.10119,374.6937
2696.0,66.8851,27.997398,71.44194,148.86578
2697.0,23.984127,8.234712,24.570639,174.72807
2698.0,73.233154,39.378235,69.467636,160.25984
2699.0,224.46497,133.45865,167.76637,926.0497
2700.0,431.378,62.441116,495.56924,1699.9166
2701.0,31.986591,9.644267,40.562363,308.41544
2702.0,96.833565,54.14962,125.43283,205.44836
2703.0,39.52223,16.072252,32.28383,145.7754
2704.0,36.436752,17.721617,41.185333,94.43625
2706.0,79.06413,42.506058,100.37598,333.22003
2707.0,21262.754,1195.3212,21483.459,23718.639
2709.0,1422.5837,526.97577,1688.4789,2463.8223
2711.0,63.491894,17.02078,67.917885,246.2191
2713.0,92.99897,21.108212,119.91582,1163.5537
2716.0,142.05814,27.986446,193.08539,665.45667
2717.0,108.3473,16.444551,175.37206,691.8338
2719.0,63.52763,12.42103,117.64932,599.0867
2720.0,62.79883,14.867129,114.464355,463.62842
2721.0,5.9641185,1.4679049,5.618921,72.03613
2722.0,36.9874,10.889417,38.560513,149.42755
2723.0,47.789127,13.792296,55.284344,407.95508
2724.0,30.925741,9.071589,47.162376,427.33835
2725.0,37.463665,13.401637,53.82877,399.08725
2726.0,853.354,100.05118,1081.293,9563.295
2727.0,108.48616,29.5522,172.77133,1281.4089
2728.0,185.50406,51.599155,160.05229,783.4242
2730.0,9.743985,2.6933846,12.250057,167.72966
2732.0,18.186146,12.078502,20.412436,90.06697
2733.0,103.13116,46.657158,106.62476,253.48485
2734.0,120.974754,39.974697,161.74977,498.77396
2735.0,14.7271185,5.706224,14.491825,55.11823
2736.0,435.66113,70.58434,540.3529,4561.2373
2737.0,21.753666,5.391599,26.135391,567.51544
2739.0,226.75865,89.394455,237.60988,583.6724
2740.0,20.301085,5.108906,23.115202,158.2568
2742.0,20.53683,7.427671,26.074982,101.01805
2743.0,24.959032,9.054564,28.671965,331.63144
2744.0,30.726358,10.290411,32.15295,89.76599
2745.0,22.828663,10.938489,33.761204,705.4568
2746.0,66.73155,45.928474,92.96944,226.19658
2747.0,12.618943,5.8182416,13.341372,214.63878
2748.0,10.35562,5.16604,9.521076,50.75736
2749.0,25.968798,7.5623436,22.457972,165.7731
2750.0,41.290237,20.55001,46.39271,74.14182
2751.0,2669.3677,127.522194,2450.8474,7211.9614
2752.0,12.249885,2.4105017,11.520349,225.45656
2755.0,109.16507,39.588978,116.64624,471.86414
2757.0,100.71413,54.990566,105.95767,205.05377
2758.0,247.81216,66.45691,264.2296,1179.5603
2759.0,37.77084,20.850433,39.937737,68.785065
2760.0,19.69941,8.199165,20.286795,54.265614
2761.0,123.52657,33.942932,162.38556,541.6797
2763.0,295.60526,77.21939,351.90036,1565.4506
2764.0,226.44316,85.344925,202.06886,446.57584
2765.0,75.54031,15.435224,116.274,495.19034
2767.0,537.5699,60.51729,511.06894,1696.7211
2768.0,126.63393,29.695696,227.14047,1326.968
2771.0,90.82958,16.961498,146.48972,666.0135
2772.0,72.84278,15.208829,91.00859,546.3738
2773.0,422.72302,68.91524,479.64243,4557.0156
2774.0,58.22106,25.108717,73.32785,107.91223
2775.0,37.824932,10.38959,66.65787,305.91934
2776.0,83.65867,18.534466,92.15165,187.37784
2778.0,46.260326,16.416477,51.705456,264.83078
2780.0,58.766483,27.47157,61.616383,95.72487
2783.0,27.97786,12.851072,34.429993,220.79146
2785.0,111.16453,43.580948,95.04222,225.82637
2786.0,226.01866,93.03459,249.52412,421.23602
2787.0,57.464287,16.817924,77.42428,1059.112
2789.0,11.846481,4.5174184,17.374922,247.28285
2792.0,22.137117,8.133419,26.009144,306.19223
2793.0,27.988924,11.042155,41.06797,197.32564
2794.0,34.263554,11.155912,52.501984,378.02936
2795.0,76.74739,44.667423,69.96782,222.52495
2796.0,44.921238,11.796811,65.26138,419.06808
2798.0,30.19482,13.750129,32.69741,121.52858
2802.0,19.83541,5.0975947,21.186724,146.38303
2803.0,283.01602,111.63028,334.40048,481.3413
2805.0,12.741981,7.7762523,24.01719,348.59708
2807.0,20.582771,6.041738,24.381863,300.3914
2809.0,104.67275,33.713917,114.85342,373.75467
2810.0,12.788278,8.384286,19.384089,423.91376
2811.0,80.43549,27.918604,108.99259,263.96793
2812.0,80.14704,14.581228,101.96771,988.4992
2813.0,23.10756,7.7061977,30.15196,321.82727
2814.0,299.6126,36.853638,290.95584,1063.0621
2816.0,1215.4661,302.05957,1386.5281,3954.17
2817.0,355.35117,181.46411,384.89352,787.52576
2818.0,4075.6604,1660.3076,5026.3027,5832.9995
2819.0,38.537132,8.891519,48.671757,224.34589
2821.0,510.54086,111.540405,519.5933,793.0037
2822.0,35.094067,11.022791,55.781452,820.51355
2823.0,24.143532,9.065966,38.832767,187.58871
2824.0,27.289581,8.853752,30.116692,151.31242
2825.0,16.58189,7.7479863,21.623661,270.18845
2826.0,14.872645,6.0578923,17.303865,146.42183
2827.0,33.335503,10.459003,47.558163,327.64297
2828.0,157.91058,107.00023,203.06152,535.69244
2831.0,49.795486,12.604715,72.42726,409.8407
2832.0,26.672121,9.404467,46.658806,785.40436
2833.0,28.324198,10.397435,45.64104,867.17487
2834.0,52.571312,13.015414,59.189873,480.22943
2835.0,64.48582,14.51675,76.68495,475.57544
2836.0,7.3437843,2.8497372,10.943143,218.69325
2838.0,294.5046,106.215866,272.0615,947.0253
2841.0,42.722363,10.701655,55.54849,328.48956
2844.0,85.716225,37.591587,138.2652,524.03577
2845.0,24.222023,8.774351,36.99202,292.3715
2846.0,22.225105,5.9937716,34.379333,118.29291
2848.0,46.21998,8.58029,46.496822,503.86273
2849.0,10.260432,3.4231224,11.657108,101.01607
2851.0,3381.3457,378.9342,3265.2827,37180.812
2853.0,185.2427,63.30733,197.55838,598.18774
2854.0,36.813217,12.043247,42.01074,146.72557
2857.0,77.12956,25.998981,83.8181,407.69214
2858.0,47.03267,15.176913,61.509766,1780.6276
2862.0,48.353767,23.20975,58.246464,116.65647
2863.0,4746.312,175.77022,4638.757,12246.697
2865.0,11.928133,5.1257086,24.45931,223.06857
2868.0,132.25928,21.343023,177.0776,817.84595
2870.0,24.65933,7.4332194,30.827547,299.6662
2872.0,28.013016,8.626598,43.771614,351.1295
2873.0,12.129865,3.565836,14.889363,42.876686
2875.0,236.69583,68.834305,260.87433,1433.407
2877.0,7.819955,3.10109,12.563717,97.68393
2878.0,39.877586,10.440452,54.109894,359.54477
2880.0,23.984943,7.7921367,42.649426,335.76117
2881.0,12.032909,4.1522202,15.537195,90.10508
2884.0,19.305723,5.641614,53.506992,1871.8745
2885.0,7.016628,3.616521,11.564806,194.30809
2886.0,39.45561,13.504793,38.50138,101.480576
2887.0,29.921362,8.083117,50.03907,344.177
2889.0,9.834058,2.7252157,9.233408,118.602806
2891.0,71.72317,19.114086,99.0648,1065.8049
2892.0,276.51242,68.69804,299.65335,608.167
2894.0,17.625679,6.516442,21.290691,215.81995
2895.0,31.826748,6.9640155,39.570538,194.4255
2896.0,12.122866,3.9147577,15.274873,45.00439
2897.0,15.021138,5.860619,20.595621,281.11783
2899.0,11.102603,4.0714693,14.039084,131.40616
2900.0,267.07465,94.50386,246.36342,890.8595
2901.0,14.4713125,5.5844245,15.71559,108.109344
2902.0,12.454429,3.94539,14.230749,111.64731
2903.0,15.902187,6.2393346,17.857594,117.66054
2905.0,23.709501,7.823224,37.999634,819.59576
2906.0,40.334587,10.165192,46.724613,292.86084
2907.0,16.361706,4.772261,16.591995,214.68045
2908.0,8.020933,2.6317844,9.4447565,112.41974
2909.0,39.689835,11.467866,79.078766,567.8316
2910.0,12.271074,3.7697916,14.475369,124.56102
2911.0,15.377929,6.6649933,20.56418,93.78568
2912.0,29.199371,11.293359,26.617369,62.914673
2913.0,8.5905285,1.6643506,12.557841,558.6333
2915.0,20.49803,5.880587,20.080202,97.85819
2917.0,23.530838,6.588593,32.05946,262.1265
2918.0,13.327419,3.082165,16.775682,254.49446
2919.0,95.245926,76.0987,119.7485,372.87692
2920.0,12.1129,3.0075028,17.83038,247.56082
2925.0,16.884523,5.20465,20.485023,77.77087
2926.0,21.973782,6.860831,32.178955,261.61826
2927.0,14.7638,8.311089,23.81076,145.92805
2928.0,20.305523,11.972782,26.673037,53.33622
2929.0,32.191265,9.8048525,42.5218,343.06003
2930.0,20.357452,7.0164247,28.09713,254.01808
2935.0,16.564308,6.0611143,23.897522,235.4479
2940.0,569.9829,82.32306,827.1792,7193.2783
2941.0,66.413536,15.010784,68.96793,439.33044
2943.0,7.1391068,2.236645,8.862765,60.918835
2944.0,58.128822,17.21168,87.61585,990.3255
2945.0,66.11104,29.023846,63.089,177.09558
2947.0,25.998964,7.8191886,39.761353,322.52396
2948.0,23.118683,12.159257,22.907377,59.112698
2949.0,67.74526,9.640278,88.31368,954.29047
2951.0,16.118479,4.4695153,19.13279,111.298294
2952.0,22.620443,7.6396804,22.04901,68.18133
2953.0,9.523426,2.4477448,7.7425804,127.74824
2956.0,29.985748,18.67022,37.95767,63.455517
2957.0,6.3142877,3.548078,8.824912,185.60033
2960.0,63.901203,33.34783,64.184135,136.42336
2961.0,30.143166,7.207726,39.186764,359.8212
2962.0,37.50677,12.784317,40.137527,151.09972
2965.0,22754.504,760.9134,21331.035,45430.848
2966.0,33.93792,16.315113,44.20637,115.50555
2967.0,82.93858,25.048738,108.80575,502.4074
2970.0,21.171082,6.2134123,23.334373,141.97011
2971.0,30.32312,9.361477,37.995106,343.34412
2972.0,27.134636,7.6170893,45.966915,345.43445
2973.0,36.400528,18.50861,44.04216,98.54775
2974.0,4.3577075,1.5797911,3.8267982,104.13698
2975.0,256.39813,66.86813,322.58594,944.56384
2977.0,2103.8896,1067.2228,2322.1924,4177.0894
2978.0,77.666885,44.89703,85.5201,301.9851
2981.0,7.8486557,3.4069817,12.941918,179.76517
2984.0,255.71562,62.76054,276.4903,433.5502
2986.0,375.00433,88.04811,456.01,3015.688
2989.0,409.1247,94.01346,480.0504,1339.5806
2991.0,6.7993827,4.2358174,11.234484,52.118805
2992.0,23.653532,6.555568,34.154392,285.3587
2995.0,2689.555,144.59407,2882.23,10007.337
2997.0,2929.146,531.8279,3073.7217,7683.283
3001.0,2479.0315,159.15576,2493.532,3830.1672
3004.0,211.81674,37.20389,258.15527,3502.6929
3005.0,153.37993,32.628906,205.3708,1003.60297
3006.0,672.72327,200.09348,782.8189,1333.8091
3007.0,26.142252,7.6007004,25.444887,145.00662
3008.0,11.380519,6.4252343,14.154091,89.1309
3009.0,15.661425,5.3479424,18.460018,155.80133
3010.0,15.81041,6.603743,20.396317,264.33887
3012.0,3.9296315,1.6387504,4.430542,106.676636
3014.0,20.174013,11.025806,18.599419,232.68797
3015.0,4.5518527,2.2191734,5.587779,112.020546
3017.0,51.08577,16.195965,67.228035,114.09005
3018.0,2.7466455,1.3318851,3.1524346,150.97412
3019.0,8.199688,3.6092308,11.710117,176.0801
3020.0,2.6989062,1.3832599,3.609088,127.97529
3021.0,4.0266023,1.8301756,5.852106,100.55826
3022.0,4.1611867,1.8050089,5.043774,136.1593
3023.0,14.256141,6.604157,18.136988,119.22052
3024.0,15.414096,6.912881,13.581466,116.4073
3025.0,20.136707,7.5422215,24.21686,271.73178
3027.0,12.056946,6.4526086,20.349344,546.65125
3028.0,11.130674,4.660118,12.665044,131.63245
3031.0,22.95106,13.863928,28.973791,154.09055
3032.0,26.321291,10.131361,34.52533,252.82889
3035.0,3.4778247,2.57078,3.642103,124.30245
3036.0,17.406645,6.3944526,15.010691,502.03268
3037.0,29.608692,7.5432253,28.728497,4389.353
3038.0,0.22629492,0.17509526,0.30029047,136.99538
3039.0,0.9381678,0.7194977,1.7218637,1142.2668
3040.0,1.6246774,0.8516758,1.5920144,449.52026
3041.0,1.7501394,1.0061755,2.214525,140.86609
3042.0,37.74481,10.043123,23.461468,1095.8104
3043.0,1.5727993,0.7064084,3.032184,135.88182
3045.0,0.54534477,0.24151483,0.5945579,65.658554
3046.0,0.460477,0.3394815,0.8586561,92.41109
3047.0,56.574547,20.16868,57.11337,1692.0599
3048.0,30.313017,9.555342,42.821465,919.0175
3049.0,0.51040286,0.31282583,0.5108452,149.88618
3050.0,169.66417,42.452858,233.84377,4976.218
3051.0,225.86696,52.83761,263.70273,5030.9644
3053.0,2.0366912,1.0494912,4.8814044,388.8868
3054.0,1.4375612,0.54131734,1.8822838,363.3488
3055.0,2.1028585,0.8950736,2.670363,304.47626
3056.0,7.4056225,3.164852,9.3973675,244.81589
3057.0,14.866243,3.202639,12.762822,849.33685
3058.0,0.30817392,0.1722119,0.64363766,86.05024
3059.0,0.67675406,0.35815105,0.87578976,268.5171
3060.0,462.59186,59.93155,439.488,2362.5122
3062.0,88.679504,24.078629,170.71892,6728.432
3063.0,6.401137,2.6585608,5.146548,219.63756
3064.0,0.3491076,0.2107835,0.68148375,90.42087
3065.0,10.576583,2.9702394,13.090943,1288.6921
3066.0,17.348858,7.5964074,18.463316,183.1689
3067.0,245.85551,55.145832,136.1458,7441.8657
3068.0,18.809105,5.7605615,15.654011,879.8239
3070.0,9.697182,3.1299267,13.365817,799.1114
3071.0,37.016888,11.48673,35.49093,274.74326
3072.0,5.996345,3.0994654,7.2968674,238.93898
3073.0,10.225102,2.9240372,11.893845,690.3255
3075.0,28.870384,8.581389,59.64014,1126.5269
3076.0,1.6962107,1.3141618,4.270399,1174.631
3077.0,1.5055002,0.41963357,1.7962862,337.74893
3078.0,1.9012358,1.0511671,2.5956893,43.001793
3079.0,80.67614,27.092098,93.5363,2517.0874
3080.0,13.088172,4.0519195,15.356726,489.2581
3081.0,8.950376,2.993806,12.467086,839.03235
3082.0,0.26456124,0.23569122,0.5658182,145.93726
3083.0,0.3449255,0.2243425,0.87663627,179.79628
3084.0,1.7090584,1.3998812,3.2749527,666.2707
3085.0,0.2836645,0.17679569,0.6321004,88.37523
3087.0,0.8163351,0.8960206,1.1188209,120.08765
3088.0,19.5133,2.689043,17.902168,299.7335
3089.0,0.9875786,0.31437528,1.2230955,214.86018
3090.0,217.83618,54.510757,354.91156,4764.734
3093.0,581.4732,91.86651,437.7278,4477.1724
3095.0,22.077192,3.018307,22.661625,359.16708
3097.0,101.81209,44.572628,151.54355,4433.6753
3098.0,6.77372,2.9961874,10.83649,756.77856
3099.0,1.1558664,0.8290718,2.3245585,436.94537
3101.0,0.60945654,0.4186091,0.7375247,79.25464
3103.0,0.51145136,0.36325765,0.82550335,133.85443
3104.0,1.3033453,0.31579152,2.3670805,503.2166
3107.0,3.548051,1.5306346,5.9560647,344.12265
3108.0,142.86638,33.100147,151.83418,10415.556
3110.0,57.20012,11.741179,77.369286,3200.7373
3113.0,0.68837994,0.33636305,0.9178386,78.31889
3116.0,16.859398,3.5690413,22.297935,361.15286
3117.0,0.5281168,0.3613715,0.70151836,152.70686
3119.0,7.9257374,3.6540453,9.551768,297.30853
3121.0,0.5787696,0.40415013,0.9054609,124.54736
3122.0,47.174328,13.849114,75.20699,2844.2617
3123.0,2.2660208,1.5950102,3.7099087,574.8967
3124.0,129.1227,52.044575,166.75903,1616.3796
3125.0,663.4584,288.45,562.22626,2300.5278
3126.0,0.9985473,0.3569742,1.6910839,745.8914
3127.0,339.91116,69.44475,302.0495,8489.238
3128.0,38.70974,8.442289,42.64692,815.19727
3129.0,10.824647,3.921269,9.113392,231.57645
3130.0,4284.122,811.65485,3839.0574,10981.471
3131.0,236.50143,87.0107,245.38492,1217.909
3132.0,19.860224,10.102807,30.345108,702.7403
3134.0,20.868883,7.1127257,31.162127,392.48898
3136.0,11.539533,3.7619376,16.446594,340.34488
3138.0,506.09897,230.26315,481.05676,2087.1787
3140.0,191.35919,32.201206,240.57736,2854.792
3142.0,0.85974574,0.44537476,1.7248559,417.04895
3143.0,59.652027,21.979723,97.40261,2122.8118
3144.0,133.837,37.033134,160.7946,1247.2928
3145.0,86.62222,16.359821,79.25751,2222.959
3146.0,59.776203,13.61007,63.057816,291.4299
3147.0,9.205381,3.4440544,13.046882,268.98047
3148.0,170.72658,71.70508,313.51212,3702.0586
3150.0,88.6803,39.590015,102.31658,442.50534
3151.0,42.460186,13.688465,54.503044,1072.9155
3152.0,1866.5277,437.61346,2293.9377,6872.9653
3153.0,15.361688,4.43082,11.868614,176.90753
3155.0,1903.4061,553.6278,2103.756,5099.295
3157.0,1.8639191,1.3475243,3.2102087,334.69608
3158.0,0.90020925,0.3438151,1.3386325,289.41028
3160.0,23.008753,4.0982776,23.94913,519.79333
3161.0,7.663889,3.853896,9.869251,422.92828
3162.0,36.743687,11.437545,52.854805,1161.1953
3163.0,2.269277,0.7247403,3.1537504,370.89825
3164.0,0.29511157,0.24822052,0.5720967,144.76234
3165.0,41.00954,18.440527,46.15602,263.08627
3166.0,137.35704,30.49644,106.4529,2366.067
3168.0,0.39257577,0.2948605,0.5499603,59.748592
3169.0,66.58946,19.395927,64.63241,269.08783
3170.0,4.374804,1.4558947,4.540722,373.37634
3171.0,16.892412,4.3611073,18.98699,191.2741
3172.0,11.974276,3.4687426,12.314154,133.71313
3173.0,0.78539395,0.3918906,1.0042815,204.64322
3174.0,467.82584,45.22994,316.02783,8512.709
3175.0,0.40011406,0.19157758,1.0043862,98.01665
3176.0,1.3395276,0.6313307,1.7293918,494.19492
3179.0,25.444334,6.982727,25.322746,1457.1918
3180.0,305.43454,55.230858,227.6604,9370.706
3181.0,256.33493,33.81884,324.16586,2309.2861
3182.0,0.43924332,0.19717807,0.7770469,290.75058
3183.0,0.28093386,0.19618112,0.595822,94.30709
3186.0,33.90925,19.896946,39.19598,404.33374
3188.0,12.081094,1.3128909,6.9076257,320.71017
3190.0,61.78682,25.891657,77.02952,4129.799
3192.0,13.916754,3.4989922,10.3300295,471.0885
3193.0,0.26554233,0.22733401,0.5964259,89.47301
3195.0,7126.9067,224.46486,3737.0837,15691.679
3196.0,492.41684,99.92565,393.796,1504.7009
3199.0,0.33236122,0.2211775,0.35168612,127.924034
3200.0,14.554097,3.9960823,17.158875,85.03661
3201.0,0.2915252,0.29279375,0.6074294,160.13556
3202.0,0.35732922,0.2777131,0.75263524,92.329384
3204.0,0.19404972,0.14617452,0.3871101,152.70677
3205.0,22.011917,9.974149,32.22594,224.58766
3206.0,720.71075,194.50832,854.7868,3191.6782
3207.0,0.5781409,0.19125547,0.62866694,478.42197
3209.0,272.15622,78.28327,261.80496,898.0663
3210.0,47.665367,17.600336,52.86044,287.285
3211.0,0.74914,0.65839046,2.1270998,1138.1462
3212.0,3.88627,1.9811959,7.007391,750.692
3214.0,0.32996202,0.19641513,0.380408,58.1329
3215.0,4.9002023,1.7367873,3.7680569,88.615875
3216.0,1.6176475,0.89350355,3.1832995,1343.973
3219.0,0.5283278,0.20398268,0.4707405,221.17809
3220.0,87.98704,11.389424,65.13597,490.95105
3222.0,0.82001173,0.33075377,0.990774,332.37057
3223.0,1.8968825,0.9994328,3.0878634,754.74713
3224.0,18.59097,2.6793375,21.197971,734.3926
3226.0,1.1015122,0.94055456,1.6533898,513.5977
3227.0,0.43182924,0.19183023,0.46245825,215.19545
3229.0,0.47635055,0.21670376,0.56562066,206.40578
3230.0,1.6261727,1.2795182,2.7195647,350.5836
3231.0,1.4241322,0.70561206,2.7150564,256.44742
3232.0,0.22705823,0.15698089,0.6151769,92.90177
3233.0,0.49847215,0.219845,0.6902637,216.59015
3234.0,0.54153955,0.45763168,0.6047563,101.906555
3235.0,0.49378458,0.359525,0.6577644,60.7414
3236.0,0.21245873,0.14460589,0.4115648,142.95006
3237.0,0.7012174,0.17045681,0.8665976,222.717
3238.0,44.29533,9.9362135,38.283672,1286.8561
3240.0,0.46983072,0.25575778,1.1928749,99.77019
3241.0,0.39284855,0.2618126,0.5395524,372.7548
3242.0,15.716276,3.4684393,14.907245,412.99606
3243.0,1.0765312,0.28129143,1.724613,186.94572
3245.0,23.661898,10.739859,22.304178,148.0375
3247.0,584.21265,54.175343,616.0128,7646.1567
3248.0,29.855433,7.9883285,26.774982,993.24664
3250.0,0.3980347,0.22656356,0.5418999,62.944653
3251.0,0.5834535,0.20354266,0.6886021,124.72637
3252.0,2.8728518,1.8848482,4.339547,550.0292
3253.0,0.5083748,0.20562042,0.7644147,57.27026
3254.0,16.326065,6.10818,24.855326,898.2397
3255.0,10.737444,1.999377,8.058459,111.459435
3256.0,0.21905412,0.15804198,0.40811396,149.78568
3257.0,0.4796277,0.2112018,0.6792083,209.6013
3258.0,16.744652,6.0377235,21.17271,161.25604
3259.0,9.178251,1.8904049,9.943552,854.24695
3260.0,0.26767504,0.14749432,0.5568184,168.80482
3265.0,36.26127,6.542248,37.63332,228.17574
3267.0,1.4792187,0.82847583,2.165235,617.6076
3268.0,27.69173,7.9656353,40.328194,491.94675
3269.0,0.35079366,0.23208675,0.7612966,83.35817
3270.0,35.353226,11.597268,32.0218,105.115654
3272.0,0.57441765,0.2530416,1.1558498,101.010635
3274.0,0.419259,0.2987377,0.58232147,186.95107
3276.0,14.595057,2.78815,16.079443,910.52783
3278.0,3282.6987,234.21158,2645.676,42670.23
3280.0,60.92807,15.381727,77.20544,1111.4281
3282.0,12.680405,4.7111516,15.855314,148.88133
3283.0,1.7864254,1.0655179,3.1812017,554.6826
3284.0,14.350269,5.694089,18.073048,252.4783
3286.0,0.6428114,0.2108475,0.8281335,193.50375
3287.0,4.4789643,1.1682138,9.1804285,889.9733
3289.0,6.7351484,2.3298879,7.0398026,465.057
3291.0,10.211504,1.8971844,7.5607305,410.61884
3292.0,0.7000329,0.19940871,0.80558276,355.60306
3293.0,24.635033,8.361,34.108788,972.19055
3294.0,3.5454562,1.4264743,6.4471517,1151.7859
3295.0,38.40813,9.9687805,48.627647,947.3799
3308.0,17.261637,4.3125477,22.736067,130.56123
3310.0,10.054397,3.779504,13.154803,238.56079
3311.0,20.971962,7.5809455,22.914145,123.509605
3321.0,686.0988,183.7785,567.82056,2344.1372
3335.0,1644.2487,323.238,1423.8535,3296.3643
3347.0,192.51706,32.620846,238.62746,5149.0864
3350.0,11257.176,4355.901,10012.693,20930.549
3355.0,1939.3042,473.65744,1190.5845,7062.9526
3357.0,1685.2164,241.00105,1576.2974,6969.79
3359.0,187238.53,46247.83,176342.6,246110.08
3360.0,116.735985,42.47241,114.927536,1079.7124
3362.0,478.975,146.75664,508.4142,715.08575
3365.0,49.40216,22.19642,51.864906,367.52722
3366.0,44.50494,18.294706,61.373848,806.5452
3370.0,346.1243,145.81128,343.37802,675.5204
3375.0,251.22993,84.03485,252.1459,617.2849
3379.0,665.5052,206.80408,596.89276,1194.8938
3381.0,135.09738,61.281734,167.64355,514.3128
3383.0,20.74275,7.1573772,22.006565,65.68451
3389.0,741.1142,134.1753,719.321,6366.8105
3403.0,141.9967,43.38153,138.77238,672.38934
3405.0,389.43866,145.408,415.68362,2544.726
3407.0,3307.31,1445.0441,2764.7368,8896.323
3410.0,94.19164,56.869553,101.76856,242.48854
3412.0,298.79694,35.090946,225.1726,2673.2122
3413.0,6686.7627,1712.3882,6437.0586,30611.443
3417.0,75.452835,6.989596,67.985306,185.01678
3418.0,52.064716,7.314051,45.29432,598.3472
3424.0,14.104073,3.4959867,14.657509,82.38585
3425.0,939.5793,532.72894,795.0081,1323.228
3429.0,40.07977,25.110514,46.27354,272.90097
3432.0,2317.109,746.4248,2154.0667,8571.46
3437.0,844.5282,583.97675,872.1324,2137.1382
3438.0,22.630373,11.785054,24.258936,725.6145
3439.0,33.13142,19.065006,29.512531,908.3379
3442.0,514.35895,186.66602,583.2631,869.2183
3445.0,812.33167,228.59633,869.8797,6487.378
3450.0,77.950455,33.09537,67.93657,516.26965
3453.0,151.37585,47.78259,178.4206,873.9545
3454.0,143.15633,36.397198,129.3605,413.55273
3456.0,52.623707,7.444784,57.173397,546.4626
3466.0,218.13293,84.360085,223.31433,672.83966
3467.0,12.915046,5.0329566,35.173817,1001.77167
3472.0,173.31203,40.128963,225.1462,1641.9297
3475.0,534.3356,217.79858,590.0864,913.9045
3477.0,187.27788,93.79043,278.16034,2786.1777
3478.0,10211.725,3978.0063,9373.316,24474.703
3482.0,76.63059,55.8432,81.223175,179.73688
3485.0,24.10826,7.230472,23.823908,648.40216
3486.0,21.620817,10.98329,23.456081,76.83861
3488.0,1868.5668,381.63464,1551.109,5620.25
3489.0,403.6485,93.144264,356.0841,2019.9932
3490.0,7702.9077,487.811,4983.1514,20595.168
3491.0,10410.382,502.3322,6784.6055,15212.058
3493.0,23638.34,439.0031,12582.406,69705.32
3494.0,3669.345,1675.6218,3949.772,11247.101
3498.0,145.05061,67.41029,167.37517,741.6692
3500.0,51.946907,22.115288,66.80793,170.8577
3503.0,34.816303,11.478766,46.266953,831.688
3506.0,22.679731,8.779559,23.091063,124.19769
3511.0,126.64535,38.67308,171.0499,478.27966
3512.0,393.69006,79.6134,490.87143,1101.6804
3520.0,21.148418,8.514863,38.474815,816.3997
3521.0,54.69837,23.96697,63.15884,121.70864
3523.0,159.77144,85.8506,161.84428,325.9794
3526.0,16.439968,8.919104,19.515068,43.1983
3534.0,30.252954,17.594667,35.15969,79.79511
3536.0,195.4382,74.584305,178.5484,1249.2268
3539.0,474.65475,247.48788,400.04083,815.6055
3542.0,368.77167,139.00327,328.47656,650.6566
3548.0,5744.3525,1473.2893,4235.5107,18692.389
3557.0,5095.323,1070.3085,4665.407,12284.526
3559.0,54.04207,15.601381,52.536366,171.78465
3564.0,6.231299,2.6695085,7.4501467,67.06174
3566.0,26.35953,11.446385,36.950596,493.94568
3568.0,2041.1122,788.34973,1587.2075,3187.441
3574.0,14.925356,5.6888294,19.597086,65.37326
3575.0,3.405375,2.631957,5.8301277,171.5957
3578.0,61.512024,26.302782,57.343243,492.03687
3579.0,356.62888,114.522545,364.7685,4702.684
3580.0,8660.183,2527.3933,7004.5137,18963.389
3582.0,15.645642,7.039661,22.86293,574.98584
3587.0,857.53754,431.38126,830.1419,1291.2153
3588.0,1424.8873,775.245,1430.8961,3418.9924
3593.0,743.8563,484.99622,754.5453,1519.3767
3600.0,1034.4426,500.4795,982.9913,3461.1392
3601.0,1547.0095,504.70267,1736.5576,2595.3098
3603.0,405.25735,162.82875,278.765,2007.356
3604.0,445.95468,191.28183,379.61118,1364.5238
3608.0,2030.6047,526.9844,1975.4199,6436.211
3611.0,193.84584,116.396034,158.09018,344.7851
3615.0,1123.2639,621.15314,1392.3862,1885.0559
3619.0,1979.4121,745.4609,1903.2018,3111.3245
3622.0,1277.3934,189.78151,1558.7042,11672.078
3624.0,212.36346,85.25468,195.58334,327.07132
3630.0,2320.2412,949.8936,2445.2014,2722.0266
3635.0,302.59265,80.08676,315.09296,4260.1045
3637.0,132.72862,37.927853,171.22935,1244.8146
3639.0,370.82278,178.12643,340.61356,636.1254
3641.0,377.4945,164.74632,328.73764,2011.1846
3645.0,2169.5164,531.8563,2529.2078,9583.097
3653.0,946.07886,216.85925,983.0521,3729.9202
3654.0,396.68796,203.74287,387.208,633.1552
3658.0,395.1599,137.12169,358.23132,698.8453
3663.0,75.114105,26.05304,70.19506,160.42989
3667.0,317.27213,92.515625,282.8401,1080.6425
3668.0,1120.9167,235.74492,1012.4953,2755.6262
3671.0,622.86334,184.16748,535.86646,2953.4656
3674.0,409.03143,110.98801,426.21423,659.2317
3677.0,98290.97,4242.351,102450.12,302679.84
3679.0,886.95654,311.01465,841.64087,1683.4896
3681.0,5674.522,983.4962,4495.4927,11607.331
3683.0,30.303125,15.117968,42.062073,321.78873
3684.0,782.0668,166.9922,680.9134,5107.321
3689.0,3245.2341,246.14795,2625.0938,12095.006
3692.0,84351.16,4779.3794,87712.67,380761.62
3696.0,117.21624,36.467846,165.9729,938.673
3698.0,595.3333,90.28486,757.98157,6669.9546
3699.0,11.226658,4.6621833,16.229944,136.93967
3702.0,885.46564,243.85295,1427.8098,7065.5996
3703.0,1122.821,313.9898,1098.6555,2864.2903
3704.0,17921.076,3030.5876,13644.547,50312.11
3705.0,39992.07,1488.9034,29553.254,71762.01
3711.0,3295.7988,1304.0004,3422.2188,5043.329
3713.0,426.15488,175.8652,381.86472,836.71344
3715.0,819.53406,236.07756,921.79645,2333.282
3717.0,594.0616,130.23883,700.17755,1224.5459
3722.0,1071.3047,325.9474,1145.0781,2838.3599
3723.0,227.52248,56.77309,256.93652,4465.224
3728.0,155.28148,68.57204,176.0361,363.50494
3730.0,2093.3303,152.64781,2651.1772,14138.122
3732.0,71.98106,26.521563,85.20563,552.48926
3735.0,608.44867,277.36328,508.78235,873.1602
3739.0,1231.6857,55.79702,785.4823,16105.428
3742.0,1291.998,322.0342,1332.7538,3922.4482
3747.0,4336.536,763.6592,3601.9749,12166.965
3750.0,759.7434,245.07108,801.381,2628.4553
3754.0,8406.25,3250.1064,9016.543,11740.156
3759.0,1004.58154,162.09691,1280.7743,7692.6377
3765.0,38.643982,15.226146,52.96525,585.6443
3766.0,70.88932,31.720263,110.560936,261.6578
3772.0,57.33289,19.294853,62.156406,417.47232
3780.0,416.82288,213.464,370.98724,1683.533
3785.0,2835.2566,460.0915,2820.9702,7667.223
3791.0,42.12981,13.024253,42.471516,358.09024
3796.0,1129.9117,513.7302,1094.8594,2807.9724
3800.0,283.2589,54.436806,307.8169,2901.293
3802.0,746.7548,268.27625,808.48395,1658.0283
3803.0,632.4702,168.66908,646.54236,2296.444
3809.0,165.80315,58.818596,169.4584,404.11862
3813.0,5604.926,1666.1678,5821.0063,21693.395
3818.0,2706.9888,302.2127,2985.4673,32447.223
3820.0,344.6317,70.477394,402.767,2079.7754
3822.0,2721.0261,302.2127,2985.4673,32205.371
3827.0,9.3785095,2.7434096,10.104037,52.60621
3829.0,737.8955,437.86288,821.0204,1208.4026
3842.0,3091.9114,1888.5269,3230.314,4864.863
3844.0,1557.7949,1213.8137,1482.8131,2014.787
3845.0,2205.8564,1404.9493,1971.3943,3736.453
3847.0,2965.6956,273.246,3447.0107,13131.135
3848.0,2143.0151,752.4424,2194.1523,4163.8804
3853.0,239.05373,60.56824,249.71193,1767.3176
3854.0,23.940094,14.962252,54.686348,1453.3135
3855.0,940.9069,323.23663,1062.6906,3532.8354
3856.0,738.1143,259.5327,749.52423,1849.2622
3858.0,6.115079,2.7054708,10.323294,169.73732
3859.0,6669.783,770.4873,5167.988,32727.291
3861.0,494.85583,189.063,542.3602,3824.3787
3863.0,225.58669,44.996452,240.56499,1838.4083
3864.0,897.0053,285.04678,1149.6931,2806.274
3865.0,214.09885,105.215,226.29408,694.92456
3867.0,1775.0275,772.34937,1952.615,3641.776
3870.0,40373.29,6823.728,46522.31,89539.945
3873.0,6671.724,933.29987,5996.52,35652.074
3875.0,344.6991,50.525547,347.44522,2647.944
3880.0,188.67888,53.7236,229.85222,2868.92
3888.0,517.1848,146.72571,471.5998,1067.8347
3891.0,169.80614,76.28429,171.5813,380.79065
3894.0,93.83699,38.74067,85.81069,617.64233
3896.0,23074.91,2144.8953,18644.123,186873.53
3898.0,252.28264,88.489586,215.0906,507.08237
3901.0,376.54816,258.3391,339.4201,2989.4758
3902.0,274.89645,214.20619,242.30774,506.0309
3908.0,1951.2775,296.86398,2220.479,22590.502
3913.0,458.8558,169.20648,386.69467,1740.9642
3918.0,495.65643,151.25024,426.92923,929.01245
3927.0,236.78207,108.41904,239.73088,437.76895
3936.0,226.75931,116.90911,238.52089,495.42038
3943.0,3535.323,2047.8136,4917.751,28418.129
3946.0,985.0276,357.55295,1032.763,3288.803
3954.0,21963.078,2051.2378,21909.125,98249.17
3955.0,432.10983,152.5517,408.5264,2709.2913
3956.0,172.48077,41.47087,144.41203,423.0265
3961.0,5393.8604,1566.8806,5408.8657,15610.676
3972.0,4957.2,323.07962,5213.57,25772.676
3973.0,165.05133,63.203663,188.98843,1209.2043
3974.0,11109.57,4744.1265,11610.763,18476.818
3975.0,2972.8384,1427.0427,2703.2092,6485.5835
3980.0,134477.69,26012.072,131612.69,215090.11
3982.0,1772.1022,1183.5436,1722.7848,2140.5068
3990.0,1891.5507,320.8396,2219.846,9532.663
3993.0,157.3395,57.645008,128.93713,586.2364
3996.0,4388.0723,257.73068,4180.8555,24812.49
4002.0,3294.02,1201.828,3008.874,8606.436
4004.0,820.5605,350.84296,704.83606,1907.7656
4006.0,1267.3433,231.50955,1400.9114,8268.918
4012.0,127.87659,30.15439,150.44312,762.34906
4015.0,421.54425,102.33463,404.15854,1444.874
4022.0,2521.192,268.07086,2796.7334,10302.363
4029.0,1058.1438,176.3578,1271.7783,6282.2075
4038.0,200.33464,114.27572,208.05469,407.58737
4042.0,265.48965,102.30566,295.62387,987.0541
4044.0,12291.24,1864.5332,13516.69,176679.44
4047.0,35.202015,12.665977,32.80135,180.57687
4048.0,411.4789,164.50578,425.48645,1988.8809
4052.0,123.5515,68.36436,130.54568,277.4822
4057.0,383.65906,163.3202,340.59732,1574.2708
4058.0,55.19263,32.307636,75.16556,447.5857
4059.0,139.67812,39.5769,158.19975,352.7168
4064.0,7.0256824,2.9758363,10.163354,170.85124
4068.0,119.54249,30.185953,124.41054,836.5196
4069.0,16.558413,9.1223,23.099314,169.40532
4074.0,21.354359,6.9167013,22.589325,248.11069
4075.0,568.5434,165.45549,524.2035,2785.4658
4077.0,614.6693,319.73538,549.2937,1118.3823
4084.0,215.86142,132.96802,204.75253,421.60498
4087.0,503.66266,176.60336,560.1933,1004.446
4090.0,188.52968,69.40615,194.90811,1357.4202
4092.0,240.7828,171.64586,185.57591,592.327
4096.0,93.97132,41.49708,136.12366,1779.0378
4097.0,366.34967,101.67518,486.0791,2296.6992
4098.0,1186.2601,404.29404,1275.1211,2736.0078
4101.0,85.59517,26.780434,137.17036,942.9132
4105.0,470.43283,115.57298,388.27924,1687.6129
4107.0,246.33522,73.13677,379.61426,2204.273
4108.0,171.44774,58.27022,178.38042,1195.5737
4111.0,14.30798,4.4786983,18.546722,84.90569
4112.0,514.87915,127.19335,565.0028,976.132
4113.0,17.173927,5.650328,18.952675,95.619804
4114.0,711.829,238.59401,706.40436,9245.5
4115.0,7136.905,1015.15375,5371.961,81863.55
4119.0,1734.8452,267.41794,1876.5824,21902.125
4120.0,272.90005,67.766396,219.46327,1063.8805
4126.0,724.6896,144.91615,803.1721,3461.5417
4127.0,227.15962,84.7929,229.90233,859.9896
4131.0,19.061502,6.1610093,23.986357,103.48885
4133.0,1069.6674,209.71806,1453.6414,6336.1606
4134.0,106.229996,41.22187,101.96271,366.33167
4135.0,269.42422,145.44144,286.0766,1655.4734
4137.0,33.350925,15.13067,34.236816,833.3978
4138.0,374.36166,87.31015,453.41266,3193.7185
4141.0,130.00536,38.472084,165.00128,1174.8926
4142.0,46.061413,11.141088,51.681744,189.03143
4147.0,156.21457,44.01141,154.14641,742.9566
4150.0,310.03488,67.768524,421.62766,6525.7
4151.0,21.620605,8.804957,20.934345,387.56113
4157.0,139.00551,72.69752,167.87706,728.1083
4165.0,67.22315,32.96427,72.02778,261.3477
4167.0,556.53217,261.23334,445.86838,854.93353
4168.0,27.977749,13.033153,34.11933,247.22955
4169.0,379.8971,198.11769,365.4954,863.71875
4173.0,40.900215,17.032322,51.969368,360.68735
4177.0,243.23445,73.14619,206.50214,869.08356
4183.0,11.19956,4.989521,18.518356,106.6262
4189.0,116330.914,50537.22,136359.83,134850.12
4190.0,210.75052,98.42153,193.77264,390.89822
4193.0,59.443245,28.465088,75.98148,184.88124
4195.0,142.40321,75.81569,134.31151,399.55283
4196.0,731.33734,85.656944,806.63947,3713.9368
4203.0,171.8629,75.46727,171.8158,775.04956
4206.0,210.52965,48.498314,276.8968,4258.7803
4212.0,232.17284,90.13181,233.14601,405.24985
4213.0,5.134141,1.9825488,4.960546,56.00565
4216.0,16.892609,7.742453,22.367762,512.79675
4221.0,67.970276,21.126587,102.91761,3341.9006
4222.0,218.00452,48.55458,251.68224,2274.3687
4225.0,98.58315,19.183617,123.38382,699.2863
4239.0,2834.4714,402.87228,2832.337,12072.327
4242.0,389.46136,147.51268,316.68088,1069.9543
4244.0,59.048897,31.325903,77.659546,174.07118
4245.0,95.7244,65.302536,109.0958,325.19974
4247.0,17.3917,7.2324433,24.02676,417.13785
4257.0,538.07666,288.42935,470.70386,1233.3224
4258.0,6962.6353,2100.204,9374.773,43987.715
4260.0,19085.71,7185.9624,16287.908,26620.78
4266.0,96.43641,71.89976,110.61657,258.73004
4268.0,32.90968,13.384294,36.355885,208.74591
4270.0,13.459353,5.7000303,17.846422,238.72375
4273.0,124.32178,104.72582,124.32141,382.53598
4275.0,29114.947,4459.3174,38203.777,81078.81
4280.0,11.316061,3.594055,13.667594,152.2631
4282.0,1006.7941,518.7242,1054.1442,2094.1458
4287.0,93.884926,46.57129,104.57745,303.93375
4290.0,48.635654,22.794195,58.29768,249.9104
4292.0,79.609116,35.42985,93.29354,381.54166
4293.0,43.903084,22.066208,48.360313,263.4952
4294.0,1414.79,283.64288,1322.3967,8745.578
4295.0,50.512894,31.001049,53.69132,179.32784
4297.0,58.960545,25.68545,61.726955,368.46793
4304.0,4114.6914,1478.3427,4342.297,5474.4146
4312.0,2702.851,559.33356,3408.0608,9130.364
4314.0,607.2307,240.55145,486.5981,2664.6714
4316.0,22.264278,11.810817,35.13778,839.07715
4317.0,1046.2695,594.7489,1362.373,1839.1642
4326.0,43.540565,10.02492,41.951736,327.49472
4327.0,393781.12,33971.24,435581.4,648329.0
4328.0,81066.36,3988.3425,43667.965,288319.94
4334.0,2390.4758,1069.7693,2397.3845,3091.897
4336.0,63.28787,22.028463,87.96233,794.8296
4342.0,351.895,222.3382,358.6444,581.667
4345.0,221.86934,89.698944,198.38882,851.7642
4351.0,564.9265,120.917244,755.09814,3995.4958
4353.0,1908.0886,563.78125,1981.537,2980.4207
4354.0,36.31318,15.70693,39.464504,175.87526
4361.0,37299.824,13844.174,37829.01,57586.824
4362.0,1233.6252,350.658,1693.4579,3138.539
4366.0,396.22803,214.97578,340.50577,761.46405
4370.0,106109.06,7294.615,79568.41,300630.44
4373.0,2171.5542,740.79865,2009.6124,2700.5386
4375.0,91322.766,4648.539,81371.84,224590.25
4379.0,21813.865,1494.1437,16843.691,101959.84
4380.0,3087.5034,713.88074,3081.044,5170.6104
4383.0,194.86276,103.42881,193.5524,392.7694
4395.0,11074.747,1782.8951,11506.857,27567.396
4396.0,125.54503,34.13298,228.59982,1468.3231
4400.0,1153.7885,356.18716,870.77527,4873.8296
4403.0,376.6913,265.91434,342.49435,895.6171
4407.0,837.94,306.9562,1072.5095,2016.0746
4411.0,1029.0658,167.17418,796.828,2713.6614
4416.0,1734.937,372.71783,1758.7552,4627.2026
4418.0,35.77864,12.354177,42.018303,227.58507
4423.0,432.618,74.26924,607.72845,9318.467
4424.0,461.20932,73.805,609.7056,5884.89
4430.0,20522.447,1901.4148,24651.021,119812.43
4437.0,10249.375,1867.5898,13063.262,23513.086
4439.0,442.22925,182.81401,463.63922,2829.12
4440.0,1419.123,587.95325,1573.3326,4093.5361
4443.0,6660.1216,869.8535,6753.304,12129.51
4444.0,3806.6978,1205.5824,4573.5557,17495.986
4447.0,77.363716,20.044077,89.75713,234.75038
4450.0,10.279749,5.124157,8.861622,64.372696
4452.0,359.7128,64.22967,461.99844,3924.2144
4454.0,80.3153,39.640827,90.10715,484.33066
4455.0,2482.8906,470.7793,3058.1519,6761.54
4460.0,93.91712,34.298565,112.922554,1015.02484
4463.0,946.3969,280.85764,1059.5621,4012.2625
4464.0,18.819603,4.2427135,21.954327,97.4488
4466.0,269.35165,67.04447,346.44232,2191.458
4472.0,591.1169,124.15063,440.9412,2644.6345
4478.0,1436.2915,381.86182,1048.893,11950.96
4482.0,187.43538,90.68512,181.23235,468.8938
4485.0,656.9657,230.79091,674.38336,2355.8108
4486.0,196.96288,80.29822,200.11697,409.1559
4487.0,4625.2305,1207.0422,5599.2144,8500.401
4490.0,5640.2134,112.2099,4494.682,25097.527
4498.0,431.481,219.43584,435.1305,852.3187
4500.0,264.33963,77.58205,394.5621,5583.6387
4502.0,219.32788,87.83081,272.00143,6404.5557
4508.0,1070.1998,410.50293,962.1962,2296.628
4510.0,2230.7773,720.89465,2333.6514,3175.6533
4514.0,28.561457,13.443788,30.983763,93.49728
4515.0,241.14958,34.535843,237.83647,12511.57
4522.0,718.318,79.1121,755.6197,2415.8936
4525.0,399.536,133.08104,387.82513,1825.1345
4539.0,909.2353,792.90814,760.71606,1494.6589
4543.0,518.4475,203.8693,519.9297,1500.5266
4548.0,16.610167,4.6494007,20.144798,188.01813
4550.0,2242.621,392.7063,2656.8962,10027.16
4551.0,734.4679,316.23117,599.74554,1078.7777
4553.0,5567.389,2552.1365,5469.66,7056.7515
4559.0,113.26461,59.293938,101.95595,895.3391
4564.0,90.385826,17.735794,130.21977,570.6824
4567.0,93.51141,57.356594,99.514534,215.26596
4570.0,1174.0475,482.07266,1104.4038,1799.5461
4573.0,179.79689,48.661198,225.14536,680.25397
4574.0,167.06827,33.48458,256.23962,1059.6722
4575.0,6739.9785,656.8138,8060.616,18089.107
4579.0,2795.2056,1226.8773,2664.0095,3121.4026
4581.0,997.3196,450.6915,1159.9789,1576.8325
4583.0,9219.781,4868.4785,8245.993,28959.264
4585.0,327.91275,47.118385,535.6894,2407.299
4587.0,6116.3477,2267.2537,6235.1675,9928.807
4594.0,3417.48,1081.77,3588.11,4503.4565
4597.0,2595.1292,715.4135,3219.1936,4374.1797
4600.0,69.016815,36.302437,89.9077,182.19057
4604.0,238.68596,62.034298,358.71317,2460.7507
4606.0,331.81006,109.93755,420.33112,578.95135
4608.0,883.1317,560.51587,802.4747,1799.9546
4609.0,2928.2563,129.66336,2716.8645,10206.769
4612.0,517.67004,68.50184,453.9208,3268.4014
4613.0,219.12027,83.67218,218.79108,719.9307
4620.0,4401.3457,1184.7135,5628.805,9781.15
4625.0,5420.65,1838.5073,5351.3086,9807.22
4628.0,862.3968,365.3959,833.06525,2339.6492
4629.0,285.23602,60.65035,304.83072,1700.858
4630.0,60517.496,1150.8048,27157.559,283015.8
4634.0,46.68169,15.263244,56.423275,89.79995
4635.0,3967.2544,818.6174,4604.5015,8414.985
4638.0,427.23428,45.62405,488.31552,3457.0684
4640.0,238.26521,132.55014,235.67311,470.87607
4643.0,1699.2407,680.3717,1457.7386,3770.0203
4647.0,87.33313,30.693796,80.87029,269.79782
4649.0,545.5404,150.24626,512.10254,724.93494
4652.0,398.23904,63.57909,253.8745,7626.7627
4656.0,162.5125,52.843033,199.99504,12950.704
4658.0,5361.32,1078.2495,5861.209,9924.045
4663.0,64.60979,18.427399,92.780426,1648.0415
4665.0,8733.634,2440.927,7782.567,23444.836
4666.0,1815.6572,684.5155,2144.1804,3195.5674
4667.0,111.35233,59.202488,130.24995,422.73132
4670.0,4855.0186,110.69714,3816.1445,20276.932
4671.0,22828.775,3625.6208,20963.33,57013.047
4676.0,638.6072,272.70413,827.01953,2574.9753
4678.0,82899.95,1979.7255,42731.68,183703.36
4681.0,6487.291,1885.0991,7069.2734,27076.277
4682.0,31268.115,2684.001,23665.025,122186.35
4684.0,2265.7234,514.0456,2654.427,8102.9683
4688.0,897.03357,505.94354,1113.9287,2334.0842
4689.0,68.03934,21.891073,95.92222,560.4348
4691.0,4735.3438,1466.9597,4543.13,7169.3354
4697.0,21950.574,1640.2181,41751.48,70174.68
4700.0,780.868,97.095955,911.6056,2428.2107
4701.0,17711.426,1749.2723,18519.281,56159.188
4704.0,1001.04785,104.48335,771.27136,15908.5205
4707.0,61.369873,30.322674,57.63635,197.02374
4709.0,5748.3477,2469.706,8286.672,30907.633
4712.0,990.5379,323.07162,857.6754,1350.7085
4717.0,1548.2162,723.219,1395.3726,3334.9187
4718.0,144151.52,1903.0066,141748.52,377877.8
4719.0,3246.906,1301.2134,3199.5042,4113.0474
4721.0,670.68866,104.492424,618.81415,1553.5421
4726.0,234.17819,34.535686,353.1443,824.14026
4728.0,724.7555,140.54088,922.83044,1553.017
4731.0,601.77625,161.27483,577.2841,1911.9211
4733.0,7208.214,2919.2224,7349.164,14232.412
4737.0,374.27264,86.47828,426.1096,746.8951
4739.0,2378.0813,655.3631,2185.1384,8494.171
4744.0,247.23427,74.34428,341.7856,495.3434
4750.0,3854.976,1317.0408,3927.4714,9672.924
4751.0,5759.718,730.8789,5601.3296,25904.656
4755.0,20310.299,1097.9716,13520.314,80146.21
4757.0,4102.4,298.28818,3069.4858,20858.438
4758.0,1826.1487,254.5504,2284.9302,11195.904
4762.0,3073.1355,395.9702,3873.0144,8894.203
4764.0,690.13367,305.38446,713.47925,1037.4474
4765.0,4531.153,1590.6654,4547.165,11175.741
4768.0,109.14736,48.472527,110.2373,182.46593
4770.0,1532.2671,755.276,1647.4161,5961.492
4774.0,672.4785,146.86845,606.2083,1923.6786
4779.0,801.621,386.0533,620.33887,1520.7714
4781.0,9882.291,5767.825,9462.079,21168.207
4782.0,1464.5604,280.1947,2155.6355,22012.965
4788.0,21.278889,4.032715,23.992905,141.63776
4790.0,272.94196,169.65997,257.7162,507.31192
4794.0,5069.8955,2031.8491,5358.5703,8556.425
4795.0,86.32373,45.500084,91.85885,203.28569
4796.0,249.70433,109.182976,365.48914,8189.052
4800.0,244.03822,159.08815,228.97871,456.30212
4805.0,41.27203,14.943808,62.24334,258.18924
4807.0,826.4049,444.09662,751.4026,1389.0209
4809.0,51.222603,19.200256,59.135426,169.69943
4818.0,2103.646,821.73157,2626.1143,4018.374
4819.0,20.644283,7.9929886,22.375532,110.90225
4821.0,57544.17,5675.453,35538.05,142445.19
4822.0,75592.86,3009.8499,63066.188,410506.88
4825.0,191180.73,13601.311,194599.23,541248.8
4827.0,91530.37,1819.7146,38298.586,362857.47
4828.0,35719.254,3399.102,29519.281,219280.75
4832.0,7536.226,921.96185,10186.251,23710.771
4835.0,283.54633,112.71511,298.34036,579.21814
4836.0,149.88753,83.99506,143.35956,300.04407
4838.0,8448.451,1350.7484,7826.9434,31809.896
4843.0,595.4285,257.75366,720.49426,6571.6846
4847.0,7139.301,1543.2328,7019.198,31388.4
4852.0,204.54225,56.93285,220.6196,621.7313
4853.0,437.92908,134.67897,415.45016,648.263
4854.0,2745.624,1362.2184,3439.196,13100.239
4855.0,17840.502,307.59637,10832.19,84685.09
4856.0,153.87624,50.794083,231.86197,1346.5325
4862.0,493.42285,149.28311,410.62296,594.0468
4863.0,891.2686,224.37123,885.1166,1704.9382
4867.0,1202.6099,289.524,2343.5215,17227.512
4870.0,109.013275,40.934383,120.07401,202.03331
4873.0,569.4738,274.0545,622.4987,1935.9818
4876.0,408.78848,159.69626,394.2328,821.4778
4878.0,968.46643,177.80678,1168.6827,2620.871
4881.0,44.970272,16.022152,78.87051,298.24307
4882.0,3205.9429,695.0296,4843.48,17594.121
4886.0,4232.7124,631.3258,4551.704,9691.825
4889.0,1148.055,403.18396,1073.0829,2090.4456
4896.0,22811.734,335.9809,11896.945,96360.35
4898.0,311.60812,31.736088,296.40454,2743.7266
4899.0,462.6779,152.76549,398.92383,855.7905
4901.0,640.3337,188.60754,553.55493,2154.5967
4903.0,1186.4331,428.9015,1520.6937,2503.9443
4905.0,2020.9556,92.7205,2070.8452,8549.2295
4907.0,1046.9662,136.36487,1497.3489,4872.924
4908.0,540.5766,89.24058,589.3573,3654.59
4909.0,3500.2117,311.07178,3801.651,13870.05
4912.0,843.1215,321.873,833.4157,1850.0215
4916.0,256.50146,57.72062,243.2102,3890.7324
4923.0,761.7672,379.57333,807.18463,2181.656
4924.0,220.83537,59.370472,229.37845,422.2021
4928.0,527.06305,133.46507,501.97546,838.7163
4930.0,536.09595,73.15665,622.36163,2979.7468
4931.0,124.61062,62.186558,131.9696,187.39848
4932.0,1651.2484,102.89499,2022.5568,6193.434
4939.0,6578.9956,799.21765,6508.8696,32110.117
4947.0,98250.586,1942.4305,39921.652,376221.53
4950.0,24.281742,9.108567,23.896791,157.5111
4952.0,42.64056,20.141447,56.2385,109.14897
4955.0,967.14703,107.48056,1433.0359,7411.3975
4958.0,274.31183,58.481327,246.01103,658.0878
4959.0,881.5784,409.20624,763.92065,1821.5603
4961.0,6739.2983,667.482,8379.333,17150.09
4964.0,1541.5729,522.03186,1505.9666,3637.597
4967.0,41278.793,1949.9464,53887.418,66170.93
4970.0,1671.7792,243.93332,1868.9982,4449.0845
4972.0,987.27716,336.81244,833.22845,1964.0616
4979.0,6984.249,656.8526,9854.932,20075.303
4980.0,107.597534,24.4315,110.26395,328.71054
4981.0,5084.8286,109.61255,4235.2563,23723.594
4982.0,3105.0286,804.48035,4213.401,11054.898
4987.0,265.91763,74.04872,339.59946,1266.0181
4988.0,80.945335,54.09759,91.41032,216.1083
4994.0,1480.4808,589.7256,1403.3826,1910.176
4995.0,107.81662,59.160442,108.38058,259.73773
4996.0,644.27325,117.67715,591.22906,1505.9335
5001.0,548.85175,116.043144,453.0928,1229.62
5002.0,798.8233,365.78708,853.4172,1840.4747
5003.0,845.13165,394.6712,816.23425,2359.9744
5006.0,215.16344,45.41035,312.63922,2941.1838
5009.0,2523.0598,818.2958,2538.8516,5543.928
5010.0,2332.282,736.139,2546.2654,5782.8345
5012.0,9130.826,1651.8823,12274.923,26919.889
5013.0,4855.0186,109.36107,3775.1648,20236.75
5018.0,43.254272,12.335672,50.964348,785.14343
5020.0,7449.6064,724.02576,4990.9707,97661.39
5021.0,788.79987,352.40158,759.9949,1284.5958
5022.0,11171.831,1400.2576,9683.372,32894.855
5025.0,778.6694,428.16833,727.16833,1507.3158
5027.0,839.66425,253.27063,853.22473,2723.9158
5029.0,2197.2317,401.7368,2969.1604,12504.842
5031.0,99.87806,44.52292,140.14525,611.79346
5036.0,460.3702,226.5787,442.80295,656.2953
5038.0,165.76741,40.912487,209.66289,824.5651
5040.0,127.72965,35.96116,168.06479,351.44205
5045.0,4221.3,683.7747,4214.687,14904.095
5047.0,2627.4707,242.76874,2354.4275,14986.833
5071.0,2919.4297,1588.0137,3213.326,4107.4375
5072.0,51.564896,17.574543,57.61615,158.20729
5074.0,52.84185,21.166456,53.371086,99.59779
5092.0,11230.134,4453.1763,13358.121,35647.79
5097.0,104.34047,34.536915,120.11359,430.27603
5098.0,807.3332,396.9468,799.9874,1501.7048
5106.0,176.45369,51.691483,219.37265,718.6455
5109.0,171.78392,84.15715,192.2964,435.54666
5112.0,697.8843,214.97372,774.7302,2025.5923
5114.0,5144.5557,1251.4899,5196.8755,8210.212
5128.0,3302.3838,846.8033,4764.2935,12997.4375
5133.0,39.43059,14.2811575,42.361298,367.8384
5137.0,2236.4414,409.16232,2631.7854,8527.164
5143.0,75822.46,15376.644,65362.168,112773.51
5146.0,2427.4663,444.82162,2009.4679,8735.634
5149.0,7905.531,3731.0264,8052.195,14517.221
5155.0,3115.7188,1325.2556,3292.8328,11827.666
5158.0,1882.9368,155.11542,1864.1342,6237.8027
5167.0,11751.918,2680.4456,12746.444,39505.496
5172.0,2725.9402,2057.372,3094.3335,4771.3047
5176.0,1826.1182,886.55273,1751.0917,4425.476
5179.0,12322.297,5045.7876,11194.591,22735.697
5185.0,783.7863,121.9866,891.56323,3114.8513
5192.0,57160.156,3220.2437,52398.61,102317.42
5196.0,1867.5958,1378.0425,1947.225,2180.7646
5200.0,235.45892,84.60453,233.68214,413.8804
5202.0,399.25552,148.31538,384.92014,586.66254
5203.0,59136.53,22697.7,50170.24,68467.68
5210.0,219.23616,22.671387,244.0265,1629.8179
5211.0,5376.333,273.31677,5001.458,10801.365
5212.0,2507.0483,308.7309,2253.2847,7193.6694
5213.0,4520.1597,2995.7832,4596.5645,8293.993
5215.0,179.94466,37.356895,209.6355,390.512
5220.0,2940.5122,341.2243,2997.4321,23913.54
5222.0,271.96677,127.06187,312.39322,670.7511
5226.0,100.32345,34.02776,114.39958,154.00189
5230.0,16121.192,9970.767,16586.934,29380.988
5234.0,7628.5815,3702.253,8022.088,9889.664
5243.0,7872.0454,1345.0635,8351.904,19805.404
5244.0,17301.143,2733.491,30769.084,48213.336
5245.0,3798.625,651.66046,6925.867,16645.486
5249.0,2090.8025,319.2695,1923.5895,3039.4766
5251.0,18312.238,590.4191,19096.998,27426.943
5258.0,3479.3877,1985.2008,3646.464,7124.9565
5260.0,10146.935,1105.6532,8324.907,73989.85
5269.0,4356.707,2642.2773,4263.9375,10343.583
5270.0,64.268875,14.731491,64.823494,422.6789
5281.0,755.1204,295.9618,904.64777,1531.6812
5282.0,35.705246,12.375196,41.567654,308.91602
5286.0,28313.307,1582.2571,27388.496,80528.984
5287.0,3797.868,1060.3536,5070.7227,9217.195
5290.0,1805.2117,830.14276,1805.4337,3702.9165
5303.0,215.6572,129.20018,238.19218,601.2476
5305.0,146.34776,62.256077,156.06662,344.58096
5309.0,3015.6335,1065.7201,2901.7358,4480.4053
5310.0,272.38495,152.56589,198.87479,2860.8901
5312.0,118.98131,68.66994,144.76924,224.49194
5313.0,147.08984,51.961243,214.98839,1378.0131
5315.0,108.57896,65.93131,98.53799,305.96762
5325.0,681.1654,104.25154,1192.805,19747.805
5327.0,17217.346,5674.82,23130.19,31725.55
5328.0,10823.97,4575.9116,8947.86,14626.561
5331.0,57.218014,21.268951,72.31352,317.73163
5332.0,3906.9585,208.29967,2530.227,17208.137
5335.0,674.79767,200.67126,588.93054,1800.141
5336.0,332.74847,142.28143,422.0191,1503.061
5338.0,48.172153,18.002687,50.182545,505.41742
5339.0,472.43216,164.86089,538.12646,2049.6062
5341.0,3751.367,1836.0789,4270.599,7141.0776
5342.0,737.99615,410.71988,1227.8893,4995.1465
5343.0,465.52048,104.57866,546.28046,2421.889
5345.0,91.027725,29.641607,163.3462,3382.0618
5348.0,384.2011,93.27957,403.50897,2072.8923
5349.0,33378.414,4203.3477,26711.62,96698.47
5351.0,18192.982,2332.5935,18504.451,74846.82
5352.0,48.60518,20.505714,63.912933,226.6243
5355.0,1241.2944,420.6756,1134.2168,3666.232
5356.0,15147.204,2416.4927,15747.985,47175.64
5361.0,102.77073,60.40704,109.564316,235.01863
5362.0,38.15813,8.375064,57.961456,364.7904
5364.0,75.456215,23.0964,79.27814,142.20941
5367.0,25.472116,11.667913,27.666134,104.28342
5369.0,211.77121,50.849033,221.67859,437.74768
5372.0,197.02563,103.24817,205.04027,369.76407
5374.0,1073.4176,517.5778,926.40027,1412.9017
5378.0,292.5246,141.3891,287.68802,1306.9977
5382.0,43557.79,18174.79,56984.844,118911.67
5383.0,76.86921,30.634384,90.05865,407.328
5387.0,138.10277,50.487476,161.0158,548.68195
5393.0,204.10721,19.886091,233.12979,1413.6079
5403.0,2726.866,1911.2858,2825.045,3965.0793
5408.0,3326.5488,642.2813,3991.0366,18362.97
5409.0,168785.44,4001.5476,90112.35,413934.5
5410.0,509262.3,14540.788,385902.97,819783.5
5412.0,2998.224,838.99756,3152.4038,9425.648
5414.0,31912.932,5035.078,23801.484,90853.414
5427.0,58.713604,24.118244,57.17945,195.32025
5431.0,1481.2583,546.68024,1747.2607,6294.5493
5433.0,680.8128,209.31346,613.8372,2032.508
5443.0,1096.8147,819.3972,1169.9691,2747.387
5444.0,5576.981,1173.0017,4444.3726,13921.347
5446.0,54.222885,18.479517,52.324776,133.8898
5449.0,181.75117,45.886364,287.1972,980.7575
5452.0,1432.4894,197.53886,1523.2003,6760.934
5453.0,910.3845,120.76127,979.36993,4062.7258
5454.0,964.6783,239.0721,837.093,1909.7545
5456.0,723.24286,155.45952,1096.1826,5062.653
5457.0,1379.2996,112.64548,2219.16,8899.4375
5458.0,661.0697,106.29911,900.2675,1771.2084
5459.0,752.4746,300.4553,652.4552,1148.5111
5460.0,89.48,28.500189,96.672424,214.65434
5461.0,128.28651,82.73428,129.49919,219.91936
5464.0,1218.6991,386.9075,1023.8575,3613.5217
5466.0,11311.718,2676.6267,12722.556,23778.184
5467.0,149.99458,19.801476,141.38121,1378.4198
5468.0,7655.0586,1633.5166,7738.9805,68926.74
5472.0,1625.0779,409.95895,1564.352,4973.556
5476.0,792.789,470.71732,814.79315,1560.7526
5479.0,1041.3027,175.62854,1032.4767,2766.3352
5480.0,2931.485,1101.7203,3535.6162,4039.8877
5482.0,1601.4412,645.38416,1806.1501,2915.5942
5484.0,36.52661,11.192667,35.420925,137.00386
5486.0,904.41315,187.81947,950.89465,12237.895
5488.0,67.805725,35.240166,61.660503,177.29863
5492.0,146.58838,31.157887,137.15982,479.0968
5494.0,31.325123,13.196796,29.661156,164.08588
5501.0,1056.6222,278.2838,1426.3203,2298.258
5511.0,311.51248,104.19002,318.8753,718.8419
5513.0,25.405472,10.942893,39.41594,171.18536
5521.0,23074.91,2144.8953,18644.123,186516.36
5523.0,339.60464,92.90678,851.9701,4751.1807
5526.0,225.27142,62.17651,275.87872,773.78436
5528.0,118.630585,19.552774,111.47655,442.77252
5529.0,684.1328,388.69086,661.6881,15536.873
5533.0,935.7311,353.83313,984.14874,6588.8477
5534.0,1708.4059,666.3782,1808.9686,3818.7769
5536.0,6816.1377,2303.3235,7020.035,41479.42
5539.0,5585.5503,2210.7644,5798.2354,9207.717
5540.0,52.997875,29.031322,60.666718,436.41815
5544.0,43.016953,18.667067,39.941906,76.4526
5545.0,33.795277,10.929412,38.789635,148.7048
5548.0,12398.303,4178.34,11531.323,23279.52
5549.0,16622.549,5928.5464,17303.766,23291.467
5553.0,226.44832,93.67114,271.48596,424.96964
5555.0,48.422546,13.381858,51.923817,457.4016
5557.0,641.63873,61.763905,961.0145,3505.8943
5564.0,59.34279,30.446728,61.466957,120.62913
5565.0,146.49872,57.74702,210.56067,1068.1443
5566.0,210.87608,46.299698,331.9616,2042.074
5570.0,62.11078,13.467057,59.529816,310.942
5573.0,46.009296,15.674043,43.208138,316.52582
5576.0,86.385826,21.295164,116.7734,477.64035
5577.0,71.79181,18.314505,70.937065,291.14526
5581.0,9448.716,2794.4778,9821.212,11984.973
5585.0,337.70273,177.78633,315.38745,2496.7612
5586.0,815.9463,280.6256,661.71375,1073.0247
5590.0,17.011112,13.311814,20.929544,68.94241
5594.0,1063.4104,520.854,979.2443,1758.3528
5595.0,10952.96,1285.9501,10981.921,42883.754
5596.0,183.1904,19.414948,209.75189,933.00836
5599.0,932.0591,453.24274,905.0171,1439.6699
5600.0,530.7209,182.81,677.5318,3322.8328
5601.0,1838.0797,1240.8168,1942.6465,3292.6978
5602.0,270.94525,59.6989,347.98886,1806.4724
5603.0,98838.33,31824.916,101147.47,221061.28
5604.0,139533.2,8945.4375,85997.04,324475.47
5606.0,295.91974,119.814644,234.56442,747.9059
5607.0,6.2797413,2.6552365,5.7102456,63.5897
5609.0,9568.859,2034.557,6041.333,32812.703
5610.0,834.18744,243.34824,784.3508,1521.6047
5611.0,16.748022,4.3543043,16.220287,295.0048
5614.0,937.4988,481.64484,860.1537,1984.2053
5616.0,3393.5374,355.51978,2186.2798,18918.916
5619.0,34.82641,10.670752,46.07143,327.5344
5624.0,32.67572,21.866556,29.95866,126.25234
5625.0,989.4796,151.70232,537.2642,8700.971
5630.0,149.70549,75.168175,140.40704,531.87964
5636.0,618.94635,67.326324,504.5311,2269.457
5638.0,31.82065,10.647317,42.149563,463.06302
5643.0,818.45935,349.41034,936.22784,1886.1078
5644.0,1346.0895,116.714836,1318.7003,5500.072
5649.0,19755.83,900.99493,18381.701,51932.906
5650.0,1210.5403,46.114697,938.6596,11700.163
5651.0,828.6746,135.70215,777.11334,9205.75
5652.0,39.268486,23.976042,37.39696,136.10666
5653.0,17.43307,6.85377,19.166382,176.51471
5656.0,49.723724,26.996655,38.755924,212.5825
5658.0,17.367535,3.5246732,23.584858,826.77655
5659.0,624.2263,250.13895,627.5256,1835.2534
5661.0,441.22955,40.12105,407.02142,4404.377
5664.0,82.22721,40.07565,78.46493,578.5352
5666.0,824.8369,361.90118,1076.4618,2854.3862
5674.0,22.114609,8.0239,23.85255,108.290276
5688.0,49.72555,27.934011,46.134632,450.4324
5694.0,2223.7478,219.86998,2380.5547,22462.676
5705.0,3553.9424,2088.427,3106.2043,7857.2393
5708.0,662.27905,143.72937,1324.5638,5434.7754
5715.0,46695.04,6215.9014,35475.98,241616.33
5718.0,34.919376,9.57932,33.60349,316.48282
5721.0,4146.465,1450.6936,4274.5967,5478.859
5723.0,8077.538,1763.6152,7770.9307,29874.654
5731.0,52.966366,17.108799,68.888916,232.11053
5733.0,15415.362,2980.6284,19699.463,38343.758
5736.0,777.6094,258.35895,1000.8282,3229.892
5737.0,7842.701,3520.1865,9438.448,16299.392
5746.0,7579.0317,1052.288,7305.1904,18485.684
5747.0,82.86363,40.756203,84.74366,981.7977
5750.0,28.256561,9.482856,36.20493,1180.3699
5752.0,83.27817,11.980865,58.132374,802.8137
5753.0,19053.629,3879.1394,15336.954,41217.035
5757.0,154.15332,113.53097,148.50052,686.8316
5758.0,146.14023,59.9547,152.26057,709.4178
5759.0,407.18195,146.98096,348.1907,841.95
5760.0,96.7099,49.252937,105.54735,292.0549
5763.0,3495.178,839.39813,3604.8342,8031.5806
5764.0,2453.579,1703.3999,2751.7883,6410.4155
5767.0,18.936424,5.1056113,22.925795,324.9567
5776.0,986.43536,303.94894,881.3077,5421.637
5778.0,3084.2664,303.09244,2337.674,7824.465
5779.0,799.5271,149.295,709.26044,7230.707
5782.0,562.5263,258.5956,727.99365,3120.0574
5788.0,121.19005,76.790886,126.11371,863.31775
5793.0,18.252121,9.47269,24.718506,167.16795
5798.0,72.266266,17.627645,73.5012,177.28697
5801.0,378.74094,201.6168,386.9221,1388.4806
5808.0,136549.55,46799.63,136798.5,166136.19
5810.0,10633.399,1652.8751,10907.573,26991.045
5818.0,43300.707,7593.9214,38549.418,53497.652
5819.0,39.225574,7.9685025,50.379025,810.5073
5821.0,8298.931,1722.5104,7768.8335,43273.918
5822.0,9596.34,485.25717,12169.82,70767.11
5837.0,236.6657,117.35102,257.31857,606.51044
5843.0,1707.0476,225.66328,1702.6633,4761.3545
5844.0,29112.334,12139.219,23885.594,83677.81
5845.0,112.48167,32.154945,112.494705,353.2229
5852.0,97.8038,64.41823,88.33225,444.7194
5853.0,4816.1343,1890.338,4951.724,6735.1475
5854.0,312.49213,147.26985,250.50072,2178.6216
5856.0,84.148994,16.085583,109.2526,883.6179
5858.0,5530.9,485.10263,5415.643,22793.121
5860.0,148.61867,74.690834,158.23085,1158.7456
5862.0,14.112828,5.1882267,12.096282,129.0132
5864.0,444.90524,128.15213,500.9157,1249.5735
5865.0,45.109085,38.578743,45.674713,187.095
5867.0,1174.6143,44.67133,890.59406,11809.835
5868.0,173.63126,40.407143,289.70312,3762.9834
5873.0,7600.377,2053.8267,8860.854,8586.94
5874.0,2520.0227,816.82764,2335.6062,23470.852
5879.0,2618.3481,1281.459,2666.855,5955.895
5880.0,17565.854,934.5316,14315.204,86486.82
5881.0,22697.418,1995.5753,21093.703,42226.832
5886.0,38.199978,33.5127,39.04793,291.79877
5889.0,1349.9005,404.59644,1478.5557,7018.9844
5890.0,111.04517,37.110554,135.29317,797.4084
5891.0,6887.1777,891.57855,9163.933,35613.676
5898.0,119.99491,76.33781,120.226974,712.37946
5899.0,179.29492,45.716156,233.84087,4258.7803
5901.0,27.19096,18.821753,24.823418,74.52561
5902.0,3790.5947,1667.208,4398.8447,7357.53
5904.0,3153.649,447.13626,3761.4153,15749.413
5905.0,3091.7021,1504.1265,3155.5078,6267.989
5906.0,143.12439,84.86518,130.81999,890.0629
5908.0,6259.637,2841.114,6479.3647,12279.993
5910.0,3934.9211,904.0527,4774.7324,10291.119
5911.0,2375.9912,999.9877,3135.706,4050.072
5912.0,29.517548,22.55247,34.338963,266.1829
5915.0,470.66214,49.170197,459.95963,5037.037
5916.0,93.53125,37.761486,100.519295,559.93744
5919.0,78.986244,25.534681,86.09127,778.231
5920.0,1337.912,129.09782,927.41815,6796.075
5923.0,944.0509,478.66452,1118.5348,2918.4597
5925.0,65.72511,32.265026,65.50269,275.9096
5926.0,1656.7338,286.3001,3234.7502,42523.215
5928.0,540.88605,161.90257,463.84906,827.4211
5930.0,675.2747,380.3905,669.85736,1163.08
5931.0,186.46976,49.45091,316.65396,3873.7825
5933.0,588.0918,329.15063,497.3459,1063.5159
5934.0,1003.657,246.76529,1114.1002,1994.064
5935.0,326.42755,119.01542,286.11804,1148.1055
5937.0,53.567165,32.570114,45.949608,242.02762
5938.0,487.23538,137.02536,464.18515,933.65375
5939.0,716.0111,391.8765,631.92426,1267.2267
5940.0,1387.2139,636.89667,1394.8702,3352.9368
5942.0,1210.5403,45.37142,924.706,12610.013
5944.0,83.18201,37.401436,78.19403,262.7727
5945.0,1965.08,398.05374,1911.1619,5065.367
5949.0,2618.0232,965.6609,2781.455,4822.5366
5950.0,339.25845,54.363815,464.6655,5362.461
5951.0,131.41713,26.84895,201.7596,827.7297
5956.0,178.04306,103.17956,184.9935,329.67874
5961.0,34522.96,1754.7587,48976.133,61373.33
5965.0,968.7524,746.55865,1106.179,3396.0564
5967.0,1223.0164,163.1078,1209.5248,2950.5125
5969.0,846.1312,493.32166,835.0669,1632.4445
5973.0,58.67484,20.104874,59.16665,204.60136
5974.0,14071.711,8254.436,12620.25,24637.508
5976.0,1256.75,314.55478,1001.8123,3737.7788
5979.0,400.5747,245.71442,406.46326,616.5998
5989.0,1189.5103,246.01173,1855.7767,5034.3237
5991.0,2064.2998,362.08417,1899.2112,4197.107
5992.0,563.8033,235.0646,491.86115,1319.8579
5997.0,80.85985,49.83342,82.67592,314.26453
6006.0,52.213364,19.879597,49.039604,169.20341
6010.0,42.365215,17.68697,37.899685,239.87405
6026.0,182.93803,124.12895,160.40465,374.61148
6030.0,103.07728,26.315609,165.61122,1632.6414
6034.0,3872.586,1178.2876,4697.2114,17247.863
6035.0,518.31744,294.51273,335.84024,2165.1882
6038.0,23074.91,2144.8953,18644.123,186516.36
6044.0,180.98038,45.535656,230.19333,4610.9434
6046.0,564.8101,365.3178,419.1189,2968.4204
6047.0,22.618242,7.044441,17.541426,325.75412
6050.0,24.570929,13.932404,24.294046,141.72546
6052.0,5759.443,1145.3751,4997.305,11078.444
6054.0,5351.502,1096.8779,5021.919,44887.69
6055.0,7878.8643,2416.1838,7969.207,10800.172
6056.0,4286.6064,1869.326,3825.2175,9475.228
6063.0,1097.4204,616.9818,1116.5823,1721.71
6064.0,3862.2405,2557.0293,3598.655,7322.893
6065.0,42.999718,10.432231,39.806488,324.54803
6066.0,14.38052,6.16968,20.450783,297.80457
6067.0,100.597786,27.515364,112.88476,454.44623
6068.0,275.62112,56.603527,305.39172,1600.0176
6069.0,4673.2085,1595.2526,4468.6104,6516.8813
6070.0,2272.9387,659.4996,2433.4722,13032.353
6074.0,4605.468,1674.6259,4625.3804,60065.62
6078.0,107.247215,49.434227,100.00635,328.63968
6082.0,228.66109,49.0239,239.41309,814.4075
6086.0,657.4148,232.3414,556.0064,1536.1678
6091.0,95.672935,31.55429,101.889114,376.95242
6092.0,310.0291,155.80919,318.80368,591.5525
6094.0,12890.326,3596.2258,13396.291,29019.725
6096.0,225.49013,71.98119,206.94759,670.7386
6098.0,4115.8213,494.21094,2931.9045,10606.541
6099.0,1267.486,363.74356,1341.1229,3174.185
6102.0,707.0308,176.28954,642.2648,1423.3647
6103.0,276.32315,83.51665,301.366,612.8504
6104.0,801.9261,289.71457,867.7093,3381.8262
6107.0,9468.371,1841.971,9851.756,54131.152
6109.0,7270.758,886.9041,6858.8413,32971.426
6110.0,1748.9337,753.9418,2466.6907,7879.383
6111.0,29992.81,4086.581,24794.96,141518.62
6113.0,89.3,21.870136,81.26587,255.1131
6115.0,80984.3,15496.579,82078.44,291133.8
6117.0,35520.87,4951.55,24083.887,109711.02
6118.0,45046.23,5972.771,38179.523,236269.95
6120.0,904.533,151.10715,1147.3873,3976.7812
6122.0,10132.439,3165.7505,10537.849,42852.645
6123.0,7247.698,2107.6882,7459.452,15840.364
6125.0,3901.6155,536.60266,3591.866,15184.795
6127.0,4469.0625,717.48926,4388.5703,20300.906
6129.0,42308.18,3766.157,33918.633,147725.83
6131.0,23283.428,2416.7913,20412.709,47238.484
6132.0,9277.11,786.3225,12838.26,57727.15
6134.0,27251.32,9131.602,24555.057,82018.03
6136.0,2794.6897,1109.3865,4476.7617,19927.361
6138.0,5690.3403,2560.729,5675.9834,12210.194
6139.0,1799.8044,801.7965,2013.9503,9405.113
6141.0,4458.956,778.01025,4300.2827,11720.211
6142.0,5279.1523,2085.0361,6324.6055,23773.557
6144.0,3627.9792,1210.4122,3751.6033,11932.09
6145.0,15161.468,6688.2363,17832.88,64862.24
6149.0,9685.07,7037.4233,10325.133,16498.398
6150.0,2556.977,342.2519,3848.816,21196.184
6151.0,5127.828,1125.2335,4741.8286,16704.2
6154.0,1407.7169,533.7117,1554.2571,4289.4814
6155.0,2287.2197,669.6294,3930.9602,11073.3
6156.0,4153.743,669.3609,4300.816,10606.642
6158.0,75235.99,12316.621,66538.21,331828.25
6160.0,11170.02,2652.8403,14806.157,53362.06
6161.0,5610.3003,1398.4886,4680.577,24369.242
6162.0,3568.9512,1160.7767,4077.1802,21043.914
6163.0,5081.5757,1829.7686,4922.274,12200.278
6164.0,3965.9795,1640.4622,3841.7017,10155.173
6165.0,73856.55,11648.038,65256.727,154631.34
6166.0,1754.9854,824.58044,1748.6644,4118.7856
6167.0,16406.36,6866.388,17911.217,23608.49
6169.0,2837.7468,516.32904,2706.79,12306.712
6170.0,26716.383,5209.529,28636.318,196927.11
6171.0,147944.5,2163.343,62672.445,483128.72
6172.0,5162.1943,1357.7251,6073.3296,18205.13
6173.0,50094.316,23189.227,39901.48,103075.766
6174.0,50678.87,545.0297,24226.293,106226.61
6175.0,10268.571,1406.157,8114.2964,40444.773
