YB,mean_pred,0.025_pred,median_pred,0.975_pred
1.0,8.273936,0.56014585,9.495992,62.96867
2.0,14.463646,2.0634582,14.600374,74.150696
3.0,15.446624,1.0626563,13.989844,163.90016
4.0,3.809309,0.40777963,4.656248,45.02395
5.0,4.09394,0.42778465,4.0379806,40.75943
9.0,30.79778,1.9196031,31.158361,231.80173
10.0,20.921545,2.0743957,19.320383,197.67589
11.0,21.930256,1.2576228,21.858095,206.20941
12.0,22.890217,2.7282896,23.521223,176.86595
13.0,14.935954,1.93933,14.612462,99.92955
14.0,9.395351,0.56611365,10.968138,78.03558
15.0,20.304468,1.7948571,19.491451,104.1776
16.0,18.890518,2.8661048,19.90335,130.46521
17.0,29.943428,1.5990121,30.109257,205.18658
20.0,10.510563,2.5412104,9.285607,60.146923
21.0,22.102253,1.4351106,20.233744,196.19704
22.0,10.331726,0.74895763,8.04722,98.270294
23.0,24.096495,1.0570583,30.169298,143.99924
25.0,23.390347,1.0076724,27.07536,169.7001
26.0,27.127302,1.829516,27.959002,197.18315
27.0,16.168234,0.5751226,15.829068,200.38174
28.0,15.861629,1.1561917,13.942076,206.0103
30.0,39.92356,5.1584034,47.392094,106.442345
31.0,13.73792,1.6712193,13.53111,115.8645
32.0,4.065838,0.26673898,5.3517785,64.27258
33.0,15.417052,0.93787783,13.679794,74.65975
34.0,39.881817,2.7739089,54.692005,115.72573
35.0,12.827971,0.7011997,11.09911,95.292625
36.0,40.6091,8.631991,37.730213,102.265465
37.0,16.119194,0.89909,18.53778,80.35337
39.0,2.8270695,0.28136146,2.7581856,32.560173
45.0,2.0022993,0.35156813,1.756126,19.45418
51.0,2.548604,0.3291926,2.285953,21.036362
52.0,5.0873375,0.50885165,5.613103,36.80857
59.0,6.452285,0.4828823,7.384634,46.898613
62.0,1.8340551,0.25357193,2.0724523,54.882008
66.0,5.5837655,0.4055015,5.3842936,25.109549
72.0,7.734837,1.1525893,7.160469,49.0529
76.0,7.205467,0.54674846,8.183365,49.40342
77.0,4.5013437,0.3645964,4.6258264,36.888203
79.0,2.8381696,0.33062315,2.8861275,20.951242
81.0,3.5577898,0.41430694,3.76438,38.65484
89.0,6.239136,0.8814219,6.9677033,39.589787
90.0,8.351312,0.9952462,8.306794,76.61434
92.0,19.34798,3.7298882,19.915384,100.69103
94.0,5.2261467,0.4658127,6.568111,49.15026
98.0,2.2789025,0.33213028,2.5226974,17.19675
105.0,0.6201722,0.07524388,0.93810266,29.84532
108.0,1.0061883,0.12387325,1.4773213,19.383904
109.0,0.9629268,0.16680372,1.1964303,36.494118
110.0,6.490552,0.53080577,8.066174,43.110046
111.0,2.4103773,0.28329659,2.475371,118.869484
116.0,2.0881987,0.28133205,2.0467505,24.799652
118.0,2.4317157,0.2717027,2.0636594,21.21893
124.0,2.4383106,0.27248576,3.056848,79.70913
129.0,1.9972334,0.25905326,2.547575,44.272587
140.0,6.577484,0.5710697,7.3302712,34.867775
142.0,7.276175,0.9372479,7.0820193,53.424274
146.0,4.0032144,0.3495388,4.437618,38.102062
148.0,49.40339,3.0039995,56.10637,228.72719
160.0,5.606117,0.9067757,6.095453,43.572365
172.0,0.88429314,0.09297766,1.5434062,41.399006
176.0,9.059423,0.7521975,9.78918,53.25434
178.0,2.641673,0.43842873,2.6801374,23.68606
183.0,2.3390114,0.31474882,2.482059,18.435358
184.0,3.7546208,0.34154025,3.9160736,27.618374
193.0,2.4977975,0.36334783,3.0965374,79.32038
194.0,9.491698,0.7012726,10.125773,54.40017
216.0,9.773932,0.6495141,9.84248,80.15889
218.0,1.5543689,0.16787794,1.9520395,68.32906
219.0,15.0467615,1.2183783,14.2991705,78.46302
221.0,21.469877,2.607945,21.96198,172.90329
222.0,16.501657,2.2653606,14.4840765,160.35089
228.0,4.4644537,0.7073425,4.5550656,50.21929
229.0,15.818044,0.9844497,15.927373,150.6223
231.0,7.044699,0.5016917,6.5557947,75.50812
233.0,3.2414591,0.3561798,3.5636609,21.624842
234.0,3.437491,0.5682484,4.317436,28.457996
238.0,2.0954683,0.27254692,2.1490386,60.90588
239.0,4.8995204,0.38256368,5.626898,43.37383
240.0,1.2502545,0.19199371,1.4564346,36.62116
243.0,2.3165052,0.3260314,2.7567523,20.5897
245.0,13.602231,2.9576635,12.353695,66.62351
246.0,13.550457,2.0775857,13.118062,196.85751
251.0,8.191384,1.5499239,9.4964075,58.19719
256.0,5.140173,0.5489799,5.2971315,37.311134
261.0,4.9790163,0.5165454,5.876036,41.50275
265.0,16.3896,1.9384067,14.982312,107.11919
266.0,1.3422784,0.23850222,1.6003476,38.987316
267.0,10.8512,1.5366933,11.548393,157.43977
269.0,5.5060005,0.37317368,6.9943533,46.598244
273.0,30.231134,1.3890983,34.79263,160.47778
274.0,22.26241,0.781132,21.765175,228.87784
279.0,18.747414,2.2111084,19.325743,112.28232
282.0,16.956202,0.8097977,22.802727,82.03108
283.0,37.816154,2.083432,44.547955,124.52141
285.0,17.071976,1.9204068,17.196909,153.08313
287.0,27.259005,1.3565676,35.600807,101.36431
288.0,42.35708,2.3827965,52.425293,160.85204
289.0,27.474981,1.3420354,35.612434,97.802444
290.0,8.684976,1.3458507,8.067429,67.76316
292.0,14.644294,0.82477254,15.093294,73.01508
293.0,10.345755,1.2959411,10.425385,70.09696
294.0,3.0423167,0.5285846,3.0887773,23.14428
295.0,7.9596725,0.6652918,7.358832,48.304157
297.0,5.591319,0.46960196,6.8468223,41.231873
309.0,10.750269,1.1760632,10.483267,118.29922
323.0,7.0503006,1.2672254,6.0230193,47.41108
325.0,4.4008627,0.41237205,3.7299511,26.343771
329.0,9.622943,0.8195799,7.9281697,72.72426
332.0,6.791138,0.4930104,7.8456044,46.8642
333.0,37.052505,4.1091075,57.277065,128.66335
344.0,28.496296,4.483397,28.32305,112.529366
347.0,10.854445,1.7255563,9.396879,49.486088
348.0,4.627319,0.42305973,5.1633973,51.269688
349.0,9.2195425,0.48292544,8.653644,388.0856
352.0,15.808724,0.79753083,19.34537,63.352936
354.0,7.5089836,0.7849214,6.8570724,45.037247
358.0,2.5617173,0.35687122,2.6217136,20.913918
359.0,9.834457,0.6841694,10.946525,73.505905
362.0,13.028325,1.2345057,10.86131,79.11346
364.0,5.823274,0.6675456,6.81154,46.818554
368.0,1.4926308,0.14682886,1.7030712,40.931393
371.0,19.725584,2.7188962,21.597082,108.34487
379.0,13.198922,1.4812168,13.642292,80.839836
380.0,23.831036,1.0165524,27.868586,159.53642
381.0,42.826946,2.6624033,55.058918,232.97986
382.0,23.881487,1.097018,26.38783,172.6259
384.0,6.538666,0.86456066,5.950598,51.3219
385.0,16.487604,3.0505326,14.041265,67.4937
387.0,10.728667,1.1768982,10.932134,76.66623
388.0,4.159357,0.37985575,4.853201,42.488857
389.0,11.298112,1.6244313,9.459782,61.516834
395.0,2.015035,0.40975562,1.8761644,17.940327
398.0,4.6170387,0.48160145,4.9073977,28.97723
400.0,16.643559,0.6126192,16.069096,207.86687
403.0,2.351852,0.2783557,2.8055449,16.285456
409.0,7.0194583,0.47079006,7.299843,54.40158
415.0,2.7225811,0.2630292,3.0370421,23.871548
421.0,1.1233176,0.16693181,1.2917714,28.086351
422.0,2.7955759,0.4371667,3.3617053,44.913292
427.0,5.7711945,0.5935355,5.9756107,42.688534
428.0,1.0994308,0.24251798,1.489091,47.168232
429.0,6.695638,0.4765359,6.790585,48.672
432.0,2.6157224,0.23276281,3.877023,88.561104
433.0,3.9880557,0.35595417,4.3803115,76.39327
434.0,10.211628,1.1826457,9.668831,70.87794
435.0,3.9900424,0.4109212,4.5774393,92.32098
437.0,2.375924,0.2867572,2.6776977,18.717535
439.0,25.714022,0.9131931,18.866728,328.49786
444.0,11.959206,2.1006372,11.654943,68.23574
449.0,7.010743,0.5716075,8.642096,132.78596
450.0,3.216266,0.2067243,4.3711658,69.56645
453.0,3.1345203,0.43168786,3.4004776,28.29549
454.0,21.266254,3.1024024,21.153341,153.56339
459.0,5.299105,0.46489015,5.4830837,40.58549
460.0,10.234876,1.3366165,8.3283,120.51806
461.0,5.0102344,0.53101915,5.8377776,45.437977
462.0,13.167907,1.9169259,13.416738,54.913868
470.0,9.588284,0.783404,11.177451,64.40576
471.0,9.375439,0.84922165,9.558225,65.28097
472.0,2.8799214,0.3790041,3.0588593,18.617432
473.0,1.3355715,0.1715675,1.8954047,45.268612
483.0,35.707935,1.5364981,28.075594,470.92297
484.0,3.0422425,0.34656417,3.8656652,26.724197
488.0,4.174294,0.45577025,5.1014524,48.214756
490.0,12.099298,0.8505887,11.944004,132.96219
492.0,17.388494,2.575385,16.290241,95.32181
495.0,1.9365298,0.21012604,2.151,57.31323
500.0,4.564453,0.4501887,5.39193,29.876453
501.0,2.2177076,0.2878541,2.725018,62.903725
502.0,7.839399,0.7940844,7.4571633,45.457882
506.0,4.689159,0.43821546,5.132083,31.45245
509.0,6.616103,0.7095681,6.947626,44.334255
510.0,0.6162326,0.13709465,0.8593155,16.146091
512.0,1.5527123,0.3168644,2.1929755,35.8207
514.0,1.7649052,0.21355765,1.6913296,15.574292
517.0,10.323087,1.8094213,9.275212,56.07406
524.0,4.5058303,0.3627116,4.90207,48.109634
525.0,8.179569,0.9159817,8.112007,121.767914
530.0,2.9515822,0.39242193,3.6294255,51.180115
532.0,2.8493645,0.37440857,3.6379519,18.142159
536.0,2.9264972,0.36121026,2.5474453,24.570787
537.0,6.462323,0.5491496,6.726449,46.435516
539.0,3.900569,0.34862274,4.2948422,39.019203
550.0,5.731967,0.9126219,5.683109,40.216614
565.0,1.8111703,0.26394242,2.1341634,23.084684
571.0,6.092922,0.44015083,7.197598,56.42685
572.0,10.077852,1.0744435,10.767071,58.58954
573.0,3.8492084,0.36347637,3.6571507,25.091543
575.0,17.239508,1.2076,16.860668,190.47432
576.0,8.802842,0.63410115,9.917129,75.94414
578.0,3.0990455,0.31348258,3.0690064,24.701792
585.0,9.265222,0.81949174,9.713014,56.090855
589.0,10.513636,0.6094481,11.596525,159.93867
590.0,15.0057535,2.0861177,15.728165,104.53644
593.0,3.0439758,0.4313357,2.8889687,20.887606
596.0,7.4393415,0.6505075,7.8000536,46.565006
602.0,4.5064344,0.47883466,5.1078305,41.12809
603.0,11.723196,1.160495,10.740128,68.926476
604.0,7.205672,0.7318733,7.324443,51.060005
609.0,4.8158336,0.4299313,5.048305,105.30177
610.0,4.3269105,0.2937542,4.457634,20.969538
615.0,3.1707163,0.44827452,3.59105,25.21333
617.0,1.7323539,0.25156084,1.6150382,13.379265
619.0,2.8397973,0.14214566,4.948896,52.3127
620.0,1.3745515,0.20594513,1.5125332,18.063375
621.0,0.40385553,0.060066793,0.67830867,15.288393
624.0,3.6595795,0.25160044,4.451608,91.899765
625.0,3.0891955,0.38688052,4.1200757,34.566616
627.0,2.445294,0.33767325,3.4255517,46.465176
629.0,2.84997,0.3396343,2.628451,30.817324
630.0,3.1663253,0.31543642,3.4529614,36.180744
632.0,2.6762228,0.31918082,3.490828,41.5902
636.0,1.9811609,0.28831384,2.32414,12.005437
638.0,1.6414989,0.23199105,1.8949667,17.732769
639.0,3.758705,0.33545327,3.6603193,28.254236
642.0,2.3917263,0.3860703,2.2589037,16.96036
644.0,3.3166218,0.3669399,3.9534976,35.690487
645.0,3.7408104,0.34686992,3.5951319,39.489376
650.0,10.890918,0.6362841,13.138251,278.92203
654.0,13.587102,3.099469,12.689106,65.12051
655.0,9.102252,0.83001405,7.3126864,66.68171
660.0,11.116848,0.75759894,12.797171,49.242825
662.0,8.5937,0.73927087,8.464257,53.51127
664.0,10.140052,0.9110969,10.577149,63.89471
667.0,7.2739816,0.99327844,8.132511,52.173702
669.0,10.191205,0.707453,9.966555,86.19237
672.0,10.5423765,0.9943898,10.849159,162.44139
673.0,0.9763701,0.18351537,1.4789146,33.922455
682.0,12.640841,2.065884,13.1558695,62.676056
684.0,10.134149,0.60237277,9.919178,83.700035
692.0,25.931957,1.0901107,30.536573,164.1575
695.0,23.991531,1.0273529,27.521288,191.92001
696.0,3.771309,0.38714278,4.317312,24.505781
698.0,5.037232,0.699651,5.518347,52.323174
700.0,5.2412477,0.94227666,5.3844204,47.707012
706.0,11.830587,1.0771285,11.375967,126.31719
712.0,3.4445364,0.43787766,3.765893,47.110405
713.0,2.5628307,0.34563497,3.0374255,78.56078
715.0,23.57203,3.847093,20.89159,122.1963
717.0,4.360438,0.36472028,4.758448,123.942535
719.0,2.0360603,0.11771957,2.1035516,57.226612
731.0,4.5817113,0.3463326,7.0286655,63.590004
734.0,10.456693,0.8194334,10.320062,69.30479
735.0,7.944829,0.76388925,7.72817,55.182476
739.0,2.9109535,0.6184912,3.2708926,62.7311
743.0,10.10416,0.4605597,8.329424,73.016594
749.0,9.657488,0.68900466,8.0915785,84.432884
751.0,6.494303,0.48948187,5.768841,60.166344
764.0,1.1949117,0.17083633,1.8156765,41.419914
769.0,16.929327,0.77820843,16.592054,120.347885
771.0,1.3989588,0.19919781,1.5197018,56.079166
772.0,8.885069,0.7930032,9.5438,81.665085
780.0,2.870366,0.39315403,3.3910446,48.213806
785.0,1.9149772,0.3030697,1.6848966,20.14782
787.0,2.2239883,0.16292177,3.0826502,62.188423
794.0,7.056872,0.6191701,7.483423,67.67917
797.0,13.870107,1.2140933,12.144424,111.44806
801.0,15.66997,1.3448595,14.515695,138.76483
802.0,2.2861178,0.32756606,2.627264,19.617464
803.0,2.9026036,0.27560532,3.1002584,83.69959
807.0,5.1858277,0.59134,5.4622326,62.184006
808.0,2.628902,0.35720024,2.3262951,97.78188
813.0,12.590964,1.3041599,11.223656,84.09629
814.0,6.2447457,0.58256894,6.4013553,59.08886
815.0,10.159977,1.035919,12.144975,75.841835
816.0,11.57846,0.90304816,11.325472,76.40923
817.0,6.56778,0.6413166,6.00933,60.608345
819.0,6.2570157,0.47636124,7.088284,58.28256
821.0,4.70354,0.4290445,4.674295,37.97166
824.0,6.8407197,0.58470553,7.302213,88.38117
827.0,4.485798,0.50247097,4.6843324,51.417583
828.0,2.8685167,0.35840625,2.938664,17.653381
832.0,17.776354,3.446998,15.2717085,115.650826
838.0,4.164323,0.42157084,4.482787,41.451607
839.0,8.246787,0.6558154,8.423957,96.28442
843.0,1.2714963,0.12566613,1.5835595,45.12892
846.0,16.125677,1.2763425,14.654238,151.13943
849.0,11.109461,0.7276999,10.338468,113.721306
851.0,1.6044722,0.2680822,1.6905323,68.377205
854.0,15.889255,1.6100368,15.987944,169.0659
862.0,7.5576863,1.3309201,7.233228,52.301224
866.0,6.3222375,0.63921094,5.2970243,65.46045
870.0,7.6644044,0.9363613,7.928519,48.727985
872.0,4.3360615,0.71261024,4.0759416,43.123173
876.0,3.2026217,0.29280475,3.9166594,30.824553
878.0,12.589807,1.0948576,11.39686,92.530136
888.0,7.1541424,0.92244774,7.124813,49.327335
889.0,17.857164,0.8370968,16.6665,104.029884
891.0,1.7181225,0.25503942,1.3504969,16.061308
895.0,23.200472,0.76094455,23.098852,247.35516
897.0,17.949745,0.75740755,17.43643,145.87874
899.0,5.1965117,0.70330626,4.738613,47.15693
903.0,11.539874,1.9692318,10.572497,66.73371
904.0,9.916672,0.86840856,10.236399,57.691372
905.0,14.669356,1.1197504,10.9647255,184.57109
906.0,12.422379,1.1923847,12.031552,117.94229
908.0,27.878317,4.8619046,30.073153,122.89359
909.0,7.29253,0.55828106,6.1416817,96.235306
911.0,25.337912,1.5278441,21.828339,201.2874
914.0,5.603505,0.510385,6.1082,43.67327
915.0,25.011932,2.624964,26.039131,157.89746
916.0,3.3200402,0.46061698,3.4344292,26.929718
918.0,7.0251718,0.43567562,7.637271,53.828606
924.0,5.604654,0.60027975,6.2680125,52.435257
926.0,3.64065,0.41326028,3.4717941,25.650017
935.0,2.252025,0.21781068,2.5657172,74.92201
941.0,16.54983,1.3927356,16.838318,122.46246
945.0,16.61443,1.8145255,17.456783,105.61668
950.0,2.9937146,0.31929755,3.094345,23.18841
952.0,24.691017,4.9834466,25.495697,113.71242
953.0,2.7762208,0.33319324,2.9673657,36.449753
957.0,8.948231,0.6810609,10.790037,46.959816
963.0,2.4442303,0.23122871,3.012194,86.886856
972.0,2.5845344,0.35324842,2.7131705,34.174168
974.0,8.809622,0.8318072,9.854219,47.837196
978.0,21.639046,1.5876625,22.461233,77.77725
994.0,6.220259,0.7345596,6.687682,44.70743
997.0,5.0255814,0.5566919,4.660499,42.335175
1000.0,2.4610996,0.29943722,3.046144,97.52326
1005.0,3.1528692,0.47883835,3.2122707,38.885265
1006.0,5.911194,0.45922804,6.552351,63.052372
1012.0,53.08789,5.741246,58.369022,158.90984
1014.0,17.618143,3.25988,18.85211,71.25116
1022.0,2.0730536,0.35031885,1.9387672,18.955585
1024.0,7.5160837,0.9939615,6.458648,56.644028
1028.0,2.3243144,0.29820848,2.4826407,16.201473
1031.0,4.9653497,0.32589328,5.3619013,51.771843
1033.0,4.6383815,0.29767618,5.9154973,70.06728
1034.0,15.361241,1.586713,13.795867,96.498
1039.0,1.1946815,0.1391466,1.418715,21.865309
1040.0,7.6645756,0.6968748,7.8982115,42.528046
1046.0,7.580835,0.9173702,8.518107,62.126305
1048.0,3.096083,0.3542594,3.8972251,49.2303
1057.0,9.486157,0.8724672,10.595116,61.01977
1060.0,7.541211,0.56562144,8.464884,44.867065
1065.0,3.2677715,0.48567572,3.0660927,25.287987
1067.0,14.687287,2.5132916,12.839909,66.46067
1077.0,11.641887,0.7054871,13.12267,116.19767
1089.0,4.093458,0.411965,4.35197,45.57689
1092.0,12.310423,0.6290183,11.690672,115.21571
1096.0,7.838066,0.9284491,8.06836,55.51414
1098.0,50.60274,6.8570085,66.35643,155.91823
1101.0,2.942024,0.48711786,3.3253162,88.95772
1102.0,14.846501,0.6628496,14.151141,111.82612
1107.0,5.3533764,0.8498658,5.4385366,48.809658
1108.0,1.4514258,0.25866446,1.8213445,44.861248
1110.0,2.6532934,0.28650162,3.4431791,19.8725
1115.0,13.64616,2.0670345,12.831269,63.050724
1116.0,3.182496,0.3260737,3.006782,25.551865
1118.0,5.5745435,0.3579243,8.151711,71.590935
1121.0,4.042268,0.3216909,4.05155,49.403194
1125.0,3.2362661,0.36307073,4.0402126,96.445564
1130.0,6.5602636,1.1886356,6.1827426,57.116043
1131.0,11.012181,1.2517949,9.249073,87.21757
1135.0,6.961278,0.55511326,8.652924,79.839264
1137.0,6.9109035,0.77487075,6.1228495,59.668983
1138.0,3.3024378,0.42250425,3.1423435,104.3985
1139.0,8.832532,0.8515741,7.598735,87.25134
1149.0,5.0265713,0.43291634,5.638653,43.27019
1151.0,62.446205,2.0261316,87.0576,260.09167
1157.0,10.421284,0.56168324,9.385742,93.05925
1160.0,2.650682,0.29964542,2.5998206,63.393574
1164.0,0.9673741,0.13954803,1.6455874,42.766575
1167.0,6.782562,0.60279036,7.604527,48.757565
1171.0,13.25082,0.7145864,12.410761,135.89694
1176.0,2.5639398,0.33709404,2.5031362,16.719236
1179.0,3.8996305,0.3074097,4.2256494,28.809526
1180.0,16.464552,2.022984,18.234867,104.98136
1181.0,4.2141337,0.7262904,3.9470427,45.126427
1183.0,9.095686,1.5235801,7.7384906,76.34702
1184.0,3.8911753,0.38935307,4.4758034,83.119514
1185.0,6.752634,0.4488257,6.599132,100.1305
1189.0,2.090239,0.19860762,2.172327,33.151592
1193.0,1.5247513,0.10932568,2.3546903,69.7338
1196.0,10.805118,1.1663648,9.678611,48.48881
1199.0,18.529917,1.0885795,20.483877,79.7533
1200.0,24.080276,2.1791158,27.092684,173.12083
1203.0,10.153308,0.9474227,11.535262,86.52071
1205.0,10.125447,0.97008747,9.253588,90.81247
1206.0,6.131011,0.46554148,6.2088456,59.88133
1212.0,20.456581,3.3084826,21.266016,142.76408
1213.0,14.25854,1.3310548,15.395689,75.0706
1214.0,2.450841,0.2208437,2.1059422,82.374725
1231.0,16.469004,3.3126578,17.29652,88.344345
1232.0,27.29886,1.3727232,24.862614,130.81955
1233.0,3.4864554,0.43867034,3.8575015,44.467728
1235.0,3.8470683,0.38278717,5.0594635,52.35513
1239.0,21.455906,1.168243,28.074497,80.79933
1240.0,10.360854,0.59058166,11.912237,88.16338
1242.0,30.224161,3.4845734,32.312737,128.88881
1245.0,5.8278975,0.6612626,6.9841857,83.189964
1248.0,5.169727,0.5812183,5.780545,34.642895
1250.0,4.884134,0.5016409,5.276038,26.902922
1258.0,1.2433366,0.29073152,1.6517572,19.490433
1259.0,2.6200945,0.319044,2.9146423,27.81415
1263.0,1.4726157,0.26579717,1.6330332,44.661404
1266.0,0.94244784,0.19389315,1.0616432,15.552231
1268.0,4.4259553,0.29691827,6.7546983,61.469685
1270.0,0.7768702,0.10573867,1.1264563,21.701715
1275.0,4.3177876,0.43213305,4.959199,36.65785
1277.0,14.00746,1.8232684,15.243835,88.99293
1282.0,17.075521,2.4083967,16.42758,109.00642
1297.0,7.814978,0.76942515,9.17842,47.800705
1300.0,5.476399,0.58897835,5.479633,45.18393
1306.0,12.729241,1.4710947,13.724411,84.89517
1312.0,7.4299045,1.0937271,6.912118,43.887802
1314.0,2.8377144,0.3237559,2.9016013,18.783504
1320.0,8.7699795,1.0645288,8.377906,51.402107
1321.0,8.239109,0.5056669,7.688708,67.374695
1322.0,11.509309,1.7115896,9.833808,134.94537
1324.0,16.547691,0.6126192,16.069096,204.29225
1325.0,8.069725,0.7574459,7.3873196,50.14423
1330.0,6.8549223,0.5223764,6.8244433,50.863304
1331.0,4.1652493,0.57843685,4.8165584,54.694145
1338.0,15.75524,2.3904889,13.482455,56.218872
1340.0,19.002691,3.5230281,19.669209,110.3991
1342.0,9.953514,0.7016258,10.291829,79.88424
1348.0,2.8581862,0.29661927,3.0675683,25.215368
1350.0,6.758343,0.56070435,6.633146,49.685863
1356.0,2.9441154,0.34443134,2.8841069,18.111376
1362.0,2.0893705,0.34165823,2.1074505,21.768557
1363.0,4.9519362,0.50896394,5.6415477,35.892582
1366.0,2.4258487,0.29721302,2.95429,16.398693
1368.0,14.371217,1.4203757,15.397347,81.07857
1382.0,5.9699507,0.6138447,6.2199287,52.979362
1384.0,7.20876,0.7277627,7.5343714,61.092377
1385.0,4.2230678,0.3435088,5.574424,45.66689
1387.0,7.260422,0.7453495,7.338087,65.5945
1396.0,7.5092473,0.51972157,8.110033,110.291664
1399.0,4.5968595,0.45291457,4.837798,27.657202
1401.0,3.7177148,0.34893376,3.4716363,90.19256
1402.0,2.504747,0.34815806,2.4238462,14.853361
1408.0,3.760518,0.46940875,4.0124025,21.318731
1410.0,8.7935095,1.0369934,8.656266,36.19514
1412.0,7.79909,0.72526556,9.186341,54.782787
1413.0,1.5512981,0.19624749,1.8995411,13.872522
1416.0,6.430788,0.48447597,6.473735,47.840553
1418.0,4.753099,0.64913356,5.342841,39.31626
1431.0,17.682323,2.618881,17.87358,73.499275
1435.0,0.55083776,0.115204416,0.78020066,18.004494
1436.0,10.656359,1.2395728,11.93805,47.322685
1442.0,6.3717723,0.46320906,7.554359,50.48569
1448.0,7.301072,0.45346454,8.890057,45.43865
1449.0,9.472099,0.6030228,11.040174,78.03558
1450.0,23.548597,3.0146852,22.77013,105.92781
1452.0,9.829276,0.6557428,11.114333,72.61677
1453.0,0.6613931,0.156998,0.76215625,16.363106
1458.0,1.2516929,0.24727306,1.6833041,22.669556
1459.0,4.1882505,0.5689893,4.7408414,109.259834
1461.0,4.7984757,0.5255926,4.8774967,37.006588
1463.0,3.055166,0.396843,3.2442615,23.83006
1468.0,5.8353467,0.5437873,6.323275,53.541576
1473.0,1.469825,0.12504579,1.8082184,15.205302
1474.0,11.20153,1.7705064,10.502067,65.26017
1485.0,3.7897198,0.4162384,4.0002513,34.926353
1488.0,1.5014256,0.21396583,1.8500198,13.478514
1489.0,9.743642,0.75896645,9.926675,61.273117
1492.0,0.49764577,0.11560136,0.4658629,19.783367
1494.0,4.020772,0.4948045,4.2190466,29.153425
1497.0,3.0771136,0.30279994,3.3710926,24.835735
1498.0,2.8107998,0.28663728,3.969243,59.6798
1499.0,2.613871,0.37305662,2.7384086,16.790878
1502.0,5.238938,0.5230566,5.8570037,37.361465
1512.0,4.6999807,0.44836342,4.5522356,31.599104
1514.0,0.88362455,0.11288668,1.2397981,19.944864
1516.0,5.11147,0.524248,5.888419,21.049166
1518.0,2.2035632,0.21189897,2.4385903,74.90944
1523.0,3.8581254,0.4159527,3.9613543,19.398993
1524.0,4.169059,0.48458424,5.061268,38.585014
1534.0,9.608408,0.8839256,9.603571,54.43756
1535.0,9.450205,0.8832227,8.436644,64.794655
1544.0,8.122118,0.7574082,8.4231415,43.981274
1549.0,16.922918,0.8005908,16.853916,138.75174
1550.0,2.0157166,0.2629745,2.2510521,14.617152
1551.0,5.716223,0.5434919,5.962701,45.81047
1553.0,6.457228,1.3188565,6.5179605,43.48031
1554.0,7.521932,0.52163625,7.666571,58.68626
1567.0,3.6165838,0.41711298,3.833462,22.913992
1583.0,1.6611087,0.20987158,1.9841458,26.057772
1584.0,0.95623904,0.15743105,1.0880393,13.2391615
1585.0,6.3819246,0.9337593,6.1971893,42.656513
1610.0,2.513576,0.40313122,2.4258547,16.424706
1614.0,1.7676122,0.28959396,2.1126854,14.492236
1615.0,3.1663399,0.4007392,3.5776327,24.966944
1624.0,17.153778,0.7892148,16.546442,159.79546
1626.0,1.1202163,0.11590925,1.4158112,13.35273
1629.0,3.6617506,0.49729753,4.1060658,34.02164
1632.0,1.6432599,0.2543642,2.063834,17.102734
1642.0,2.6338706,0.37035146,3.0823412,14.806075
1644.0,5.3098364,0.50538784,5.2301,38.412216
1646.0,3.84402,0.3473634,3.8909633,21.860508
1649.0,2.6196742,0.3888485,2.9633384,17.833181
1652.0,3.433664,0.35236153,3.38017,24.980965
1655.0,5.509965,0.5496306,5.959418,49.806557
1674.0,2.561278,0.2806112,3.0450256,18.721312
1682.0,1.8696245,0.2019574,2.9972289,43.54255
1684.0,4.08481,0.3657967,4.1761613,26.308165
1686.0,9.769447,0.6948505,10.482959,60.115845
1690.0,2.7386742,0.31872806,3.020099,17.34573
1692.0,6.1923213,0.49187344,6.704277,59.240303
1693.0,13.958912,0.7581177,16.50946,93.153595
1696.0,8.958556,0.82390416,8.787823,66.433464
1698.0,1.2737553,0.281009,1.5506921,24.852085
1700.0,6.737249,0.7949583,7.143577,53.10665
1703.0,1.2557229,0.15506335,1.4756676,13.399958
1705.0,0.8455372,0.17322576,0.8362391,13.512347
1706.0,4.450816,0.35712612,4.1200995,30.853794
1707.0,1.4936447,0.18695827,1.6259192,17.06734
1709.0,1.7490855,0.19894174,2.4188735,58.774776
1710.0,2.1713705,0.30872214,2.2199562,18.847178
1712.0,1.8416089,0.25834045,2.0125802,53.212597
1718.0,2.443696,0.30264497,2.562745,20.90314
1721.0,1.6818846,0.2105505,1.9089991,12.440727
1727.0,2.4248905,0.32552898,2.535479,16.241282
1730.0,8.311757,1.1969736,8.474496,57.048073
1733.0,1.1971446,0.22692408,1.3205676,21.689245
1734.0,0.6648375,0.15740295,0.547046,19.851534
1736.0,4.2403626,0.3675863,4.0410633,27.829723
1742.0,4.2846265,0.45709094,3.7398555,47.960968
1747.0,2.6949062,0.36608905,2.6792955,17.230377
1748.0,4.040036,0.38356784,3.865001,24.45236
1749.0,2.8786912,0.37338468,3.519106,35.557877
1753.0,16.29269,0.60411227,16.361689,110.19289
1762.0,9.336258,0.5745547,8.414229,95.12995
1763.0,4.288448,0.48008654,4.7399225,40.691864
1764.0,9.0223,0.841791,10.684794,65.7352
1765.0,5.359983,0.6824049,4.9568586,28.954716
1773.0,7.4594946,0.50432634,7.494043,123.81884
1775.0,2.217644,0.25434914,2.5890167,16.289778
1777.0,2.4321415,0.3749822,2.3377352,23.95502
1779.0,1.9554867,0.2807364,1.9799687,16.299088
1784.0,0.633338,0.073429696,0.7052019,19.712757
1789.0,1.0997787,0.1491676,1.4119115,41.397217
1796.0,16.37467,2.0544577,15.788534,177.28122
1803.0,2.8668354,0.47684795,3.1315355,31.623734
1808.0,3.3108554,0.37837166,3.3388712,41.782322
1809.0,3.8572268,0.46095303,4.1627293,45.975426
1811.0,1.627894,0.31451994,1.799327,23.332745
1814.0,3.842018,0.32662758,4.0139995,42.24135
1815.0,5.74846,0.5345287,5.651425,52.66358
1817.0,3.528375,0.38965526,3.2079356,27.435778
1818.0,1.295557,0.17356402,1.4769801,14.769082
1819.0,1.5974392,0.13001812,1.7276409,22.303396
1823.0,0.5539518,0.122634664,0.47307137,20.067133
1828.0,0.91042393,0.10380453,1.2804918,36.488968
1830.0,1.9829301,0.15917774,2.1033413,56.00114
1832.0,10.386363,0.49677372,8.778425,107.787
1834.0,9.113241,0.943456,6.986228,55.111946
1835.0,1.9743168,0.26790342,2.086006,12.932714
1837.0,13.087061,0.72496355,13.974157,88.9139
1841.0,6.891578,0.4925645,7.2183285,56.226757
1842.0,2.8916214,0.38180858,2.9368567,83.578125
1846.0,0.7996641,0.17501497,0.6545841,23.2116
1847.0,1.5757545,0.28573123,1.2975938,31.84583
1848.0,2.3460338,0.38159138,2.0128088,17.177315
1850.0,1.1653714,0.15631802,1.3956243,21.82108
1851.0,2.4067261,0.2949204,2.7243567,23.10999
1853.0,3.7737083,0.32961378,3.8572094,52.24762
1854.0,13.441349,0.8242579,15.274002,82.66111
1856.0,4.7176642,0.5535058,5.0422616,35.554478
1858.0,0.72602504,0.17453277,0.69734305,16.399315
1859.0,1.0961703,0.120912656,1.4240534,39.61751
1860.0,2.7045877,0.2867564,2.7625794,23.38906
1862.0,1.7145197,0.19863605,1.6900274,15.887748
1863.0,17.579811,3.3062713,16.728237,79.98368
1866.0,2.8399856,0.33905092,3.076745,22.817131
1868.0,3.6771882,0.39699584,3.6408205,40.309246
1871.0,7.1075306,0.90703386,6.9016566,57.64776
1873.0,2.6506062,0.34839678,2.5452814,17.617891
1874.0,1.37978,0.23941289,1.6348304,18.407766
1875.0,1.467321,0.23370965,1.4149568,16.406631
1879.0,1.2574043,0.21554661,1.3873897,17.95349
1881.0,1.7009641,0.3441284,1.8332224,25.112135
1888.0,1.8563541,0.31408802,1.8012404,19.844748
1889.0,2.2213626,0.25947538,2.3810565,15.413475
1890.0,1.0410055,0.14659967,1.135217,15.312217
1895.0,1.3007232,0.22998635,1.3572671,15.995361
1899.0,2.408041,0.28010228,2.4325037,19.13235
1900.0,2.6487312,0.3660219,2.794022,39.845974
1915.0,17.840696,0.6089898,17.275164,229.74757
1919.0,0.7276331,0.1885071,0.62094635,21.710257
1922.0,1.9894447,0.271611,2.0381029,15.266563
1925.0,1.8591291,0.29071012,2.141042,22.015795
1927.0,1.5108582,0.31713587,2.0382004,21.216093
1932.0,7.3121443,0.61730355,7.452078,65.98531
1934.0,11.675262,0.98939717,11.175208,69.28037
1935.0,3.2591546,0.35590222,2.9535482,28.272142
1943.0,1.704653,0.268477,1.8671975,16.146526
1944.0,2.0647557,0.14706558,2.1712532,103.36457
1947.0,6.7866063,0.72186744,6.0142817,57.671814
1951.0,5.5162344,0.4180736,5.554985,42.884865
1955.0,2.1907904,0.35789746,2.0554936,19.615881
1958.0,4.765468,0.49273783,4.5394816,49.052605
1959.0,5.1019897,0.4054424,5.4996862,50.55987
1961.0,2.551469,0.39577702,3.4343677,60.08919
1965.0,0.8642163,0.15658762,0.86977124,14.50183
1967.0,1.7504575,0.3358278,1.9137863,21.718498
1970.0,2.878315,0.29254422,2.7363772,36.580994
1974.0,1.158597,0.1870808,1.30908,18.238659
1975.0,1.0971513,0.17819881,1.1899576,13.724108
1980.0,1.5910717,0.23492666,1.6333587,20.843319
1981.0,2.2258391,0.20113675,3.2079618,53.991917
1985.0,7.3586855,0.63633835,6.906053,65.82172
1988.0,3.113823,0.343593,3.6526437,94.656654
1991.0,1.0963066,0.18034434,1.2492259,22.574518
1993.0,2.990569,0.2704795,2.839742,29.036499
1995.0,0.496388,0.1346215,0.40486804,15.543908
1996.0,2.751574,0.2102676,4.0778594,44.476955
1998.0,1.2764112,0.19158556,1.3720307,18.085062
1999.0,4.116609,0.4540923,3.763805,27.505804
2001.0,1.3377513,0.21753924,1.1449571,34.95237
2003.0,13.950501,0.7700879,16.442108,91.411545
2006.0,5.3758416,0.49527705,5.0543365,56.943928
2007.0,1.5074393,0.16343999,1.6410882,24.004204
2008.0,4.432586,0.3441648,3.8236327,26.017788
2011.0,0.6880348,0.12681061,0.49598584,17.365711
2013.0,1.4744058,0.13928986,2.251694,31.663101
2014.0,0.6177082,0.1355226,0.49800795,14.862015
2015.0,0.6425906,0.16490264,0.51685023,21.984404
2021.0,1.0104203,0.13014185,1.0836542,16.715384
2023.0,1.1540694,0.1612635,1.4258227,15.015905
2031.0,5.3222055,0.55180395,5.1174355,40.280502
2035.0,20.084705,3.582255,20.126637,80.40478
2037.0,2.0698376,0.36345416,2.0570033,22.48639
2039.0,0.8423284,0.09920689,1.2505271,31.58642
2041.0,2.2722518,0.32838273,2.0754333,19.482168
2043.0,9.136044,1.0798049,9.853282,53.266273
2046.0,1.8525233,0.21372195,1.930738,19.464605
2048.0,0.41401133,0.108973056,0.5399501,14.090031
2049.0,0.72000915,0.17269927,0.5656124,23.782082
2053.0,23.216364,1.3156928,22.516256,110.73125
2054.0,0.5852937,0.11362376,0.47615406,15.308655
2058.0,2.2543771,0.32445586,2.426983,19.458353
2063.0,18.104881,2.3262491,18.085615,117.434364
2066.0,2.3449383,0.330286,2.6312113,16.317785
2067.0,2.117689,0.31832927,2.1044934,19.017
2072.0,17.137054,0.62267095,16.381289,209.24042
2073.0,16.276722,2.2933059,15.320215,83.54258
2076.0,16.303444,1.0948205,15.596302,164.28294
2079.0,19.004728,2.4185913,18.310934,106.91297
2085.0,15.104051,0.61279714,15.1501255,97.82773
2086.0,11.330007,0.6949995,10.416963,76.19529
2087.0,2.45973,0.42537636,2.4563003,22.096481
2088.0,6.578655,0.5499969,6.074432,51.08184
2090.0,3.3577754,0.3977733,3.76891,39.990265
2094.0,6.1771517,0.55970633,6.768809,48.331898
2101.0,4.2683396,0.46629983,4.292687,25.061834
2113.0,0.4776093,0.124520816,0.57535976,15.6037855
2118.0,5.923327,0.54342127,5.590773,39.945698
2126.0,0.72376305,0.16514103,0.73468345,19.330843
2129.0,2.3729458,0.23458152,3.3093219,46.30146
2131.0,1.6597549,0.22425407,1.7344834,17.947622
2132.0,2.897623,0.24489,3.3042758,32.116943
2138.0,2.4414103,0.31487304,2.368793,19.70306
2139.0,3.8679388,0.41613406,3.9884677,30.794424
2141.0,8.382174,0.6775569,7.714282,71.01901
2144.0,8.35229,1.8831449,8.505449,45.92165
2149.0,1.2683431,0.15453342,1.5104595,56.443943
2152.0,3.8097456,0.41025034,3.918196,25.765182
2154.0,1.012286,0.14487602,1.364301,32.294113
2159.0,11.368994,2.1223214,10.039432,87.62989
2160.0,2.25086,0.22820799,2.13845,18.083372
2166.0,6.476607,0.60921335,7.6733503,45.091
2167.0,0.6522869,0.17017569,0.5364121,22.76132
2168.0,0.34789035,0.08064504,0.3141506,13.22209
2169.0,1.0744836,0.18134041,1.1699479,14.226431
2170.0,0.9966316,0.1449281,1.026045,16.565426
2177.0,2.551491,0.2115836,2.9737082,68.103935
2179.0,2.3407345,0.34789488,3.035834,39.959347
2181.0,3.6754227,0.66616595,4.1239634,41.6858
2187.0,1.2191947,0.16810353,1.3769462,16.353218
2192.0,1.992521,0.3814838,2.17515,27.511744
2193.0,0.72161704,0.17011715,0.6246822,28.93716
2196.0,4.9500184,0.4645549,5.7907605,35.594128
2198.0,1.6090313,0.21000236,1.7922103,66.146
2206.0,5.3978415,0.38034275,6.143437,41.821583
2220.0,7.169002,0.54531807,6.767392,58.602978
2225.0,3.0334735,0.35964355,2.667811,24.970509
2226.0,0.96593875,0.1590058,1.1732061,17.078274
2230.0,2.9631667,0.47826797,3.78807,48.193108
2235.0,2.086394,0.42051405,2.2309992,20.835169
2236.0,1.6784387,0.2609978,1.4998077,16.168018
2237.0,0.85837233,0.14788617,0.9171509,19.774408
2239.0,12.344843,0.6858839,10.830166,87.88996
2242.0,5.720714,0.5837989,5.531261,57.768974
2244.0,0.6285223,0.16176833,0.5333049,20.48689
2247.0,1.1130997,0.18297413,1.1302626,14.398901
2250.0,1.7878795,0.3426369,2.396309,32.86627
2255.0,1.6188141,0.2688274,1.975204,32.46697
2258.0,14.290227,1.0754302,12.119831,159.74799
2259.0,0.97822934,0.16259895,0.9488028,14.101578
2262.0,0.73682636,0.13633211,0.72327936,17.648819
2265.0,3.507198,0.4388724,3.6477883,34.30744
2271.0,6.2406535,0.55146414,6.161326,61.956287
2274.0,4.8548365,0.3260241,5.512544,67.90147
2283.0,0.70924026,0.11405485,0.7141351,17.960989
2285.0,7.3418465,0.6850955,6.696938,65.789894
2287.0,4.7663393,0.46373615,5.7079897,67.82756
2290.0,2.7840633,0.35372272,2.4404156,20.100756
2296.0,2.5195994,0.36633545,2.6794574,24.710754
2298.0,1.1228317,0.18395907,1.1431125,17.225527
2308.0,1.4674749,0.17718825,1.4842186,14.206958
2311.0,1.553769,0.19760114,1.7364807,12.196632
2318.0,0.78739876,0.15584193,0.8391574,19.575825
2321.0,0.8865138,0.15800293,1.0722035,14.210142
2323.0,2.1738062,0.32343957,2.0853357,22.401554
2330.0,3.6591938,0.33526525,3.8898132,37.276352
2335.0,2.4761205,0.2970004,2.5817857,20.475185
2339.0,0.5814599,0.06598869,0.9896036,17.425077
2341.0,0.5935144,0.13128798,0.53862494,18.749403
2343.0,1.2288156,0.19430542,1.2701265,16.575665
2348.0,2.282434,0.28362438,2.5321372,26.943445
2349.0,5.28362,0.40853888,5.069278,46.792477
2352.0,2.4110923,0.28941193,3.0418682,22.414303
2356.0,0.7169276,0.13051094,0.5639382,22.090689
2358.0,0.707281,0.16963264,0.5582601,23.544542
2361.0,0.8801304,0.17618664,1.0705634,19.600077
2363.0,0.5321198,0.13939708,0.4763185,18.700779
2364.0,2.0706012,0.2917642,1.9420209,14.461714
2365.0,0.8076488,0.17522626,0.7866886,20.37831
2369.0,6.0075097,0.47332302,6.0028534,34.410027
2370.0,2.2936282,0.42125663,2.5148132,22.961864
2371.0,1.244461,0.19419083,1.4898936,16.058605
2372.0,1.1223027,0.2581005,1.4425906,20.055944
2378.0,1.1448867,0.21752878,0.8876883,30.527773
2379.0,0.99742997,0.16095743,1.1178168,13.055401
2381.0,0.7718598,0.15841444,0.79096305,19.662607
2385.0,6.9091535,1.1080761,5.8925085,41.236664
2386.0,3.5126936,0.38145405,3.8007405,42.19047
2387.0,0.67137563,0.13798171,0.6022732,16.053606
2397.0,0.5363382,0.13839413,0.64348036,16.699848
2399.0,0.58976156,0.07339454,0.96808034,23.289188
2402.0,5.564709,0.47367677,6.638173,40.59211
2404.0,5.4460115,0.57987356,6.3039584,42.26262
2413.0,6.3199806,0.45384815,8.233645,116.740326
2415.0,4.0261726,0.36403057,4.5072584,29.288504
2417.0,19.42138,2.683413,17.407808,90.63925
2418.0,1.6401025,0.19711237,2.1887677,29.367113
2419.0,2.6313117,0.31757548,2.284522,25.745178
2420.0,9.139899,1.0136476,10.718137,90.65888
2421.0,7.9416943,0.5889689,9.272563,56.582695
2422.0,1.7222883,0.3485107,1.7999542,21.878405
2423.0,7.816788,0.43274835,8.327276,59.772385
2424.0,17.152702,2.581448,15.669081,122.20247
2428.0,1.6367329,0.36043462,1.7381256,21.743544
2429.0,14.945928,2.4369864,13.687771,111.83722
2433.0,5.3563824,0.4985078,5.5441413,75.8737
2434.0,12.9672985,1.7698994,11.6622925,65.951775
2435.0,6.920109,0.54315084,7.1820416,59.304543
2436.0,2.2457724,0.34782165,2.1946943,14.12908
2437.0,8.190663,0.5395368,9.071032,79.23744
2438.0,6.2837553,0.8603366,6.6550217,45.16863
2440.0,2.9264183,0.33415017,2.925579,19.355742
2445.0,1.6483896,0.21489762,1.8586829,19.429007
2448.0,0.5994793,0.10771651,0.72838426,20.475296
2451.0,0.87634706,0.20036018,0.765494,23.129763
2455.0,0.5542123,0.11113235,0.58960056,17.55703
2456.0,0.83214873,0.11656493,1.0418613,13.035797
2457.0,0.51580256,0.12707524,0.47877917,19.549976
2459.0,1.760962,0.3660558,1.977722,23.648598
2467.0,2.4901843,0.27695838,2.8337643,23.05313
2471.0,0.6624592,0.16627322,0.485281,23.702063
2475.0,4.965129,0.43326262,5.765434,62.599953
2478.0,16.711996,1.2099787,14.522307,156.4555
2481.0,8.935229,0.6917755,9.272404,52.13343
2482.0,10.918411,0.9260333,9.820846,92.674706
2487.0,4.855688,0.44519442,4.9222336,26.380718
2488.0,5.6891565,0.46257365,5.7493253,80.33257
2491.0,1.5672445,0.2047906,2.4790146,34.749935
2501.0,0.94459945,0.10649044,1.2873801,37.042244
2504.0,0.6314115,0.16655983,0.532176,20.728224
2507.0,0.8617799,0.103744686,1.324243,45.98443
2509.0,0.8000659,0.13171618,0.761,17.539091
2514.0,0.8169947,0.106708124,1.0118399,20.277868
2520.0,0.88848424,0.18158355,0.9658443,19.143541
2521.0,0.6279016,0.09216733,0.6458498,14.245052
2522.0,0.90565145,0.12678878,0.8697584,13.6160555
2525.0,3.1787622,0.3946726,3.1277769,18.945248
2526.0,0.78779566,0.083017655,0.8913555,14.817582
2527.0,0.6234212,0.08989967,0.6889992,16.101414
2533.0,1.5714593,0.26980564,1.7514744,14.578698
2534.0,0.72523594,0.12120899,0.5919481,16.82757
2536.0,0.5919852,0.07376468,0.6790773,15.251438
2537.0,0.8875772,0.13070394,1.1252632,19.141277
2538.0,0.833036,0.10614277,0.84438664,13.687453
2545.0,0.78092957,0.1534481,0.71027607,14.084205
2549.0,0.6111691,0.06801616,0.6720026,15.746854
2551.0,13.451736,0.9715078,10.534971,82.97276
2553.0,0.7518938,0.16183473,0.8359506,14.772438
2554.0,2.1167853,0.31776905,2.1970198,20.046356
2555.0,4.948429,0.6506547,4.762786,26.796276
2556.0,9.915112,0.5762333,11.322945,80.2503
2557.0,5.563072,0.562703,5.8739443,38.296505
2558.0,1.4291768,0.27327198,2.0804763,23.927914
2559.0,1.3466046,0.18193826,1.5446297,15.763886
2560.0,21.69539,4.5167546,18.549421,133.55942
2563.0,4.227952,0.44225097,5.0858307,41.638294
2564.0,1.0308497,0.10098503,1.1532614,17.929617
2565.0,1.9572501,0.35412323,2.870632,33.92003
2566.0,43.752552,0.8123514,38.756218,282.7496
2567.0,23.522163,0.9128147,21.705578,172.93198
2568.0,0.484689,0.121247165,0.5368785,13.649775
2569.0,2.3132231,0.38364837,2.4093165,22.95466
2572.0,0.23339628,0.05559463,0.26742622,16.090515
2573.0,1.541945,0.2245015,2.120508,32.28271
2576.0,0.65641046,0.15730877,0.55675644,20.496637
2577.0,0.32877597,0.06417126,0.34730145,15.89984
2578.0,0.84609413,0.13837357,0.90366036,17.558449
2580.0,0.5010298,0.05125078,0.7382723,16.405329
2581.0,4.040553,0.45161006,4.317886,34.587532
2582.0,1.1302155,0.21482155,1.5002881,29.339153
2583.0,9.438035,0.59254825,10.97625,78.03558
2585.0,2.0352986,0.1840372,2.6391432,15.0945215
2586.0,2.4476523,0.29021132,2.6272535,23.227953
2588.0,0.9739463,0.17775849,1.3256991,18.419529
2591.0,0.7315488,0.10098965,0.67711234,12.991289
2592.0,1.574557,0.2916195,1.6678075,18.16573
2593.0,2.0578995,0.25559053,2.0689578,16.955915
2594.0,0.86243737,0.15165505,0.9757978,18.93874
2595.0,2.410827,0.40121472,2.4353454,24.482136
2596.0,0.5907523,0.1525965,0.4791712,19.358418
2597.0,0.83094513,0.13300215,0.7465206,17.161644
2598.0,0.591028,0.14386716,0.75973517,14.613639
2599.0,1.2691631,0.14753957,1.4646071,16.48403
2602.0,3.684387,0.4302806,3.877648,32.27187
2604.0,1.4676156,0.16239946,1.6687514,14.694008
2605.0,2.2162883,0.2375899,2.4957018,17.232141
2606.0,1.2113007,0.18811974,1.5259738,16.45567
2608.0,1.50041,0.22260384,1.6579678,13.338593
2609.0,1.516719,0.20202005,1.7295252,13.950015
2610.0,0.6944712,0.10932826,0.57468563,22.546623
2611.0,1.0418878,0.14505959,1.3678285,13.70904
2612.0,0.53577805,0.107405804,0.6130613,18.273336
2613.0,0.9974535,0.17065208,1.3204807,20.415506
2616.0,0.91130626,0.1904909,1.0169548,14.840354
2617.0,0.8475977,0.12129442,1.1505165,19.84885
2619.0,2.8869865,0.42344487,3.5523214,31.2313
2620.0,0.6271147,0.1465354,0.80874836,15.452621
2622.0,0.726444,0.096135125,0.95178086,20.490612
2623.0,0.6544125,0.13333109,0.7384069,17.03944
2624.0,0.51355034,0.09971252,0.5681524,15.515177
2625.0,0.75374055,0.13807227,0.6356808,12.420903
2629.0,2.8025072,0.41836774,2.9596124,30.586733
2630.0,3.8627455,0.42491105,4.2463894,40.366547
2632.0,4.2544384,0.35574073,4.6500263,36.117302
2635.0,0.71705925,0.09013653,1.008633,32.016537
2638.0,1.6751876,0.34114563,2.1067357,22.213213
2639.0,1.6499848,0.17424221,2.2298098,27.15413
2640.0,0.940066,0.16308339,1.1273415,18.7761
2641.0,2.0104792,0.2557467,2.3356242,13.898069
2642.0,1.4645525,0.29745272,1.6961476,21.692017
2643.0,1.3620864,0.22504012,1.416818,14.156243
2644.0,1.6941155,0.24405305,1.8487096,16.500044
2645.0,1.651079,0.35635006,1.9197656,20.025953
2648.0,4.590661,0.4238091,5.162766,40.435608
2649.0,0.50701094,0.104104415,0.55177206,18.817167
2650.0,4.9369164,0.50642216,6.6547256,41.100403
2651.0,3.477002,0.2987366,3.7231438,26.116087
2653.0,6.4419584,0.5785682,6.9395905,42.003788
2659.0,27.892782,3.0541117,33.7616,164.58214
2662.0,4.0490866,0.43998963,4.755783,40.577675
2665.0,13.365833,0.7833918,13.060908,91.60358
2666.0,0.7948626,0.15003361,0.811135,21.090326
2669.0,6.0935025,0.49118623,7.508576,35.451675
2670.0,2.6445165,0.4228514,2.6992939,24.9992
2671.0,3.3941913,0.37945616,3.1961164,21.31876
2672.0,2.8154466,0.35912883,3.031733,21.77971
2674.0,2.5455306,0.3953959,3.1794064,33.88637
2675.0,8.587918,0.4772987,10.605816,162.85158
2677.0,1.5587655,0.2240831,1.7819173,32.010914
2679.0,11.588179,0.77256423,12.978629,120.93616
2682.0,1.0578624,0.14065026,1.2354133,19.86103
2684.0,2.5691662,0.27791205,2.4982738,20.60627
2685.0,4.2500706,0.45479345,4.16843,22.7845
2690.0,11.524921,0.82835585,12.138687,57.210133
2693.0,9.838336,0.53967625,11.606726,88.05407
2694.0,3.5772758,0.34379947,4.2921567,36.375862
2695.0,2.2145848,0.30621803,2.0400517,101.629234
2696.0,2.8458226,0.3383149,3.1340463,20.798063
2697.0,1.7279646,0.30145508,2.0006583,15.371378
2698.0,4.2160497,0.36922243,5.26009,55.079502
2699.0,13.787809,1.8232934,11.919143,94.01906
2700.0,9.80792,0.5114112,10.596326,94.1234
2701.0,1.3515217,0.28942534,1.723353,22.459173
2702.0,7.7134748,0.57614774,8.520239,45.138855
2703.0,2.1080909,0.24878646,2.2588441,16.475084
2704.0,3.3456354,0.3173029,3.3211274,18.449015
2706.0,4.01078,0.33279446,4.0739584,21.911613
2707.0,58.119785,2.861829,82.21874,147.76648
2709.0,19.543709,3.590617,20.008753,147.80481
2711.0,3.602025,0.25449607,3.9920259,28.928753
2713.0,1.490578,0.11826559,1.7665272,77.38246
2716.0,4.4877725,0.44098562,4.6112275,40.237904
2717.0,4.194917,0.4114123,4.8619986,47.025414
2719.0,4.446673,0.40772945,4.676429,49.02743
2720.0,5.1833434,0.4408738,5.9123316,61.5777
2721.0,1.3706856,0.169397,1.1083679,17.182257
2722.0,2.7250817,0.32174477,2.9642262,26.000267
2723.0,2.5176601,0.37547737,2.456894,24.988697
2724.0,2.8428473,0.50050235,2.879007,23.751776
2725.0,2.6408987,0.2625798,3.1125567,19.21878
2726.0,10.06835,0.5719434,11.856655,87.991104
2727.0,3.6655452,0.4337839,4.184707,36.379375
2728.0,4.3968315,0.5335041,4.7905517,55.842106
2730.0,0.86302894,0.05693417,1.0760331,18.485136
2732.0,3.9010596,0.31666884,4.017725,26.84927
2733.0,5.9774623,0.581248,5.760745,63.400257
2734.0,5.7760034,0.54935175,5.8464675,33.24679
2735.0,2.4832778,0.3929827,2.1424286,20.364094
2736.0,11.346967,0.68468934,12.1508465,91.47856
2737.0,1.3224237,0.15536842,1.0166811,33.394657
2739.0,7.826246,0.78482443,8.72865,62.017532
2740.0,2.114558,0.34593698,2.2521894,20.412592
2742.0,1.1876417,0.16539636,1.4765911,13.337832
2743.0,4.046973,0.5147891,4.285482,32.50034
2744.0,2.265151,0.24036345,2.5403948,15.953589
2745.0,2.3918743,0.44372478,2.9821477,34.482494
2746.0,4.4521837,0.46632966,5.862917,55.33699
2747.0,1.954534,0.37008652,2.0308483,26.088196
2748.0,2.2124815,0.19467854,2.3490942,15.858648
2749.0,1.6668915,0.2375195,1.8219099,20.646566
2750.0,2.9612865,0.29348424,3.6382196,21.162315
2751.0,17.45936,0.747896,15.620514,230.18752
2752.0,0.7606832,0.11881011,0.8266095,19.86069
2755.0,8.656686,0.66541594,8.4152975,51.957848
2757.0,5.485577,0.40443107,5.9992685,42.474026
2758.0,4.5639453,0.45323688,5.309692,39.08833
2759.0,3.363017,0.3007611,3.3190248,18.4888
2760.0,1.603556,0.20273656,1.7364545,14.482323
2761.0,9.408633,0.65531427,9.524158,49.28132
2763.0,5.275423,0.47999698,6.3007703,53.369392
2764.0,5.8103776,0.47072423,6.5684524,44.647614
2765.0,4.150496,0.41516453,4.066161,36.17074
2767.0,12.9794035,0.69565505,11.548418,168.72716
2768.0,3.9647698,0.43360668,4.400601,37.3958
2771.0,4.823417,0.40173092,5.214435,57.508587
2772.0,6.4353795,0.47158942,6.9894466,57.521008
2773.0,9.6010895,0.6068574,8.469845,85.79384
2774.0,4.7047753,0.2928903,5.4795914,44.48333
2775.0,3.5574741,0.43910733,3.4532852,28.996119
2776.0,3.7190673,0.34368703,4.061733,34.965233
2778.0,2.45436,0.24566863,2.7373264,22.201965
2780.0,2.910468,0.3418548,3.1066027,20.88667
2783.0,3.5806966,0.47794557,3.3907707,19.97668
2785.0,3.6789246,0.26774946,4.0929875,37.209686
2786.0,6.5019755,0.54290974,7.1999817,43.29319
2787.0,2.374229,0.4515853,2.9171195,31.359224
2789.0,1.0461595,0.1660745,1.2188764,22.623583
2792.0,1.1138204,0.15390162,1.4628963,22.479342
2793.0,2.2269347,0.2512968,2.3867028,20.589033
2794.0,2.6733205,0.4031712,2.281191,24.192572
2795.0,4.3611298,0.36930418,5.4519444,51.841434
2796.0,2.8620596,0.37162682,2.6021101,25.983068
2798.0,1.1487584,0.1648238,1.2804934,41.996162
2802.0,0.51168466,0.11056009,0.5625137,15.39338
2803.0,12.838118,0.87415284,12.815268,60.40223
2805.0,1.0142857,0.13086526,1.31969,21.325994
2807.0,0.9595176,0.14434175,1.2678372,19.69555
2809.0,7.2290573,0.6244254,7.9912214,59.249004
2810.0,0.8024933,0.11171169,0.70507574,24.710398
2811.0,4.3626127,0.3321749,4.71959,37.914734
2812.0,2.2278771,0.19915237,2.1728427,116.90415
2813.0,2.0268614,0.3846713,2.2299283,22.767553
2814.0,7.901306,0.4989204,7.345838,70.868065
2816.0,5.1912374,0.482334,5.4135385,40.082638
2817.0,12.528963,0.9269474,13.115855,71.6036
2818.0,22.718435,3.6476886,23.527506,141.97159
2819.0,1.5123525,0.2524892,1.7877839,51.943966
2821.0,7.9576645,0.5832684,8.849339,60.31402
2822.0,1.7164792,0.2064969,2.2888277,32.107723
2823.0,1.7557971,0.2813577,2.0418549,16.88755
2824.0,1.5830256,0.1993317,1.7328529,17.713076
2825.0,1.1690556,0.2524376,1.3893813,21.433867
2826.0,0.7373888,0.1710829,0.94267124,15.248056
2827.0,2.1746464,0.3401905,1.971881,24.997581
2828.0,7.2035646,0.51500523,7.8719034,40.048717
2831.0,3.3119285,0.39450192,3.1945562,35.977478
2832.0,1.6834495,0.21838453,2.0415027,33.150036
2833.0,1.1978427,0.19951445,1.0450298,32.01015
2834.0,3.5558736,0.44730282,3.2789598,27.132313
2835.0,4.3290567,0.44930062,4.1766853,35.77632
2836.0,0.69861317,0.16124135,0.58310306,21.351881
2838.0,7.298125,0.5596885,8.748125,41.362186
2841.0,1.4115252,0.23335505,1.8515526,37.241848
2844.0,4.190831,0.5147529,4.449165,36.12424
2845.0,1.3511171,0.25547662,1.6901009,20.250286
2846.0,2.097526,0.24096276,2.2519274,22.136923
2848.0,0.61546606,0.11867539,0.67344195,18.622055
2849.0,0.591173,0.059204727,0.83204114,15.922252
2851.0,10.456256,0.5974908,12.0166855,88.52715
2853.0,3.1914535,0.32718244,3.8780224,31.886477
2854.0,2.720821,0.29899323,2.8385642,22.527254
2857.0,2.2349212,0.52998465,2.0412998,85.398705
2858.0,1.9171152,0.27405682,2.2302337,84.2101
2862.0,3.8272767,0.32323784,4.3215103,38.5664
2863.0,25.710596,0.9316167,24.008564,152.67206
2865.0,2.394032,0.39713863,2.4191053,24.870998
2868.0,4.9735155,0.51770985,5.3972,54.71136
2870.0,1.6953523,0.3586913,1.9150035,22.273623
2872.0,2.7765465,0.41851982,2.607687,25.293106
2873.0,0.74637395,0.17632039,0.744781,15.526341
2875.0,7.0567136,0.509033,7.2742805,58.619915
2877.0,0.608254,0.06628921,0.9572618,17.477829
2878.0,3.0209384,0.47692937,2.730378,24.89803
2880.0,2.49711,0.375965,2.44855,25.254301
2881.0,1.0623995,0.14488165,1.182588,17.77338
2884.0,0.85915667,0.07931238,1.1850547,25.393282
2885.0,0.85119945,0.19495586,0.7678546,21.999998
2886.0,1.5629821,0.18101065,1.9486585,17.235596
2887.0,2.4873738,0.34917808,2.4609709,23.017834
2889.0,0.42958024,0.055997584,0.6280794,15.179284
2891.0,2.7471063,0.41815183,3.2930987,34.647686
2892.0,8.804384,0.5940878,8.7562895,56.473526
2894.0,1.7060045,0.377617,1.9335678,22.015291
2895.0,1.2829312,0.21976672,1.5791281,26.36183
2896.0,0.7224981,0.15066965,0.69536406,16.348572
2897.0,0.8699801,0.13684931,1.1463795,20.660004
2899.0,1.2797756,0.14011715,1.6717478,17.057737
2900.0,10.670586,0.89461714,8.359894,113.08798
2901.0,1.2242043,0.16558386,1.3940775,15.745418
2902.0,1.0241494,0.10057525,1.3089491,13.505148
2903.0,1.6305081,0.23909858,1.8983744,14.915232
2905.0,1.281138,0.19343047,1.0735244,32.556713
2906.0,2.1074696,0.18882583,2.7025876,40.633854
2907.0,0.5855019,0.13118641,0.7556229,15.83091
2908.0,0.39326906,0.07270178,0.4245637,13.005623
2909.0,3.7897613,0.38562974,4.492694,39.053787
2910.0,0.81859285,0.082109205,1.0280731,14.540384
2911.0,0.8779485,0.16873677,1.1262528,13.067658
2912.0,2.0828447,0.21954857,2.3389695,17.386559
2913.0,0.81982917,0.13729641,0.897446,14.51018
2915.0,1.4181485,0.21876226,1.4386662,16.181387
2917.0,1.3785641,0.33262128,1.6463413,20.839157
2918.0,0.42891744,0.10355319,0.38920343,15.62087
2919.0,7.862407,0.8386958,8.291964,45.180725
2920.0,1.0023308,0.17572412,1.0438747,21.210135
2925.0,1.2967467,0.17611209,1.4800535,16.9089
2926.0,1.7212688,0.34488836,1.9154892,21.666588
2927.0,1.464208,0.15095127,2.3332026,12.949844
2928.0,2.1886644,0.28236353,2.5965927,15.695706
2929.0,2.237217,0.32520095,2.104427,23.414722
2930.0,1.4064153,0.30410448,1.7152904,22.580692
2935.0,1.3313926,0.29566574,1.692677,19.883759
2940.0,9.838336,0.53967625,11.606726,88.05407
2941.0,2.8632712,0.43209702,2.9209013,30.266624
2943.0,0.90264267,0.16283722,0.8151979,14.802358
2944.0,2.5859137,0.429993,3.030367,33.11714
2945.0,4.740647,0.37568983,5.2087917,42.860554
2947.0,2.466549,0.37378883,2.443138,24.96121
2948.0,2.3533733,0.2708436,2.7716794,16.308144
2949.0,1.5944538,0.19382071,2.0924003,73.42824
2951.0,0.98213583,0.14832222,0.9789826,15.126902
2952.0,1.9304934,0.18936343,2.2792723,16.796064
2953.0,0.3449833,0.07620809,0.36431623,14.186646
2956.0,3.5665493,0.355599,3.6060965,24.475061
2957.0,0.6959491,0.12783869,0.7816219,19.537247
2960.0,4.524704,0.3397,4.68582,27.130032
2961.0,1.6102306,0.3166893,1.7680368,21.866734
2962.0,1.2888153,0.20368038,1.4566944,15.936516
2965.0,36.432358,2.1684167,46.63397,188.98645
2966.0,3.4875364,0.31822157,3.8717194,24.706322
2967.0,3.641845,0.21749687,3.8035052,42.454407
2970.0,1.5370346,0.18937106,1.6417338,16.998278
2971.0,1.7530539,0.33691376,1.8515025,22.747076
2972.0,2.557868,0.38613275,2.526656,25.064533
2973.0,3.5774593,0.3825547,3.8781164,23.333101
2974.0,0.8118937,0.13261856,0.7683103,14.601061
2975.0,12.230976,0.965988,12.839119,93.796326
2977.0,31.136625,4.1200323,33.16428,122.16549
2978.0,4.965636,0.3806948,5.6042323,46.19053
2981.0,0.90374434,0.16296054,0.9381003,21.107134
2984.0,9.583089,0.59044445,9.772483,76.49479
2986.0,14.758289,0.8161047,16.304144,65.660675
2989.0,10.50101,0.5565675,11.644866,57.516926
2991.0,2.3574169,0.24861534,2.421443,15.386613
2992.0,3.4047546,0.45034313,3.2074225,26.273256
2995.0,22.39905,0.85133034,20.759478,113.87385
2997.0,16.531925,1.4910156,16.770023,212.84187
3001.0,20.209871,0.9243793,16.860065,161.59952
3004.0,6.4567876,0.47547477,6.4054728,62.365623
3005.0,4.8071723,0.28402483,6.0027447,43.908295
3006.0,12.292218,0.84859496,13.359997,95.47793
3007.0,1.2788707,0.19715236,1.734832,20.65835
3008.0,1.0736161,0.17748992,1.2680728,16.368498
3009.0,2.7584202,0.3397123,2.7379947,19.678228
3010.0,2.701844,0.4380989,2.7883537,25.269655
3012.0,1.003671,0.12552375,0.96711636,18.288073
3014.0,3.8005226,0.47043526,3.7657957,20.655384
3015.0,1.1924005,0.14285754,1.2467483,20.13508
3017.0,2.8754866,0.3232697,2.6895432,43.28939
3018.0,0.779018,0.1157252,0.64552337,17.139261
3019.0,1.321883,0.3383324,1.7994031,20.2979
3020.0,0.6565707,0.086733066,0.6154082,18.109467
3021.0,0.8543812,0.1448662,0.70126086,17.382437
3022.0,0.927842,0.12801228,0.87682223,16.844822
3023.0,1.3279772,0.21055175,1.4216514,16.32426
3024.0,2.0972514,0.23229042,2.1192133,17.166649
3025.0,2.3825707,0.24043874,3.455417,18.490725
3027.0,1.6352698,0.2541178,2.0046644,30.12696
3028.0,2.7761152,0.3224163,2.8031728,21.325022
3031.0,4.0933833,0.4741684,3.8317907,26.3256
3032.0,2.540015,0.39422774,2.398691,23.371613
3035.0,6.3551264,0.358527,6.7821345,45.34013
3036.0,13.207458,0.9910958,13.722918,73.01098
3037.0,10.213254,0.6127411,12.105827,85.28281
3038.0,0.7548941,0.11945449,0.8601999,29.653593
3039.0,1.0564196,0.084687926,1.1290178,28.11974
3040.0,1.548294,0.17330237,1.4279767,30.435724
3041.0,4.0576787,0.4746676,4.3518133,23.310158
3042.0,13.781558,1.3484753,14.754212,65.18885
3043.0,2.8334312,0.3767082,3.1092472,18.610344
3045.0,1.515759,0.15138792,1.3718597,15.5230875
3046.0,0.96765727,0.13689029,0.82995135,20.226686
3047.0,0.7739863,0.16632934,0.64878905,21.88638
3048.0,1.2394091,0.20069318,1.0797157,32.513218
3049.0,0.51272124,0.06295893,0.53349334,17.636593
3050.0,1.2592331,0.22167158,1.0326574,33.47892
3051.0,1.3001639,0.23265068,1.1044651,30.987167
3053.0,3.0914705,0.3156671,3.4093013,36.537804
3054.0,1.0095739,0.10956637,1.1686654,20.988716
3055.0,0.8659733,0.12259788,0.85053843,18.751959
3056.0,0.5195675,0.10077138,0.5672744,19.49644
3057.0,0.34054738,0.07112216,0.38206884,16.159145
3058.0,0.893104,0.14263082,0.80148876,19.92562
3059.0,1.0910752,0.09752117,1.0454696,19.106985
3060.0,4.231577,0.45900264,4.4881945,36.26477
3062.0,0.7173461,0.0857483,1.0174463,21.925943
3063.0,0.35493273,0.066564955,0.40105325,15.379596
3064.0,1.0959191,0.18312787,0.9460023,20.588531
3065.0,0.35500312,0.05458569,0.41558453,16.501421
3066.0,1.6113056,0.23897603,1.8647879,23.412012
3067.0,0.63473856,0.083171465,0.6768225,18.786865
3068.0,0.6152194,0.082289904,0.6756214,17.228579
3070.0,0.373149,0.08506203,0.35221067,17.55508
3071.0,1.07143,0.16994107,1.2590572,15.1012535
3072.0,0.49221805,0.09850369,0.56247747,19.495773
3073.0,0.33347934,0.0573765,0.39241374,15.743719
3075.0,0.8428268,0.113892466,0.74473953,22.63125
3076.0,1.3547405,0.112828165,1.2577927,26.930357
3077.0,1.3283219,0.13531852,1.0875641,18.670937
3078.0,2.8493147,0.20271416,2.5668411,16.685577
3079.0,1.2111297,0.21994817,0.92291766,33.89665
3080.0,0.7095795,0.08494443,0.74795485,18.146936
3081.0,0.38424775,0.08430921,0.35622707,17.358498
3082.0,0.57776666,0.1355854,0.5700998,19.951883
3083.0,0.61490303,0.11919841,0.5927925,20.095448
3084.0,1.1553454,0.10208711,0.9724883,28.65963
3085.0,0.91080016,0.15836558,0.69563144,19.939032
3087.0,1.2836412,0.13747326,1.0066226,19.233099
3088.0,0.70596963,0.123125084,0.657374,15.102628
3089.0,1.2997565,0.1256043,1.0438262,17.686726
3090.0,1.524265,0.23046997,1.7156669,30.989325
3093.0,1.1076717,0.15799306,1.2798815,18.337383
3095.0,0.7888858,0.12776305,0.71650213,15.585495
3097.0,0.6891401,0.11845735,0.5283002,23.112738
3098.0,0.27061057,0.061247535,0.29909894,15.605195
3099.0,0.89290214,0.10898265,0.9473926,20.604311
3101.0,1.2944757,0.14816755,1.0717502,16.067337
3103.0,0.6568574,0.057990756,0.87021655,20.272068
3104.0,0.91438353,0.11516225,0.83611465,17.706194
3107.0,1.9611273,0.14389995,2.344722,33.73979
3108.0,0.38779154,0.087721,0.37375233,18.700464
3110.0,0.32705742,0.06392971,0.37985462,16.155247
3113.0,0.99625325,0.08294793,0.885858,15.854909
3116.0,0.34843352,0.06315499,0.39001626,14.326891
3117.0,0.98250544,0.11174391,0.83133644,18.019815
3119.0,0.66649926,0.13879909,0.59028876,19.109814
3121.0,1.1709762,0.12924537,0.88567406,19.988033
3122.0,0.30609742,0.06294499,0.33175918,15.826238
3123.0,1.3909786,0.23431183,1.2353148,33.945644
3124.0,1.2370505,0.181394,1.3536777,17.375357
3125.0,3.8907073,0.5487839,3.6313834,20.515514
3126.0,1.4159073,0.13761821,1.2617217,19.134848
3127.0,1.5539768,0.23178163,1.7691119,31.137554
3128.0,0.741575,0.11683855,0.6129414,18.589457
3129.0,0.67801005,0.1299527,0.60195076,14.704333
3130.0,9.259712,0.44501036,7.7189517,100.86668
3131.0,3.8757446,0.5035473,3.7396505,22.086897
3132.0,0.6828493,0.10634247,0.5364955,22.630724
3134.0,0.935397,0.15363865,1.104037,19.25305
3136.0,0.5675964,0.15013841,0.47727653,18.77072
3138.0,3.6315608,0.5416596,3.4459295,22.818932
3140.0,1.3260647,0.15667233,0.97074,31.857647
3142.0,0.623761,0.09264443,0.6133381,17.833248
3143.0,0.83155924,0.11402118,0.69519496,25.033255
3144.0,2.6385128,0.42985812,3.2760487,32.442215
3145.0,0.4772965,0.112785265,0.42046314,15.091999
3146.0,1.4596926,0.26797754,1.4413458,16.99911
3147.0,0.54051703,0.11077216,0.508051,18.836416
3148.0,1.1662725,0.14179404,1.5787787,23.44442
3150.0,5.5483074,0.48566344,5.6010365,31.606256
3151.0,1.6556118,0.15763043,2.2120085,27.364141
3152.0,7.2768717,0.5009213,7.8814397,71.99554
3153.0,0.82846034,0.14567618,0.7776361,15.880397
3155.0,7.641101,0.484089,9.262252,103.96799
3157.0,1.4899887,0.20928305,1.2445167,30.96197
3158.0,1.2073698,0.13094118,1.0482279,18.32359
3160.0,0.7491509,0.12565771,0.6584685,16.489172
3161.0,0.4674722,0.10453005,0.4925986,20.188793
3162.0,1.2298486,0.21148549,0.9743771,30.900127
3163.0,0.8740538,0.10178888,0.83914566,19.738432
3164.0,0.668616,0.16088684,0.5796679,21.173923
3165.0,2.9862196,0.3867922,2.9545853,19.88188
3166.0,0.8807004,0.16702323,0.6633755,19.38223
3168.0,1.2366663,0.10743633,1.0369092,14.991767
3169.0,2.1650116,0.29925534,2.2428389,15.939518
3170.0,1.5998306,0.12966913,1.68408,43.7671
3171.0,0.8525449,0.16397732,0.7252596,15.478761
3172.0,0.67305046,0.10669916,0.64224356,13.802385
3173.0,1.3202314,0.13874716,1.0686544,19.259169
3174.0,0.7575419,0.11829204,0.62157536,20.56871
3175.0,0.9451165,0.13077997,0.7356121,19.988937
3176.0,1.4751576,0.13169841,1.2099372,20.835526
3179.0,0.92393243,0.17343023,0.7805941,39.281036
3180.0,5.5253487,0.39117488,5.4881916,43.29569
3181.0,1.269135,0.16296878,1.5736257,52.48405
3182.0,1.465521,0.099740766,1.4099005,19.728176
3183.0,0.7367716,0.1059878,0.6256104,19.188147
3186.0,1.6288725,0.3044659,1.9197057,24.08437
3188.0,0.43053797,0.10690274,0.38962188,14.814052
3190.0,0.66771346,0.11608766,0.5755008,23.661196
3192.0,0.79495746,0.13566257,0.68236977,18.72806
3193.0,0.8852618,0.10315749,0.7835122,18.818455
3195.0,23.071392,0.77950585,21.531616,251.91501
3196.0,11.1128845,1.0027868,10.550667,67.56409
3199.0,0.54885316,0.08488454,0.4902137,17.42431
3200.0,0.8339922,0.07455932,1.1188222,13.896148
3201.0,0.89794964,0.18782859,0.7804893,23.040354
3202.0,0.94710076,0.16097695,0.8029589,19.074163
3204.0,0.6621885,0.11199206,0.7214218,19.62054
3205.0,1.4656373,0.19210137,2.3022575,17.593971
3206.0,14.163545,1.7912478,11.524178,78.315155
3207.0,0.69233835,0.10922568,0.61154246,18.599453
3209.0,9.317511,0.786512,9.1709585,50.309013
3210.0,2.929497,0.43553275,2.9727228,21.00596
3211.0,0.9720311,0.08043235,0.9024947,27.967663
3212.0,3.125523,0.4643953,3.316589,32.82272
3214.0,1.1946669,0.10804076,1.0719055,14.607728
3215.0,0.8071948,0.15348321,0.7102574,14.503888
3216.0,1.0440811,0.08785186,1.1392127,28.877735
3219.0,0.54123026,0.08581386,0.48545986,18.202925
3220.0,2.0500908,0.18945079,2.4902232,23.402056
3222.0,1.075982,0.09935539,0.8790784,20.779457
3223.0,1.3214195,0.107045084,1.1777536,27.962095
3224.0,0.38916552,0.07040382,0.3756077,15.760132
3226.0,1.152465,0.11102198,0.85748905,28.45866
3227.0,1.3267776,0.14411654,1.0270236,17.765524
3229.0,0.5237987,0.06349994,0.54272044,17.933327
3230.0,1.508753,0.19083464,1.1752212,32.02873
3231.0,2.102483,0.37351987,2.1323357,22.880009
3232.0,0.8742141,0.10012744,0.7963848,19.665985
3233.0,0.55995643,0.058110822,0.5859903,18.133255
3234.0,1.2477552,0.14019084,0.9480603,17.710829
3235.0,1.3427875,0.1477881,0.987599,16.934834
3236.0,0.7415138,0.16832711,0.6502261,18.950356
3237.0,1.1968688,0.121192254,0.88388807,17.657001
3238.0,0.5677991,0.09364242,0.54662025,15.124433
3240.0,0.8987984,0.08512873,1.0660267,22.360096
3241.0,0.4739343,0.06532786,0.50246465,18.72636
3242.0,0.8004492,0.12063734,0.74610925,19.5912
3243.0,1.6317842,0.114168316,1.5598488,18.161148
3245.0,1.5423024,0.16641851,1.8097626,16.903435
3247.0,9.897251,0.56409687,11.301797,80.2503
3248.0,0.5156756,0.08473172,0.5191398,14.609809
3250.0,1.4044863,0.16416034,1.1714848,16.051907
3251.0,0.6770194,0.070216075,0.66676,17.384108
3252.0,2.352324,0.43411154,2.9459777,32.877563
3253.0,1.4780953,0.17504919,1.3157202,15.018354
3254.0,0.7692454,0.10379514,0.6204331,24.649027
3255.0,0.81040454,0.13825442,0.7010476,14.478315
3256.0,0.70920855,0.1587949,0.6411724,20.484543
3257.0,0.9826641,0.08598001,0.9629535,17.096783
3258.0,1.4395925,0.17078847,2.0759988,18.259192
3259.0,0.35953674,0.09051994,0.32022563,17.447779
3260.0,0.6086625,0.12822382,0.59405714,19.824823
3265.0,1.412112,0.1728523,1.3246093,17.220673
3267.0,1.3509629,0.24843147,1.1826799,31.441769
3268.0,0.7208902,0.09819745,0.9230587,25.527819
3269.0,1.0744745,0.16773091,0.87780094,21.375448
3270.0,2.0453622,0.2285065,2.2270203,17.343037
3272.0,1.1299711,0.13571934,1.0662087,20.200653
3274.0,0.54870176,0.061503086,0.5981555,17.893599
3276.0,0.799194,0.118687466,0.7841973,16.938847
3278.0,10.328503,0.60197234,11.520768,80.61591
3280.0,1.947227,0.3510428,2.7061563,33.94137
3282.0,0.64889747,0.13302955,0.79346615,14.495395
3283.0,1.7332003,0.23463741,2.1088116,33.090805
3284.0,1.3451606,0.18848406,1.5142763,19.839056
3286.0,1.3127182,0.15012512,1.0930165,18.32667
3287.0,3.4810915,0.37664038,3.4309506,42.304703
3289.0,0.46238732,0.09966887,0.4081434,15.32432
3291.0,0.73762995,0.1255007,0.6626643,16.334694
3292.0,0.90391886,0.12385599,0.7496782,17.558249
3293.0,1.2603931,0.19667432,1.1088152,31.987263
3294.0,0.2857938,0.046349715,0.30103058,15.878769
3295.0,1.6192137,0.20991205,2.0235422,31.100544
3308.0,1.0504822,0.16445962,1.2691197,16.816772
3310.0,0.83166474,0.16858703,0.8296948,19.007257
3311.0,1.0545404,0.20698252,1.2820361,14.82151
3321.0,2.6196938,0.44987997,3.3164356,21.645954
3335.0,1.7154636,0.2833946,1.7171575,15.796091
3347.0,0.42064258,0.08743258,0.5684284,16.39359
3350.0,12.747693,2.3552842,10.730417,61.475105
3355.0,2.4734263,0.28357515,2.681492,19.745533
3357.0,3.701796,0.5372274,4.1264224,29.87666
3359.0,53.610237,8.206663,53.74758,144.92747
3360.0,1.3091035,0.33855358,1.7507795,23.453215
3362.0,2.6859183,0.33293968,2.2763958,18.27311
3365.0,0.9692675,0.14285219,1.1087936,14.416331
3366.0,0.89446354,0.16343154,1.0598049,19.559847
3370.0,1.7790201,0.24679449,1.7674474,14.008161
3375.0,2.7976649,0.30978352,2.9677126,29.677372
3379.0,2.8429987,0.37985924,3.4842184,24.308395
3381.0,2.897228,0.4876833,3.9981918,43.863304
3383.0,1.6838763,0.15570284,1.9230002,17.253115
3389.0,4.699607,0.48566052,6.150055,46.14147
3403.0,2.622797,0.35334828,2.8896468,23.867306
3405.0,1.0655121,0.10296436,1.3762658,17.926228
3407.0,4.263855,0.51942915,4.3977113,34.218857
3410.0,1.6281605,0.31144252,1.792058,14.992628
3412.0,10.600469,0.7237713,7.5889893,57.323345
3413.0,15.850338,1.8913764,14.772529,155.75764
3417.0,1.4081396,0.12792137,1.4982958,20.359863
3418.0,1.0300225,0.16292277,1.0793812,18.202885
3424.0,1.0000838,0.16066378,1.155236,15.9415455
3425.0,1.8172818,0.3218539,2.2082791,16.419945
3429.0,0.58932024,0.14505844,0.71568775,14.758271
3432.0,12.524119,2.228865,11.376097,74.57869
3437.0,3.9189162,0.30640778,4.461046,41.69357
3438.0,0.6075853,0.15774687,0.46961167,20.064428
3439.0,0.6804893,0.1715391,0.52111155,23.184704
3442.0,1.3325156,0.23947504,1.4082162,15.737296
3445.0,1.6619608,0.22091737,2.3709097,68.90097
3450.0,1.2392325,0.21028025,1.3106153,15.213283
3453.0,2.8804834,0.5485236,3.6013646,36.784096
3454.0,1.2286952,0.23234288,1.4823734,13.293191
3456.0,0.84619755,0.12989944,0.6590752,19.530977
3466.0,1.1622863,0.22698823,1.4098641,16.346632
3467.0,0.6020407,0.07105286,1.1694204,30.004322
3472.0,2.7738373,0.25366178,3.9248054,61.057526
3475.0,2.8181489,0.35204163,2.9364476,16.237803
3477.0,0.7971064,0.13885984,1.1552134,31.334358
3478.0,12.655491,2.491804,10.375077,64.74287
3482.0,1.6900752,0.27737293,1.8197156,13.561534
3485.0,0.35995778,0.060399782,0.36961386,15.799744
3486.0,1.4510202,0.24802794,1.7292037,13.479649
3488.0,6.5214105,0.62756336,5.8117604,52.41622
3489.0,2.7082014,0.40042493,2.6543846,24.601448
3490.0,17.04156,1.2164552,15.163495,156.13376
3491.0,23.848757,0.90519726,23.308357,206.01482
3493.0,26.352692,0.95032835,23.66673,203.37888
3494.0,14.540957,2.229982,13.053768,98.818245
3498.0,6.239396,0.7620062,6.1397,57.48364
3500.0,4.060848,0.50106865,3.8664165,24.557308
3503.0,0.583123,0.16319175,0.48288465,19.197945
3506.0,1.0340062,0.10435129,1.3528895,14.297753
3511.0,3.916156,0.44395924,3.7894142,23.35658
3512.0,5.048831,0.4981669,5.6317863,34.459858
3520.0,0.5538929,0.056055807,0.8995645,24.384727
3521.0,3.080591,0.43128744,2.930822,19.37445
3523.0,2.657273,0.3379812,2.4539447,23.088823
3526.0,2.7661092,0.21812914,3.3743088,17.522388
3534.0,2.8781352,0.33334047,2.8483949,18.834341
3536.0,0.67627144,0.14746799,0.61139643,14.379964
3539.0,2.2217357,0.32463917,2.6804957,14.747395
3542.0,6.64693,0.63112825,7.927877,39.45819
3548.0,5.5689473,0.72429144,6.445932,37.841755
3557.0,5.584278,0.64401513,6.4295316,41.13851
3559.0,0.92878807,0.20284963,0.933893,13.0520115
3564.0,0.6276169,0.18199933,0.7312642,16.898468
3566.0,1.0156755,0.16695568,1.3295565,18.794176
3568.0,3.934119,0.4672943,3.7737136,26.461876
3574.0,1.5646498,0.22568983,1.8697214,14.796812
3575.0,4.1225634,0.533358,4.8872895,22.98573
3578.0,0.70886534,0.15347812,0.6710153,15.042145
3579.0,0.89457494,0.10958664,1.208924,20.280935
3580.0,9.511815,0.9561055,10.5153675,50.295498
3582.0,1.1911343,0.22962558,0.9423879,33.08059
3587.0,2.5353594,0.38087907,2.715354,19.128193
3588.0,4.3110766,0.480694,4.97784,43.723385
3593.0,2.3001142,0.36180902,2.4750433,16.372297
3600.0,1.9705474,0.3805222,2.2237494,15.796747
3601.0,3.966313,0.40761632,4.3008966,39.840485
3603.0,1.346002,0.22581956,1.3643007,15.018864
3604.0,1.7347558,0.2688976,1.8843986,14.919727
3608.0,4.948615,0.53689027,4.9397006,36.009857
3611.0,1.9293721,0.32088882,2.122859,18.859108
3615.0,3.3291013,0.43467343,3.5099492,25.576492
3619.0,4.468613,0.45779154,4.8088045,38.60038
3622.0,2.0229347,0.2977958,2.5662522,89.73758
3624.0,1.6628244,0.26213974,1.8073,14.490457
3630.0,6.9148846,0.5847842,7.292751,47.526848
3635.0,0.8020244,0.18337348,0.682957,22.935646
3637.0,1.952667,0.4061692,2.2774575,20.765024
3639.0,3.6557033,0.3080495,3.804942,26.141005
3641.0,1.0979626,0.19762148,1.2925667,17.026064
3645.0,3.6992245,0.51251614,3.8314798,27.144453
3653.0,6.5222154,0.68516666,6.958848,55.168743
3654.0,2.442908,0.41710988,2.2692082,22.27842
3658.0,3.0788023,0.37478817,3.0197296,42.262928
3663.0,3.5238788,0.39465848,3.836826,26.782904
3667.0,1.8484991,0.2503407,1.9937214,16.599077
3668.0,5.7344804,0.4588946,5.680145,54.48394
3671.0,1.367674,0.1615545,1.6549984,21.774769
3674.0,2.4968174,0.3165885,3.0376596,31.730255
3677.0,40.872265,2.522078,49.402542,220.9563
3679.0,2.558487,0.2833088,3.0279584,14.744048
3681.0,6.72674,0.6970858,6.883433,55.35657
3683.0,1.6845566,0.22353728,2.1854568,28.56715
3684.0,2.5383444,0.45721772,2.4398448,22.07861
3689.0,10.648336,0.5675476,9.960306,90.59393
3692.0,34.424137,2.1127334,46.40684,248.69702
3696.0,9.267416,0.59170544,9.645269,62.369427
3698.0,9.635116,0.55801994,10.443915,78.316956
3699.0,2.1226687,0.24990074,2.0841649,18.204489
3702.0,9.5921,1.0277444,7.598191,199.64632
3703.0,4.810628,0.5131901,5.306601,40.43254
3704.0,11.313974,1.5579569,9.395683,63.831524
3705.0,24.967443,1.1410954,23.687103,128.04774
3711.0,8.3184805,0.63337624,9.496821,59.962196
3713.0,3.7527676,0.38509175,3.9248717,24.407593
3715.0,4.5979533,0.6112082,4.447143,29.373472
3717.0,2.4413693,0.31221437,2.8505409,43.241436
3722.0,3.028177,0.3801819,3.2770689,23.14439
3723.0,1.0030469,0.10452329,1.4855365,40.587246
3728.0,2.7324467,0.35767323,2.4983017,15.957972
3730.0,2.0338366,0.4380457,2.668441,72.70307
3732.0,0.6214651,0.14062105,0.8179799,18.096619
3735.0,2.9233377,0.43617475,3.014208,27.390472
3739.0,8.372864,0.52849555,7.465024,62.330338
3742.0,7.7263803,0.6599499,8.313648,47.49328
3747.0,5.4149237,0.5616731,6.841581,40.559296
3750.0,3.3334055,0.28635088,3.647792,28.93342
3754.0,9.880248,1.0131022,10.835944,55.789406
3759.0,2.193017,0.20595902,2.6721017,59.066887
3765.0,1.1830177,0.26128903,1.7127097,19.246561
3766.0,1.561169,0.22874032,1.6987149,18.916876
3772.0,0.4814945,0.06758323,0.7049158,14.778508
3780.0,1.3270445,0.25196773,1.5835071,16.901117
3785.0,2.9553046,0.32081455,3.6847703,25.260624
3791.0,0.6737101,0.15605298,0.67246276,13.897784
3796.0,7.0344005,1.0617288,6.6984444,44.238327
3800.0,1.7245109,0.18010871,1.9482262,100.32865
3802.0,2.7138107,0.3669661,3.5518284,19.892984
3803.0,1.8405032,0.25001815,2.1156235,26.101204
3809.0,3.9302359,0.335676,4.380814,37.720264
3813.0,14.896361,1.5965495,14.260668,81.90128
3818.0,9.683556,0.6052895,11.014905,78.51097
3820.0,3.1868827,0.47608155,3.5123818,27.335436
3822.0,9.683556,0.6052895,11.014905,78.51097
3827.0,0.6885699,0.10994039,0.79169047,19.074503
3829.0,2.3478053,0.41776845,2.2608986,17.685312
3842.0,8.855108,1.980084,8.111233,49.419296
3844.0,2.9599373,0.41252893,3.2415357,20.04159
3845.0,4.2143764,1.039326,4.7786293,29.249176
3847.0,11.292795,0.7220782,11.082226,163.8325
3848.0,7.467242,0.98264503,7.4460597,46.51347
3853.0,2.1913898,0.36288542,2.2874398,23.603443
3854.0,0.39495236,0.06659051,0.6135253,18.648758
3855.0,2.2324286,0.31780487,2.923717,23.383728
3856.0,4.930958,0.5109192,4.7982683,41.79605
3858.0,0.8695419,0.16417287,0.9112934,19.170439
3859.0,11.081322,0.7073726,11.111116,66.10606
3861.0,1.7993646,0.35666868,1.8941619,21.89032
3863.0,2.4965312,0.40402582,2.5875764,24.322315
3864.0,6.91812,0.81866,7.304198,51.383762
3865.0,3.0278814,0.35454693,3.6520376,40.02698
3867.0,10.127649,1.2341206,10.785205,55.6319
3870.0,39.710052,6.191958,52.069275,138.74295
3873.0,5.3086467,0.57890636,6.5430775,51.431393
3875.0,1.76517,0.2120822,1.9510864,113.31371
3880.0,1.515982,0.22862038,1.857341,30.841595
3888.0,2.0296776,0.3041541,1.7595037,21.735949
3891.0,3.8834755,0.37011844,4.3595085,35.013763
3894.0,1.5616559,0.20057377,1.7491171,15.266544
3896.0,13.025772,0.7639479,15.214846,85.618835
3898.0,2.303338,0.2811929,3.1136,60.56322
3901.0,3.1014578,0.35595334,3.6848629,35.468544
3902.0,2.44064,0.36719128,2.93603,19.163227
3908.0,9.709985,0.60240084,11.040174,78.18836
3913.0,3.3121636,0.32153752,4.087898,43.54498
3918.0,3.687939,0.33995357,3.9140449,55.740135
3927.0,3.4653366,0.39324078,3.487396,19.338453
3936.0,1.758768,0.24638268,1.6781572,19.337337
3943.0,7.421677,1.06143,8.160969,69.08034
3946.0,12.458047,1.8914233,10.455898,61.483433
3954.0,10.344977,0.6332616,10.881611,52.333744
3955.0,2.322509,0.28504536,2.663339,32.814365
3956.0,1.4352733,0.26808658,1.5412765,19.692587
3961.0,7.293961,0.7841964,6.6831474,60.273594
3972.0,15.175663,0.80106366,14.689284,116.38871
3973.0,2.4759774,0.413873,2.662114,23.950235
3974.0,14.103007,2.2633293,13.428838,56.81561
3975.0,4.6196885,1.0309558,5.3875585,38.88601
3980.0,47.112858,3.8786774,48.09453,129.64742
3982.0,3.0955145,0.5165494,3.5267198,21.628368
3990.0,3.4736204,0.53358674,3.3366346,28.39483
3993.0,1.4694313,0.24725303,1.672522,15.10603
3996.0,14.191757,0.6567776,12.69409,88.49921
4002.0,11.379168,2.1732197,10.5364685,65.449234
4004.0,5.0968943,0.7657533,5.602016,43.355526
4006.0,11.174273,1.050668,11.13263,82.52224
4012.0,3.5422378,0.41932985,3.8995337,39.664417
4015.0,4.2780323,0.37874603,5.210757,46.19305
4022.0,10.703328,0.70533156,10.503388,95.431366
4029.0,6.3657775,0.5773378,6.088439,47.898167
4038.0,1.9085222,0.2972805,2.0919428,14.46398
4042.0,3.8585713,0.5775694,3.7395847,19.60306
4044.0,5.4801526,0.36699283,8.035216,63.077003
4047.0,1.2465439,0.17877954,1.3836197,16.537542
4048.0,1.3249892,0.17845437,1.4202894,15.972397
4052.0,1.5746638,0.31127664,1.6630148,13.927939
4057.0,1.127468,0.20353913,1.3997667,15.276634
4058.0,0.7474422,0.1073792,1.1126233,22.098286
4059.0,1.2207943,0.17223386,1.334055,14.490883
4064.0,1.0310526,0.16497077,1.3066437,19.357038
4068.0,1.2789181,0.26249918,1.5297623,45.467834
4069.0,0.59615976,0.11069158,0.9245983,16.726646
4074.0,0.99320203,0.15006925,1.1372075,19.06082
4075.0,3.4546256,0.48912185,3.1935947,23.366425
4077.0,6.0410404,0.5745351,6.9859505,42.61815
4084.0,3.3720555,0.5249146,3.311549,18.366596
4087.0,4.934593,0.42222834,5.861258,37.749596
4090.0,1.0175313,0.16908656,1.4709307,33.75301
4092.0,4.3914676,0.5196785,4.1505423,54.27836
4096.0,0.8388317,0.0718794,1.2920016,38.60363
4097.0,4.2418585,0.4627365,4.54025,46.667965
4098.0,7.749319,0.61451566,8.509423,62.815907
4101.0,1.040745,0.16627893,1.6270405,49.81994
4105.0,3.4296737,0.3999956,3.578279,38.365673
4107.0,3.4629338,0.43336216,3.937063,35.9993
4108.0,2.7585726,0.4066101,2.8459764,27.86583
4111.0,1.1045732,0.13793406,1.2492169,14.562294
4112.0,5.740094,0.71564096,6.3405175,37.241226
4113.0,2.4127007,0.28270563,2.8202217,19.338232
4114.0,5.903468,0.5394694,5.5336146,45.319496
4115.0,8.159947,0.62079006,8.395495,58.014767
4119.0,9.679474,0.60286653,11.040174,78.1018
4120.0,1.6769913,0.26746178,1.746245,19.637117
4126.0,2.953663,0.43478096,2.979792,25.690247
4127.0,4.4089274,0.52853185,4.1371527,26.286188
4131.0,1.9486758,0.26847276,2.7009652,21.998753
4133.0,1.1512907,0.19603612,2.1108508,34.79399
4134.0,2.029657,0.32762742,2.1435118,16.141453
4135.0,2.0098772,0.27974042,2.1575701,24.766613
4137.0,0.5424295,0.101330444,0.5794888,21.509764
4138.0,1.8389943,0.21858475,2.1458557,65.09278
4141.0,2.6024394,0.41928813,2.424351,22.319418
4142.0,0.8453702,0.09389034,1.0222659,14.954216
4147.0,1.2118301,0.19727905,1.9920124,44.51089
4150.0,0.78583366,0.16837822,0.68542576,21.745405
4151.0,0.32648414,0.05597254,0.3811858,14.07275
4157.0,2.5095923,0.4206575,3.3113954,42.955624
4165.0,2.851463,0.35935423,3.1160066,29.296429
4167.0,4.700278,0.46522182,5.4155126,41.75622
4168.0,0.5391841,0.12158751,0.6495567,15.229106
4169.0,4.7564387,0.6136222,5.3870497,43.37971
4173.0,0.89334315,0.1485821,1.0082214,15.725523
4177.0,1.614241,0.21378338,1.789155,17.23053
4183.0,1.2756525,0.18041682,1.7266401,22.844465
4189.0,35.85066,6.8429503,36.435795,169.49413
4190.0,3.9558446,0.44034865,4.487302,25.048466
4193.0,2.3986142,0.28529024,2.5996926,21.59745
4195.0,3.8134687,0.29321676,4.3053365,38.084858
4196.0,8.410746,0.5140058,9.297217,60.969837
4203.0,4.1558223,0.7054598,4.820494,45.897545
4206.0,9.480812,0.62181836,10.378043,79.51988
4212.0,2.4894545,0.30849504,2.340478,15.283459
4213.0,0.55703616,0.14747705,0.5711172,15.079986
4216.0,0.3629758,0.05490885,0.5373019,16.90663
4221.0,3.1036098,0.1573369,5.3566165,54.989487
4222.0,1.9493562,0.26067093,2.897028,31.848518
4225.0,2.493006,0.42280602,3.6867871,87.828964
4239.0,3.359935,0.49053502,3.5067422,28.794127
4242.0,3.4929223,0.45185965,3.9184818,39.595207
4244.0,2.4423082,0.35820454,2.4230583,17.322025
4245.0,2.6715994,0.65749365,3.213419,49.13087
4247.0,1.9019096,0.18482815,2.9168606,43.181175
4257.0,3.7658958,0.40911645,3.7917452,36.429188
4258.0,10.319188,0.9946555,9.7297945,78.64556
4260.0,7.910654,1.5768071,6.952742,50.871696
4266.0,2.363641,0.4203988,2.4043481,17.261124
4268.0,1.0677224,0.21394426,1.1620824,15.340636
4270.0,2.4188168,0.4582185,2.2253246,23.252895
4273.0,3.2165213,0.48887503,3.869142,27.1489
4275.0,47.07199,3.8974063,54.971767,169.92819
4280.0,1.9569812,0.2706802,2.3086185,17.143286
4282.0,1.1030527,0.20401257,1.2204252,18.937733
4287.0,3.3355892,0.38257617,3.7962835,25.654724
4290.0,2.823398,0.26485032,3.3588278,40.45555
4292.0,1.6841481,0.25757983,1.770983,18.514252
4293.0,1.3335578,0.22974895,1.6523043,15.850396
4294.0,2.354845,0.46497107,2.8683627,21.67499
4295.0,1.5225445,0.26413375,1.8365831,15.496604
4297.0,0.91286665,0.19413677,1.1813842,17.77615
4304.0,6.720842,0.867581,7.7682633,45.151318
4312.0,4.1700544,0.5312497,5.644171,78.44526
4314.0,1.186947,0.2282509,1.5449873,16.802216
4316.0,2.3543377,0.2383353,2.837034,35.63465
4317.0,3.1098309,0.40369755,3.051011,18.019705
4326.0,2.8412828,0.2947275,3.0848153,99.79423
4327.0,51.884563,4.084512,67.18147,191.44298
4328.0,17.411655,1.0337427,15.063546,76.346436
4334.0,4.4366503,0.48784387,4.9666324,22.147238
4336.0,2.357601,0.40528375,2.4159489,24.536934
4342.0,2.2227592,0.32316524,2.665953,17.09351
4345.0,2.63874,0.3627603,2.901917,24.66446
4351.0,3.8692687,0.42307454,4.219203,31.82989
4353.0,6.265613,0.5267424,7.4756904,44.907005
4354.0,1.2878293,0.1674727,1.3628321,14.967724
4361.0,12.647591,1.9901096,13.945899,58.491337
4362.0,4.74023,0.5417449,5.0154986,35.769558
4366.0,2.4427056,0.2428383,2.7209203,17.98088
4370.0,24.293137,1.4596107,23.236326,162.55887
4373.0,1.7135713,0.35543585,1.6744382,18.580116
4375.0,26.602213,1.5908899,24.131939,139.20462
4379.0,12.999512,0.77939534,13.019376,67.70109
4380.0,5.012283,0.4808529,5.8577175,42.10353
4383.0,1.5766586,0.23164302,1.5614547,14.294075
4395.0,13.350953,1.4052632,15.0937805,92.76305
4396.0,3.9408753,0.3672359,4.8248534,46.085457
4400.0,1.1216993,0.20044664,1.3194289,21.094584
4403.0,8.027613,1.6673752,8.138511,43.713474
4407.0,4.333134,0.35938346,5.35928,38.22501
4411.0,4.7982044,0.48857093,4.87586,51.37118
4416.0,2.4201388,0.28906888,2.6232927,18.422115
4418.0,3.6574187,0.31315774,3.768165,35.41449
4423.0,11.439411,0.5030977,14.070405,69.50236
4424.0,11.42394,0.5051067,13.384,69.63953
4430.0,12.643007,0.8536481,13.604021,71.6481
4437.0,9.590142,0.7747469,10.820211,49.06526
4439.0,1.3695314,0.16841412,1.4933568,22.457384
4440.0,3.6003084,0.42124495,4.2800627,40.09941
4443.0,6.7766604,0.5884688,7.2515264,44.5544
4444.0,7.5911875,0.45348614,8.727797,62.259514
4447.0,6.8127303,0.6503801,7.668679,41.842278
4450.0,1.7400969,0.23349361,2.0191834,14.505356
4452.0,1.8964876,0.17921185,2.344074,99.418015
4454.0,1.7175312,0.32713604,1.8922004,18.565592
4455.0,4.381825,0.3071687,4.9878244,38.942047
4460.0,2.0144727,0.39045286,2.0729954,23.700747
4463.0,2.036373,0.24235208,2.4839616,18.59446
4464.0,1.0975895,0.14008099,1.0515051,12.766219
4466.0,3.9933383,0.48432732,3.7197216,133.49696
4472.0,1.0127343,0.1968061,1.3621583,25.041204
4478.0,2.5974655,0.5697402,2.7532222,43.109684
4482.0,1.8976077,0.31611377,2.101205,16.996887
4485.0,2.037088,0.24664983,2.4960651,28.129469
4486.0,5.633778,0.6903857,6.2720423,52.10551
4487.0,8.241485,1.0439805,9.150245,37.7024
4490.0,16.230902,0.59267336,15.858687,204.29225
4498.0,6.190058,0.8395066,6.854405,47.77116
4500.0,0.68584424,0.10619301,0.9090576,18.942284
4502.0,0.48787105,0.062114466,0.9248745,17.158628
4508.0,12.636327,2.4260728,12.250527,81.800896
4510.0,12.475013,1.7198923,15.170171,110.06171
4514.0,1.1671655,0.09603927,1.4938812,12.867475
4515.0,0.7013289,0.110427186,0.9359432,24.466518
4522.0,1.2221323,0.11673698,1.4569387,20.618055
4525.0,1.795559,0.23661424,2.5908844,33.17621
4539.0,3.45742,0.5149375,3.3818896,32.752144
4543.0,1.8120306,0.2432086,2.2449684,20.885992
4548.0,0.7212091,0.13008542,0.76997745,14.145398
4550.0,3.5482862,0.48743734,4.098171,23.729889
4551.0,2.9349136,0.41633588,2.78299,19.959597
4553.0,8.446895,1.3412709,10.186244,45.951447
4559.0,0.68623865,0.11475924,0.7106858,14.544147
4564.0,1.1098467,0.21208994,1.4459667,37.948395
4567.0,3.8588657,0.464402,4.180612,28.520235
4570.0,17.216908,3.1771421,16.685036,104.32112
4573.0,5.013943,0.6117039,5.1797414,47.591763
4574.0,4.442337,0.46354434,5.5110927,46.89539
4575.0,17.483486,1.1186486,17.69749,158.41399
4579.0,9.00255,0.6948995,10.056747,46.877907
4581.0,3.7199376,0.37571895,3.8415155,25.948782
4583.0,12.500278,2.2210655,12.380788,46.488598
4585.0,4.657602,0.35145175,3.8431687,198.33102
4587.0,6.2372046,0.594724,5.4237604,43.593685
4594.0,15.225395,1.8479214,15.263455,98.51474
4597.0,7.3646054,0.63664407,8.37738,47.116932
4600.0,3.0314157,0.3325709,3.7148364,25.651136
4604.0,3.897389,0.5981914,3.6192281,205.27357
4606.0,6.8207383,0.7798767,7.786897,38.275684
4608.0,4.3397384,0.56182873,4.793795,38.779488
4609.0,15.620788,0.85188466,15.258665,121.414825
4612.0,1.812124,0.21570916,1.8869323,117.577805
4613.0,2.5048811,0.4283723,3.2804122,41.740067
4620.0,6.498839,0.69284195,6.701977,55.335823
4625.0,5.690901,0.9626927,4.952847,43.05583
4628.0,4.292836,0.6568116,4.7478976,33.390125
4629.0,1.3432394,0.16815422,1.7024206,22.351225
4630.0,17.506042,0.6798551,16.590124,210.50708
4634.0,2.5967126,0.3319893,2.6246898,18.03271
4635.0,11.359918,1.0549872,11.912104,75.69673
4638.0,2.3810084,0.13237846,3.9216063,45.348972
4640.0,5.095517,0.57802874,6.052903,49.163788
4643.0,9.162219,2.6179285,8.11957,54.627808
4647.0,1.210053,0.15138067,1.2243941,16.302755
4649.0,7.481705,0.6612421,8.468098,43.43046
4652.0,0.5121048,0.11572477,0.5594707,17.990343
4656.0,1.5264283,0.14485799,1.9681833,44.489853
4658.0,8.281538,0.61911494,8.151256,50.53498
4663.0,1.701494,0.1868159,1.9449313,37.21687
4665.0,13.150799,2.3666701,14.48226,76.72175
4666.0,8.432448,1.3587917,7.6841755,47.03908
4667.0,3.324097,0.40540442,3.9635143,35.041107
4670.0,16.201666,0.5801907,15.829068,200.38174
4671.0,33.60237,1.844074,37.881226,186.16681
4676.0,4.311205,0.76176834,4.854427,36.56441
4678.0,16.996359,0.8427626,18.207403,164.21535
4681.0,11.555,1.9625607,11.600413,93.69879
4682.0,15.200628,1.0421671,14.098961,160.43945
4684.0,10.190403,1.0628757,11.0460005,93.599525
4688.0,1.9408655,0.2920149,1.775464,18.375727
4689.0,2.5669665,0.3545701,2.7151554,23.009394
4691.0,5.4565263,0.7385063,5.4173994,42.529213
4697.0,34.450085,2.5356605,36.346813,243.18896
4700.0,9.763878,0.652749,10.056579,99.75017
4701.0,24.296576,1.4251506,22.994154,185.8957
4704.0,5.410059,0.3843814,5.4552655,46.288525
4707.0,1.5047038,0.24754149,1.6548431,14.490326
4709.0,9.200074,1.161887,8.848573,77.86416
4712.0,4.9586263,0.46792087,5.2798615,26.597347
4717.0,1.9311944,0.2755455,1.8346474,18.600779
4718.0,19.159197,1.3981997,21.944824,74.405426
4719.0,5.8441195,0.56866,6.970885,44.19522
4721.0,7.770677,0.6167866,7.472533,48.273376
4726.0,3.4450893,0.28629786,3.8204045,46.27875
4728.0,1.4254497,0.104212694,1.8321227,18.84302
4731.0,1.2492752,0.29890218,1.5720192,18.879524
4733.0,9.426662,0.9577756,9.688967,55.949196
4737.0,2.4585536,0.23175138,2.9351993,18.180323
4739.0,8.27272,0.7710853,7.980304,48.56078
4744.0,7.0716443,0.69018203,8.147026,43.775684
4750.0,7.4145293,1.0949966,8.094329,59.038788
4751.0,8.719258,0.5664479,8.14825,68.05933
4755.0,16.44059,0.7843608,16.230137,92.55908
4757.0,2.643367,0.32866487,3.1657388,41.321457
4758.0,2.96944,0.2530476,4.0032644,57.709885
4762.0,9.020029,0.81637734,7.292029,120.68942
4764.0,2.799312,0.44479644,3.0292594,21.642561
4765.0,13.204156,2.728807,12.145921,71.075386
4768.0,3.559504,0.41572854,3.7148688,22.413746
4770.0,2.4643369,0.30744633,2.6256058,23.536037
4774.0,4.84382,0.4543946,5.891022,41.846325
4779.0,7.519621,0.88354105,8.317387,46.35077
4781.0,14.635561,1.942518,15.812648,94.448906
4782.0,10.363589,0.78327733,8.618021,392.61475
4788.0,0.90857816,0.12608428,0.8210538,15.827066
4790.0,2.3760588,0.32307532,2.4986598,16.680807
4794.0,18.781048,4.2142577,18.535208,94.441284
4795.0,2.0556407,0.26404938,2.3135703,19.168266
4796.0,0.9502728,0.08789815,1.4771937,48.40717
4800.0,7.6735864,1.5858005,7.7029567,36.33717
4805.0,0.9135406,0.17823617,1.3375362,36.806126
4807.0,1.7049228,0.34631264,1.8213334,17.85264
4809.0,1.9715021,0.2591596,2.0977566,16.438328
4818.0,7.044063,0.59539807,7.539995,56.263523
4819.0,0.5618931,0.098093286,0.8045861,14.906739
4821.0,18.755945,1.7164617,18.354433,71.322845
4822.0,14.157113,0.8609028,13.869985,70.639824
4825.0,22.49656,1.0252005,26.337322,77.3583
4827.0,21.101091,0.7372411,20.53729,212.46545
4828.0,16.26854,0.75832886,15.966252,176.60269
4832.0,12.667321,0.8666701,13.167926,71.450325
4835.0,4.5823717,0.70753646,4.8090243,40.015038
4836.0,2.335936,0.34211662,2.626424,16.887394
4838.0,9.485519,0.90750957,9.78445,68.20504
4843.0,3.0824764,0.40387857,3.929486,58.888336
4847.0,16.256947,1.6056823,15.295739,188.71558
4852.0,1.1897851,0.22459722,1.6991198,38.30814
4853.0,7.985038,0.9562828,8.824426,48.801434
4854.0,12.354706,2.0142128,10.659132,115.40943
4855.0,16.6644,0.6616323,15.92048,191.47119
4856.0,1.008391,0.19534378,1.5817455,35.148914
4862.0,8.330159,0.7056184,8.824758,47.68261
4863.0,3.7620213,0.5132972,2.9256718,20.915337
4867.0,16.22889,0.9110587,11.196345,416.6951
4870.0,3.9986198,0.3676542,4.2689414,30.182293
4873.0,4.1631236,0.7630309,4.9016175,47.798733
4876.0,2.328571,0.27299243,3.1272378,45.371258
4878.0,10.103866,0.89728194,10.34802,86.229195
4881.0,1.2531551,0.21645634,1.7435954,53.59636
4882.0,12.851814,1.9587818,14.888653,140.66243
4886.0,4.9687533,0.37559828,5.7293177,39.79866
4889.0,4.4410267,0.38778594,4.047057,29.19385
4896.0,16.907444,0.619147,16.403095,209.57542
4898.0,3.42517,0.3848054,4.197922,43.66494
4899.0,8.254959,1.2058032,8.824239,50.50422
4901.0,5.1305885,0.44313225,5.1612444,40.086273
4903.0,14.056815,1.6791848,14.371519,97.92327
4905.0,13.46968,0.6838498,12.332396,83.75817
4907.0,8.949527,0.85572916,7.004042,60.294064
4908.0,9.947085,0.79718864,9.504796,60.932457
4909.0,11.15994,0.67530024,10.947007,90.57851
4912.0,10.879585,1.461838,11.186375,69.21281
4916.0,2.5338438,0.296429,2.851556,29.247196
4923.0,6.018778,0.66721135,6.2443004,34.900864
4924.0,4.6267223,0.43909842,5.099806,40.96338
4928.0,6.569216,0.5135315,6.7428427,46.63901
4930.0,4.4371347,0.42992714,5.3502326,49.21398
4931.0,4.32306,0.561448,4.6637826,26.76061
4932.0,11.682872,0.6563729,11.154985,221.07782
4939.0,8.833902,0.6376793,8.376026,72.00914
4947.0,22.300758,0.79799956,21.143812,212.46545
4950.0,0.68306416,0.1267763,0.81353873,15.418404
4952.0,1.6304331,0.24765433,1.8687205,15.588268
4955.0,9.873374,0.6508661,8.527572,70.37208
4958.0,2.4477122,0.36001804,2.7743652,65.36662
4959.0,8.265035,1.0078319,9.902272,56.348557
4961.0,15.921448,1.4248515,19.845924,69.450905
4964.0,11.457422,1.9795278,12.562419,77.20271
4967.0,54.603382,2.717445,73.0821,201.99275
4970.0,14.034212,1.2180744,11.630336,147.23082
4972.0,7.5779076,1.576459,6.9613085,50.987236
4979.0,17.96673,1.0177735,18.210217,154.31519
4980.0,3.2519052,0.25074175,3.708456,39.46087
4981.0,16.190483,0.5801907,15.829068,204.29225
4982.0,20.344769,1.9961761,19.076746,178.88101
4987.0,6.596206,0.64676106,6.48527,39.43281
4988.0,3.3093286,0.3310175,3.718287,47.132248
4994.0,2.7633338,0.347002,2.4673767,24.172306
4995.0,2.6910682,0.41835025,3.112049,21.736132
4996.0,8.969082,0.98917985,8.997402,58.05708
5001.0,7.984912,0.92024255,7.979617,51.640232
5002.0,11.746337,1.5795392,11.348727,70.41501
5003.0,2.6413028,0.3454702,2.63486,31.243843
5006.0,3.682332,0.5258448,3.739572,187.1876
5009.0,2.4405272,0.4209476,2.620271,19.32946
5010.0,3.5982645,0.50916636,3.9514236,25.547222
5012.0,32.228188,2.090897,33.037064,349.2739
5013.0,16.15222,0.55883014,15.829068,200.38174
5018.0,3.1999638,0.59138674,3.0594122,224.81429
5020.0,4.0357637,0.45624515,4.499046,48.260727
5021.0,10.4112425,0.9363057,12.713277,65.80476
5022.0,11.912219,0.7357685,12.411605,75.406075
5025.0,2.6821957,0.3482425,3.3809276,25.08242
5027.0,8.883454,1.0315341,8.103935,50.405685
5029.0,3.8721614,0.4159448,4.6769037,148.94395
5031.0,4.9025974,0.6474376,5.272322,56.659206
5036.0,4.1350646,0.46134642,4.644059,23.67646
5038.0,4.25199,0.4280063,4.579215,45.44516
5040.0,4.795465,0.5496737,4.8309216,29.06319
5045.0,13.415778,1.1125116,14.6131525,94.16878
5047.0,9.200197,0.66036224,8.927263,141.06001
5071.0,6.460544,0.72328496,7.408317,44.162884
5072.0,2.0209692,0.21630478,2.7129014,25.947458
5074.0,1.7074956,0.29558545,1.9460046,16.18804
5092.0,14.20622,2.1074483,13.710542,104.174324
5097.0,2.9814572,0.39508584,3.1871147,19.917606
5098.0,11.377711,1.434214,10.936424,59.576244
5106.0,3.3756876,0.3487804,3.9263237,44.436054
5109.0,4.244912,0.538272,4.201034,24.607948
5112.0,2.248846,0.31689864,2.387641,17.118708
5114.0,6.731178,0.5358256,7.4192467,39.59581
5128.0,9.296193,1.1264812,9.158449,100.44061
5133.0,1.5425198,0.30202273,1.7772026,21.843513
5137.0,4.0264564,0.5138021,4.746392,25.025398
5143.0,29.39141,4.4785867,28.664051,110.87639
5146.0,3.3928752,0.3318824,3.4298298,45.3624
5149.0,16.780895,2.728491,15.251478,84.84527
5155.0,14.095505,2.152786,12.5031595,72.91722
5158.0,15.195005,1.1580247,12.809249,78.38169
5167.0,19.672394,2.6417994,18.619131,145.76865
5172.0,18.712975,4.9164414,17.47623,67.38112
5176.0,9.936782,1.5273256,9.057974,51.967484
5179.0,12.942584,1.9320922,12.7651005,95.552666
5185.0,11.195801,1.1121775,10.598745,70.29726
5192.0,18.670572,1.2584147,18.925158,79.813416
5196.0,3.409894,0.49593323,3.3341184,22.64042
5200.0,5.2711167,0.5600221,5.930964,35.13832
5202.0,8.867277,0.79541373,10.079508,46.598583
5203.0,23.12353,5.0608687,23.11374,101.36522
5210.0,1.9572895,0.1600179,2.7047832,111.975044
5211.0,25.66146,1.3824348,23.097649,125.55898
5212.0,13.461069,1.2269317,12.816637,76.11119
5213.0,7.104567,1.1490908,7.3035345,45.731297
5215.0,3.4195874,0.30668488,3.3016925,49.70814
5220.0,8.542064,0.6806326,8.018787,72.60891
5222.0,3.5719051,0.44506568,3.621925,44.155094
5226.0,4.4451942,0.34580502,5.136746,39.651512
5230.0,15.349966,2.7360435,16.212694,59.986584
5234.0,8.475128,0.83786863,10.166104,47.748695
5243.0,16.796408,1.7564963,15.131374,87.1262
5244.0,20.313173,1.6326864,22.647236,108.61209
5245.0,7.0030727,0.6915488,11.105216,36.739468
5249.0,3.5432384,0.39012414,3.9301605,25.801065
5251.0,21.256294,0.96811604,24.472483,151.17188
5258.0,8.231682,1.7359428,8.642812,55.988216
5260.0,10.541945,0.6779483,11.342341,147.63765
5269.0,7.700675,1.701297,8.7273,41.932938
5270.0,1.0930067,0.13495411,1.2655761,26.230572
5281.0,11.680397,1.9044735,11.370946,96.544914
5282.0,1.4781512,0.29180902,1.7618032,21.870962
5286.0,15.183302,0.7977649,14.252093,138.15625
5287.0,25.342237,3.1475797,25.395971,146.25555
5290.0,18.025213,3.5167606,16.81777,132.73103
5303.0,6.3204584,1.0671439,5.9680305,39.360973
5305.0,4.1264114,0.51767164,4.812584,47.93198
5309.0,4.502714,0.43191403,4.9177413,40.323193
5310.0,15.292323,2.8254468,15.320335,56.39664
5312.0,2.1602428,0.3692343,2.209169,13.175301
5313.0,1.5131896,0.19429165,2.5297773,31.925934
5315.0,3.25888,0.35385528,3.1697469,30.666939
5325.0,3.8739033,0.47270814,4.191863,73.943924
5327.0,33.230347,3.5669968,31.20577,240.76086
5328.0,16.312717,2.198229,16.565489,88.95194
5331.0,2.3315377,0.23379433,3.5516064,49.80893
5332.0,6.7328725,0.51459306,6.1871514,53.74542
5335.0,6.397382,0.6714271,6.204098,36.400745
5336.0,3.0283499,0.31331852,4.1235905,50.061085
5338.0,0.5552296,0.10854485,0.6127089,16.145245
5339.0,3.554852,0.33482194,3.8944616,43.572685
5341.0,16.161835,2.3925688,16.16902,113.90322
5342.0,3.5972617,0.308153,4.505128,49.20969
5343.0,1.3274126,0.14469095,1.9464157,53.534252
5345.0,0.92698675,0.062946014,1.8204743,67.24291
5348.0,3.3159883,0.44261342,3.4875467,30.385006
5349.0,14.776629,1.1071882,12.214281,67.42712
5351.0,11.547264,0.9980713,10.2897,64.01538
5352.0,3.0093858,0.36292878,4.1805587,42.640335
5355.0,8.345626,0.94113714,9.227149,62.861652
5356.0,17.069592,2.4317045,22.542732,114.544014
5361.0,4.3905373,0.41533118,4.9504447,40.937073
5362.0,1.9321874,0.19643538,2.9541252,31.665426
5364.0,3.0994902,0.35422137,3.4769773,22.777325
5367.0,1.2623765,0.18191615,1.5393301,13.821455
5369.0,4.802083,0.30615795,5.910538,41.874477
5372.0,2.5597994,0.3469944,2.617817,19.02533
5374.0,3.3159425,0.48782685,3.3903108,22.308973
5378.0,1.6019859,0.2474776,1.9168237,15.663967
5382.0,27.944687,3.5605712,28.297749,183.23598
5383.0,2.1937807,0.33648983,1.9120175,20.224178
5387.0,2.1484244,0.2970302,2.7327237,38.74059
5393.0,2.222261,0.23319896,2.5999844,133.71593
5403.0,4.5802574,0.44661012,5.04759,33.816074
5408.0,7.4989777,0.77265686,9.360213,61.41106
5409.0,33.283623,1.0876217,30.747295,215.69412
5410.0,36.563713,1.9887105,46.520435,104.15247
5412.0,4.8996496,0.76663387,6.3065343,62.67827
5414.0,17.861355,1.6716332,17.556087,71.63433
5427.0,1.9750293,0.26575238,2.2669213,16.670084
5431.0,3.5529323,0.39077485,4.5093923,54.523754
5433.0,3.1200826,0.4483279,3.266112,36.050236
5443.0,14.198438,2.5462065,14.759367,66.986374
5444.0,7.885676,0.99518275,8.671256,44.0446
5446.0,2.0043905,0.24301527,2.3335369,30.782135
5449.0,6.7011886,0.45508993,6.594337,56.536114
5452.0,13.399645,0.80273855,13.5179405,79.68446
5453.0,14.00756,1.3471277,11.832861,229.5902
5454.0,6.1445394,0.74011934,6.5030828,44.725517
5456.0,9.889163,0.59619087,10.2246475,66.59194
5457.0,10.299003,0.63679785,9.601884,78.73967
5458.0,7.9234886,0.5533909,7.623988,56.185455
5459.0,8.529718,0.80026907,9.6979885,48.037884
5460.0,2.5575705,0.29751775,2.7996337,25.60442
5461.0,4.3276715,0.45091468,4.604097,30.480906
5464.0,3.0041604,0.42779014,3.1811059,19.853682
5466.0,10.545259,1.0668565,11.927132,64.81783
5467.0,2.534263,0.2069559,3.5231314,123.97239
5468.0,4.7441006,0.7090485,5.491108,53.861893
5472.0,9.807329,1.3757952,10.032609,70.19352
5476.0,4.0461087,0.4060409,3.8624048,40.584957
5479.0,10.099271,0.7761903,10.181039,69.19658
5480.0,17.076418,3.5373392,16.12507,184.86502
5482.0,14.561418,4.1861267,13.560302,82.901054
5484.0,0.9535308,0.16937022,1.1006223,14.449651
5486.0,2.8424082,0.35809794,3.5392685,43.415997
5488.0,2.2554789,0.329759,2.7671998,16.9522
5492.0,2.0295901,0.27709588,2.0559,20.716627
5494.0,1.4656492,0.17483747,1.535088,14.585428
5501.0,12.28058,1.3529595,13.411954,70.25135
5511.0,1.3021725,0.2985749,1.6025475,23.431559
5513.0,0.8804433,0.13416456,1.2503763,27.010807
5521.0,13.025772,0.7639479,15.214846,85.618835
5523.0,11.914935,0.67769784,11.218756,216.23499
5526.0,5.111969,0.3862311,5.688151,40.847702
5528.0,2.4262934,0.25975707,2.4061828,28.688389
5529.0,2.4157557,0.2948908,3.246849,33.108894
5533.0,2.2008345,0.4168227,2.2844965,23.359367
5534.0,9.972209,1.7452391,9.444527,56.19387
5536.0,15.191651,1.4702362,13.81306,171.94232
5539.0,8.24892,0.7841924,7.782694,44.287655
5540.0,0.61068875,0.13957605,0.73493415,16.103344
5544.0,3.003032,0.35457677,3.1354475,20.202763
5545.0,1.3775284,0.20939551,1.5380458,15.406869
5548.0,10.911643,2.2567527,11.828602,46.11721
5549.0,12.395606,1.6711665,13.319519,48.935772
5553.0,5.190458,0.7283527,5.2866063,37.973362
5555.0,1.687776,0.30344185,1.90726,21.519241
5557.0,8.657152,0.56955934,8.172796,78.33211
5564.0,3.8603754,0.35981944,3.9044833,17.224232
5565.0,4.004497,0.47153217,4.683388,61.688675
5566.0,1.5095466,0.2354945,2.0651314,38.800068
5570.0,0.85815555,0.11612602,1.09581,46.795734
5573.0,1.4513788,0.34234315,1.6617877,23.610506
5576.0,3.8255312,0.45176822,4.470552,30.003004
5577.0,2.0518782,0.2665269,1.960588,17.263462
5581.0,5.599893,0.7868705,5.6804075,44.834835
5585.0,0.88167465,0.14435332,1.1785696,18.955896
5586.0,3.4704957,0.37267518,3.707412,20.766655
5590.0,4.188466,0.36178565,3.7885518,19.028341
5594.0,15.695445,3.5253725,15.651093,72.757935
5595.0,9.91184,0.6949314,9.6477165,53.103752
5596.0,1.9167001,0.27631727,2.125556,26.30247
5599.0,2.5374048,0.3830939,2.3491476,18.97568
5600.0,1.0988489,0.20127213,2.1575608,27.76983
5601.0,4.147124,0.7256089,5.0897365,23.34797
5602.0,2.8845396,0.3664201,3.4937263,158.23409
5603.0,35.900894,3.8792007,37.446487,162.03639
5604.0,22.395126,2.0117662,23.213375,136.88515
5606.0,1.8634993,0.24701922,1.9698471,15.237407
5607.0,2.5614967,0.1876202,2.6255486,16.426424
5609.0,17.777782,1.8299696,16.54466,206.42625
5610.0,3.7933383,0.43442583,3.5353088,44.961246
5611.0,3.2486305,0.54039174,4.7911215,77.542694
5614.0,7.7204256,1.1606705,8.074695,42.01584
5616.0,1.7749425,0.2668813,1.7982764,20.044909
5619.0,0.6330145,0.12809947,0.8411384,22.852411
5624.0,4.2626944,0.41688225,4.7447658,43.68712
5625.0,0.7844154,0.16143893,0.87214625,21.258503
5630.0,10.434146,1.181502,9.68389,55.443005
5636.0,12.362832,1.1519156,11.773182,144.98306
5638.0,3.85793,0.41751993,4.3569355,40.48758
5643.0,1.9327812,0.2820911,2.4434533,15.925694
5644.0,24.314392,1.4783285,20.28918,140.68846
5649.0,65.85401,2.5330806,74.96075,239.07951
5650.0,16.116915,0.6232581,14.815077,202.96346
5651.0,14.70078,1.1562486,16.53205,159.0064
5652.0,5.154487,0.38959777,5.3866773,41.945583
5653.0,2.2183836,0.2948078,3.045883,39.828842
5656.0,3.0585577,0.316177,3.1554587,34.928646
5658.0,1.6858608,0.2417601,2.4166288,68.11436
5659.0,3.2082374,0.39864406,3.9256182,43.132126
5661.0,14.036512,0.75446314,12.218529,82.494576
5664.0,5.5580134,0.5103871,4.616949,40.861355
5666.0,2.1900127,0.35273272,2.8111951,20.873825
5674.0,1.7285541,0.25105533,2.0119123,15.778247
5688.0,3.797272,0.4084265,3.0346441,28.638931
5694.0,2.2490304,0.19239083,3.0008538,157.04755
5705.0,10.617667,2.097647,10.926206,52.542984
5708.0,2.0982976,0.28451452,3.174157,72.10648
5715.0,41.97922,2.2130723,37.8007,292.58865
5718.0,2.8115501,0.21765754,2.8646774,112.47115
5721.0,7.378287,0.8308979,8.726499,41.84123
5723.0,18.713821,1.9537445,18.129183,187.13504
5731.0,1.8958486,0.44475788,2.4755409,32.31719
5733.0,13.404318,1.2176223,13.447991,70.80994
5736.0,3.1817946,0.4222552,3.9751644,38.035133
5737.0,9.812893,1.7605553,10.009446,92.20997
5746.0,10.475312,0.8425372,11.840551,55.344563
5747.0,0.38868493,0.07978053,0.44458196,14.109024
5750.0,3.1197076,0.3577707,3.8432453,58.444553
5752.0,1.8770825,0.193325,1.5679241,86.11385
5753.0,17.037666,2.5256212,22.307991,151.50664
5757.0,8.537673,0.7622756,9.078031,44.157864
5758.0,9.972601,0.68793947,9.929806,62.887135
5759.0,2.1561592,0.29298276,2.2860584,20.731546
5760.0,3.8979075,0.39985478,4.410788,36.65795
5763.0,4.5845804,0.49669015,5.1923385,35.10532
5764.0,5.268748,0.66577756,5.915235,48.96142
5767.0,1.2735485,0.12237702,1.6740633,25.205349
5776.0,18.527624,1.5285351,16.73662,175.71826
5778.0,12.899276,1.1088284,11.091113,72.96271
5779.0,38.516853,1.613242,24.635777,489.10928
5782.0,8.368964,1.2570094,8.714822,50.962105
5788.0,17.746832,2.331766,13.832559,84.85199
5793.0,2.3902545,0.40739533,2.987815,40.840748
5798.0,1.1893966,0.20746566,1.3227329,34.596703
5801.0,3.802727,0.52148503,4.5018544,28.514437
5808.0,58.137585,9.643395,55.176155,148.22
5810.0,11.038068,0.8645802,10.647697,70.780525
5818.0,38.26028,5.111563,49.70763,135.12535
5819.0,1.452672,0.17666492,1.7116902,66.01316
5821.0,13.8945265,2.049748,12.825299,142.52208
5822.0,13.383065,0.6326208,14.328505,145.79263
5837.0,6.9451876,1.2471572,7.1881657,40.20988
5843.0,10.6343155,0.71552557,11.150837,56.290173
5844.0,15.691201,3.3850965,14.27091,66.49548
5845.0,8.164545,0.6860696,9.880149,45.987488
5852.0,10.81958,0.73367906,11.894964,53.680054
5853.0,6.1016765,0.646016,6.819878,45.58483
5854.0,14.84684,2.6168737,11.957061,55.8685
5856.0,1.1447272,0.14235048,1.4684758,45.551105
5858.0,9.256898,0.59546435,7.971661,78.32363
5860.0,12.178073,1.1441739,12.518194,71.497154
5862.0,0.79201704,0.13339028,0.84662,20.393183
5864.0,6.625566,0.53398794,6.815932,54.677376
5865.0,9.623278,0.8028621,10.461031,50.460033
5867.0,16.141933,0.6232581,15.109812,204.5634
5868.0,0.9054681,0.070320584,1.4954995,47.617104
5873.0,9.344265,0.986762,11.084076,44.05427
5874.0,3.360712,0.5920803,3.8850656,44.647327
5879.0,7.310128,1.367811,7.364358,40.092365
5880.0,8.455579,0.51163304,7.7744226,67.962265
5881.0,15.512189,1.5093497,13.776964,198.39894
5886.0,5.3591685,0.950883,5.513359,41.620403
5889.0,24.172796,3.7698495,23.450726,95.209236
5890.0,9.537548,0.60594153,9.10584,68.11602
5891.0,37.66324,2.209164,43.647465,133.30473
5898.0,6.4178567,0.6703679,5.457345,47.11499
5899.0,9.407114,0.62181836,10.378043,79.72672
5901.0,4.4361954,0.3868291,4.7619123,22.751913
5902.0,14.714105,2.8885353,15.997768,60.074722
5904.0,12.044519,2.0524182,13.437095,100.874275
5905.0,15.750667,3.1185055,16.708185,62.333214
5906.0,9.459245,0.99279594,8.632314,62.07928
5908.0,5.3489246,0.556877,4.882806,44.60104
5910.0,5.8556743,0.54242104,6.2136946,44.813877
5911.0,6.933198,0.6321367,8.2312,44.4872
5912.0,4.4909987,0.45047313,5.4243402,63.604256
5915.0,15.402636,0.757316,14.395113,95.3987
5916.0,4.8492904,0.43721867,5.1081357,48.284286
5919.0,4.712133,0.711671,4.7291493,361.3346
5920.0,18.344038,1.2294091,18.386568,80.136795
5923.0,15.14852,2.997277,11.426083,64.23358
5925.0,6.1818786,0.36032322,7.8824825,51.45818
5926.0,9.876333,0.5592359,8.736368,231.47533
5928.0,8.291147,0.5765288,9.803733,49.96674
5930.0,3.3268476,0.42194736,3.5609374,22.124243
5931.0,10.585965,0.6411502,10.040384,208.39424
5933.0,3.6597679,0.41852283,3.6160219,26.117516
5934.0,5.767992,0.5693589,6.060911,39.323616
5935.0,1.3141066,0.23816344,1.2536656,20.832739
5937.0,7.5437255,0.7181423,8.167437,50.367146
5938.0,1.8923701,0.27488226,1.5318285,18.213564
5939.0,5.579372,0.80422705,5.5676546,42.85601
5940.0,8.382019,1.3177567,7.956887,42.8202
5942.0,16.119713,0.6232581,14.935287,202.96346
5944.0,6.1733785,0.38348892,7.431176,46.86638
5945.0,8.195815,0.73121995,8.570611,65.441414
5949.0,3.138996,0.36480096,2.9907706,23.366196
5950.0,11.519021,0.54498696,10.535105,167.07726
5951.0,3.9985435,0.39932925,4.554315,46.190083
5956.0,5.376724,0.75991493,5.7075205,38.11955
5961.0,40.316967,2.693723,56.117073,196.61821
5965.0,4.0178638,0.5929084,4.689214,45.804543
5967.0,8.590592,0.45621663,9.12731,60.760178
5969.0,4.1606994,0.4444992,4.960852,43.28266
5973.0,5.2469664,0.39140928,5.4129853,56.176964
5974.0,14.182736,2.626922,14.086595,65.66935
5976.0,3.8022234,0.5827798,3.6031497,34.373306
5979.0,2.7917202,0.47141355,3.0295002,19.676071
5989.0,7.544992,0.581609,7.1013465,58.14651
5991.0,5.795994,0.43357566,4.650655,161.29326
5992.0,5.6769104,0.56305987,6.4341507,44.45191
5997.0,7.180121,0.8770919,7.6241875,38.803425
6006.0,5.6847997,0.45918715,6.2002983,35.180336
6010.0,2.2546575,0.4259134,2.164931,18.67436
6026.0,4.14662,0.6066232,4.0422387,29.437738
6030.0,0.67776597,0.10065665,1.1079668,26.860775
6034.0,6.738637,0.9001311,7.830965,63.423084
6035.0,17.222923,3.6900213,12.638572,82.84672
6038.0,13.025772,0.7639479,15.214846,85.618835
6044.0,9.395461,0.6744661,10.335035,74.16635
6046.0,14.658718,1.8932161,15.6976595,68.48857
6047.0,1.6592227,0.15064345,1.6440551,133.4224
6050.0,3.7260692,0.36381575,3.9002364,22.52699
6052.0,2.976707,0.46782506,2.8766615,23.850834
6054.0,3.1817,0.6240226,3.7882848,42.798195
6055.0,4.873684,0.55648506,4.2994313,29.877615
6056.0,4.072031,0.7857905,5.0291085,27.592775
6063.0,2.6714792,0.43974698,2.8840587,20.774143
6064.0,6.0811667,1.3145596,6.6804156,44.54071
6065.0,2.770687,0.49046776,3.0786762,135.76616
6066.0,1.1801068,0.11834689,1.493965,45.61462
6067.0,1.5083271,0.16018535,1.9075269,58.962208
6068.0,2.6243804,0.30176827,2.8700023,155.41682
6069.0,5.583335,0.6330617,6.022811,23.390465
6070.0,6.3839746,0.5868298,6.2105174,50.768417
6074.0,4.313437,0.63145214,4.774917,53.87332
6078.0,9.964439,1.0196356,9.707146,45.74663
6082.0,7.52768,1.3914456,8.124856,40.479412
6086.0,17.015303,1.6759356,16.869576,120.0055
6091.0,4.0226855,0.4215813,4.0120497,26.11297
6092.0,6.6392655,1.1590954,6.602129,45.79779
6094.0,14.4273205,2.4890058,14.179005,61.70468
6096.0,3.0923374,0.3754056,2.8720512,37.054092
6098.0,12.526349,0.95053416,12.642967,69.87787
6099.0,2.9537113,0.51837623,4.269597,42.328598
6102.0,5.444884,0.41814557,5.9505157,52.53483
6103.0,4.9621563,0.41422918,4.5780053,37.34248
6104.0,8.247479,1.3609627,6.979358,59.28303
6107.0,12.323516,1.1627011,10.836904,137.55975
6109.0,6.9325676,0.41772273,8.074409,67.49022
6110.0,6.9865675,0.71816343,7.40075,73.69194
6111.0,21.257687,1.3819194,19.908302,245.60522
6113.0,1.978183,0.27809167,2.026694,21.28619
6115.0,22.664227,3.030117,22.032116,181.73497
6117.0,19.569447,1.2694007,22.34385,114.704
6118.0,23.980616,1.5217459,23.38538,293.8959
6120.0,12.555715,0.72036016,12.489422,68.242775
6122.0,15.726392,1.345452,14.762668,135.946
6123.0,8.86132,0.78854626,10.802137,68.37287
6125.0,3.9522464,0.5571367,4.832313,118.27949
6127.0,8.400692,0.8306506,8.658941,103.90539
6129.0,16.229988,1.1220019,15.134297,169.34805
6131.0,11.910774,1.1102895,11.843798,72.293594
6132.0,12.474391,0.52507246,13.817963,202.62462
6134.0,24.94044,3.0158546,25.643291,120.03056
6136.0,10.6764,1.1279033,9.92895,84.89104
6138.0,9.3032875,1.4146563,10.205755,59.59102
6139.0,14.662737,1.7142344,13.322428,80.38307
6141.0,11.439087,1.0575954,9.442722,167.66817
6142.0,15.336006,1.7532556,12.007736,78.90045
6144.0,10.3249035,0.82774717,9.923788,93.887436
6145.0,19.26311,2.812626,20.649775,80.58552
6149.0,19.924341,6.8243775,19.97491,68.13963
6150.0,5.8775287,0.4792999,8.421047,77.41309
6151.0,8.842933,0.947009,8.792782,50.38704
6154.0,16.883871,3.2639265,15.485331,93.15937
6155.0,7.53633,0.8759001,7.702452,64.43884
6156.0,10.98086,1.2829647,10.064077,71.69352
6158.0,25.394798,1.8367379,22.032532,267.87625
6160.0,9.715339,0.86433077,9.17374,84.054565
6161.0,17.938269,1.4393686,17.922491,182.26662
6162.0,19.768953,1.7747451,18.691635,232.13321
6163.0,15.791869,2.2581568,16.140572,107.07465
6164.0,18.238098,3.5836089,17.26237,67.998116
6165.0,38.58691,2.1428604,39.544662,221.35703
6166.0,17.016516,3.1023536,15.1249075,77.60491
6167.0,20.55223,3.800611,22.42924,104.495224
6169.0,9.724143,0.768222,8.704703,92.477165
6170.0,14.495895,1.070691,12.797254,172.96208
6171.0,21.927113,0.8372693,21.140781,207.125
6172.0,11.586617,1.2470627,10.166708,80.6818
6173.0,22.977602,2.6382258,23.798931,90.76978
6174.0,43.21013,0.9061941,35.340088,258.81482
6175.0,25.906736,1.4010582,26.915483,214.7596
