YB,mean_pred,0.025_pred,median_pred,0.975_pred
1.0,54.475693,5.072957,80.83514,350.36768
2.0,102.30166,7.133673,104.74235,347.96515
3.0,63.743008,2.3509457,91.867516,787.9338
4.0,31.81908,2.97143,47.89316,299.78735
5.0,45.93155,3.7636592,44.58355,186.88823
9.0,145.82901,10.487911,167.63963,756.2645
10.0,127.138535,9.75181,154.17117,827.41156
11.0,126.65561,8.742708,117.440414,1106.5682
12.0,120.43499,5.760677,132.83347,690.1534
13.0,90.82217,3.1565268,108.247696,501.63565
14.0,73.42291,4.08657,89.48577,462.57156
15.0,101.705536,2.0872242,136.10245,466.41208
16.0,143.17737,21.957022,120.04551,474.3289
17.0,190.8125,10.422889,199.21649,801.15405
20.0,66.130615,5.264391,75.72605,303.77118
21.0,177.64957,8.757314,161.95483,796.9978
22.0,57.16233,4.2978487,65.499664,378.0463
23.0,114.32891,5.8687277,98.526436,1058.2968
25.0,115.381805,5.8687277,105.748955,1096.0148
26.0,177.0326,10.6171,174.83034,766.4416
27.0,94.0461,4.08657,100.967636,1050.7673
28.0,142.67673,3.0493925,119.54551,831.18164
30.0,223.92255,30.701612,243.65627,476.8075
31.0,106.52414,14.018448,96.13696,489.24738
32.0,40.91064,7.490996,59.73523,288.82904
33.0,104.58475,12.155596,111.53323,371.90955
34.0,169.52403,35.71813,184.89958,410.78333
35.0,105.68655,10.85847,107.427574,546.895
36.0,163.784,26.21611,188.87476,391.4416
37.0,120.53357,12.458299,124.95866,430.92545
39.0,28.37328,2.6275792,32.114265,150.78152
45.0,27.929962,2.4196165,28.610193,130.51816
51.0,24.614883,1.371102,31.698957,117.473076
52.0,48.38113,4.835999,56.478676,185.36833
59.0,54.092754,3.371395,78.06808,241.66377
62.0,26.65808,2.8474169,39.88043,270.67575
66.0,55.743538,2.5249186,60.480392,137.91081
72.0,63.803463,10.917153,70.570984,228.38278
76.0,52.76678,2.6338437,68.767815,246.46904
77.0,39.20767,2.2645335,44.6291,189.8672
79.0,30.569607,2.417338,36.819134,115.35364
81.0,23.712765,1.644328,40.384422,154.66621
89.0,71.858795,4.495411,64.690315,212.60146
90.0,65.89054,6.1884685,77.59973,412.57916
92.0,116.096054,8.004991,120.54438,452.8645
94.0,36.61663,3.809831,63.022316,239.36206
98.0,27.348207,3.4608114,29.44433,114.87844
105.0,7.9067864,1.1740507,17.527903,156.87128
108.0,12.583037,1.5824859,16.740604,117.60433
109.0,10.796481,1.5958008,20.695679,136.9505
110.0,45.959076,3.3814774,68.613045,221.40909
111.0,33.143715,3.3286345,42.295074,562.3322
116.0,20.128525,0.47025788,29.10803,350.88898
118.0,25.751593,2.667642,29.528437,116.457054
124.0,30.484472,3.48386,44.680565,471.98877
129.0,21.284143,2.0274167,38.15041,153.67429
140.0,53.87443,5.6116686,60.41496,165.39119
142.0,49.079407,4.336922,65.95797,334.716
146.0,39.803066,3.3198764,47.095325,189.05092
148.0,201.89221,11.887032,233.43402,872.9649
160.0,48.526905,2.6986852,54.700405,217.02136
172.0,14.331594,2.3508906,25.52632,179.82338
176.0,77.56085,1.9325682,89.66974,272.03983
178.0,22.519707,1.7068316,32.209,130.02966
183.0,21.549498,2.4431965,31.937304,98.75804
184.0,37.18632,2.8207989,44.050983,153.4301
193.0,36.201683,5.2502713,51.79824,389.5252
194.0,45.556515,4.0523224,66.24006,218.80934
216.0,69.0106,4.4769483,86.53058,432.35593
218.0,22.128006,2.5203016,29.10239,395.86487
219.0,63.63004,4.1690164,81.346306,362.1092
221.0,123.20134,10.490292,131.80585,705.86865
222.0,102.44107,7.446326,116.88315,701.68317
228.0,46.468422,4.2945104,50.652195,234.04881
229.0,83.99133,5.8426423,92.94142,790.9336
231.0,52.392406,2.5504074,72.32435,467.88742
233.0,43.796383,3.7381952,46.61134,132.84177
234.0,38.37132,2.9516494,47.068913,132.24667
238.0,31.471125,3.1985278,39.855053,410.2683
239.0,36.228928,2.5637317,58.869728,232.0877
240.0,16.455816,1.6537406,24.501791,127.39225
243.0,30.93845,6.2055326,40.50296,101.04417
245.0,84.32152,4.159077,101.225876,359.92847
246.0,93.311195,5.606664,111.68665,605.7529
251.0,69.45035,7.758374,76.53576,275.70734
256.0,58.76508,4.740615,58.77142,178.36035
261.0,54.70625,8.211119,58.34946,180.68098
265.0,114.74059,3.5188737,119.03296,520.7984
266.0,16.964611,2.633684,27.292814,212.36499
267.0,83.44078,8.774034,111.3458,700.64014
269.0,37.48822,1.6650842,48.139698,180.70702
273.0,192.9569,11.971292,151.85323,869.57526
274.0,155.26793,10.797843,153.71759,1101.9784
279.0,104.59238,8.290202,128.48413,506.428
282.0,97.73536,12.149274,97.90748,320.02734
283.0,204.8374,31.937166,188.60646,413.36166
285.0,70.91797,5.3173814,96.57437,657.2521
287.0,72.88426,2.8545096,98.90861,672.324
288.0,128.03804,8.901994,163.6974,496.49384
289.0,74.89165,2.9617934,99.22194,688.8386
290.0,47.146095,3.8351622,66.99417,337.66888
292.0,67.235214,2.133886,84.32928,425.05798
293.0,67.73357,6.9307256,86.629005,391.86438
294.0,31.332527,1.3903052,39.063583,257.9477
295.0,39.79677,2.5342934,57.63792,182.32475
297.0,35.472466,1.2389221,51.25243,196.47266
309.0,94.26277,5.448337,97.59057,625.864
323.0,66.825676,12.964507,60.648643,203.99612
325.0,44.994545,2.0934477,48.994164,264.37985
329.0,49.338604,3.9157906,75.376564,413.10495
332.0,63.245716,3.8606672,79.2572,250.95612
333.0,156.6212,13.468768,177.72879,477.991
344.0,175.88634,21.60681,184.91888,518.7408
347.0,74.98113,8.794327,79.77244,325.58984
348.0,46.014423,3.2377656,53.52667,209.85693
349.0,81.52735,2.5585122,67.58549,1494.9625
352.0,116.98949,7.997559,107.86573,239.27406
354.0,63.986057,6.504005,66.60106,306.643
358.0,30.73937,2.3496768,32.970802,104.59676
359.0,53.515675,2.8239665,82.058624,399.58463
362.0,62.793438,2.6243544,89.576996,364.16577
364.0,63.761223,4.3644466,59.180843,250.61806
368.0,18.128187,1.444126,26.80299,149.56912
371.0,143.24982,18.947634,154.64867,515.8403
379.0,99.53693,6.9221263,107.44982,421.02057
380.0,114.50311,5.8687277,99.813644,1096.1145
381.0,135.32697,10.017061,164.6893,1040.7562
382.0,121.23426,6.6761465,139.48776,993.2774
384.0,69.43309,5.8949876,62.51896,245.88918
385.0,65.90305,1.879005,111.99971,373.9513
387.0,51.805256,5.2307234,80.408035,433.26483
388.0,39.45813,3.333064,49.682583,170.78935
389.0,77.985214,2.3552408,94.99882,308.69217
395.0,36.20535,2.3124983,30.591845,152.12761
398.0,47.982037,4.7889137,48.612724,155.67723
400.0,88.0647,2.6956415,101.467445,1050.0114
403.0,20.772137,1.4374955,33.02373,97.49355
409.0,56.26334,1.9130015,70.717415,288.63736
415.0,26.926338,2.926761,31.015858,112.67906
421.0,14.091374,1.6290443,18.985035,190.64397
422.0,31.004381,2.0364447,46.382557,238.5072
427.0,48.06907,4.253449,62.269554,245.14868
428.0,19.87962,3.0443099,25.004612,184.57022
429.0,51.339355,3.7140348,66.386566,269.26666
432.0,30.017733,2.4976587,30.907661,458.54675
433.0,25.480606,1.9840021,40.523666,360.24628
434.0,64.60307,5.6340694,90.45739,342.34933
435.0,24.071896,1.9092634,43.50075,320.23203
437.0,30.764225,3.4597244,36.029873,99.894775
439.0,186.80606,5.0295944,125.53025,1758.4752
444.0,58.499645,1.531248,73.0254,347.00858
449.0,77.48936,3.6251998,57.416656,701.6709
450.0,33.516113,1.8100398,45.157497,376.2928
453.0,32.458244,5.847998,37.353516,123.35334
454.0,122.35921,4.402999,137.864,647.7823
459.0,31.096186,2.4150026,56.341084,221.27283
460.0,65.31487,2.6165917,84.03609,423.53387
461.0,35.39375,2.2387853,47.616062,260.22394
462.0,61.44832,4.662732,102.67464,358.10852
470.0,97.258415,3.4368234,92.554146,249.21603
471.0,59.587437,3.4699936,80.94429,328.51715
472.0,34.79845,2.5937257,42.69595,116.17623
473.0,21.64109,3.9666257,32.872913,219.01602
483.0,186.82088,3.1301765,155.02328,1766.7302
484.0,34.2745,2.1194644,39.850582,122.31727
488.0,32.670578,2.1016285,51.80978,235.96976
490.0,68.58763,1.8370434,91.55672,743.52466
492.0,75.99855,7.0489283,102.90151,472.43912
495.0,19.032337,1.1293595,33.09596,438.4395
500.0,40.41458,2.263774,48.73602,157.18614
501.0,26.871452,1.2427886,41.612713,416.34653
502.0,66.93883,5.643662,73.934654,204.39795
506.0,30.029188,1.6283209,45.94675,157.77306
509.0,61.459778,8.543629,73.96727,211.21483
510.0,12.183108,2.1540105,16.792128,120.67988
512.0,28.87503,5.6387224,31.494267,151.84764
514.0,20.999617,1.8796496,24.679893,92.50583
517.0,70.05081,3.8451142,79.65601,276.88358
524.0,29.980682,2.8949792,47.506542,229.63376
525.0,86.81678,18.437643,73.13439,377.30502
530.0,29.892677,1.8790624,41.041073,265.01382
532.0,42.592777,4.687335,38.34116,101.26203
536.0,26.358152,1.406622,35.94867,134.27948
537.0,33.650936,2.2370734,52.849407,158.16582
539.0,33.85855,2.9945676,46.027817,170.42993
550.0,51.75945,2.8335564,61.914585,191.04056
565.0,18.152422,1.0451229,32.346645,103.41372
571.0,43.864876,3.810735,58.71425,280.83594
572.0,84.22713,22.416323,85.04918,290.92493
573.0,46.661144,2.2931716,49.835587,132.8015
575.0,134.87358,12.719385,116.75219,784.3355
576.0,69.62917,2.664248,87.627045,551.99243
578.0,34.057644,7.172262,35.692715,124.1842
585.0,63.656654,2.3159885,78.20175,299.46704
589.0,74.45462,1.4661974,91.107574,605.8442
590.0,87.06196,4.199083,111.91046,479.55002
593.0,24.275108,1.8734841,37.7065,134.36237
596.0,42.509586,2.3432868,70.810875,229.88905
602.0,34.383533,2.0070343,48.739414,199.64148
603.0,94.522964,7.2497816,102.90514,445.20572
604.0,31.542515,1.2052042,71.06867,257.56973
609.0,54.333828,1.8911891,66.2052,685.80835
610.0,44.530827,1.7891687,49.7146,133.06949
615.0,35.43601,5.9107985,43.215237,122.9273
617.0,15.520737,1.1417363,23.367735,77.48832
619.0,23.896145,1.7759281,33.792744,348.42108
620.0,20.94475,5.842618,23.264858,105.708786
621.0,4.6896954,0.45123425,9.860657,92.300026
624.0,20.437616,1.6205498,35.536995,513.13385
625.0,28.237915,2.0805466,41.198765,154.6797
627.0,23.049536,2.5806677,42.406586,170.29962
629.0,23.66093,1.405326,35.341522,268.00604
630.0,33.575443,6.633979,41.70513,141.96233
632.0,25.455074,1.7730937,41.05564,157.22572
636.0,14.349503,1.3206673,25.659096,78.54459
638.0,12.389478,0.8498398,24.079834,114.373405
639.0,25.568848,1.3760371,42.31671,128.75165
642.0,35.225918,1.5471846,35.16827,576.2099
644.0,23.71962,1.5252709,46.503265,168.55597
645.0,38.18111,3.2484334,45.33587,201.42357
650.0,113.97858,7.819587,101.16435,1083.1874
654.0,57.987827,4.5147133,104.95559,342.2243
655.0,62.827644,10.918783,66.9674,309.07852
660.0,100.66962,9.611835,112.74189,264.04434
662.0,62.27389,3.7885387,77.2983,265.26794
664.0,72.69805,6.1289062,86.46174,334.57513
667.0,43.713814,3.8969874,69.59505,250.91042
669.0,61.19405,1.2867709,92.534996,480.8669
672.0,122.19613,4.302537,105.85486,728.227
673.0,10.901836,0.7635205,21.712343,121.680725
682.0,93.14276,6.841666,111.14264,332.54495
684.0,64.6834,4.2453923,83.35098,363.2665
692.0,97.88718,4.039412,103.43946,1029.4205
695.0,122.85333,8.281524,111.54939,1076.8658
696.0,43.47024,12.109478,46.92568,131.33075
698.0,50.276127,2.4862313,51.956547,196.01312
700.0,53.729164,3.2777252,56.098396,159.57684
706.0,74.70811,4.9810624,87.99686,586.40045
712.0,48.426388,6.081227,47.39043,157.7806
713.0,29.50269,7.3794656,44.334053,313.00217
715.0,107.8487,7.086168,108.98947,488.52097
717.0,53.364315,11.002273,55.639755,679.894
719.0,26.972387,3.3820214,39.129986,325.13727
731.0,48.785156,12.426087,54.61734,346.92337
734.0,100.45479,23.02483,92.09638,372.9731
735.0,73.394806,16.680748,70.83131,211.72807
739.0,35.335228,2.5207143,37.733906,335.42557
743.0,55.291573,5.58427,69.65451,296.48117
749.0,88.788536,20.399673,80.5861,407.58038
751.0,54.960808,10.4374275,63.01393,287.30542
764.0,18.015041,1.1486535,31.593819,128.7179
769.0,149.1032,3.0017536,108.73102,739.9948
771.0,21.40763,1.7481518,30.641335,265.01132
772.0,85.77661,19.114994,82.64183,354.09644
780.0,38.602783,5.036743,43.257504,237.52377
785.0,25.304905,1.2871314,29.19479,303.82852
787.0,23.4488,1.9836617,40.582645,282.0724
794.0,67.63648,6.350647,70.57815,271.147
797.0,92.354614,14.827749,103.77572,492.22437
801.0,145.40433,11.0544615,117.96547,519.4343
802.0,35.362762,10.275666,35.864002,120.76587
803.0,38.92251,5.0963316,48.350285,390.4394
807.0,65.38708,14.073124,62.379124,271.2074
808.0,32.548573,2.753642,42.514595,549.6354
813.0,98.56454,6.9388385,107.05071,420.08826
814.0,69.051575,5.299747,64.03844,260.1538
815.0,88.862915,5.3117247,102.96473,404.89713
816.0,60.32098,5.3706155,91.54502,372.07416
817.0,73.03034,2.9266326,64.95004,269.22684
819.0,70.379234,24.421242,64.514915,265.86377
821.0,39.06053,1.6141075,46.282047,183.00774
824.0,49.67177,3.6301677,67.61343,277.53735
827.0,52.14766,12.402882,54.57203,189.98569
828.0,35.240173,3.292613,40.88072,108.09744
832.0,103.07147,6.1789346,125.97548,462.19516
838.0,41.72429,3.2181373,49.40224,167.21307
839.0,88.65941,3.94511,94.11572,417.08972
843.0,19.252789,3.01758,29.903097,235.85432
846.0,104.92445,5.7181873,118.39714,530.72485
849.0,55.443005,3.5316153,77.80647,513.11255
851.0,18.593298,1.7271836,28.570402,315.18536
854.0,71.53074,5.7970967,99.62316,687.4755
862.0,79.417305,8.724009,76.173164,230.3209
866.0,78.31758,26.189821,56.802525,285.7269
870.0,61.08961,3.6234186,75.9432,213.74245
872.0,48.344463,11.436854,51.05935,151.88625
876.0,36.535583,10.96784,44.9069,150.19318
878.0,92.49445,24.258444,97.75769,416.0054
888.0,65.44,5.113255,64.69481,205.61176
889.0,166.25781,20.37369,128.55693,648.72906
891.0,19.1668,1.3642315,21.575203,90.54093
895.0,177.37439,16.125593,158.72429,1136.3751
897.0,101.09149,2.4200046,112.96747,582.5369
899.0,61.430035,4.479787,57.23196,263.98492
903.0,73.142,3.5257955,90.49454,293.19812
904.0,85.0435,21.595032,85.04906,268.4459
905.0,72.32438,1.8409768,98.98679,603.6843
906.0,92.901726,2.7231705,99.90682,536.993
908.0,173.05135,42.276028,183.28186,503.81686
909.0,35.1542,4.7726364,75.879265,473.8707
911.0,251.8815,34.44408,178.8249,823.66797
914.0,58.126133,11.052554,66.39665,209.68527
915.0,119.3925,8.034477,140.42862,643.36334
916.0,41.107277,17.653473,39.64397,149.7201
918.0,65.18816,11.695973,70.24583,205.99911
924.0,38.304703,2.8471913,62.26655,382.50604
926.0,38.3194,1.8622848,49.768997,132.17183
935.0,39.650734,1.4804443,47.11026,519.0033
941.0,195.348,20.252382,144.67395,514.81854
945.0,113.290535,6.1300864,126.62131,451.08176
950.0,29.907732,1.3984684,37.712578,133.51015
952.0,115.82814,6.7389565,141.21014,427.71332
953.0,27.569715,1.568318,38.243977,178.23665
957.0,72.467575,4.7666545,89.29183,264.0597
963.0,31.760334,3.230735,37.12208,527.49225
972.0,35.87028,7.9450026,38.897552,168.47955
974.0,83.815056,11.502903,86.022545,200.39313
978.0,55.561016,3.242275,82.18539,344.80368
994.0,62.244022,12.651,65.57001,222.64914
997.0,53.099384,2.8737516,53.335266,291.03412
,21.81607,1.1455431,40.017765,168.46718
1000.0,32.16228,1.7224818,40.303722,546.33417
1005.0,41.80896,2.1616504,45.16969,216.28592
1006.0,26.019562,0.7997279,59.9774,278.3972
1012.0,217.95203,51.867435,241.827,462.49942
1014.0,100.51344,7.44876,140.31482,334.72052
1022.0,36.052914,2.6250825,32.86988,302.31476
1024.0,61.183224,4.5092583,61.85669,235.64098
1028.0,27.075409,1.7788217,34.5868,100.70164
1031.0,50.308952,4.181283,56.193657,216.71786
1033.0,54.443554,9.956229,61.29971,272.22485
1034.0,109.13472,16.028433,126.09351,457.6151
1039.0,17.069738,1.6429924,20.161001,444.0598
1040.0,45.472416,3.6438382,67.67545,187.96748
1046.0,80.14525,13.680812,80.18921,340.21863
1048.0,31.54151,2.5834665,47.743233,169.02914
1057.0,94.11635,26.43243,85.35454,203.65709
1060.0,65.77578,12.952099,84.32296,191.83519
1065.0,38.24608,3.534214,41.18931,140.49393
1067.0,110.11647,21.739992,111.53685,305.36157
1077.0,98.75733,5.141075,101.5974,527.0726
1089.0,50.31986,10.770373,46.548615,163.42972
1092.0,88.37481,2.834222,103.56433,410.48294
1096.0,66.99727,2.6572952,82.46732,213.78792
1098.0,187.83846,47.170654,217.85382,437.5567
1101.0,40.92572,6.8778067,51.41062,524.2022
1102.0,132.26949,8.870982,121.473946,536.55194
1107.0,57.155407,3.0218284,57.044754,186.54437
1108.0,19.512934,1.0947309,30.814465,180.82785
1110.0,31.391136,5.7192354,42.05667,97.404106
1115.0,90.72063,13.538554,102.121086,301.09708
1116.0,32.13683,1.3225105,42.881866,125.15263
1118.0,52.42293,2.3193042,50.245277,497.9289
1121.0,45.442364,3.1452045,48.089527,147.07483
1125.0,43.61083,5.7974954,55.03744,525.8197
1130.0,61.98492,4.6318517,69.94493,256.59003
1131.0,95.81035,9.49083,93.970116,357.09613
1135.0,69.57945,9.400559,81.629814,244.36942
1137.0,38.02672,1.4194615,55.08452,263.96088
1138.0,51.198486,8.328229,47.35465,663.5802
1139.0,44.93227,2.7792654,76.47013,355.26392
1149.0,60.25667,4.385626,63.934517,194.97243
1151.0,346.59464,27.628527,299.334,1667.8881
1157.0,69.02294,2.8475456,80.40113,334.9477
1160.0,34.167805,1.9701575,44.36456,464.77347
1164.0,21.334148,2.5569053,26.839285,171.94781
1167.0,60.64234,2.0223916,65.72985,189.99872
1171.0,89.541084,3.2220993,94.74521,466.3761
1176.0,35.959854,3.6704457,35.81459,91.885086
1179.0,31.654284,1.3587552,39.773167,159.55081
1180.0,42.640064,2.2465632,115.0694,480.0337
1181.0,53.395992,4.4860945,53.46928,211.30368
1183.0,63.04444,12.560901,70.50613,276.51874
1184.0,45.120575,3.7955542,54.927906,344.6761
1185.0,62.47602,4.9561615,74.101135,573.0446
1189.0,15.512917,0.5731741,29.467539,168.13855
1193.0,12.09634,0.8428675,25.105108,376.6728
1196.0,82.90632,4.90088,87.85645,217.80989
1199.0,118.20162,13.49314,122.34229,432.6306
1200.0,76.96761,7.432351,111.824196,652.37335
1203.0,82.95915,11.408343,96.39333,320.1809
1205.0,126.07854,5.290596,98.81098,298.37848
1206.0,57.635715,3.832899,59.96156,177.40907
1212.0,143.00508,9.578731,139.45396,504.86755
1213.0,86.35527,5.097274,92.15372,374.1208
1214.0,32.928333,2.72437,38.679626,362.5826
1231.0,79.70852,6.6321144,113.64954,379.98352
1232.0,178.88033,32.729687,141.29219,554.7522
1233.0,35.704563,1.4097506,45.59379,225.02234
1235.0,46.52225,2.4723945,45.277477,241.8744
1239.0,158.59373,19.321236,146.67192,465.86575
1240.0,73.42536,3.1038704,95.30185,468.88574
1242.0,68.86639,6.292476,121.96142,431.41974
1245.0,59.847992,15.259865,73.00234,353.38562
1248.0,52.729916,4.6142898,46.69033,174.9973
1250.0,44.99879,9.683161,50.683807,121.779
1258.0,14.449575,2.1966183,22.38201,119.928505
1259.0,23.882603,1.8809125,37.551785,121.79456
1263.0,15.49513,1.519203,25.039038,207.64774
1266.0,10.929339,1.752464,15.384154,89.65126
1268.0,32.548416,1.4986078,47.487907,439.96796
1270.0,6.7313924,0.7810328,17.326172,102.34977
1275.0,35.881615,2.6973379,46.049618,184.17934
1277.0,86.15283,6.640949,116.5585,454.74753
1282.0,88.477776,2.6221688,115.142555,483.77142
1297.0,73.30726,13.440636,77.1711,239.37596
1300.0,43.821453,1.3708905,56.584583,201.74248
1306.0,86.68209,4.7956667,111.07293,432.8704
1312.0,43.78078,1.826408,55.975006,325.6381
1314.0,25.743105,1.498108,36.16715,102.24489
1320.0,48.639763,4.1621537,75.6797,271.76974
1321.0,26.323923,1.1646864,62.69187,295.94797
1322.0,73.39159,15.986261,83.07882,404.2755
1324.0,95.47329,4.0573063,101.691864,1050.0114
1325.0,59.14885,4.0521164,71.52386,222.8924
1330.0,42.354053,1.800436,64.15182,243.41403
1331.0,29.074213,1.9203635,46.22912,314.78677
1338.0,86.46475,3.675682,115.58483,343.78284
1340.0,77.70808,4.9276485,107.17595,466.66837
1342.0,72.6539,2.2137454,94.603775,435.21927
1348.0,26.33194,1.5383514,38.805748,125.08419
1350.0,61.370716,10.746737,60.910904,221.59467
1356.0,35.07495,6.7082705,35.529346,111.24407
1362.0,26.21491,3.176688,25.672968,137.4091
1363.0,42.616066,2.1706817,52.39507,171.6543
1366.0,32.426678,7.6197963,33.177387,99.156944
1368.0,109.7735,13.3772335,131.93443,404.49225
1382.0,60.516163,8.932333,67.30883,306.91623
1384.0,40.731236,2.5990703,71.06802,387.85916
1385.0,47.72648,10.042599,51.431915,178.31918
1387.0,38.022457,2.290009,63.122253,384.7768
1396.0,67.26282,8.076065,80.65795,642.63275
1399.0,32.464645,2.2008784,47.38649,133.90288
1401.0,40.95656,3.9918652,44.695316,622.57947
1402.0,21.718052,1.2817245,30.860931,82.8924
1408.0,45.7438,3.33557,47.945885,120.42718
1410.0,60.23452,3.1654747,75.28687,186.29263
1412.0,63.218735,3.7491891,77.58892,282.87045
1413.0,11.90202,1.2077559,23.844187,81.30815
1416.0,37.394062,2.0199647,61.47666,240.04591
1418.0,43.913517,2.729397,50.03666,196.66022
1431.0,77.21361,7.435596,111.20011,429.67755
1435.0,7.4016767,0.606457,12.193025,95.124504
1436.0,85.9303,5.235706,97.85885,256.0475
1442.0,30.712332,1.95298,59.593266,310.05646
1448.0,45.95792,2.381501,76.02643,266.808
1449.0,73.357475,4.0573063,89.96199,462.23883
1450.0,119.3428,8.277558,139.05464,478.25363
1452.0,68.881035,1.4661974,85.685295,436.7781
1453.0,5.9760985,0.7358017,12.199034,98.45556
1458.0,11.512242,0.95451474,19.018469,127.63589
1459.0,34.474773,1.7687659,46.828922,662.7972
1461.0,40.545208,3.1392465,53.14403,211.23718
1463.0,35.06337,1.8486949,43.6926,135.37492
1468.0,42.096516,3.006351,60.72006,246.06769
1473.0,14.25954,0.9796654,26.274672,86.955696
1474.0,76.56923,13.703409,86.38901,343.20514
1485.0,30.41752,5.8463964,39.056366,168.54471
1488.0,18.43544,2.0550444,26.57904,84.439125
1489.0,89.82063,12.381832,88.9147,388.21405
1492.0,6.7326565,3.816473,7.4956203,109.21536
1494.0,38.950768,2.468506,44.341724,157.53386
1497.0,20.814865,1.6216836,34.56742,140.66827
1498.0,30.822172,1.6861647,46.884914,353.1052
1499.0,20.240772,2.4159508,30.238884,111.87966
1502.0,44.07666,3.6759999,56.28878,181.50261
1512.0,36.39435,2.9498267,46.349087,176.75543
1514.0,14.498215,0.7925391,15.416088,118.93934
1516.0,39.90465,7.306334,47.844467,138.23907
1518.0,35.815483,2.143549,38.202583,429.34247
1523.0,40.870266,8.314437,41.920113,135.06741
1524.0,32.20727,1.6063093,53.28473,210.16505
1534.0,66.45668,3.2175326,81.224915,290.7588
1535.0,62.096184,4.4077797,73.903244,368.29352
1544.0,51.714664,2.503065,74.097885,211.25601
1549.0,81.261795,2.8653557,105.75582,562.7488
1550.0,18.250383,1.9473199,28.34561,85.20595
1551.0,40.457832,2.2641962,50.94592,205.02493
1553.0,59.109207,3.5517895,62.350994,236.75961
1554.0,61.548668,2.4549766,73.09768,208.60562
1567.0,32.887466,1.7384223,43.830353,112.627174
1583.0,18.283072,4.3814907,24.251719,108.810165
1584.0,19.021452,0.8624671,16.94119,88.53584
1585.0,52.28275,6.814342,68.63985,157.87738
1610.0,31.310246,8.869214,33.217316,86.90421
1614.0,22.044605,5.655422,28.831942,85.05308
1615.0,34.060364,5.9081798,36.074234,128.73605
1624.0,88.28496,3.9774008,110.156944,565.77893
1626.0,8.815111,0.9244298,17.419758,83.88519
1629.0,38.92885,7.309828,44.79807,196.6726
1632.0,18.516275,2.049002,25.710768,86.63966
1642.0,27.2291,4.448893,36.190422,88.376236
1644.0,40.89087,2.381991,54.23182,168.7307
1646.0,40.660824,2.6661253,42.04228,135.5377
1649.0,33.355186,6.2219377,39.994354,94.63437
1652.0,25.56063,1.5871899,35.188984,129.03185
1655.0,50.422432,9.577645,54.942127,171.33667
1674.0,28.03552,2.4713058,30.080635,92.62068
1682.0,24.452108,2.5872886,42.152252,133.01062
1684.0,41.717712,8.375298,46.51372,132.593
1686.0,90.20348,15.629829,89.24654,249.46678
1690.0,33.28048,3.5488505,38.476074,91.14943
1692.0,64.458176,12.242743,62.92413,183.17892
1693.0,129.13345,19.59004,134.15002,489.8412
1696.0,78.96094,6.6377263,84.55577,289.0595
1698.0,17.22353,2.2808151,24.123196,145.76477
1700.0,79.69438,20.104813,70.87442,193.4924
1703.0,23.998661,7.086676,24.826193,93.24101
1705.0,14.755745,7.2162304,11.944303,87.413704
1706.0,41.75893,2.8211913,50.93983,157.10184
1707.0,25.70584,2.1498048,27.534222,102.33209
1709.0,31.357662,1.5361972,35.223362,335.71567
1710.0,29.921747,9.154341,32.5496,114.07291
1712.0,34.553406,7.206558,37.72658,244.08586
1718.0,32.813087,10.952185,33.632908,106.89778
1721.0,21.293844,1.6037918,31.821924,87.29075
1727.0,24.521133,1.28701,35.736706,90.533905
1730.0,79.60099,16.176636,83.5613,224.6108
1733.0,15.6066475,1.5227242,20.395712,124.53982
1734.0,7.0625954,0.56847924,10.238259,121.96608
1736.0,39.96147,7.054225,43.481987,140.25743
1742.0,49.543743,3.2566571,47.99898,150.09732
1747.0,36.627937,10.73706,35.858215,87.210075
1748.0,45.468376,10.170791,49.421207,140.88516
1749.0,42.871296,4.386953,46.40443,162.16039
1753.0,89.54903,3.0312064,103.3183,486.39862
1762.0,68.191414,2.2400482,76.29149,392.31815
1763.0,47.657505,14.02999,53.330715,200.09999
1764.0,95.71423,18.879444,97.987015,272.40628
1765.0,62.535126,13.776426,57.278942,153.11
1773.0,63.638752,4.8167186,71.66044,369.10205
1775.0,31.75027,4.270715,33.280296,107.538185
1777.0,35.33237,11.494852,35.633137,129.34583
1779.0,18.015379,1.7847493,25.348612,85.42302
1784.0,5.2507677,0.42310613,9.761461,86.663414
1789.0,17.160355,1.0628502,25.742264,210.57654
1796.0,70.16845,5.301774,99.435684,695.20325
1803.0,32.35618,2.7157044,42.56631,107.21704
1808.0,35.92437,2.6462877,38.6873,239.13411
1809.0,37.249184,2.1478045,42.568237,159.29805
1811.0,13.964068,1.546868,24.736574,134.8224
1814.0,37.586998,7.791582,42.90128,191.7814
1815.0,29.20315,0.88437504,53.90096,274.32437
1817.0,31.432741,4.1069484,40.274475,106.06782
1818.0,21.441036,1.507803,23.647617,90.885376
1819.0,24.91585,4.151346,26.033644,98.80457
1823.0,5.6769576,0.5675983,8.893655,116.29474
1828.0,10.569734,1.8617241,21.265848,169.22067
1830.0,26.308266,3.1562934,35.46648,445.69064
1832.0,79.08883,4.955307,88.28409,507.8216
1834.0,54.385136,2.933202,62.01913,343.94388
1835.0,26.561039,8.683488,28.634401,80.733826
1837.0,63.232,4.6202245,78.37859,399.4063
1841.0,47.582367,3.482794,67.84525,251.00063
1842.0,47.946266,9.426247,47.67243,352.47318
1846.0,9.572392,10.301966,10.694448,131.2992
1847.0,20.145193,14.494846,15.957539,190.91444
1848.0,38.522297,11.993095,32.90932,122.865524
1850.0,21.614223,11.045642,20.235315,125.92834
1851.0,31.046175,8.947938,39.205322,104.003044
1853.0,46.002083,5.384751,43.34788,191.74146
1854.0,118.216385,19.59004,116.583954,443.86542
1856.0,54.58061,17.604671,50.960304,153.50276
1858.0,11.016937,4.890802,11.22708,102.012405
1859.0,16.273464,2.023103,25.235151,202.69168
1860.0,29.217152,2.809229,34.642654,114.46375
1862.0,22.739418,2.2154307,28.434084,102.14358
1863.0,92.1476,9.068136,115.319374,350.28717
1866.0,35.360737,14.538578,34.192017,127.305664
1868.0,41.175644,3.4579792,46.356346,151.30016
1871.0,71.94403,16.320599,67.0454,221.97018
1873.0,25.403803,2.724412,33.384182,98.1069
1874.0,23.12725,6.67478,24.011366,105.62886
1875.0,18.659122,2.5505202,25.021599,208.70493
1879.0,17.85797,0.9684813,24.73568,322.19714
1881.0,17.019981,2.9859536,24.809258,144.60587
1888.0,26.339394,5.248459,27.697641,106.635445
1889.0,29.62239,4.862964,31.636292,92.88543
1890.0,15.411119,1.678092,20.730923,94.36175
1895.0,14.470654,1.3677021,21.990925,96.8744
1899.0,38.179356,5.2052164,31.159908,127.99048
1900.0,35.323536,9.607627,41.648335,124.41263
1915.0,122.77927,12.827113,112.86495,1072.5984
1919.0,7.105091,0.6708528,11.375154,130.9832
1922.0,29.954163,1.6577425,28.94488,86.75757
1925.0,25.574888,10.846091,29.49496,123.25727
1927.0,25.514776,14.618699,26.753975,112.92546
1932.0,46.49229,4.435401,64.14106,290.83142
1934.0,60.015453,3.8680303,76.61737,327.48816
1935.0,32.434017,2.096974,41.09129,152.04095
1943.0,17.993303,3.0459483,26.416409,100.822044
1944.0,13.6911545,2.1622694,33.70411,451.69022
1947.0,56.235626,4.5510755,60.22375,245.7941
1951.0,46.59138,2.100142,64.14336,208.74036
1955.0,33.497723,6.2699766,30.615187,180.213
1958.0,56.65329,15.337881,45.87093,156.60342
1959.0,61.658592,4.129482,59.109825,202.13237
1961.0,33.7274,6.395965,46.49678,191.39459
1965.0,18.232151,9.626951,16.412054,82.712204
1967.0,16.438536,3.0357602,25.435751,131.04076
1970.0,27.8442,0.85771227,33.334747,168.76048
1974.0,24.929333,10.830205,24.10412,103.25226
1975.0,13.266082,1.6184354,21.16828,86.24647
1980.0,19.97344,10.1072855,22.473808,131.1028
1981.0,27.262203,2.678295,43.179718,203.59564
1985.0,77.39903,20.509083,65.81816,224.80013
1988.0,49.132614,9.155582,54.077797,429.31952
1991.0,15.604723,1.9445416,18.892023,133.32603
1993.0,40.479618,2.8264968,41.47495,266.80557
1995.0,12.748553,4.697323,8.604416,96.34012
1996.0,18.918438,0.75496805,34.14587,208.49794
1998.0,25.316334,10.990547,25.672455,97.55177
1999.0,40.81936,3.0961158,45.57264,113.67571
2001.0,18.01273,11.181636,15.832664,223.53229
2003.0,128.97255,19.59004,133.37099,469.07834
2006.0,28.103909,1.7100787,56.797924,254.87178
2007.0,21.02677,3.8116164,24.12492,117.50449
2008.0,56.275463,4.844841,51.239235,129.91208
2011.0,4.8554645,0.78312933,9.619417,113.235245
2013.0,15.740512,1.4489338,35.31038,131.01982
2014.0,7.5178533,2.5648537,8.44604,112.96494
2015.0,4.325745,0.47522137,8.925428,144.09357
2021.0,10.897263,0.41598612,15.2707,101.48531
2023.0,9.783423,0.44223785,16.788961,84.17361
2031.0,53.943188,1.9656138,54.79462,280.3977
2035.0,138.83586,24.481596,148.18454,390.17212
2037.0,22.609745,2.2322922,26.639177,127.36439
2039.0,12.946535,1.7380605,19.558992,194.65842
2041.0,32.169544,2.6998026,32.386696,100.214386
2043.0,72.4237,12.512097,87.013435,258.39703
2046.0,15.367249,0.5439752,23.00614,103.317856
2048.0,5.891269,0.84415245,10.695096,91.087906
2049.0,8.54512,6.034733,9.689618,121.63815
2053.0,160.62033,13.789638,159.59906,466.3505
2054.0,2.9673347,0.53891796,7.585962,88.9388
2058.0,23.092112,0.98834413,29.631897,106.757545
2063.0,111.14212,5.5795007,119.67298,520.9974
2066.0,24.624346,1.2395456,32.912495,91.37794
2067.0,14.8980055,2.0481496,26.323912,348.2392
2072.0,122.41161,11.322781,109.13555,1038.3619
2073.0,92.63959,2.9686117,115.49674,394.31424
2076.0,39.116886,1.1717697,93.63724,787.94727
2079.0,158.35892,18.715796,143.7884,481.88672
2085.0,74.70059,2.6943803,100.260506,481.19946
2086.0,99.56123,11.376211,100.486694,396.6452
2087.0,16.464664,0.92758363,27.65251,141.51233
2088.0,41.32959,1.7518746,57.465763,199.59521
2090.0,40.685066,8.817411,44.911823,175.72151
2094.0,56.469086,10.779319,59.589596,152.54259
2101.0,47.081112,10.333123,50.33942,148.89774
2113.0,9.243907,0.2921414,12.571428,100.64778
2118.0,47.68313,2.877464,56.986523,222.16258
2126.0,10.547181,0.94779116,13.244671,110.0465
2129.0,14.826305,0.96507317,39.838444,196.3393
2131.0,20.655344,4.756386,22.85003,106.153984
2132.0,10.342147,0.7897112,31.04616,183.57085
2138.0,27.93024,5.3686504,32.29785,135.76875
2139.0,43.943882,7.2299814,47.074,132.24283
2141.0,60.559002,12.031409,67.304085,329.87936
2144.0,69.18483,14.946439,76.93807,186.72075
2149.0,12.188002,0.71243,25.461355,313.599
2152.0,38.60959,5.4751153,43.270576,139.27827
2154.0,12.886917,0.5875,23.058456,199.69563
2159.0,42.281162,3.7228603,74.425934,437.1338
2160.0,26.276642,1.3633921,30.295649,101.98731
2166.0,50.306942,4.2169614,64.13075,233.89062
2167.0,6.0380177,0.63821334,8.4133625,118.86155
2168.0,4.45122,0.7644867,5.2632494,80.9108
2169.0,11.748281,0.65724504,18.943138,87.77107
2170.0,18.798796,1.4676125,17.826286,92.44701
2177.0,27.612545,2.8473244,42.751976,366.29883
2179.0,16.963055,1.5879269,40.644382,161.02977
2181.0,40.354645,8.670759,47.220226,204.29573
2187.0,22.966572,5.552971,22.978626,97.12958
2192.0,18.24521,1.7597865,26.68609,151.7304
2193.0,7.7814918,7.038904,9.542431,148.8875
2196.0,50.863136,3.7946033,60.986,178.35992
2198.0,26.254772,2.4818394,30.41186,402.02347
2206.0,45.65717,4.511928,60.474625,229.58682
2220.0,69.02196,14.2724905,63.25918,232.96999
2225.0,37.37377,1.823109,39.694626,138.16698
2226.0,7.619053,0.8772653,19.320522,106.06818
2230.0,29.610811,6.6821856,47.8751,183.9249
2235.0,20.123514,2.8974793,25.32266,125.07818
2236.0,17.157675,2.226726,23.815388,91.519875
2237.0,16.733562,3.306189,16.827404,119.15744
2239.0,66.37564,4.8214235,75.943016,447.8752
2242.0,66.95942,6.4000893,61.83961,230.87212
2244.0,7.04757,0.6402269,9.259434,123.44566
2247.0,12.311926,1.1165863,20.433315,90.466286
2250.0,21.852833,3.4385796,30.075369,198.79222
2255.0,31.098354,3.8232288,31.354118,160.95921
2258.0,108.480576,24.913136,103.77303,705.62067
2259.0,12.0858555,0.630729,16.59094,83.83309
2262.0,12.009311,2.5587506,15.18295,98.89531
2265.0,38.442642,5.9422545,40.544987,148.60124
2271.0,75.72229,7.8827734,68.18043,271.7165
2274.0,34.006836,3.999585,46.902893,325.78705
2283.0,10.95095,2.5080016,14.428573,92.48999
2285.0,82.959465,18.769812,72.34821,271.83002
2287.0,42.419914,3.4417453,59.033974,283.26904
2290.0,42.328102,5.080132,39.083744,125.634865
2296.0,29.238258,3.87207,29.933712,152.54768
2298.0,7.8420215,1.018995,18.122538,105.49557
2308.0,17.150427,2.210821,19.975529,94.128204
2311.0,15.614556,1.8888397,24.043694,78.84764
2318.0,10.878573,0.8173214,14.618375,127.72843
2321.0,5.1546855,0.6966366,15.700006,88.92942
2323.0,9.136801,1.2306617,24.225122,89.087265
2330.0,32.139923,3.1489818,38.91648,177.67168
2335.0,25.430428,2.7035007,35.048744,99.75303
2339.0,11.605656,1.6120462,12.683977,91.1705
2341.0,6.4107113,0.9014863,11.144059,115.01985
2343.0,21.634243,5.810351,20.373213,102.043686
2348.0,24.923212,2.8783047,33.12579,123.19757
2349.0,26.81767,1.9332412,51.068943,233.27899
2352.0,31.820671,3.0394926,36.139446,103.18704
2356.0,13.707819,5.0249076,11.308827,163.57047
2358.0,7.35456,6.32233,9.460774,141.52489
2361.0,20.274334,8.074541,16.225586,115.33857
2363.0,6.754983,4.796848,8.502387,115.30025
2364.0,30.932076,7.1423054,28.5052,98.435745
2365.0,15.233811,2.0329654,14.637292,127.41588
2369.0,44.319977,3.4705722,51.965157,194.49365
2370.0,26.938948,5.795354,25.999136,121.76582
2371.0,17.525291,4.7548084,19.488426,87.71772
2372.0,22.094717,7.6919994,20.776648,124.79996
2378.0,13.070465,2.1842153,13.611233,195.99301
2379.0,17.4791,4.771086,16.07825,84.150764
2381.0,13.667459,1.9941977,14.28003,121.07129
2385.0,54.873505,4.8201466,57.977158,189.39069
2386.0,31.935078,3.1928446,40.84299,170.6084
2387.0,10.889243,4.7622404,9.545892,92.88817
2397.0,13.131324,2.8592505,13.218178,100.02347
2399.0,5.217912,0.515328,15.420194,143.53363
2402.0,44.334805,4.19363,62.157036,202.53835
2404.0,53.15048,3.5223782,63.479458,203.9753
2413.0,67.05742,2.618695,54.088978,784.93225
2415.0,26.680893,1.7123414,43.200825,162.40894
2417.0,56.967503,6.936115,76.54832,321.07666
2418.0,18.594257,1.1774203,33.693867,135.66475
2419.0,28.084364,1.5201638,34.733448,266.2329
2420.0,37.6939,4.334886,76.00156,447.34888
2421.0,63.530113,4.253144,80.29971,270.41232
2422.0,16.454063,1.1764677,23.687151,133.15538
2423.0,40.305595,4.1689234,59.824707,278.00415
2424.0,103.28288,7.8841066,118.79587,497.6925
2428.0,20.810608,7.6100645,23.793283,135.72984
2429.0,87.37054,5.0302997,107.10289,458.7974
2433.0,42.295265,1.852077,66.757706,388.87625
2434.0,59.995167,3.9367042,86.13916,401.1185
2435.0,57.088783,3.850077,69.81511,293.76855
2436.0,23.526758,1.8025353,30.632738,88.510895
2437.0,63.056854,3.4317656,82.69465,388.91757
2438.0,59.330425,3.770533,58.008068,173.95993
2440.0,32.28754,4.184734,36.70378,102.99547
2445.0,24.063696,4.3076754,28.924532,108.17859
2448.0,8.732797,1.2438428,13.876363,110.74023
2451.0,10.530391,6.3853908,12.089185,133.79762
2455.0,7.5429544,0.70995474,9.869999,116.80833
2456.0,11.624184,1.9083334,15.172171,77.539764
2457.0,5.1792164,0.8080966,8.058018,111.57407
2459.0,25.900215,2.4824975,28.107855,120.93235
2467.0,22.628117,2.9150248,32.73386,121.499084
2471.0,6.72874,5.150421,8.898291,139.90662
2475.0,49.186195,2.415084,61.50745,283.49536
2478.0,127.28411,19.819296,117.91659,536.5811
2481.0,78.58449,12.998731,83.1071,250.62271
2482.0,79.118744,12.980397,86.73846,357.36343
2487.0,46.977207,1.957668,55.53024,149.27315
2488.0,60.158886,9.321464,61.608837,306.87073
2491.0,20.31441,3.815439,38.687206,130.63878
2501.0,10.197114,1.3450878,19.314089,143.666
2504.0,6.392528,1.5522485,8.590376,120.182274
2507.0,13.629285,1.3757252,23.70286,258.75876
2509.0,4.8715687,1.0106063,8.87257,92.75145
2514.0,14.271512,1.2564679,16.616417,125.692505
2520.0,20.093737,6.539542,17.191391,120.94234
2521.0,7.7085958,0.64245623,9.319561,86.6271
2522.0,12.224732,1.067011,16.934664,85.60966
2525.0,34.272358,2.5369282,36.39288,93.806076
2526.0,9.457577,1.29579,11.399515,81.174
2527.0,7.7745485,2.3589315,8.897877,88.36023
2533.0,22.915066,5.8454113,23.080193,100.69016
2534.0,6.8115926,0.9091727,12.234632,94.916725
2536.0,4.309733,0.4338141,10.452725,82.702736
2537.0,14.548718,2.1127048,16.90328,124.01447
2538.0,11.652426,0.44458956,10.013731,77.50979
2545.0,13.800938,0.4940002,12.04678,93.253235
2549.0,5.2476625,1.1380906,9.536108,90.97435
2551.0,63.04113,5.7276726,74.30161,331.13702
2553.0,12.586213,3.959681,13.136958,90.42954
2554.0,24.42497,4.7062163,21.961159,124.46603
2555.0,45.027134,5.419099,40.916107,156.67276
2556.0,74.18521,5.7773623,82.696,463.84824
2557.0,58.765503,7.357059,51.925625,193.6714
2558.0,18.794458,3.1571672,25.513647,126.09194
2559.0,18.570919,2.2240562,25.28935,98.16034
2560.0,106.89584,19.133173,136.50735,515.63513
2563.0,43.95983,5.0854144,54.419106,224.97879
2564.0,17.365128,3.3303025,17.55984,115.47708
2565.0,26.640772,4.983763,33.004845,217.64493
2566.0,313.68365,7.463627,177.56023,1311.878
2567.0,141.06282,5.958488,113.49894,1106.6602
2568.0,10.220151,1.4107362,11.008929,86.20228
2569.0,24.55595,3.1774611,27.107634,133.33073
2572.0,3.5933,0.37073645,5.4326935,87.277054
2573.0,20.943512,2.7569532,25.510263,163.24109
2576.0,7.9300866,1.4669703,11.223331,129.08987
2577.0,3.4091704,0.5019322,6.6400003,93.901085
2578.0,10.137622,1.4131515,15.728523,103.7248
2580.0,11.771835,1.7877283,11.544747,99.859245
2581.0,34.423508,3.5745084,42.458504,166.43517
2582.0,15.10962,2.3240285,20.425776,138.28918
2583.0,73.295586,4.0573063,89.96199,462.23883
2585.0,21.57242,2.799611,25.279306,90.94438
2586.0,27.614975,2.9509397,33.416542,108.4888
2588.0,17.496496,3.1845124,18.537628,118.87781
2591.0,8.266033,1.2654481,12.1073675,79.83347
2592.0,20.633068,2.4141953,24.350672,98.50896
2593.0,19.009178,2.7044826,25.33571,86.190796
2594.0,11.712809,0.8821683,15.248796,114.90118
2595.0,25.236635,3.0288544,28.645535,133.01411
2596.0,6.0126033,1.4174564,11.287541,125.554794
2597.0,8.451735,1.0588403,13.896313,92.767555
2598.0,9.37644,1.832864,11.4922695,91.9102
2599.0,16.817362,1.7217394,23.985123,105.267235
2602.0,30.019129,2.8103468,39.678284,134.82695
2604.0,19.879568,1.2465869,26.432568,83.63102
2605.0,25.352173,2.4989884,31.479643,101.00683
2606.0,20.277134,2.037517,24.450436,93.31742
2608.0,18.3426,2.8095582,21.705221,84.78093
2609.0,18.033136,2.24421,22.716755,88.17726
2610.0,4.96571,1.2131834,9.248195,147.41087
2611.0,14.208625,1.5712303,18.48998,85.245445
2612.0,8.911478,0.8619281,11.428396,121.05033
2613.0,16.934902,2.7123642,19.5864,115.115555
2616.0,15.945448,2.2698026,13.131221,79.8058
2617.0,14.449423,2.253557,16.147797,123.14806
2619.0,30.717152,3.0919955,39.25054,203.37721
2620.0,10.052128,1.942015,11.851349,98.89832
2622.0,14.574728,1.6743555,15.031658,123.15904
2623.0,9.2779255,0.9256434,14.002841,105.74361
2624.0,10.431311,1.1806715,11.194263,97.88176
2625.0,9.4217205,1.3745208,9.342855,77.57454
2629.0,27.671099,2.4719613,33.14949,197.68814
2630.0,31.747887,2.2556531,42.970036,177.82976
2632.0,35.404198,1.7033359,43.710167,200.01595
2635.0,8.599435,1.3232892,16.757107,123.36299
2638.0,15.8052635,2.0948858,25.124567,125.0818
2639.0,20.903105,2.3345923,27.198917,124.19397
2640.0,15.79063,2.3399673,15.464212,111.65152
2641.0,25.427942,2.3311028,29.870686,85.90543
2642.0,18.49495,3.3481326,22.618523,124.35408
2643.0,19.120678,1.9522076,19.302431,92.60336
2644.0,14.801811,1.5349028,22.012112,85.78656
2645.0,17.557785,2.2465594,24.498384,123.35141
2648.0,41.707935,4.042272,53.10611,214.48604
2649.0,8.153737,0.94115406,11.329012,109.23988
2650.0,40.798725,3.8917115,62.709057,194.55469
2651.0,27.587088,1.7003239,38.55443,145.03699
2653.0,43.520134,3.376056,68.35181,216.02928
2659.0,167.03384,11.962006,209.72519,616.3816
2662.0,41.34771,4.96905,53.201233,200.94667
2665.0,80.82962,6.515522,105.095955,460.10773
2666.0,15.198404,3.011326,16.678915,124.71104
2669.0,72.37272,7.541776,68.3985,176.8943
2670.0,30.7292,2.9225307,33.62285,143.24825
2671.0,37.18409,5.1804056,34.7224,156.14963
2672.0,32.49855,4.1855006,40.36628,92.65495
2674.0,27.46627,5.00141,33.006542,216.83725
2675.0,59.310116,3.5477483,77.51589,1118.08
2677.0,26.541243,4.9679036,23.54654,211.27876
2679.0,99.3808,7.5735188,98.96503,531.6892
2682.0,17.37157,2.8863864,19.404137,119.4635
2684.0,33.42004,5.484833,37.08373,99.964676
2685.0,55.291153,6.090206,53.591244,108.81868
2690.0,95.01604,4.6945972,91.00728,258.8358
2693.0,81.24987,5.136418,94.82024,472.5876
2694.0,37.201984,4.1359344,43.06151,172.86043
2695.0,49.378067,3.945572,34.10477,269.26794
2696.0,36.78675,4.373821,38.56092,114.72063
2697.0,18.41619,6.092272,21.113094,102.61409
2698.0,47.9016,4.006907,53.558342,214.95813
2699.0,90.041985,3.3970315,99.09522,415.97647
2700.0,91.321144,7.852881,95.086555,430.83917
2701.0,19.376251,3.281473,25.55836,134.02567
2702.0,80.73714,4.915402,72.84997,205.96129
2703.0,28.852495,4.014069,30.72238,98.998924
2704.0,35.325085,4.720262,40.63172,95.59993
2706.0,45.668736,5.7573967,43.6878,137.8492
2707.0,218.23312,11.487021,271.39136,497.2501
2709.0,132.37321,10.79251,145.33649,544.2841
2711.0,37.994755,3.8549893,43.219955,141.37231
2713.0,31.440443,3.9884026,32.69387,357.87482
2716.0,48.42973,6.38424,47.89365,187.94974
2717.0,43.46508,6.4726167,50.155895,163.41951
2719.0,41.569153,4.9530935,53.153847,210.04503
2720.0,61.132275,3.210618,67.11228,247.66447
2721.0,20.41799,2.3365088,22.487345,105.54816
2722.0,34.179302,3.1786153,38.303577,118.35937
2723.0,30.223206,5.459649,29.697138,131.4983
2724.0,33.599865,3.8951075,36.62777,135.76836
2725.0,30.647005,3.7170255,31.911934,106.28481
2726.0,84.53964,5.789292,95.37486,469.34232
2727.0,37.435005,4.4359646,48.932735,200.43929
2728.0,49.340027,5.6572027,52.302372,214.03539
2730.0,16.1875,3.253665,17.061646,121.71991
2732.0,46.60685,2.781977,49.204006,130.48607
2733.0,48.836906,3.1019108,56.76852,267.9424
2734.0,66.3971,6.7170177,59.197407,142.907
2735.0,39.84718,3.3367922,28.757925,117.8474
2736.0,92.6954,6.265644,101.55361,421.51712
2737.0,12.719787,2.0303426,17.31689,193.09772
2739.0,98.63976,5.565747,86.02886,265.6326
2740.0,19.613825,3.0623512,26.106905,125.1219
2742.0,15.766188,3.8426166,20.88302,79.12168
2743.0,33.079815,2.3774343,44.107063,148.3862
2744.0,28.124695,3.790142,32.469086,87.37816
2745.0,20.670439,1.8794936,31.827631,215.38269
2746.0,57.263542,4.5389566,54.72284,195.73647
2747.0,18.422083,2.3448956,24.89738,131.5119
2748.0,21.218555,1.9822084,28.660154,96.717834
2749.0,18.481218,4.90699,23.731365,125.902145
2750.0,30.928705,3.5110447,41.23252,99.12277
2751.0,126.69342,6.020426,108.42519,1355.063
2752.0,14.088337,1.6112458,14.459286,108.41537
2755.0,58.151363,3.641937,71.35482,259.20374
2757.0,60.173084,6.3281817,53.44168,166.77242
2758.0,49.91119,5.1178756,55.075356,207.4413
2759.0,35.588757,4.3073974,39.61483,91.15043
2760.0,21.380157,3.4291692,21.14924,95.852615
2761.0,57.795143,6.450294,74.84093,232.7397
2763.0,63.38777,5.3897104,71.77079,260.50452
2764.0,56.01211,5.8851943,65.72076,223.89178
2765.0,40.93508,5.5992312,45.319485,144.65042
2767.0,115.33593,4.7029967,104.23345,566.46704
2768.0,37.88022,4.447433,47.608116,200.43929
2771.0,56.347267,5.8065553,55.74856,205.82472
2772.0,59.33945,3.8341973,66.88851,233.29716
2773.0,66.573784,6.078752,79.831726,406.9135
2774.0,48.924408,2.2767115,56.1512,203.76978
2775.0,36.318478,3.736164,40.958374,137.49745
2776.0,49.9052,4.9887495,46.09518,174.85226
2778.0,27.278028,4.9274397,33.04905,96.303246
2780.0,38.781895,4.471403,39.720535,95.35313
2783.0,38.07141,5.7740326,37.235046,133.52498
2785.0,49.66569,4.653033,45.947563,145.20306
2786.0,63.63462,7.095708,67.574745,199.89256
2787.0,25.294464,3.1301107,33.90458,195.09238
2789.0,16.706427,2.6812446,18.269142,121.615135
2792.0,19.06332,2.9504485,23.42172,134.73389
2793.0,22.983757,3.149033,26.374771,88.86842
2794.0,32.179466,5.548684,30.049889,119.15322
2795.0,43.919125,3.845015,52.218193,178.50993
2796.0,32.39057,5.2892475,32.376064,129.31808
2798.0,16.026308,2.1953917,25.09326,148.96306
2802.0,12.273941,2.491287,12.657962,97.23362
2803.0,99.21418,7.850185,92.88215,342.57516
2805.0,10.186281,2.2120774,16.557938,142.3322
2807.0,19.533335,5.2671347,18.809301,114.217155
2809.0,69.26085,3.4061716,79.73787,230.75943
2810.0,10.161726,2.285784,15.092344,159.44989
2811.0,44.766487,4.993797,48.017765,171.45886
2812.0,24.42907,4.1585894,33.232414,434.61002
2813.0,21.528116,3.9035122,27.53996,118.3811
2814.0,71.560974,6.056931,77.82881,262.8794
2816.0,61.65215,17.627003,64.29095,173.1375
2817.0,96.62873,3.8460205,112.77661,358.61176
2818.0,157.12567,19.748217,145.81302,512.2926
2819.0,22.163635,2.5093915,26.452787,176.91286
2821.0,70.36161,7.5548725,86.90218,269.72232
2822.0,22.528177,4.401192,26.51025,223.86243
2823.0,26.573889,4.788119,28.509506,110.564316
2824.0,22.60898,4.3576703,26.700518,100.02456
2825.0,16.679413,5.2599974,18.793924,117.22178
2826.0,9.174571,3.4210298,10.196108,87.99997
2827.0,23.806974,5.292973,22.576574,128.65291
2828.0,66.30943,7.102558,69.750435,209.36028
2831.0,34.127823,3.8936,40.790905,148.31355
2832.0,23.586082,3.1190655,24.250628,198.98912
2833.0,14.122602,3.4142947,17.007908,214.8405
2834.0,39.617775,3.976257,42.702236,144.7199
2835.0,44.369236,3.9677184,45.618183,141.84674
2836.0,7.2881174,1.7271154,13.442753,116.98011
2838.0,65.77468,7.543218,76.71951,193.23828
2841.0,25.426462,4.076645,25.752895,151.15839
2844.0,44.566204,2.9786665,50.231777,245.417
2845.0,20.201616,5.0118566,24.914812,122.27137
2846.0,26.763046,3.501436,32.45295,111.460976
2848.0,7.0252905,1.2677665,9.488826,115.0215
2849.0,9.719465,2.0406394,11.903595,89.25768
2851.0,78.5027,3.0312064,94.31029,467.23306
2853.0,32.83384,3.1495287,42.74312,117.73193
2854.0,34.00394,3.7653313,38.441532,106.12226
2857.0,44.376137,3.8677096,34.477013,376.64227
2858.0,36.16552,2.9898098,36.541573,271.79166
2862.0,46.945034,4.6961737,47.371338,157.86292
2863.0,182.13316,8.153761,125.5894,606.3096
2865.0,27.539396,3.7107172,28.666348,118.87526
2868.0,55.137283,4.6000137,54.977013,180.30756
2870.0,20.485659,2.615263,25.389536,134.28877
2872.0,32.1584,4.0005283,32.21621,118.872826
2873.0,11.759563,1.7605273,11.992863,91.57256
2875.0,67.838844,3.763985,77.407776,259.91476
2877.0,7.735796,2.4562058,12.320027,82.85134
2878.0,32.921837,2.8545547,34.621773,135.93724
2880.0,27.475512,4.675724,30.889532,119.930504
2881.0,12.099765,1.9477913,18.6208,97.70432
2884.0,11.88042,2.1090126,15.437946,176.74405
2885.0,9.970307,1.2377518,16.842054,135.418
2886.0,24.162867,3.2294052,29.890203,99.68056
2887.0,27.304558,5.310716,31.22701,123.50367
2889.0,10.5036545,1.7878399,11.735367,87.02157
2891.0,29.90655,3.1346655,34.74766,225.89346
2892.0,83.396385,7.7131915,88.19816,236.03075
2894.0,21.71241,2.555356,24.980476,134.75023
2895.0,22.444033,3.534453,23.234282,126.41577
2896.0,10.1333685,1.8896984,9.8428335,99.313965
2897.0,15.855124,4.3855853,17.854317,144.20512
2899.0,16.032572,3.9116614,20.736174,89.42396
2900.0,78.73317,3.1441588,76.62333,477.04242
2901.0,15.025529,2.0382187,21.410254,98.3968
2902.0,11.57673,2.7061553,17.940788,84.89805
2903.0,14.422684,3.613663,20.584356,85.917274
2905.0,14.053378,3.4184177,17.27708,225.72066
2906.0,31.963606,2.4972878,40.319164,129.3102
2907.0,6.9306397,2.1283486,9.909188,89.11573
2908.0,4.6970787,1.0626469,9.031805,81.313774
2909.0,36.548763,2.90632,49.484283,186.67705
2910.0,13.942925,2.77888,16.359255,84.1655
2911.0,12.8160095,3.0885615,15.417774,78.62373
2912.0,28.21521,3.462611,30.324411,96.08427
2913.0,8.57072,1.4719636,12.955977,84.4531
2915.0,15.2830105,2.1813936,21.775984,100.00597
2917.0,15.839222,2.6993768,20.474184,128.38124
2918.0,4.3123746,1.6728926,6.904929,90.03885
2919.0,89.51628,5.816442,75.63951,213.96507
2920.0,15.086592,2.4905972,16.752792,130.4203
2925.0,12.984725,1.8230339,20.708944,98.57803
2926.0,20.705885,5.403747,24.966057,120.23163
2927.0,18.091078,3.0197272,25.069155,77.986916
2928.0,27.850153,2.335043,34.05206,96.68076
2929.0,29.184011,4.3696136,28.403816,133.79897
2930.0,18.667332,2.4273517,26.176006,130.04584
2935.0,17.297478,3.4443343,21.359509,118.932076
2940.0,81.24987,5.136418,94.82024,472.5876
2941.0,33.12197,3.6873548,36.06657,137.96461
2943.0,11.859737,1.5825891,15.9005785,91.233574
2944.0,24.242693,3.1301107,31.922838,200.242
2945.0,51.971832,3.7690399,51.041866,198.27911
2947.0,28.674856,5.425197,30.16702,124.49636
2948.0,30.139837,2.492944,34.748528,93.57778
2949.0,34.54495,2.4525962,35.567,315.1056
2951.0,13.217581,1.9480203,17.962296,101.70409
2952.0,20.600529,1.4874582,28.987396,91.002556
2953.0,6.601049,1.4559104,8.55892,90.938614
2956.0,40.5963,4.423948,44.27356,134.49422
2957.0,10.783084,1.4423817,12.854967,119.20841
2960.0,54.085377,4.411653,49.235832,135.69652
2961.0,20.108873,5.284681,24.826492,131.10162
2962.0,22.390173,2.439772,24.972359,95.18208
2965.0,110.71314,6.869469,127.146355,901.09973
2966.0,38.26061,3.2618647,42.487617,145.9433
2967.0,37.956924,5.091349,42.817894,177.2353
2970.0,19.770998,3.9995308,25.840601,97.80892
2971.0,22.63566,5.0592494,25.81774,135.9635
2972.0,27.994015,4.3911343,30.949766,135.32645
2973.0,41.62756,4.8950377,43.82378,111.189445
2974.0,6.8548236,0.8133985,13.328649,88.514656
2975.0,72.45431,4.7246547,92.91834,370.54633
2977.0,149.2118,5.823384,176.68599,491.24255
2978.0,57.72029,4.2558427,56.932873,181.054
2981.0,15.013618,2.053097,14.846754,131.52922
2984.0,69.47101,6.1379004,85.86219,369.55063
2986.0,95.92802,1.9988778,100.87605,381.81262
2989.0,92.448105,7.2755466,97.54122,276.53973
2991.0,26.721916,2.2955074,30.102543,98.20688
2992.0,29.790657,3.5216053,31.616543,139.33745
2995.0,145.78229,7.873563,121.30325,495.76495
2997.0,79.768135,8.694881,99.95325,746.25824
3001.0,162.29901,10.523723,118.99652,586.4027
3004.0,46.463757,5.8226833,63.210052,291.938
3005.0,50.820335,5.1801705,47.247696,192.1373
3006.0,80.95957,8.571226,105.784874,509.59576
3007.0,22.78649,2.5238974,23.098568,121.66779
3008.0,10.538084,1.6989759,19.33405,99.98045
3009.0,29.746372,1.603155,36.669415,108.17318
3010.0,26.70323,2.708421,34.194664,141.8293
3012.0,13.153331,1.6420361,16.16861,118.19586
3014.0,27.705566,2.8872023,39.929768,151.28897
3015.0,13.1132965,1.4024222,18.528801,130.56287
3017.0,48.533154,2.9026113,35.269844,200.6112
3018.0,5.9328146,0.552252,14.892797,138.11508
3019.0,13.362541,2.4960032,20.822783,117.73704
3020.0,4.6894827,0.5355829,12.514582,126.15726
3021.0,6.4567666,1.4827404,11.976537,115.08932
3022.0,13.6623335,1.8386564,14.185922,121.90013
3023.0,16.292852,3.5968413,20.15153,90.35984
3024.0,23.970716,2.9520087,28.725609,98.95064
3025.0,23.688488,3.011333,30.554335,105.60656
3027.0,19.094648,2.3404515,20.025711,198.01152
3028.0,22.418936,1.7425039,25.128643,137.31491
3031.0,35.820534,2.9885983,37.86921,134.41864
3032.0,31.174702,3.6807513,30.052248,139.3978
3035.0,51.421387,2.7538295,57.952118,227.72662
3036.0,111.754005,2.9539526,109.68789,403.4403
3037.0,61.169655,3.1660895,83.98396,522.13763
3038.0,6.3173842,0.48768646,13.84178,154.65427
3039.0,8.356991,0.82710385,16.392946,181.96458
3040.0,12.411507,2.5348005,17.395075,217.2277
3041.0,32.118607,4.7643285,35.0792,148.97612
3042.0,84.21146,5.000187,99.213,390.87494
3043.0,21.714014,4.6011386,25.753477,117.30536
3045.0,18.55937,1.8817217,22.38575,93.32218
3046.0,6.5847535,1.3411648,14.710653,121.40388
3047.0,7.054776,0.46515787,11.121178,133.30582
3048.0,13.43139,2.7075152,18.680758,224.97363
3049.0,6.232221,0.59358454,10.507585,95.667915
3050.0,12.8304615,1.2661899,14.363332,226.8707
3051.0,13.827801,1.2883902,15.014993,213.91008
3053.0,25.722588,1.8990586,34.39906,146.90002
3054.0,10.528479,2.0734522,13.033202,108.075264
3055.0,11.589236,2.1488624,12.4938755,104.56879
3056.0,4.6970463,0.66229385,11.000599,118.307175
3057.0,5.229951,0.7613121,9.657262,90.782036
3058.0,5.247684,1.0853022,14.302986,123.06917
3059.0,9.726185,0.63552636,20.048653,98.22031
3060.0,32.282497,2.2074633,43.780163,143.10883
3062.0,10.833737,0.6880717,16.0408,104.673294
3063.0,2.9253304,0.49324182,8.45026,85.81094
3064.0,6.7602797,1.1646621,15.813628,127.297104
3065.0,5.104013,0.5593253,9.072971,95.927284
3066.0,17.630638,2.3199794,24.406342,124.06741
3067.0,7.1628275,2.3786304,9.416306,97.98477
3068.0,5.2562194,0.5908515,8.900712,87.99484
3070.0,6.106105,0.7326441,9.198248,96.57727
3071.0,11.186038,1.7097853,17.86008,95.75682
3072.0,4.3103137,0.59694827,10.977792,136.83705
3073.0,4.6595855,0.49204516,8.6227455,87.279175
3075.0,5.6994543,1.7377805,9.60793,154.44415
3076.0,11.184289,0.8884914,17.108335,175.60927
3077.0,13.157611,1.0161868,19.255861,98.93502
3078.0,25.804667,3.8229413,28.53743,97.041435
3079.0,13.264037,3.3121328,12.451553,252.30331
3080.0,5.098856,0.54900056,11.238621,97.65956
3081.0,5.910122,0.66122156,8.598424,98.29294
3082.0,4.1602163,0.92498624,10.54391,121.04677
3083.0,4.499279,1.1067746,10.555713,120.50483
3084.0,9.0965,1.9303465,14.046963,186.9558
3085.0,5.64463,1.1348052,12.254082,115.253525
3087.0,17.708126,1.4083968,19.421804,111.02166
3088.0,7.40636,1.116804,11.651906,87.28775
3089.0,13.465599,1.0782528,17.01415,96.14165
3090.0,21.302181,2.4140692,20.086075,195.60657
3093.0,18.289534,7.5353737,18.015207,146.4411
3095.0,7.6461577,1.2398378,11.329534,87.69606
3097.0,6.040622,0.7297453,8.738937,165.40515
3098.0,3.6810439,0.4684336,5.3205466,88.50959
3099.0,8.065847,1.3076627,12.634059,99.85244
3101.0,16.858368,1.055975,17.910465,96.60587
3103.0,7.3628426,0.9948062,11.813357,99.51942
3104.0,15.689495,2.2630446,12.900563,97.11411
3107.0,16.633707,1.5032848,30.747324,116.391045
3108.0,8.397345,2.6485608,7.304051,97.850685
3110.0,6.390578,0.18371996,6.0034137,91.296585
3113.0,13.762989,1.1941847,15.255535,96.125824
3116.0,3.660968,0.98342466,6.7488093,77.33071
3117.0,8.777111,0.9723826,15.76171,95.73783
3119.0,7.1258907,1.2980229,12.804661,121.701164
3121.0,16.859941,1.3802679,17.610065,105.053024
3122.0,4.267808,0.20075461,5.599303,88.72251
3123.0,12.506613,2.57468,18.008583,241.23824
3124.0,20.724571,10.10178,18.460796,108.52098
3125.0,42.55597,11.950146,37.948833,126.55854
3126.0,14.843645,1.1576899,18.883598,98.396
3127.0,26.591593,13.018291,21.892147,195.60657
3128.0,6.306646,0.44976464,10.097586,113.59676
3129.0,5.8256855,1.1484421,7.9342446,87.56685
3130.0,79.40019,8.191062,67.947266,461.16687
3131.0,33.234806,3.230885,34.67478,124.28881
3132.0,7.2807274,2.5455,9.23242,158.41052
3134.0,14.340043,3.2749953,14.541845,116.52843
3136.0,6.149913,2.4338298,7.711485,116.76728
3138.0,41.149036,13.472236,34.41683,143.55507
3140.0,13.872601,1.6549487,12.865518,211.34972
3142.0,8.4543295,0.82990956,11.297797,95.89193
3143.0,4.2777467,1.5938652,8.682691,180.59184
3144.0,28.271852,4.9489255,30.362911,224.64163
3145.0,7.3377595,3.622435,7.176294,83.35039
3146.0,18.32331,3.2879322,19.450941,104.878746
3147.0,5.2065387,0.78887624,10.846061,116.00862
3148.0,12.373201,1.716152,19.91357,145.31993
3150.0,50.99005,7.391061,48.43648,166.47725
3151.0,22.32442,4.790908,24.032661,184.76024
3152.0,44.134674,3.1308978,53.95164,486.69696
3153.0,11.92046,1.2371712,16.011711,94.123886
3155.0,60.448017,5.1732326,67.843376,471.17566
3157.0,12.193719,2.6192098,15.234389,217.38469
3158.0,11.063045,0.59873986,15.721709,94.58789
3160.0,6.71274,1.1941029,8.014486,85.70356
3161.0,4.344851,0.7519407,7.0462546,127.16492
3162.0,13.713166,3.667536,14.300456,196.4841
3163.0,10.747538,1.3948485,10.994138,113.52513
3164.0,4.939054,0.622367,10.680493,141.46693
3165.0,34.103054,6.5994143,27.685091,117.26868
3166.0,8.935562,5.533786,10.750272,118.99543
3168.0,14.316801,0.62796575,20.191654,95.28136
3169.0,25.79243,4.3174973,26.411886,94.0574
3170.0,19.204477,2.6062973,26.02399,189.15279
3171.0,12.924284,1.4889956,13.008041,88.47882
3172.0,9.300866,0.79391634,11.177708,86.21386
3173.0,11.817614,1.1339228,17.28557,102.98221
3174.0,9.853815,4.076042,9.109983,355.23175
3175.0,7.1960244,1.8502415,12.379867,118.84211
3176.0,13.676891,1.135181,20.235933,110.806564
3179.0,7.235548,0.8214966,13.652209,184.4604
3180.0,21.81561,0.98821366,52.101772,316.4232
3181.0,17.714352,2.629431,25.518454,242.01584
3182.0,9.43335,0.6163678,17.174591,94.68157
3183.0,4.509999,0.76971334,12.660365,117.20792
3186.0,16.051796,2.1992238,24.658707,129.95781
3188.0,6.111416,0.871678,7.920265,86.507965
3190.0,5.6297536,0.5903148,9.81866,153.66367
3192.0,7.7581525,1.216342,13.656113,98.60529
3193.0,5.4318833,0.6041757,13.52849,118.788734
3195.0,200.86275,8.804491,133.41278,843.4267
3196.0,59.787354,6.879046,76.345535,298.3428
3199.0,5.508763,0.686262,10.0045595,91.79978
3200.0,16.912872,3.1775262,14.551902,85.53025
3201.0,6.8536477,0.89980537,14.374767,137.72502
3202.0,6.5561085,0.93546826,14.878149,116.78638
3204.0,4.917399,0.4830709,12.734722,126.1933
3205.0,18.89906,5.426887,22.126436,108.77784
3206.0,91.799644,10.932399,90.33661,388.86823
3207.0,9.812458,0.8051254,11.679224,100.17129
3209.0,60.76038,6.680249,64.577515,260.30783
3210.0,29.480133,6.299489,28.737514,114.669655
3211.0,8.294898,0.93135077,14.02706,182.68558
3212.0,23.422642,1.8693986,31.740955,214.05937
3214.0,13.674784,1.0384736,18.64415,95.23794
3215.0,8.795579,1.0875839,12.221012,92.778305
3216.0,13.30694,1.9253385,15.760358,201.12506
3219.0,6.0603623,0.6677259,9.354339,96.4137
3220.0,23.117683,4.6919518,26.758669,105.957825
3222.0,10.846425,0.71578634,17.390572,113.851364
3223.0,13.02595,2.1284318,14.864419,188.67401
3224.0,5.1031365,1.0201483,5.8155074,85.82822
3226.0,9.402894,1.2551658,14.181863,179.78429
3227.0,12.54811,1.0199622,17.82837,97.69538
3229.0,6.809256,0.61509264,8.720001,97.48653
3230.0,12.092659,2.4144802,15.897312,221.77446
3231.0,18.351786,4.065415,21.566711,146.49829
3232.0,5.0758514,0.66552234,13.484904,125.87987
3233.0,7.954154,0.6079736,9.486598,95.71012
3234.0,16.306395,1.3381999,17.959501,106.948814
3235.0,17.32255,1.3701468,20.242586,101.52946
3236.0,5.568572,1.0986395,11.565446,122.76129
3237.0,11.016016,1.046812,14.928472,95.84338
3238.0,7.3884645,0.21049894,7.5403976,99.14919
3240.0,12.314574,2.3922582,15.142979,118.261215
3241.0,4.4265823,0.36828876,8.519455,98.81329
3242.0,7.688472,1.2440922,11.574016,99.7115
3243.0,18.87362,1.3684351,21.064388,91.758995
3245.0,12.953188,3.4221716,20.748373,96.63715
3247.0,74.16855,5.7773623,82.30994,463.73056
3248.0,4.250256,0.16580072,6.8796883,84.97074
3250.0,18.63972,1.075621,22.239344,103.31593
3251.0,9.1378975,0.8301289,13.456612,98.043526
3252.0,17.826988,1.8567843,27.260233,211.95029
3253.0,20.505846,2.0258977,22.316414,96.18901
3254.0,7.0625863,2.3009744,11.797497,160.95538
3255.0,12.11007,1.2778308,14.441454,85.708786
3256.0,5.36916,1.1439704,11.335954,126.68714
3257.0,6.922296,0.5981257,13.007431,89.98735
3258.0,16.419046,4.3940697,20.786955,115.03823
3259.0,5.6613517,0.7509717,6.443374,96.21658
3260.0,4.2745075,0.6361874,10.044579,114.465935
3265.0,20.181084,2.3002834,19.990738,107.91213
3267.0,10.797866,1.3961611,16.25464,204.6688
3268.0,8.173789,2.2961745,14.310002,105.182945
3269.0,6.707484,1.0973357,13.526161,131.2177
3270.0,20.508417,2.1580074,24.107746,88.29486
3272.0,12.439386,1.3865452,14.618972,120.75176
3274.0,4.9373493,0.58552706,8.488926,93.03579
3276.0,7.584829,1.168563,12.492624,89.29924
3278.0,67.449005,2.7526178,83.75014,461.7636
3280.0,23.31774,4.9790583,28.372595,252.7403
3282.0,8.027278,3.9061933,11.476121,87.464905
3283.0,17.492735,1.8641633,19.64411,214.87051
3284.0,22.228956,5.61811,19.676338,116.794334
3286.0,13.071966,1.2466571,17.010626,97.1017
3287.0,21.373074,2.1804616,35.057384,157.00749
3289.0,4.324497,1.0636318,7.85397,85.068565
3291.0,7.0268316,1.159342,12.218808,88.81572
3292.0,12.862459,1.0199474,14.514495,100.3003
3293.0,14.74407,3.9511056,16.84666,214.70541
3294.0,4.8349395,0.42804006,8.648145,95.68056
3295.0,22.09072,4.9722643,20.986578,199.12247
3308.0,12.864824,0.9075355,18.645243,106.367714
3310.0,16.057806,1.417717,15.856634,120.26908
3311.0,15.94173,2.0383358,16.105696,89.99262
3321.0,36.718147,9.394294,39.603176,104.16122
3335.0,24.857157,2.1828265,25.079958,461.3899
3347.0,14.157841,3.0318177,11.205621,94.96688
3350.0,102.77103,33.070526,101.385284,343.5711
3355.0,30.966763,9.362824,34.91682,105.99845
3357.0,37.15892,10.129656,44.902145,128.75575
3359.0,204.61209,54.24497,222.93024,451.29538
3360.0,12.084547,1.2463969,22.972307,142.16934
3362.0,24.435297,0.8512791,28.8166,106.51759
3365.0,8.719249,1.071229,16.863361,86.128525
3366.0,11.554663,0.9954914,16.316097,120.35989
3370.0,18.47453,0.7724143,25.963295,90.50249
3375.0,26.197914,2.1549127,35.784595,128.57013
3379.0,34.363583,9.023157,39.832554,106.790695
3381.0,23.734358,1.8843254,43.951626,190.81013
3383.0,18.658628,1.3960525,23.468077,86.071335
3389.0,41.044697,2.2228067,63.99344,226.17056
3403.0,22.985992,2.172289,30.804968,129.6262
3405.0,21.694553,8.402122,20.969902,114.16505
3407.0,40.524662,7.744998,44.552567,155.45277
3410.0,16.200125,1.228715,26.687689,92.59413
3412.0,45.621643,2.0849125,59.88073,241.0077
3413.0,93.90485,6.239958,106.65848,690.8267
3417.0,13.713098,1.153733,20.885012,117.73598
3418.0,12.849239,0.90531075,18.75729,104.92702
3424.0,13.766947,0.8358072,18.187012,97.17753
3425.0,29.66539,6.922071,32.01964,88.435555
3429.0,6.702595,0.6859557,12.046051,118.65248
3432.0,51.250465,6.355983,90.177246,387.24103
3437.0,40.959053,5.887736,47.69355,168.17653
3438.0,4.5815783,0.7306577,8.504971,123.333885
3439.0,5.7835555,0.7975037,9.940412,146.0407
3442.0,24.146742,6.3226743,24.312798,89.07099
3445.0,32.03708,4.685388,35.753803,280.069
3450.0,6.9521937,0.75413764,17.415977,97.74445
3453.0,31.212067,3.2421007,39.74762,126.24637
3454.0,12.862873,0.66324824,18.179686,102.67365
3456.0,6.8568172,0.96826583,10.964786,114.35934
3466.0,18.85001,6.945303,19.276274,99.16471
3467.0,8.387178,0.70705974,18.27713,181.94427
3472.0,39.42123,3.0962634,47.70716,233.48209
3475.0,34.130535,5.187072,35.994396,95.846725
3477.0,16.91613,5.096931,22.141756,133.91469
3478.0,95.44411,23.218954,89.61425,316.30582
3482.0,13.849097,1.553599,21.598606,79.086975
3485.0,2.6776576,0.22814892,6.7159576,85.56232
3486.0,23.657919,1.1762179,28.18654,93.3756
3488.0,48.887638,2.65977,57.906204,286.54132
3489.0,25.401041,1.0671062,32.4033,330.46896
3490.0,79.64587,3.6866078,93.33157,512.6207
3491.0,113.43471,3.539502,137.01196,731.8588
3493.0,142.8676,3.4971566,106.712204,1098.7572
3494.0,85.15598,5.22842,98.96343,475.4328
3498.0,56.709835,1.6129451,73.77424,285.7867
3500.0,40.45562,2.3348105,42.873863,151.06622
3503.0,4.360937,0.59677064,7.989916,114.42731
3506.0,17.447893,1.5615147,21.040209,89.99344
3511.0,43.35614,3.9847035,44.734444,146.53114
3512.0,40.63642,4.4422426,55.85542,189.85555
3520.0,6.8842,1.0004928,15.83562,152.49205
3521.0,33.39163,2.6859176,33.781498,91.827576
3523.0,25.288298,2.0823703,30.351156,118.2989
3526.0,28.37814,1.9077907,37.147476,95.61501
3534.0,27.267807,2.0719013,36.982574,125.4929
3536.0,13.785166,4.571696,10.467296,94.46796
3539.0,25.811573,5.5292883,31.420984,83.94589
3542.0,46.565792,5.211232,64.275246,207.22626
3548.0,53.785168,11.230167,66.20596,228.14735
3557.0,50.098755,10.091801,61.051758,163.65994
3559.0,7.2889123,0.49542415,14.16995,82.01983
3564.0,10.262301,0.6927299,12.4868555,110.871475
3566.0,15.65332,1.6221019,20.252253,126.04811
3568.0,38.329697,6.686551,46.55768,109.624626
3574.0,21.249794,1.8256278,26.147678,92.35743
3575.0,41.85456,1.6857936,56.4958,143.32469
3578.0,5.388273,0.4654412,8.752265,90.22362
3579.0,22.00412,5.1762977,17.621973,120.27825
3580.0,90.85608,11.554241,92.99866,253.33936
3582.0,13.662646,1.175381,17.28481,239.67694
3587.0,26.508808,3.3643022,35.609604,91.20917
3588.0,45.93768,11.5294895,51.20378,202.84666
3593.0,32.060543,4.0978494,36.96753,97.31993
3600.0,27.711325,7.0978312,30.58398,99.85224
3601.0,43.199703,9.214824,48.781494,205.68373
3603.0,21.250187,5.8382077,20.03855,94.370155
3604.0,23.759577,6.1177144,26.969133,89.46316
3608.0,50.81951,11.3386,55.810585,180.92177
3611.0,25.92333,1.803471,30.801575,97.72138
3615.0,27.937382,3.9460633,36.8239,127.76389
3619.0,43.18168,6.486564,49.691273,188.16245
3622.0,34.923344,5.910023,40.536995,417.85153
3624.0,19.839382,1.0007439,28.26967,96.76415
3630.0,47.747196,2.196801,69.149536,224.10701
3635.0,10.27369,6.1917043,11.517948,129.97858
3637.0,16.632048,1.6332053,25.36041,121.10022
3639.0,30.919416,1.456352,42.146393,158.14569
3641.0,22.731482,6.813198,20.844484,101.29454
3645.0,42.817364,9.943086,42.85729,145.80237
3653.0,52.60599,2.309424,66.35624,183.30833
3654.0,27.894617,1.8663691,35.10302,142.54614
3658.0,33.27336,1.7660096,39.357876,169.93678
3663.0,45.948044,2.0694149,47.639706,151.19052
3667.0,22.755444,1.0592406,27.504423,104.01381
3668.0,48.283535,2.0675828,57.68488,188.26035
3671.0,26.21808,9.227484,26.065336,126.199005
3674.0,31.368708,1.4301801,33.55545,162.43784
3677.0,122.15686,7.676089,165.73137,806.18225
3679.0,30.630812,5.1075544,34.6355,94.63968
3681.0,64.06956,10.614813,65.39122,184.97621
3683.0,19.009851,2.0957606,28.158798,175.655
3684.0,32.485886,12.096416,27.925194,130.65279
3689.0,70.32264,2.8576295,81.25176,331.6378
3692.0,104.23385,7.3908186,144.45026,867.7332
3696.0,77.00131,2.234296,87.77793,311.451
3698.0,70.70383,3.2983828,89.44767,465.9013
3699.0,18.48358,1.8185985,26.105139,89.19515
3702.0,70.92216,2.161222,81.64075,960.1708
3703.0,37.392876,1.6101452,53.589005,184.13586
3704.0,39.436356,1.3132645,71.833824,331.9344
3705.0,112.959435,2.120312,113.927826,557.94916
3711.0,42.262665,2.0588892,72.09008,288.48657
3713.0,30.487324,1.4067731,41.74006,134.81212
3715.0,41.41337,1.4105287,48.601612,126.429695
3717.0,32.907787,5.0388355,36.062454,186.42274
3722.0,37.057575,7.339569,39.148613,136.78865
3723.0,13.594094,1.1259377,25.980572,219.12225
3728.0,22.750544,1.3962438,29.225662,82.87248
3730.0,34.91331,4.6861167,41.7411,344.5969
3732.0,11.123738,0.46488416,14.0957775,99.31874
3735.0,31.282467,5.301839,39.45561,158.87015
3739.0,36.934258,2.0844183,59.889698,273.47998
3742.0,49.69194,2.0533624,74.41255,242.48795
3747.0,50.59308,10.701906,62.236336,175.36728
3750.0,25.6416,6.39072,38.153847,161.83672
3754.0,78.89805,13.60755,95.89267,293.6883
3759.0,28.501427,5.512533,44.111164,288.08203
3765.0,13.489209,1.9902972,21.93547,111.95086
3766.0,10.3252125,1.0718101,21.848825,86.34387
3772.0,5.390977,0.4502271,10.973841,89.11042
3780.0,22.50683,6.3523526,25.816833,101.73561
3785.0,44.03032,5.341793,41.254715,212.81323
3791.0,5.4581127,0.4177342,9.450165,88.21129
3796.0,52.28483,2.0729108,64.91722,195.95181
3800.0,16.881618,1.0401337,30.056007,557.58795
3802.0,32.593296,7.0683403,42.557735,106.30291
3803.0,20.880445,2.6597407,27.23493,117.40509
3809.0,38.252373,2.5026004,46.387394,193.75157
3813.0,74.938126,2.9130356,107.55752,420.23492
3818.0,63.578934,2.0549586,89.56069,460.60956
3820.0,24.337057,1.7130009,37.944374,144.90413
3822.0,63.707127,2.051865,89.56069,460.60956
3827.0,9.348449,1.0983596,11.6875,97.76902
3829.0,28.191221,7.4080324,29.70454,92.03368
3842.0,68.427925,4.0661316,67.79681,239.17711
3844.0,37.325176,5.055383,45.497025,119.69158
3845.0,45.326263,13.297023,52.598934,137.35985
3847.0,84.10945,2.226327,94.736664,688.2896
3848.0,69.56356,3.4295995,66.44898,252.50925
3853.0,20.26103,1.4819183,28.63915,134.81744
3854.0,4.0042095,0.448662,10.931711,91.03632
3855.0,29.984327,5.6173115,36.91576,108.46914
3856.0,27.332634,2.24599,52.89267,211.94748
3858.0,14.366911,1.01572,15.538468,116.145935
3859.0,119.48486,16.128439,97.3794,237.23279
3861.0,22.60759,7.1131763,24.127413,132.68736
3863.0,20.516586,1.5860244,30.826084,131.59164
3864.0,46.716427,3.061604,66.27118,262.10748
3865.0,29.559553,1.8636217,41.82877,154.22522
3867.0,81.91942,5.4539227,91.33568,279.9339
3870.0,114.45245,8.573202,154.3124,431.286
3873.0,51.19942,10.802119,64.3491,242.18819
3875.0,12.588477,1.2805512,29.391533,488.14584
3880.0,16.751577,1.5345417,21.804728,197.44931
3888.0,19.56112,1.2783784,26.036995,292.0257
3891.0,35.570786,2.562226,44.145462,183.72496
3894.0,13.961642,1.5690291,22.39734,96.43489
3896.0,121.76634,11.891857,129.86409,488.96216
3898.0,22.315071,1.7289618,39.839134,271.19186
3901.0,29.26093,2.0951602,41.303246,205.61272
3902.0,32.44695,1.8772115,39.39145,136.55072
3908.0,62.99336,2.0987525,89.82212,462.23883
3913.0,28.938955,1.5410659,43.574482,197.78723
3918.0,25.55516,0.9950966,37.21033,239.27258
3927.0,27.866684,2.4108956,36.20485,118.48184
3936.0,16.262224,1.7027979,23.843437,129.83276
3943.0,69.09274,14.908734,71.50104,383.76953
3946.0,81.86264,5.420226,94.56246,323.82504
3954.0,88.87575,9.195341,98.37663,267.3903
3955.0,17.974983,1.6194572,32.6813,201.2042
3956.0,14.651575,1.3295686,24.008537,97.23352
3961.0,37.80696,3.2637405,59.54052,303.79642
3972.0,76.83249,2.7334077,98.939644,560.0159
3973.0,20.99064,1.8018409,30.506908,135.74214
3974.0,105.28335,20.122372,110.52135,264.9806
3975.0,48.674717,9.206895,58.811085,156.44714
3980.0,179.59732,27.047,187.47954,356.14847
3982.0,36.7535,7.437048,46.467327,131.28917
3990.0,40.384953,8.254776,40.742687,159.64952
3993.0,15.402337,1.2625086,23.219946,95.24093
3996.0,54.65467,2.7166338,83.35726,415.97528
4002.0,54.720966,4.239128,82.454155,399.56485
4004.0,47.15149,2.323751,54.41684,167.55595
4006.0,71.79448,3.0234497,94.11428,373.96613
4012.0,29.86144,2.657072,40.074207,162.53203
4015.0,36.080833,1.9356668,52.936146,226.01717
4022.0,78.235275,2.5753636,94.580086,462.6686
4029.0,45.44347,2.3536773,58.29626,216.00465
4038.0,23.042608,1.1958121,27.125105,91.77644
4042.0,34.398804,2.279419,42.920635,142.82715
4044.0,56.759693,8.853387,63.058815,440.619
4047.0,18.768204,1.6704372,23.44789,104.51261
4048.0,21.11795,3.9531968,22.887766,119.150276
4052.0,19.424534,1.5535233,24.995132,88.393936
4057.0,22.416916,7.4503994,22.976421,95.55963
4058.0,6.3248334,0.98953915,17.265896,130.4761
4059.0,19.513813,1.4804459,22.065907,95.21414
4064.0,17.727165,1.703476,17.246431,117.04823
4068.0,9.857826,1.1909341,23.18369,184.5592
4069.0,9.05407,1.4007504,14.711866,115.7402
4074.0,16.232311,1.6657443,19.549282,120.44303
4075.0,39.40762,10.542824,36.723072,127.98969
4077.0,49.551342,2.817976,64.412056,206.76808
4084.0,39.548706,2.9749663,42.927326,109.53955
4087.0,38.698093,2.1557305,58.097843,183.84406
4090.0,11.572179,0.83171564,24.199522,173.10968
4092.0,32.037903,2.5241275,43.74455,195.46289
4096.0,13.325111,1.4122269,22.953283,209.7798
4097.0,29.612251,2.250314,44.552406,147.82552
4098.0,66.47716,3.2122123,79.13248,363.34308
4101.0,22.933437,2.9144557,29.015854,227.68036
4105.0,26.595852,1.8895986,38.67886,145.5598
4107.0,22.91951,1.8787866,40.235382,157.25241
4108.0,25.706509,2.7315714,33.921818,136.96643
4111.0,18.302343,1.3930589,19.598068,88.05231
4112.0,52.746483,3.912211,62.432625,189.43503
4113.0,24.497906,1.3719766,33.547646,116.532265
4114.0,41.228523,2.7183888,56.007977,371.35825
4115.0,68.085236,10.686939,79.74072,277.49252
4119.0,64.02686,2.6956415,89.93308,462.23883
4120.0,18.37588,1.2473851,25.907143,110.24697
4126.0,29.566282,6.7057247,35.57953,136.37984
4127.0,43.123646,3.364628,45.938084,125.33412
4131.0,18.363506,0.8052315,34.736416,106.966866
4133.0,25.827692,5.220382,25.886122,533.47046
4134.0,23.141277,1.9590089,26.64671,110.663956
4135.0,16.95483,2.403091,27.79133,179.93866
4137.0,7.789202,1.1490575,8.349466,143.04532
4138.0,25.903992,1.3251423,35.975643,469.79282
4141.0,27.653393,3.0802794,29.549799,123.61584
4142.0,10.638619,1.7587795,13.368908,80.16049
4147.0,22.397554,2.268906,26.673452,249.44643
4150.0,10.792554,5.733976,11.223441,153.16833
4151.0,6.6398993,0.9139115,6.831358,88.29347
4157.0,15.881893,2.2139637,39.55421,210.99889
4165.0,27.262463,2.7234032,37.350483,122.95754
4167.0,37.502098,2.158452,59.446163,208.72134
4168.0,9.2091465,0.892098,12.004174,101.64722
4169.0,39.58217,3.5817018,50.688267,197.34615
4173.0,10.128622,0.8390843,17.274752,105.08253
4177.0,18.93488,1.4872713,28.050274,110.568214
4183.0,17.585598,1.1167309,29.330927,107.229576
4189.0,183.34471,53.32433,181.93309,558.3452
4190.0,37.825302,2.8058758,44.73528,155.36168
4193.0,32.30789,3.476372,31.23558,97.24311
4195.0,35.895657,2.5467336,43.042545,216.33006
4196.0,66.63057,3.8751872,83.31812,336.51337
4203.0,41.116104,4.725575,54.110504,200.36263
4206.0,62.825607,1.6765925,86.88752,497.93292
4212.0,27.99709,2.4217646,28.845613,86.795586
4213.0,11.663235,1.2078725,11.920456,96.20511
4216.0,6.820579,1.1339236,9.383761,90.158806
4221.0,25.87437,1.8042271,35.027756,386.69504
4222.0,27.548136,2.1474843,37.744823,154.07365
4225.0,54.75899,4.171023,45.862423,305.16696
4239.0,45.083477,7.9351707,37.07662,626.3778
4242.0,28.731905,1.7812645,39.892838,230.89029
4244.0,27.842817,2.1652381,26.911724,100.3266
4245.0,23.929745,2.2854466,38.208622,196.61147
4247.0,20.013857,1.4886023,41.423748,156.58984
4257.0,36.32454,2.3132944,45.9257,150.04988
4258.0,70.57717,10.056754,93.08499,392.29138
4260.0,73.86453,9.856748,65.47128,234.03453
4266.0,29.905136,3.5878751,32.52668,107.79338
4268.0,11.512833,1.2477713,17.526598,97.8072
4270.0,19.966364,1.1795063,26.639723,118.552666
4273.0,40.348988,4.25521,45.07741,131.17122
4275.0,97.59463,11.898801,159.6888,380.6113
4280.0,15.538372,1.8358158,26.755405,119.90723
4282.0,19.548328,5.3226166,23.841925,118.55527
4287.0,37.644585,4.4801874,40.33969,117.35734
4290.0,32.97163,3.4819934,36.481434,144.92188
4292.0,16.5178,1.9549665,23.479946,88.97205
4293.0,14.152899,1.4652635,23.640327,89.813
4294.0,34.268642,8.441499,31.048262,146.97261
4295.0,19.657696,1.6248931,25.392567,92.257774
4297.0,15.314966,2.2791202,17.824923,111.290924
4304.0,70.05456,14.358519,72.38176,221.52809
4312.0,57.567955,8.826534,53.25118,351.88306
4314.0,23.36467,6.7625856,23.833065,103.117836
4316.0,21.890514,1.0990835,33.58792,206.01205
4317.0,38.68944,6.572037,39.49103,109.74188
4326.0,27.53,2.1309867,39.505844,612.44086
4327.0,214.5512,33.895298,257.5723,734.8337
4328.0,111.00552,11.711899,114.71417,376.32703
4334.0,46.75927,10.81968,54.577244,136.29689
4336.0,24.409695,2.7221375,28.380571,133.03467
4342.0,29.722797,6.588921,32.32086,99.52895
4345.0,32.63207,2.7611825,38.171673,132.9436
4351.0,28.592163,1.7070568,41.35389,139.45018
4353.0,58.783577,8.578175,74.99239,246.92407
4354.0,15.566199,1.4346893,18.353409,99.01526
4361.0,95.49769,21.884584,118.13771,338.96884
4362.0,58.314667,7.3473697,54.828808,229.43184
4366.0,32.214073,8.821854,34.06868,96.89536
4370.0,171.79202,14.859738,169.60286,753.63336
4373.0,28.99475,4.614803,26.374668,111.8785
4375.0,179.64049,23.250074,174.671,611.7838
4379.0,112.94997,12.155004,123.8939,400.1431
4380.0,52.439137,6.8274717,54.972942,218.84775
4383.0,18.817959,0.7883763,22.557587,89.4809
4395.0,102.91751,14.954487,120.24865,427.43442
4396.0,32.30146,3.2660418,47.141674,207.09607
4400.0,20.89961,6.5220733,23.331121,234.7637
4403.0,67.36929,3.9848828,73.11658,219.10315
4407.0,42.87658,2.8304677,50.49034,193.02766
4411.0,45.354,3.9650595,50.632153,259.4457
4416.0,33.36067,5.920723,30.819138,352.81653
4418.0,24.589386,1.4663627,37.991367,180.27557
4423.0,54.473026,1.4127164,74.942276,493.92682
4424.0,52.38682,1.2942989,69.02844,493.92682
4430.0,85.87443,10.734282,78.08512,376.33817
4437.0,91.14904,12.490544,95.53739,303.57684
4439.0,22.176346,7.9740224,23.352634,111.10359
4440.0,39.225067,7.4824486,49.36016,194.3092
4443.0,48.564465,7.780308,67.204185,176.6507
4444.0,59.521984,9.405583,86.042114,303.8839
4447.0,44.708218,2.003469,65.07034,233.21162
4450.0,20.493177,1.1570005,26.695974,90.47672
4452.0,22.495518,0.96593165,34.613575,504.2971
4454.0,22.121859,2.5924377,26.548548,100.72892
4455.0,23.54316,3.9759274,43.25407,193.426
4460.0,23.403244,1.9509562,25.888927,144.98216
4463.0,28.420454,6.251718,35.317448,122.8213
4464.0,12.045359,1.1583161,15.854387,80.50748
4466.0,53.23424,5.829226,50.13116,627.4053
4472.0,20.295311,4.1818075,21.963715,103.605576
4478.0,41.47735,6.2739515,37.781193,347.318
4482.0,26.647352,1.7352128,29.916597,96.66753
4485.0,31.053074,9.705986,35.370594,111.04755
4486.0,41.76428,4.8640375,52.447395,311.82782
4487.0,90.35471,14.818273,79.10886,191.48167
4490.0,94.73306,4.08657,101.26194,1051.0338
4498.0,54.67018,4.3004713,70.284256,252.80466
4500.0,13.501521,2.985917,16.704718,106.41686
4502.0,9.745198,3.0313637,10.931498,96.04606
4508.0,93.56186,9.662496,102.54649,418.03467
4510.0,97.5029,9.651315,120.26122,504.4137
4514.0,17.79289,1.8633004,20.845264,82.70214
4515.0,9.13974,0.2210698,13.4233675,128.98927
4522.0,18.038507,1.8602636,17.756191,120.661125
4525.0,20.214277,0.8748479,34.23938,144.9073
4539.0,37.146606,8.505546,41.656208,154.96016
4543.0,26.396862,5.4083853,29.396833,125.568794
4548.0,10.68818,1.2021122,10.854359,93.21959
4550.0,42.459984,7.9811296,39.67275,154.84169
4551.0,35.6412,5.1280518,38.756504,112.1207
4553.0,82.96868,14.264531,89.8594,223.04561
4559.0,12.6115265,2.872588,10.718895,90.96811
4564.0,15.612173,1.8703312,25.315496,188.27354
4567.0,41.520813,3.7466202,45.665424,154.38406
4570.0,111.52749,11.720726,123.38935,443.70187
4573.0,46.74866,3.3302753,52.133778,150.32394
4574.0,42.842033,2.9787853,50.101124,198.51514
4575.0,102.963554,6.607312,113.09694,795.0574
4579.0,32.10245,1.884831,81.96719,255.6014
4581.0,28.823536,3.9841642,40.955723,161.88249
4583.0,87.492065,18.495935,97.63536,247.79701
4585.0,56.546764,3.1008837,63.210148,940.8374
4587.0,57.974228,12.568474,54.325863,203.51955
4594.0,116.80252,8.674983,122.9776,472.34677
4597.0,59.11087,2.1316826,83.49694,247.84926
4600.0,36.84624,3.4709039,41.081734,124.7548
4604.0,75.22906,3.9746103,54.28879,1452.9622
4606.0,61.97147,5.9160957,65.90192,201.0632
4608.0,43.30501,9.561137,47.61454,179.37009
4609.0,88.107956,4.1283526,97.33001,550.117
4612.0,19.43095,2.4909706,32.214344,406.27698
4613.0,21.44954,1.3285879,37.269962,188.92085
4620.0,54.239407,10.929942,65.610634,273.1569
4625.0,58.32292,10.538928,54.844334,218.17776
4628.0,44.77746,1.6040009,50.724823,155.1169
4629.0,13.9855995,0.45193952,28.37235,108.99544
4630.0,124.47795,13.335161,112.98412,1038.8296
4634.0,28.991547,1.8290763,31.412788,110.522835
4635.0,71.377144,2.465213,95.263954,393.31723
4638.0,22.120867,2.0093746,38.017513,221.89685
4640.0,38.6272,3.2407966,56.119587,238.546
4643.0,70.98854,10.062631,66.92189,264.20834
4647.0,10.295803,1.020608,17.628996,94.2732
4649.0,58.132206,4.1598577,72.876366,240.86089
4652.0,15.545454,3.3648646,12.285038,112.30293
4656.0,14.580248,0.48141524,25.48474,200.4299
4658.0,67.593994,12.855212,80.85294,251.83241
4663.0,18.877935,1.7327449,24.482403,191.35162
4665.0,110.13306,17.436253,115.09332,395.9083
4666.0,59.836205,3.4863083,76.132965,251.85364
4667.0,41.995125,2.8569546,46.750156,153.62431
4670.0,94.31069,4.08657,101.0311,1050.7673
4671.0,168.00317,6.180285,209.28912,716.42163
4676.0,43.935158,8.851126,48.316944,192.09744
4678.0,118.67771,9.612925,95.74445,840.9204
4681.0,89.843025,15.594,104.51968,434.758
4682.0,104.872795,9.875585,97.843636,786.3086
4684.0,109.6011,15.026735,100.556015,410.463
4688.0,24.00365,4.1823525,27.060701,485.6704
4689.0,26.84527,3.1298537,32.16444,137.14772
4691.0,45.32301,8.192298,57.12358,219.66719
4697.0,113.410904,10.28083,147.36531,913.8662
4700.0,82.1904,4.065178,93.68177,480.74677
4701.0,124.73535,3.6689677,143.20058,768.2711
4704.0,23.49809,0.90358025,54.39137,326.2469
4707.0,17.961197,1.6316675,26.345549,87.301155
4709.0,68.13058,9.510538,81.23681,379.36832
4712.0,46.063255,2.013698,61.096344,151.58185
4717.0,32.31715,6.6423583,29.617268,155.97482
4718.0,53.603092,2.8822687,77.85261,339.5352
4719.0,58.48805,8.889783,71.62631,214.30989
4721.0,62.49443,5.1109257,77.31253,257.53165
4726.0,32.133167,2.4530795,42.831863,187.31343
4728.0,25.170029,3.2301514,26.073565,106.999275
4731.0,24.403053,4.907341,22.937553,112.37422
4733.0,79.06515,16.15355,85.630646,268.98495
4737.0,24.358683,1.6934513,36.762257,118.38296
4739.0,68.703735,13.611755,72.73792,192.64047
4744.0,68.32496,6.063037,71.03683,220.20227
4750.0,68.80845,13.189513,76.51576,272.62585
4751.0,71.739784,13.107933,78.91087,298.3805
4755.0,117.50299,12.879732,111.44147,444.76038
4757.0,15.450411,0.54266393,39.48379,196.11931
4758.0,15.895917,0.6815932,40.56505,287.63742
4762.0,61.26809,2.3266914,76.74919,469.45105
4764.0,34.986355,1.9415791,40.394863,130.2194
4765.0,67.975624,4.1825867,92.66362,294.61417
4768.0,42.104053,3.9630895,44.16819,130.83345
4770.0,29.853703,6.1642365,34.220142,174.35571
4774.0,34.94369,1.4507772,58.669804,217.08275
4779.0,65.474556,8.169989,77.82937,280.53293
4781.0,108.08769,22.525867,119.48692,428.60303
4782.0,62.424053,2.083643,57.71165,1629.7688
4788.0,11.445776,1.2792958,12.318336,108.05641
4790.0,27.732998,5.622249,32.563583,97.90384
4794.0,115.195,7.409995,129.95634,459.12674
4795.0,31.887877,2.3477335,33.784893,153.30058
4796.0,17.729986,5.337514,25.322933,221.60257
4800.0,74.60434,5.2200017,69.11938,196.2269
4805.0,17.2373,2.3328407,22.655125,165.97876
4807.0,28.629778,10.853642,31.5856,98.07159
4809.0,25.715519,3.029968,28.074684,92.10882
4818.0,38.418976,3.4895053,65.02196,254.64946
4819.0,13.49059,1.4803691,13.00637,84.37083
4821.0,102.00958,12.243516,104.683685,254.98358
4822.0,87.61497,9.57863,89.537285,283.78873
4825.0,83.73744,6.4848237,99.18623,506.37106
4827.0,143.55876,13.485737,139.95012,1039.8197
4828.0,122.73659,11.272218,118.81633,811.6502
4832.0,56.48368,2.5431907,89.61554,439.96414
4835.0,47.028606,2.9638846,53.410366,170.74562
4836.0,22.911762,1.2350671,34.007393,91.299416
4838.0,81.0349,16.977621,90.45917,404.34705
4843.0,27.17115,1.8707072,42.505177,358.05096
4847.0,86.527855,3.7689083,117.95827,728.61224
4852.0,16.445198,0.753106,25.91691,145.83415
4853.0,77.71809,7.1982737,77.742134,267.69888
4854.0,73.033966,3.7115273,85.873245,403.41898
4855.0,82.37162,2.051865,96.03195,981.7991
4856.0,12.098991,0.90483046,24.999779,178.13283
4862.0,71.29357,6.000057,77.49435,300.04022
4863.0,37.142048,1.8586406,41.7227,235.3846
4867.0,101.99339,2.1608894,81.777695,1709.2109
4870.0,42.139305,3.6967072,43.718933,154.20595
4873.0,31.908342,1.6308609,48.229763,272.01077
4876.0,22.246288,1.3686968,40.471664,193.37527
4878.0,66.27713,4.033765,86.46731,457.91376
4881.0,17.841887,2.4699965,25.077326,179.04869
4882.0,83.16435,3.8688755,108.837296,622.24286
4886.0,29.26019,4.2843313,44.247177,199.89809
4889.0,38.846905,1.8672023,46.531128,542.593
4896.0,85.731316,2.0549586,102.9154,1038.3619
4898.0,35.659298,2.1163788,46.1719,177.09677
4899.0,73.45271,4.6433783,82.37799,255.46103
4901.0,38.457493,1.962977,53.340813,179.25835
4903.0,92.804146,7.8479786,116.072075,477.3851
4905.0,61.00287,3.761823,80.60266,402.75067
4907.0,47.04301,3.8999848,61.977352,269.86255
4908.0,78.235435,5.923501,87.75956,327.76733
4909.0,75.03424,2.2738664,96.32038,463.84488
4912.0,83.51935,7.527843,98.90922,356.91586
4916.0,20.072067,1.5337636,34.41765,664.61
4923.0,54.84494,2.1661134,61.064884,213.02522
4924.0,48.988464,4.200358,52.393898,207.60179
4928.0,47.296078,4.108145,67.843056,240.1959
4930.0,36.17278,1.6689502,50.04605,210.68402
4931.0,37.3721,2.829409,45.18324,171.19539
4932.0,104.323296,4.085999,99.69806,792.32416
4939.0,73.49591,14.33731,78.75758,355.43234
4947.0,155.46136,13.485737,147.55136,1040.2854
4950.0,10.62253,1.770699,12.50759,91.02737
4952.0,23.601122,2.6473434,29.816195,90.245
4955.0,43.85674,3.617777,62.39763,382.14432
4958.0,29.403908,2.837042,35.388466,348.77615
4959.0,74.666336,6.9619303,84.297195,327.9537
4961.0,88.89076,4.9832425,98.48881,377.13412
4964.0,99.04236,6.8635864,107.475235,447.92838
4967.0,245.32666,10.377064,269.621,867.4255
4970.0,110.182274,8.385455,110.4928,574.6172
4972.0,68.04658,5.5216403,66.62135,258.39703
4979.0,85.18734,5.8687277,97.89198,790.98596
4980.0,30.78981,3.1157992,42.088177,191.99753
4981.0,94.711784,4.08657,101.41889,1051.0338
4982.0,117.00594,9.063916,138.73058,718.53906
4987.0,55.09576,4.4281306,66.528114,168.17262
4988.0,33.665997,5.419366,40.701733,151.51488
4994.0,34.37193,4.9324255,37.92643,327.2788
4995.0,35.845966,2.8676524,41.871513,121.9267
4996.0,69.9015,4.4818316,83.58206,284.86008
5001.0,63.707367,3.9284801,75.494255,268.8803
5002.0,79.870026,5.961512,94.92098,364.39105
5003.0,32.017506,1.8355232,36.79849,278.1675
5006.0,48.49643,4.0527663,52.44036,1032.7521
5009.0,34.61422,7.0981197,36.533066,132.56108
5010.0,40.51004,8.195668,46.27354,150.70131
5012.0,104.98401,9.212546,104.50488,910.5825
5013.0,94.007904,4.08657,100.967636,1050.671
5018.0,70.65903,2.4230576,46.049847,958.7448
5020.0,49.30938,8.095542,51.131233,227.13753
5021.0,83.032326,7.4773555,102.756134,327.23123
5022.0,96.86137,13.659073,107.31224,366.16074
5025.0,31.787188,4.339964,43.11059,134.15181
5027.0,50.180202,2.5628402,71.46907,225.10625
5029.0,45.398235,7.915502,51.92271,673.75336
5031.0,62.1795,4.9789915,58.10505,210.71617
5036.0,37.37865,2.4457066,47.01223,144.00833
5038.0,35.571545,3.5280023,43.57647,194.50702
5040.0,44.962467,3.476705,48.90348,159.45193
5045.0,81.127144,2.6556308,105.3921,497.36343
5047.0,48.449535,1.9339017,74.59595,520.20746
5071.0,63.889744,13.996951,74.90119,199.552
5072.0,22.669168,1.9016746,37.46566,126.30244
5074.0,24.986385,1.8517745,30.3394,93.60121
5092.0,99.684685,17.946077,115.8234,504.34784
5097.0,37.07057,3.987443,38.945957,154.72568
5098.0,77.13295,7.032649,85.119,275.15244
5106.0,34.536114,3.0880327,43.35975,162.62405
5109.0,49.098564,3.2409048,52.002724,142.52045
5112.0,27.019905,4.079702,32.13512,90.36876
5114.0,63.840595,12.868096,73.4587,170.59898
5128.0,72.72678,8.5588875,86.706276,502.0116
5133.0,18.888887,2.1072853,23.853292,134.9529
5137.0,43.04579,9.409627,49.293446,149.13982
5143.0,86.75955,4.440632,119.76701,415.26456
5146.0,32.129204,6.491015,40.498535,143.28877
5149.0,99.61893,5.463075,118.9563,357.17172
5155.0,78.08315,4.0838923,89.45288,361.92468
5158.0,72.13568,5.4374175,85.18868,377.98175
5167.0,73.842804,4.2422824,104.786064,671.01245
5172.0,101.930084,5.5071096,119.995316,343.17767
5176.0,67.98635,3.9100945,82.408325,263.0513
5179.0,91.72168,20.645006,101.85468,464.16568
5185.0,82.37654,6.799387,99.75688,370.79465
5192.0,111.67213,10.334291,100.7639,388.37146
5196.0,40.82952,9.184747,49.55809,155.21642
5200.0,55.20121,5.220623,63.763992,188.2949
5202.0,69.85415,6.3693013,79.30022,245.71335
5203.0,125.55089,32.704613,140.77745,418.07532
5210.0,27.116129,2.704746,38.171043,590.25696
5211.0,130.38033,7.4399886,116.240295,566.33795
5212.0,72.77188,4.0374737,88.50221,412.9129
5213.0,66.236176,12.84249,77.971085,213.94905
5215.0,30.21344,2.9358962,38.6987,190.81668
5220.0,44.23647,1.8957155,69.74827,390.61218
5222.0,40.67436,2.9083228,44.56336,190.79012
5226.0,39.55124,2.7155447,48.30825,192.16057
5230.0,106.48474,19.304724,131.30638,309.83804
5234.0,75.71951,19.789555,89.260796,258.99814
5243.0,94.617165,3.01827,118.78483,427.5846
5244.0,84.0965,6.381872,109.82511,394.89014
5245.0,40.550884,2.2250245,66.122765,200.259
5249.0,41.71429,4.0006847,36.84785,420.6716
5251.0,115.26111,5.8687277,97.4381,882.2798
5258.0,65.76944,6.314416,68.87505,278.84146
5260.0,99.25313,12.917361,90.870255,573.7807
5269.0,75.702835,15.251576,80.44296,215.74094
5270.0,12.15681,1.3444456,23.066744,114.98383
5281.0,76.51985,5.285781,90.99981,354.6152
5282.0,18.878849,2.582018,23.53628,133.70909
5286.0,135.76524,13.830586,127.05108,523.22205
5287.0,120.69133,7.6329184,152.23183,650.0671
5290.0,94.76509,8.518612,126.08166,483.03748
5303.0,50.333656,2.3855002,62.483734,175.23412
5305.0,31.924711,3.6160123,44.246696,264.8785
5309.0,48.808575,5.301569,57.743774,222.12625
5310.0,104.276764,3.3145568,106.73219,290.08438
5312.0,22.641645,1.3787683,27.915443,84.723175
5313.0,15.1133585,0.9086531,36.387436,146.70271
5315.0,29.797699,3.027433,39.06839,141.56505
5325.0,23.149837,1.6241062,33.364025,432.45078
5327.0,140.6998,7.350952,152.27632,921.727
5328.0,101.52848,5.195009,121.74522,390.67963
5331.0,28.760319,2.8741941,38.954315,231.01913
5332.0,46.61905,1.8823028,59.266212,205.21252
5335.0,58.260105,3.886012,68.20634,213.24435
5336.0,24.696716,1.4617133,44.690693,262.8958
5338.0,5.4551964,0.49688125,11.8138895,102.96424
5339.0,16.280107,1.354895,40.246147,248.50758
5341.0,102.94171,8.48618,120.268845,480.14124
5342.0,34.221653,9.810909,47.641785,277.76746
5343.0,27.139225,6.165293,30.232449,219.2526
5345.0,9.519014,0.55332744,23.171984,289.08228
5348.0,23.092596,1.6541483,37.717678,145.62262
5349.0,98.7765,14.379213,97.475555,314.91138
5351.0,73.853966,12.215356,86.51065,304.1032
5352.0,34.74699,3.9895446,48.85158,152.30246
5355.0,78.76055,5.993617,85.010414,363.94095
5356.0,129.50809,19.162733,131.24004,558.20013
5361.0,36.31979,2.4706697,45.856968,179.9529
5362.0,22.913788,1.7161229,37.924576,138.67006
5364.0,32.00868,2.577019,40.910233,129.21996
5367.0,20.363253,2.76114,24.854118,87.36878
5369.0,40.54294,2.7324505,58.17802,211.30316
5372.0,25.411423,2.9226854,30.61317,93.14383
5374.0,37.139748,5.1062026,42.14532,109.44944
5378.0,26.072857,5.635048,27.948206,101.181915
5382.0,200.41261,33.53268,179.30518,635.6272
5383.0,29.171093,1.9726583,25.366869,130.79828
5387.0,20.985703,1.0574449,36.878334,137.17932
5393.0,26.833002,2.2711577,31.653349,487.9813
5403.0,49.567497,8.8278,60.11074,170.00381
5408.0,67.50777,7.9803233,88.62653,362.49393
5409.0,197.00822,13.471848,177.97693,1116.4663
5410.0,174.99782,16.18249,156.27394,438.1348
5412.0,54.520676,7.893176,74.75529,354.97824
5414.0,130.44687,14.897542,135.29251,377.20734
5427.0,25.970446,3.1761603,30.960342,125.109795
5431.0,38.42148,6.0458417,54.8435,277.5212
5433.0,26.937296,1.6546009,38.70081,162.67764
5443.0,94.625114,8.472285,104.5298,329.3161
5444.0,72.3465,11.449333,77.751816,174.96402
5446.0,25.25686,1.653345,34.844845,157.31438
5449.0,46.887535,2.504143,67.38561,277.71
5452.0,85.46453,3.7472794,104.88179,457.5021
5453.0,168.69917,4.1992116,115.26698,1127.7269
5454.0,44.145905,4.2438354,56.40412,203.37238
5456.0,75.88206,4.518827,86.490776,431.4004
5457.0,47.59608,3.4437382,63.918964,399.85815
5458.0,53.765823,4.2709794,68.644135,275.64304
5459.0,74.35626,6.6222467,84.96016,242.4965
5460.0,28.381004,3.0507805,34.034584,136.1554
5461.0,45.431618,3.8327162,50.689888,144.28958
5464.0,36.723343,7.9553905,38.76107,123.25522
5466.0,85.20603,13.6723175,91.67091,416.52463
5467.0,26.442505,2.8805444,36.904705,592.57056
5468.0,53.42159,7.9803996,57.389343,282.95303
5472.0,59.9527,5.7873015,79.0105,421.04327
5476.0,46.741253,3.0676079,46.400246,190.73863
5479.0,69.69481,4.6042495,88.570595,443.80597
5480.0,111.5136,13.232608,125.204506,661.7371
5482.0,81.660484,9.881421,107.120865,379.4168
5484.0,13.687007,1.8780715,15.015961,102.312965
5486.0,23.884237,1.4584258,37.774532,204.2371
5488.0,35.523632,4.0968537,34.39933,125.06034
5492.0,27.37801,2.873051,27.90592,107.78152
5494.0,21.625292,2.1460679,23.518864,102.28791
5501.0,95.47305,6.317545,107.03095,371.2288
5511.0,23.35826,3.8316138,24.147627,122.39778
5513.0,14.266082,1.3279951,20.298775,147.41571
5521.0,121.76634,11.891857,129.94455,488.96216
5523.0,92.4664,3.1976738,79.75479,1135.0089
5526.0,49.776638,4.89571,61.271713,215.30652
5528.0,16.640013,2.5981264,28.94887,269.7667
5529.0,33.03625,8.336606,39.203846,184.15492
5533.0,31.179064,7.593136,29.368017,134.99274
5534.0,66.45595,5.5738225,79.273,285.98917
5536.0,147.67899,16.711359,98.19048,662.3025
5539.0,73.84629,13.748776,72.212975,234.98738
5540.0,6.153068,0.69385564,13.164285,103.284706
5544.0,30.927307,2.2274137,36.368816,95.7766
5545.0,21.032421,1.8553976,25.221235,98.31234
5548.0,96.09183,13.40361,98.137825,267.68152
5549.0,104.64307,15.205654,112.280975,283.09686
5553.0,53.628925,2.6926477,59.881416,184.36281
5555.0,19.049017,2.6596394,23.904661,136.55742
5557.0,58.262688,2.9871178,77.983505,399.72943
5564.0,33.38457,2.6257782,39.6697,117.79055
5565.0,40.2884,3.2368424,58.57392,377.22333
5566.0,19.057745,1.2159386,36.20901,187.94534
5570.0,11.749183,1.6428154,20.304157,188.67401
5573.0,15.972158,2.1275713,21.748873,139.04251
5576.0,31.733932,2.9660404,44.05589,143.87221
5577.0,24.074286,1.4437313,28.06888,102.573135
5581.0,59.59062,7.260492,59.72358,237.91212
5585.0,19.210283,6.6245337,18.97311,101.68163
5586.0,35.8231,2.5062792,45.184273,147.13571
5590.0,54.06217,3.6466565,49.50294,111.02479
5594.0,101.58345,9.3699665,122.95531,377.2847
5595.0,88.33722,15.894848,84.315445,281.66086
5596.0,23.517488,1.2316275,31.026619,208.34966
5599.0,32.874176,5.380471,37.64927,106.98457
5600.0,19.38267,4.862872,28.567049,159.86595
5601.0,41.57413,14.251253,50.53831,125.29284
5602.0,27.96363,2.1760504,38.097244,598.0081
5603.0,220.20961,32.43813,232.61876,655.1266
5604.0,115.25209,15.687406,138.8887,693.6373
5606.0,22.639109,4.2212605,22.92492,88.81924
5607.0,45.70112,3.4120324,40.191246,101.175835
5609.0,166.69919,14.050379,114.837524,623.31525
5610.0,37.013706,2.2439632,45.556118,217.09526
5611.0,39.346626,2.2142367,47.571236,231.77475
5614.0,63.15366,2.5578847,71.2954,237.35474
5616.0,21.757238,3.8630865,22.49991,331.11014
5619.0,8.800596,1.0902267,17.36281,115.30068
5624.0,38.181156,2.4487886,49.203693,212.76675
5625.0,17.026665,4.314468,15.880964,117.2116
5630.0,88.698235,2.4425063,94.84027,268.92444
5636.0,52.827198,2.4070494,91.13586,537.5645
5638.0,24.812653,1.4449649,41.89636,173.8905
5643.0,28.105274,4.7672596,33.68468,100.90728
5644.0,93.8284,3.5751815,111.725914,633.7566
5649.0,235.18163,5.112589,252.87445,1083.8967
5650.0,76.54883,2.4590347,97.76603,1134.5088
5651.0,71.61292,2.3859565,82.44872,880.78595
5652.0,56.688717,2.6007488,62.499916,210.8251
5653.0,25.587318,1.6264791,39.10264,194.88737
5656.0,35.874714,1.7941655,41.069466,155.62001
5658.0,29.729836,2.2298486,34.44418,311.06018
5659.0,23.494478,1.2645435,42.597195,160.2889
5661.0,48.04094,2.6115088,76.91299,427.73795
5664.0,50.891617,1.3867531,52.76609,175.95628
5666.0,29.635944,9.317566,37.81036,107.07481
5674.0,20.208908,1.4050627,25.840223,96.09979
5688.0,50.290653,2.0503001,45.43017,140.91956
5694.0,31.571726,5.1511054,34.676685,680.0311
5705.0,94.25665,25.015759,98.987305,246.13495
5708.0,22.149498,4.967209,40.315796,279.26007
5715.0,269.9879,13.594123,278.80676,1223.6533
5718.0,29.220263,2.06881,39.68272,543.1141
5721.0,73.42484,18.224825,77.54824,220.54631
5723.0,109.460144,4.525194,121.94659,708.83655
5731.0,17.3474,1.6159133,33.547325,138.0312
5733.0,109.644745,22.169573,122.50913,348.9767
5736.0,26.623749,1.552089,38.106075,200.13127
5737.0,83.983574,22.60427,94.26838,283.1768
5746.0,69.00136,2.084279,94.639595,347.97495
5747.0,13.172269,2.7262075,8.6937275,89.63563
5750.0,42.404633,2.382083,45.88306,471.57242
5752.0,18.482826,1.4920418,27.530466,438.8545
5753.0,150.56284,19.10504,134.59224,645.78284
5757.0,78.16029,3.189539,87.15616,245.16588
5758.0,75.32609,1.8746859,92.944435,353.85406
5759.0,21.811283,1.0954362,30.268993,105.034996
5760.0,46.517284,4.517262,47.17372,149.08145
5763.0,51.128098,7.1848683,55.669746,573.7298
5764.0,50.700558,12.293821,60.197483,232.40146
5767.0,18.575514,1.9918147,18.485516,133.15436
5776.0,138.07433,2.9190283,118.53339,825.9523
5778.0,57.149277,3.8367856,75.6762,360.4207
5779.0,262.2286,2.8285344,167.497,2063.1072
5782.0,65.4211,4.313617,79.964264,259.26962
5788.0,170.22925,3.6521616,134.3723,390.93103
5793.0,19.116571,1.9516987,45.991875,205.64578
5798.0,17.885263,2.0228417,20.839952,145.00456
5801.0,35.64003,2.6688814,48.126545,135.44939
5808.0,201.74113,45.766113,244.66731,451.5231
5810.0,87.07217,11.990277,94.85808,336.50885
5818.0,127.44829,10.690388,170.85295,459.1038
5819.0,21.667175,1.6820017,28.165956,345.35968
5821.0,59.807255,2.9986985,88.42982,651.6667
5822.0,63.27634,1.9828767,77.90675,750.44116
5837.0,67.93971,4.422455,71.480415,217.27454
5843.0,66.42503,4.1076126,85.42306,382.0314
5844.0,99.96749,12.364859,117.583694,326.82938
5845.0,68.236565,2.146067,83.16764,241.2914
5852.0,79.644615,3.5720222,90.25218,269.7244
5853.0,56.514015,9.428124,72.572624,218.48604
5854.0,60.53821,3.6673641,93.81958,297.93097
5856.0,19.304682,2.715548,28.30149,202.15155
5858.0,70.26465,10.937428,81.23146,332.9826
5860.0,97.05606,3.9712324,114.45944,444.3309
5862.0,10.047551,1.1073308,15.845884,114.088585
5864.0,33.686905,4.0902843,60.841003,330.93372
5865.0,86.65346,3.8820493,88.45419,250.75958
5867.0,74.90226,2.4590347,96.86169,1156.5602
5868.0,10.271168,1.8107156,21.269135,211.03694
5873.0,95.146065,17.79284,81.058815,377.60846
5874.0,29.918232,8.591811,44.991386,249.79591
5879.0,69.84372,10.921653,74.99139,229.49268
5880.0,52.39171,7.5651426,67.97371,376.88086
5881.0,127.63231,23.387314,105.54619,671.82434
5886.0,48.714928,3.7770698,57.19074,204.74454
5889.0,102.23485,4.00373,96.56162,476.80023
5890.0,57.318836,1.7761737,78.91012,369.1957
5891.0,109.14596,5.993375,119.16771,569.6897
5898.0,51.866535,2.032195,56.261433,233.79262
5899.0,59.369793,2.4590347,86.88752,500.82712
5901.0,37.32534,2.5734067,47.665707,142.9155
5902.0,90.60355,5.162423,116.05908,361.5759
5904.0,91.43909,4.2671185,113.820694,704.76685
5905.0,94.474075,5.5845094,123.807976,372.13196
5906.0,60.230785,2.6770544,81.741875,326.23538
5908.0,69.24532,17.364006,54.988415,263.0538
5910.0,48.793148,8.386147,60.886715,215.6318
5911.0,73.057785,14.842541,76.993675,209.96814
5912.0,56.089596,3.3396144,60.54122,285.9953
5915.0,54.9179,2.7352529,91.13257,427.75732
5916.0,42.085968,2.3493655,51.28553,240.94554
5919.0,72.38173,2.5944483,57.138916,1312.8579
5920.0,87.29766,2.6228466,92.19472,451.50632
5923.0,79.7092,7.522086,100.513916,316.97153
5925.0,42.625633,1.9584523,72.43158,275.82782
5926.0,51.318363,1.7042577,55.82783,1164.9761
5928.0,76.01634,6.1509013,81.16471,307.21146
5930.0,37.862095,7.048583,41.38662,134.39388
5931.0,60.904602,2.4092796,71.43128,1230.1221
5933.0,36.51478,2.0323741,46.019768,141.65654
5934.0,48.524483,2.581027,62.652122,185.0564
5935.0,15.935843,1.2081522,21.335104,164.42102
5937.0,50.549477,2.72349,62.816235,297.87683
5938.0,20.697483,0.8209617,26.00836,211.89604
5939.0,53.84744,3.2643528,61.209545,192.98653
5940.0,66.22497,2.628877,77.33189,247.78543
5942.0,76.222145,2.4590347,97.9214,1145.2201
5944.0,41.848053,2.051026,68.36804,243.19315
5945.0,46.09886,1.8246839,79.20159,370.42126
5949.0,40.253025,4.150006,42.75407,157.73183
5950.0,78.24891,2.618887,83.13069,894.15393
5951.0,33.42159,2.9742508,46.255802,219.76735
5956.0,60.938652,4.1064095,57.54819,168.70416
5961.0,157.01855,10.834756,176.16927,866.57306
5965.0,42.195232,10.367845,50.361153,190.8023
5967.0,66.27814,4.3273325,77.39305,337.44986
5969.0,33.353035,2.043676,47.796295,198.03004
5973.0,39.50267,1.8269198,58.5436,197.11272
5974.0,121.515656,39.01926,112.177055,319.12762
5976.0,31.0511,1.488719,44.395718,154.7841
5979.0,34.969128,2.0126035,40.25723,116.41058
5989.0,51.24984,3.585449,68.26813,329.68045
5991.0,49.877926,3.164248,51.399544,423.40912
5992.0,40.635258,3.0696597,60.871094,236.23792
5997.0,60.497932,2.4599385,68.98312,177.6511
6006.0,47.68144,2.0867195,58.648823,202.30023
6010.0,30.75286,1.065637,32.09299,158.31258
6026.0,44.11962,3.7929866,43.947224,142.68495
6030.0,6.9727407,0.50915873,17.506203,142.63576
6034.0,67.66226,15.465956,90.375916,334.44565
6035.0,63.35647,2.3773537,93.715996,341.11728
6038.0,121.76634,11.891857,129.94455,488.96216
6044.0,58.256638,2.4590347,82.70459,485.8147
6046.0,94.95965,2.5314882,121.04047,417.40823
6047.0,19.114937,1.2135997,28.972473,499.8539
6050.0,26.287977,1.2802283,38.681892,140.99498
6052.0,36.963123,6.1817875,42.049572,170.4614
6054.0,38.33733,9.555391,51.906784,255.51524
6055.0,42.835384,6.2382817,53.264496,424.748
6056.0,36.38963,4.2112565,54.130463,151.11081
6063.0,37.432533,8.640719,40.261906,101.15586
6064.0,63.863853,15.938017,66.407616,204.53532
6065.0,33.835987,1.8553076,39.179886,422.7216
6066.0,17.687878,1.4135194,27.533485,238.16899
6067.0,23.431898,2.2146688,34.860786,279.10474
6068.0,31.590391,1.30306,40.94126,392.18234
6069.0,53.878242,5.081869,65.59805,156.22298
6070.0,58.31867,10.583666,58.98431,211.57487
6074.0,46.70087,5.745171,55.593933,410.22195
6078.0,90.35277,3.0448895,88.56287,229.4919
6082.0,74.92526,6.333432,81.10037,237.41258
6086.0,123.55598,3.0780344,136.76935,557.6252
6091.0,38.337322,2.596408,45.422367,152.37248
6092.0,57.728325,4.7829266,66.83619,213.20377
6094.0,105.162285,18.756083,118.75968,331.116
6096.0,31.276953,2.227064,35.992683,206.82448
6098.0,84.17059,2.3708498,104.39332,372.40854
6099.0,28.159475,4.745797,50.30338,150.20306
6102.0,49.746666,4.3231387,58.573868,262.17047
6103.0,52.178234,4.754349,50.86395,157.85237
6104.0,65.28081,4.6605606,68.4633,315.907
6107.0,92.16004,9.451848,106.917046,701.8636
6109.0,58.12866,5.87096,84.899055,405.22604
6110.0,63.264397,11.96935,83.32543,480.01242
6111.0,138.74725,8.349719,139.85452,898.7092
6113.0,26.754864,2.5632463,28.843689,104.93657
6115.0,149.06311,13.140866,160.16574,779.2674
6117.0,152.03879,12.639946,162.75137,552.41077
6118.0,162.86789,7.8382473,169.45177,1300.5073
6120.0,92.84371,5.0736566,88.935524,420.4165
6122.0,128.5128,14.602439,131.517,564.05414
6123.0,72.49516,13.565226,98.77513,351.63345
6125.0,39.783695,7.853004,56.625122,429.094
6127.0,80.04171,11.453055,87.7452,610.18585
6129.0,119.79568,11.964555,100.54134,797.74146
6131.0,101.95138,16.780426,108.67011,385.26956
6132.0,122.848656,9.567871,129.85005,805.9186
6134.0,161.35297,28.994162,179.9124,528.9352
6136.0,95.378,15.32668,91.75921,542.76794
6138.0,97.75489,25.573505,99.63879,307.70465
6139.0,101.83059,8.226223,104.285355,402.9566
6141.0,72.61746,9.021514,92.897964,611.498
6142.0,142.57837,28.137701,114.1829,407.1952
6144.0,82.22745,15.236311,85.38079,428.74774
6145.0,137.67027,18.186848,140.10143,404.20264
6149.0,126.2801,42.641,126.30291,368.06387
6150.0,84.258934,11.5613575,89.38009,420.9144
6151.0,80.696075,18.51713,81.16917,271.25394
6154.0,96.58431,8.290278,109.02076,451.17487
6155.0,60.3043,13.456369,82.22556,394.22208
6156.0,64.3963,1.9699099,89.411125,418.39603
6158.0,171.09723,10.006586,175.01718,1169.264
6160.0,76.75237,7.8617206,87.36241,495.83585
6161.0,102.01634,5.185207,134.27321,744.626
6162.0,111.80068,5.4091253,119.47963,786.3382
6163.0,112.09739,8.259369,124.44686,454.58643
6164.0,106.391,8.017284,116.53116,349.8503
6165.0,228.87633,20.169348,230.75394,914.92615
6166.0,103.203964,6.3600826,112.4799,386.0252
6167.0,144.41328,37.11372,153.64864,526.37134
6169.0,54.168526,2.6025715,69.98023,470.33682
6170.0,110.622856,8.516723,112.26101,784.9173
6171.0,151.96165,11.444764,141.17056,1040.1241
6172.0,61.088802,2.439842,82.648766,380.409
6173.0,192.42197,8.229641,173.82991,484.16098
6174.0,261.7015,5.016681,171.42928,1264.8416
6175.0,164.62178,5.1581945,182.16469,800.0661
