YB,mean_pred,0.025_pred,median_pred,0.975_pred
1.0,116.37489,16.161558,103.693596,611.2286
2.0,467.17468,59.450188,427.0815,1876.656
3.0,612.47034,55.944157,780.4514,2641.0405
4.0,51.59148,5.6468754,53.624702,385.5057
5.0,73.211685,6.615569,101.44544,540.3377
9.0,357.64145,56.628284,353.87787,1977.9629
10.0,4156.7905,288.77863,3263.6577,26372.16
11.0,1220.467,79.90325,1891.8049,10780.455
12.0,1332.2404,262.33557,1165.071,6918.3154
13.0,484.74353,86.508835,505.67203,2383.6384
14.0,147.93489,15.829044,201.35422,874.59235
15.0,1057.7927,179.58696,852.885,4352.2305
16.0,746.7277,186.54161,767.4344,4662.2
17.0,1427.2673,218.89616,1140.6307,8824.02
20.0,327.09457,51.561203,266.74857,989.4626
21.0,1560.5397,180.90497,1443.8058,7572.9844
22.0,162.43301,14.014389,205.44104,731.5595
23.0,796.61176,37.510357,817.5392,1925.9962
25.0,591.0633,32.72855,614.6919,1942.5277
26.0,323.45435,44.37687,276.50137,1569.194
27.0,184.77856,15.686342,225.07236,1231.0145
28.0,321.68948,16.025843,479.4046,1410.88
30.0,2402.95,595.62134,2094.952,8670.6455
31.0,667.1024,117.00103,765.68756,4348.148
32.0,931.43036,89.09054,928.4766,5048.1455
33.0,2339.359,186.04239,2155.8872,6848.2007
34.0,6947.5454,473.80582,8331.435,15402.782
35.0,1290.099,103.35432,1462.4655,5149.0522
36.0,2413.7449,464.51865,2259.5974,7101.6406
37.0,1935.2701,148.91391,1802.5186,7359.839
39.0,378.00916,51.692986,314.4642,2344.6055
45.0,88.38091,8.62595,105.89836,491.72696
51.0,165.76637,19.781523,203.14153,871.09467
52.0,37.126083,7.3596,40.74089,343.4658
59.0,83.03529,12.214888,114.18552,685.7897
62.0,84.50643,2.0566735,85.88728,635.0219
66.0,44.978024,8.690359,53.735268,352.80392
72.0,1745.6617,246.89629,1686.835,9815.379
76.0,17.31958,3.7358966,17.609402,162.82463
77.0,8.45942,1.3643363,9.649619,104.20544
79.0,40.2027,6.5479903,48.829678,316.81604
81.0,113.23475,16.341795,126.90099,963.7358
89.0,36.44134,9.879819,36.331738,329.7347
90.0,145.23927,10.763904,162.25598,805.2725
92.0,116.465996,36.33458,129.91035,528.7022
94.0,56.969944,8.995695,60.037178,605.6986
98.0,34.39874,4.922515,34.1502,368.77133
105.0,57.096977,2.928976,55.262814,360.4375
108.0,63.474915,4.6659627,68.01303,401.41718
109.0,84.30909,1.5764695,87.41937,540.4104
110.0,68.58185,12.970548,59.379475,407.79596
111.0,169.60593,1.7774736,214.6993,1284.9026
116.0,22.336336,2.198701,27.322563,1027.3075
118.0,63.029434,7.688117,77.56761,415.7974
124.0,106.33647,2.8462906,108.51633,760.80853
129.0,53.413754,3.238274,68.23507,649.9162
140.0,73.50898,18.456186,78.6525,500.3891
142.0,158.62495,19.791124,202.201,768.6496
146.0,30.563738,3.014507,32.082108,263.6401
148.0,346.97253,64.962364,372.9877,1715.3475
160.0,105.21902,20.757868,114.085266,692.7736
172.0,781.1313,40.324818,656.7095,5305.225
176.0,17.92722,4.3375726,19.718071,160.21898
178.0,137.8711,22.19383,133.5055,1290.7112
183.0,48.43671,7.7526364,47.386734,272.12598
184.0,44.37319,6.808737,47.16776,325.36337
193.0,618.4245,20.730297,537.92865,3742.9226
194.0,409.11746,36.217026,402.05164,1251.1088
216.0,159.66824,14.673023,191.16074,680.4317
218.0,258.4124,5.413586,264.0597,862.6012
219.0,332.1903,22.902859,460.58057,1043.4097
221.0,457.11533,84.596054,435.16406,1733.5146
222.0,331.70926,53.513794,351.36633,1705.7727
228.0,52.9151,7.373487,64.446526,401.31787
229.0,439.44043,35.16446,436.07516,1539.2526
231.0,164.05482,8.707403,205.38873,1082.4362
233.0,46.357136,7.98038,47.420055,357.97226
234.0,61.920753,9.208831,54.789577,877.8911
238.0,164.95755,2.6267855,209.4183,1031.2905
239.0,117.84813,14.92724,119.60743,842.7867
240.0,11.814586,0.75951326,9.551304,127.661095
243.0,296.4618,42.39006,316.3117,2307.929
245.0,282.42203,51.061466,317.96234,1187.2004
246.0,217.84293,18.260536,241.48882,970.1211
251.0,134.06938,20.408873,122.13758,1439.0453
256.0,69.31463,11.765284,80.687065,482.95294
261.0,516.674,60.964546,571.7765,3473.135
265.0,33.183613,5.9411373,37.519615,344.00995
266.0,90.84742,2.619948,104.99768,639.8734
267.0,624.6452,33.726734,729.0063,3882.0405
269.0,359.85727,25.023954,444.6821,1562.1746
273.0,6373.7236,336.31815,6370.114,27137.906
274.0,3463.586,178.83572,2606.387,19595.527
279.0,110.81703,16.459503,135.09712,602.61786
282.0,4752.644,194.16885,4774.746,11491.395
283.0,3450.168,297.4733,4167.031,14052.186
285.0,995.863,102.38218,1105.3843,3887.1533
287.0,3508.4797,76.524994,4698.39,5276.4497
288.0,1665.0677,131.52026,2733.0676,4528.112
289.0,3357.5764,76.41928,4547.7466,5268.0933
290.0,745.4118,53.584526,662.27844,3380.1787
292.0,562.2641,40.199974,718.35095,1900.8555
293.0,130.93336,27.444067,155.36858,633.78674
294.0,215.83733,13.647136,225.31514,1826.086
295.0,342.57944,23.81276,302.7555,1374.12
297.0,327.43384,22.094482,391.3305,1497.7931
309.0,166.11217,12.476027,222.7647,771.516
323.0,952.3767,170.05278,1081.1522,4256.5796
325.0,17.062069,2.2070148,20.397812,251.00722
329.0,154.37164,11.238765,204.92062,657.49036
332.0,106.70645,12.691608,135.0091,716.7931
333.0,490.07153,102.12971,546.24713,1554.733
344.0,2393.6836,357.467,2391.9878,7198.761
347.0,3456.7979,346.83984,3108.56,16273.685
348.0,2092.2007,136.48914,2093.7126,7197.334
349.0,91.27443,2.4507596,232.88425,2151.8027
352.0,6764.2036,292.77692,6671.966,18613.479
354.0,2710.9014,222.76564,2363.6887,15958.042
358.0,25.971327,3.0338645,31.88768,250.72026
359.0,192.4606,15.773786,257.7914,1149.059
362.0,16.227552,2.7402635,15.018949,199.7466
364.0,40.885975,6.162531,41.776955,328.58798
368.0,13.859017,0.8150377,10.842906,157.97867
371.0,3179.681,533.7157,2802.499,11541.565
379.0,139.13887,30.207531,151.31235,697.9768
380.0,774.42737,40.068398,886.5844,1988.2722
381.0,589.6513,66.79582,699.5428,2272.773
382.0,502.32788,39.17005,519.0726,1645.0814
384.0,104.11851,18.21214,107.48256,632.485
385.0,21.577204,4.3237476,22.42302,280.35077
387.0,172.73837,24.200983,185.9654,771.7048
388.0,65.722885,8.134115,93.555435,584.7416
389.0,11.635395,2.7453747,12.330165,228.79993
395.0,137.96184,11.310426,143.87468,898.19305
398.0,26.663668,5.260022,25.093464,289.0397
400.0,315.84012,24.87225,356.9269,2114.0667
403.0,34.82793,3.7406158,35.8556,424.9832
409.0,24.29236,3.6551497,22.859968,186.59543
415.0,61.49109,5.674748,72.795906,392.01688
421.0,35.75781,4.623918,53.21834,689.95996
422.0,15.083591,1.1420325,18.453026,133.37627
427.0,58.661804,11.025816,66.04798,353.70242
428.0,75.29973,3.1697407,106.725784,517.3005
429.0,56.270557,10.65403,62.56441,519.09515
432.0,43.40422,1.985317,97.22045,660.39075
433.0,127.30482,13.529258,131.90733,810.44635
434.0,132.7011,16.971073,133.68277,705.42755
435.0,128.08304,9.616996,129.76115,779.11176
437.0,41.79423,6.408835,44.41681,351.5941
439.0,48.672363,4.1902857,169.89336,1600.8762
444.0,75.62155,13.827372,79.78347,492.51263
449.0,87.73721,4.5858436,195.9547,1169.7069
450.0,56.452984,3.458724,61.364017,253.77171
453.0,175.61566,24.185951,209.2821,1608.7007
454.0,73.32638,7.49861,62.808804,215.71747
459.0,111.464645,17.808474,116.70242,757.39703
460.0,29.318583,3.8842018,33.75686,267.4376
461.0,18.763456,1.8493303,20.090963,130.29784
462.0,249.03116,49.809772,261.8614,1597.2855
470.0,9.474778,2.6220438,10.576146,146.7113
471.0,159.65302,15.874813,171.0739,906.03
472.0,79.55861,9.035165,88.341736,724.13275
473.0,731.556,46.47264,572.20636,4319.139
483.0,138.83334,7.9377832,417.42676,2952.694
484.0,18.09116,2.5484915,19.448477,133.88531
488.0,152.5389,19.417057,186.85596,1153.1047
490.0,61.057083,8.123837,71.44906,454.45337
492.0,819.70953,116.52872,882.8501,2840.2363
495.0,345.83707,9.0109825,337.9658,2622.055
500.0,12.578923,2.473318,10.975565,111.67734
501.0,315.4449,12.509342,311.38312,2532.2947
502.0,88.282486,6.066133,116.79027,547.63354
506.0,56.914146,11.313208,62.146183,475.1985
509.0,485.18915,86.54563,481.63425,2814.8054
510.0,300.13828,22.449306,256.17792,1696.4257
512.0,493.14474,27.452208,440.18323,2580.8242
514.0,17.475351,1.5188023,19.95959,250.32507
517.0,133.43027,26.511745,132.92978,851.7471
524.0,31.148445,3.2787604,30.011198,287.54446
525.0,1266.4426,123.07333,1329.9865,4648.105
530.0,0.17224853,0.0091362735,0.18775809,152.58435
532.0,68.32408,11.03463,64.88302,422.49954
536.0,163.01108,13.870173,174.55478,795.1192
537.0,302.3854,18.877459,274.25516,1415.5762
539.0,78.986244,11.128728,81.95704,470.02252
550.0,68.89433,11.489706,69.35894,504.5191
565.0,86.17777,7.1247187,104.415474,614.23804
571.0,139.01405,12.10273,136.39279,595.9761
572.0,668.0647,79.07126,736.9654,3094.8142
573.0,0.38682267,0.029126681,0.6153278,191.88808
575.0,290.72937,18.264765,509.85263,3725.0679
576.0,29.47973,2.967413,29.735207,220.28532
578.0,434.95624,49.048813,398.23163,2517.0525
585.0,386.9664,75.32651,343.2161,2292.4834
589.0,923.35254,108.79108,872.5276,3640.6753
590.0,492.78372,103.04258,477.67316,2907.779
593.0,72.582146,8.780112,87.00904,666.4128
596.0,353.59027,67.49087,351.72992,1910.8685
602.0,123.98173,15.142725,145.41869,814.74457
603.0,143.1702,18.58569,139.10126,511.03848
604.0,433.16586,71.421814,437.98608,2294.5996
609.0,285.89355,6.696479,299.5606,1749.3516
610.0,6.41089,1.4429965,5.4056525,93.17839
615.0,232.47473,25.193214,270.86765,1712.7427
617.0,81.60369,5.9599953,91.82035,563.2728
619.0,74.9723,9.456014,84.497444,741.9823
620.0,512.9212,58.21606,385.53696,5711.626
621.0,126.52806,7.3494544,115.017876,873.07654
624.0,147.94661,7.0895905,313.62247,1115.9408
625.0,77.7057,8.315821,102.71851,696.36774
627.0,60.78408,5.8098817,80.99425,582.6542
629.0,474.37756,24.81579,504.81772,2499.911
630.0,630.56824,70.27403,726.7153,3225.1426
632.0,156.13971,14.411211,167.19138,890.5826
636.0,64.25766,11.4238,65.28301,510.39777
638.0,132.29454,12.557409,147.5003,916.4933
639.0,92.29175,11.152876,99.924934,638.90356
642.0,219.70134,27.834248,199.87701,968.39166
644.0,111.919106,11.014942,133.0284,748.76935
645.0,204.59464,17.846647,212.57925,1238.7612
650.0,795.69836,33.029694,1121.6417,10136.809
654.0,299.8274,63.29125,275.69092,1411.9426
655.0,1670.724,121.89549,1889.6826,4970.896
660.0,2191.214,230.07108,2185.5627,7683.7
662.0,163.79437,24.796875,147.23679,1201.9672
664.0,95.99039,12.660057,78.59626,692.9759
667.0,244.26247,33.166046,256.68158,1151.6842
669.0,25.296824,3.2302225,28.22971,207.13884
672.0,174.51814,20.751204,191.42308,731.75104
673.0,103.62578,6.795497,89.74057,660.0898
682.0,181.97379,33.773853,144.56693,824.07025
684.0,126.14258,16.96251,120.54874,639.09
692.0,3743.7078,180.56868,4177.0454,8316.741
695.0,838.02234,46.784332,889.98956,2063.7754
696.0,315.1717,42.832497,272.6325,1987.9773
698.0,331.52347,49.67922,341.23294,1804.6384
700.0,428.5113,68.520134,392.64398,2304.0242
706.0,369.16293,20.206297,549.75433,1601.6962
712.0,83.25025,5.739342,93.35464,499.64545
713.0,444.39276,17.506065,300.32507,2603.1963
715.0,1.3382037,0.39799696,2.1266606,215.63982
717.0,451.634,14.659081,481.49744,3699.362
719.0,0.86097896,0.05041304,1.2582898,268.10538
731.0,1814.9725,151.47427,1868.9252,8308.782
734.0,952.0575,104.187195,943.21216,4280.6426
735.0,1178.1628,107.54137,1145.5331,4470.6265
739.0,188.53777,6.667903,182.10484,1101.7938
743.0,57.104786,4.3783584,80.95552,508.6177
749.0,881.38544,63.234684,1111.8373,4627.688
751.0,771.90015,67.94509,851.8299,3521.5063
764.0,186.72397,16.51398,165.77121,1456.2721
769.0,184.35866,9.428141,336.37378,2313.7556
771.0,174.13885,8.989143,146.60788,764.8615
772.0,722.3774,79.33207,697.8846,3486.4658
780.0,87.55212,7.4700656,134.99641,547.7981
785.0,27.285963,2.3198578,28.454958,264.8957
787.0,303.3516,14.642294,373.00302,1403.8591
794.0,326.06866,32.40976,270.7377,1608.0563
797.0,361.25812,49.03815,363.9512,2583.1892
801.0,105.27357,12.660199,137.56993,510.1951
802.0,342.5876,45.979397,344.17532,1974.0969
803.0,107.245056,5.049605,139.99144,545.4684
807.0,625.1586,73.62267,620.2599,3769.0532
808.0,199.24992,4.6807823,196.24579,1070.1366
813.0,162.72513,14.084999,191.19914,981.54254
814.0,392.39987,28.40041,399.41165,1831.7275
815.0,624.76465,57.119118,501.85434,2218.9783
816.0,288.68524,25.920649,234.77827,1566.9142
817.0,675.898,84.30861,757.54034,2609.989
819.0,572.4539,71.49937,449.1044,3626.433
821.0,207.30603,46.346336,262.59787,1249.5652
824.0,185.00452,10.62975,202.91759,1448.327
827.0,406.00864,52.58756,475.65076,2489.7563
828.0,160.07806,31.583876,164.70493,1089.6843
832.0,191.52708,30.207382,178.2306,757.1124
838.0,159.23888,8.269025,214.52397,1277.531
839.0,118.36795,14.897581,130.72482,624.65094
843.0,17.41181,0.7288926,12.650429,157.33463
846.0,380.52258,24.037783,504.0521,1357.3943
849.0,324.81372,21.869934,460.62604,2061.2751
851.0,161.27306,5.1532283,162.9058,772.54785
854.0,894.48615,104.17298,873.29095,3332.9854
862.0,71.9559,12.067423,72.18295,436.67545
866.0,1786.2599,121.42264,1500.0917,7796.532
870.0,206.70027,37.009666,235.95657,1177.9543
872.0,740.88416,90.906654,739.2196,3661.4065
876.0,171.82684,25.151335,176.84184,1575.2191
878.0,628.0886,60.613342,770.4888,2961.983
888.0,271.35925,41.979355,292.72583,1244.2585
889.0,2032.299,107.0429,2183.6418,13136.382
891.0,269.9,14.723828,356.27362,1138.0676
895.0,3449.4214,171.92888,2549.7534,19063.752
897.0,754.0299,71.736336,843.88654,4052.4636
899.0,301.96207,26.338614,237.56387,1812.7395
903.0,738.3139,179.6733,601.241,3052.9707
904.0,253.91866,50.836025,207.14851,1767.455
905.0,223.50725,13.571687,277.9617,1846.7253
906.0,345.31473,79.10323,350.42197,2067.0913
908.0,1192.9337,283.58582,1111.0021,4312.081
909.0,167.26355,9.49714,193.66031,1215.0055
911.0,1799.0521,96.79327,2159.8105,6900.9644
914.0,271.35422,64.39378,269.76877,1848.5685
915.0,1386.6748,279.22958,1305.3392,7083.493
916.0,333.61896,48.018826,341.0844,2386.6423
918.0,1471.4497,164.34203,1875.9858,7914.5986
924.0,552.83954,56.22485,593.9862,6164.8364
926.0,374.35254,55.69452,345.91937,1975.549
935.0,377.41608,15.923345,300.18848,2715.7983
941.0,1144.5748,82.63521,1299.7759,5793.791
945.0,25.664799,6.297775,22.290865,205.12886
950.0,105.33282,13.558963,115.86462,631.4963
952.0,751.9721,138.68031,705.514,1739.4764
953.0,88.27752,7.6994624,104.02144,746.7103
957.0,250.21005,43.358154,246.47693,1598.8956
963.0,169.00851,2.927826,200.05981,1402.8754
972.0,940.0768,60.61005,1026.9276,3667.407
974.0,884.15906,135.90575,949.7509,3352.409
978.0,1731.1432,90.75754,2134.231,3195.8936
994.0,371.04898,67.045746,368.79364,2349.2588
997.0,240.75824,28.143051,215.5915,1135.9363
1000.0,334.02087,5.3375936,462.25424,1689.0557
1005.0,191.08128,19.31318,197.80695,1505.7137
1006.0,271.3749,25.6147,356.6862,2188.946
1012.0,3918.3132,463.06256,3865.907,13067.684
1014.0,510.78735,91.33568,392.012,2464.8623
1022.0,140.2878,10.376519,122.19427,917.41455
1024.0,327.18817,38.792778,310.97922,1690.5566
1028.0,89.21025,8.172244,113.096436,717.309
1031.0,95.16915,12.376775,98.19245,777.2868
1033.0,1697.0203,85.81966,1390.5052,9636.572
1034.0,1447.9093,108.71349,1521.4735,7131.129
1039.0,158.5953,14.198866,140.8673,2055.0923
1040.0,147.98633,34.798885,153.48001,747.88806
1046.0,952.76404,97.90655,923.7528,4185.6147
1048.0,68.99438,6.3269935,79.80463,656.347
1057.0,426.75192,69.94937,489.10342,3061.6362
1060.0,769.9277,116.9409,718.5551,4144.8003
1065.0,444.67322,26.945187,410.0819,2216.1167
1067.0,1108.6396,166.53226,1181.1676,3710.2654
1077.0,117.98764,12.207111,168.12387,714.3588
1089.0,574.4955,57.023952,570.38824,3373.9402
1092.0,268.65363,28.155376,272.32858,1962.0126
1096.0,139.60666,24.862436,170.2683,855.92474
1098.0,2737.6587,340.4593,3343.702,8010.804
1101.0,809.7132,20.008339,954.5913,3896.9412
1102.0,130.82877,19.670092,122.16211,592.4319
1107.0,76.47206,9.848162,77.963234,541.98376
1108.0,118.68354,4.0869164,118.74847,871.04266
1110.0,195.60976,25.191908,218.66217,1797.7881
1115.0,360.7128,100.28872,331.87045,1885.8517
1116.0,164.36395,36.244244,227.95554,1214.5338
1118.0,64.569695,6.682887,86.92975,395.7252
1121.0,23.792871,2.163741,25.253168,193.30594
1125.0,792.1995,17.426203,670.17914,4493.654
1130.0,112.8317,19.482065,150.42282,927.2099
1131.0,388.8553,64.00645,458.28992,2099.229
1135.0,287.88263,49.00017,240.0182,2228.8093
1137.0,431.92612,39.531406,612.7546,2801.9084
1138.0,541.06586,28.074364,604.5159,2707.199
1139.0,273.184,22.04605,358.87793,1176.8472
1149.0,48.478355,8.156451,47.923203,339.1407
1151.0,5058.8887,328.34033,4094.7034,26155.13
1157.0,254.2995,27.084461,259.14316,2030.1254
1160.0,168.62149,7.108909,146.41972,856.43915
1164.0,103.6491,4.4086685,92.57838,421.00974
1167.0,196.4793,29.403124,225.41388,1638.8547
1171.0,318.4366,33.17336,330.70862,2577.549
1176.0,34.14132,4.6643767,41.95532,286.97147
1179.0,111.32007,12.210299,104.691864,541.03436
1180.0,547.4599,141.22417,511.5566,2836.977
1181.0,55.303825,6.7933593,55.33213,361.8788
1183.0,1556.5638,150.41522,2090.7256,4780.0444
1184.0,75.05392,6.3553853,104.698654,586.93256
1185.0,156.83815,12.119391,172.92538,641.85724
1189.0,80.40999,6.361972,134.89435,1073.6188
1193.0,324.70328,23.45221,286.55685,2846.883
1196.0,27.620749,7.4782395,29.362627,211.39949
1199.0,2822.6724,201.57275,3105.4636,8389.367
1200.0,1598.2477,149.40039,1683.0154,6051.752
1203.0,645.42487,78.42454,658.8932,2929.2507
1205.0,69.15587,5.659767,95.34594,590.79565
1206.0,24.835487,3.1134906,25.57298,241.56076
1212.0,130.94568,33.810024,162.54337,507.8269
1213.0,260.99664,32.026768,292.59744,737.524
1214.0,202.69777,7.8937154,177.24384,938.04034
1231.0,220.8239,44.48527,195.92818,1345.3507
1232.0,1480.632,119.628365,1465.0835,5431.32
1233.0,360.7718,23.826218,392.43372,1436.854
1235.0,223.45483,16.162716,281.87488,1218.1112
1239.0,3041.257,247.8255,3295.5442,9703.599
1240.0,259.83325,28.386162,317.35477,1532.2502
1242.0,2679.776,317.54092,3051.943,6492.5454
1245.0,390.71707,42.471264,418.94284,2722.5056
1248.0,15.2225065,2.074752,17.262228,190.13722
1250.0,435.81052,48.58201,562.16895,2735.362
1258.0,56.653236,10.631786,53.748238,688.8599
1259.0,46.659462,3.7796826,51.58143,434.15677
1263.0,18.845947,0.56545967,17.506117,169.04817
1266.0,92.159996,8.034958,76.7104,531.9646
1268.0,627.1618,40.40855,724.37726,2656.1604
1270.0,16.480045,1.1489302,12.579671,162.94565
1275.0,53.693626,7.26042,54.116558,601.91455
1277.0,140.92668,23.456753,138.46225,835.9801
1282.0,616.51337,135.65259,573.828,2801.2417
1297.0,287.17792,58.07399,258.67267,2084.695
1300.0,24.190256,3.5891285,28.719309,258.30585
1306.0,276.10678,52.342484,286.59583,1315.4121
1312.0,305.79404,29.526127,322.54285,1493.1943
1314.0,90.63952,8.483067,108.77904,687.15924
1320.0,86.18398,12.534541,88.09892,634.67896
1321.0,55.591385,5.275305,80.010376,373.8645
1322.0,394.90485,68.0764,393.05832,2228.7234
1324.0,286.02463,23.74056,317.94623,1301.5304
1325.0,159.68826,25.125414,154.95374,955.56775
1330.0,144.7825,22.182775,154.11026,1095.5079
1331.0,299.974,29.133093,380.91852,1352.9465
1338.0,18.926065,5.2985363,21.909103,156.54623
1340.0,254.96619,69.39238,287.81415,1090.8234
1342.0,388.28625,30.082333,481.59634,2285.303
1348.0,11.0343,1.8000124,11.085226,147.32823
1350.0,476.57632,61.021053,510.42578,3345.7878
1356.0,221.5227,38.981266,187.77605,1241.4915
1362.0,52.63244,8.897946,54.31924,460.14172
1363.0,153.8138,22.023523,192.26799,1027.5618
1366.0,177.31807,22.444902,156.08263,1565.393
1368.0,870.09705,183.32756,805.2099,4444.9155
1382.0,376.153,50.17351,334.89963,1966.261
1384.0,252.0878,19.528639,251.5632,1423.1184
1385.0,251.2969,38.433083,304.80676,2339.9392
1387.0,268.52158,28.850494,279.1923,1350.5488
1396.0,815.0259,103.37344,694.48395,4432.039
1399.0,119.7191,8.455145,165.003,1121.8535
1401.0,120.15071,5.095457,130.41258,658.9592
1402.0,64.685684,6.290878,69.80922,573.62744
1408.0,54.336964,10.868947,53.077843,483.9186
1410.0,182.92389,41.10549,183.36116,1073.1018
1412.0,189.21278,25.233376,188.66655,1029.1403
1413.0,80.706535,6.5929055,72.94034,665.5452
1416.0,187.18968,13.435484,241.18245,1118.647
1418.0,120.23828,10.877011,133.54706,752.94916
1431.0,625.12616,116.17424,565.3445,1599.8239
1435.0,152.91933,7.2962675,132.55615,920.9002
1436.0,173.72806,38.160034,143.01088,827.0101
1442.0,374.52878,25.060795,330.35443,1551.2902
1448.0,201.54228,28.856527,210.94456,1476.7805
1449.0,217.61276,23.956533,273.3333,925.8722
1450.0,381.89078,66.772835,373.86237,1706.8912
1452.0,876.9895,125.339096,897.8702,3597.656
1453.0,139.63109,6.420561,115.923454,781.4051
1458.0,153.1476,12.56183,148.37056,1245.1678
1459.0,291.15585,7.4919095,378.75916,1686.0525
1461.0,31.466198,3.779844,32.82858,181.3513
1463.0,210.06227,25.125437,228.88046,1228.7853
1468.0,86.2679,11.321058,83.336395,465.15744
1473.0,87.99246,7.182706,98.85825,638.6036
1474.0,331.71036,81.41923,316.46786,2015.0022
1485.0,287.07962,55.417717,282.50366,1589.4901
1488.0,53.336475,8.943171,41.55149,469.8625
1489.0,909.80566,84.63342,1001.521,4892.061
1492.0,291.92044,48.280197,280.78653,2889.668
1494.0,132.93233,29.112244,141.77351,1053.0153
1497.0,44.561848,6.8938165,48.131313,256.52643
1498.0,537.31006,71.00384,485.58633,3086.3699
1499.0,61.868843,10.723419,69.005264,434.52377
1502.0,46.772434,8.901665,43.590652,280.68372
1512.0,73.556946,12.504048,80.270615,470.51422
1514.0,159.33322,36.593906,150.84445,1757.2152
1516.0,352.985,73.14475,353.71878,1701.2036
1518.0,45.73385,2.322788,35.610783,355.32254
1523.0,353.56146,76.08042,322.7307,1850.949
1524.0,315.0243,61.80353,334.8926,2442.7212
1534.0,465.38864,85.123146,443.2445,2027.1653
1535.0,143.38808,19.685085,159.2584,651.7813
1544.0,85.966934,14.855706,98.027214,762.2102
1549.0,292.28912,28.643002,393.95163,1445.9396
1550.0,47.655994,5.8937173,46.282036,345.12082
1551.0,30.675858,3.6483867,34.37145,241.99486
1553.0,12.876065,2.476778,13.198185,131.58281
1554.0,94.047035,6.8775563,126.70315,879.9077
1567.0,193.19344,21.608866,228.55545,1080.4436
1583.0,438.11728,43.050064,435.45197,2706.607
1584.0,137.25423,19.589645,112.414154,1202.3771
1585.0,783.4089,114.03936,739.6932,3456.7815
1610.0,338.9703,65.38689,331.2027,1796.9995
1614.0,342.23886,46.720592,295.40433,2060.5984
1615.0,462.5307,87.94023,409.0993,3136.7737
1624.0,243.96738,22.438717,349.22464,1466.8185
1626.0,59.02505,6.4790215,67.567474,844.3723
1629.0,969.4695,111.75054,933.29987,4904.155
1632.0,39.97875,4.627682,40.05525,358.0269
1642.0,298.92734,63.319958,270.2441,1891.6417
1644.0,126.65568,13.788522,157.35143,950.2574
1646.0,60.25885,11.622232,52.22423,345.1672
1649.0,398.91867,59.923775,380.62616,2403.3418
1652.0,180.5197,25.791609,216.13808,1044.6698
1655.0,618.3587,98.4743,657.5079,3994.7263
1674.0,9.481515,1.0367786,8.428234,88.1689
1682.0,99.133545,4.984206,116.85555,691.622
1684.0,315.5046,54.822063,351.48276,2077.2332
1686.0,287.38544,45.137886,269.2004,2600.7468
1690.0,10.392011,2.3973258,9.984589,99.967926
1692.0,285.56195,41.14214,281.7065,2497.4817
1693.0,1680.1184,150.9005,1601.5312,9990.412
1696.0,118.82913,15.130137,106.06134,772.33716
1698.0,13.674776,2.5533133,13.000681,218.19952
1700.0,838.1954,104.1939,859.6752,3668.8481
1703.0,525.8289,63.637993,521.54315,3570.844
1705.0,112.31674,18.906303,97.34082,1419.0594
1706.0,97.02191,13.217182,108.16276,654.1561
1707.0,12.979701,2.163171,14.473196,191.4975
1709.0,283.7426,5.0792184,337.85556,1749.4058
1710.0,576.3253,41.364246,466.2291,2491.1768
1712.0,549.6949,16.995983,599.7043,3364.6958
1718.0,266.59918,51.536774,276.86182,1822.1979
1721.0,8.964205,2.0982125,9.605174,168.1824
1727.0,161.38167,17.8932,202.4974,1051.0248
1730.0,453.43146,77.47424,442.05927,2666.4724
1733.0,156.63225,9.377549,198.67917,1306.1853
1734.0,116.76081,26.423311,118.704994,1794.7764
1736.0,418.74252,58.99702,368.92014,2325.6987
1742.0,348.6745,39.842575,446.02954,1988.6096
1747.0,329.3235,49.123795,305.2636,1763.758
1748.0,295.21802,54.47264,332.97467,1951.5957
1749.0,52.028988,3.7912009,63.450584,355.60254
1753.0,544.88605,38.522556,588.39026,3004.7134
1762.0,492.10724,50.507786,574.33636,3030.984
1763.0,446.4828,76.060616,497.21262,3294.6704
1764.0,591.9659,99.67442,531.94635,3849.7666
1765.0,628.9221,61.97301,694.89136,3778.6228
1773.0,224.53435,21.191008,208.61966,1369.8453
1775.0,29.7565,4.4256487,33.08626,298.2512
1777.0,534.292,64.770035,554.36774,2419.0981
1779.0,90.19948,13.3414,96.3801,561.24805
1784.0,91.915375,5.9345894,86.7055,890.23065
1789.0,200.30418,10.245494,182.85143,1217.7831
1796.0,1473.774,210.04042,1399.049,6352.018
1803.0,65.281204,7.8134747,91.481705,963.1303
1808.0,243.44363,11.381307,369.01862,2305.0947
1809.0,290.12723,49.742634,331.41376,2280.7568
1811.0,82.807976,13.878714,87.12989,930.68365
1814.0,483.94305,70.30338,456.7462,2558.4114
1815.0,27.779793,3.1088288,36.087116,220.46313
1817.0,274.4222,51.676003,312.35626,1807.2891
1818.0,21.117836,2.3000069,22.88022,365.23685
1819.0,651.29297,56.28797,503.24344,3841.797
1823.0,89.51906,14.371803,102.39106,1453.7134
1828.0,112.83148,5.0731325,87.54865,684.10345
1830.0,58.149868,1.1363531,49.165672,1001.81757
1832.0,42.409817,3.2815835,47.1757,415.2947
1834.0,229.25632,28.166506,259.32068,1525.4369
1835.0,371.07767,83.915474,341.0725,2654.5525
1837.0,269.30606,18.648245,334.17798,1352.0327
1841.0,167.76038,23.27261,143.92903,893.89215
1842.0,833.7324,18.553127,981.83374,3888.2878
1846.0,523.8899,67.753174,476.03302,6527.698
1847.0,725.7592,101.3864,686.869,5319.568
1848.0,954.1053,75.689735,1055.8575,3196.8293
1850.0,361.0449,64.99276,350.56488,3600.9927
1851.0,247.3477,30.186806,265.4846,2124.9727
1853.0,100.52131,7.7495265,113.590805,545.41064
1854.0,1483.0125,163.63435,1408.233,6506.523
1856.0,480.2077,76.15225,528.36426,3844.051
1858.0,238.55032,43.936363,210.19783,2088.8894
1859.0,129.05154,6.9250073,96.18625,678.19476
1860.0,179.09515,28.512543,200.43382,1438.2736
1862.0,24.525618,2.359188,24.490063,342.31897
1863.0,122.97021,30.51649,110.471306,801.85455
1866.0,348.73785,33.428944,373.3051,2604.2874
1868.0,37.15414,4.048941,40.390392,267.8102
1871.0,625.924,85.50102,756.371,3005.7222
1873.0,124.888954,17.169378,144.83553,760.3995
1874.0,310.6973,61.11484,277.61084,2744.8896
1875.0,57.022453,4.7064714,71.860435,832.4616
1879.0,335.39313,14.153308,317.96185,1561.4121
1881.0,77.87559,13.502392,82.71492,809.1612
1888.0,79.39746,8.584175,93.85069,587.61725
1889.0,14.874483,2.1063356,13.564586,207.08235
1890.0,5.5990324,0.93085366,5.377656,125.63336
1895.0,65.68592,8.2926235,67.54866,677.8734
1899.0,59.900898,7.4733295,61.789448,629.92633
1900.0,646.654,59.048046,734.63074,3804.8245
1915.0,1196.711,102.47635,963.44403,6130.8774
1919.0,53.615295,6.944019,58.48565,824.69525
1922.0,245.03133,43.817406,248.39894,1225.8025
1925.0,503.94995,39.290436,500.162,3071.691
1927.0,336.75546,61.89197,303.90854,2993.6694
1932.0,136.7276,13.645194,179.11035,1111.9683
1934.0,931.00183,91.59646,805.1553,3060.606
1935.0,204.8459,16.02669,201.43471,1132.28
1943.0,60.186455,8.327212,51.716377,536.1458
1944.0,144.40225,2.462332,156.3844,1458.071
1947.0,361.80786,33.12619,489.8394,1418.4628
1951.0,326.3141,70.71559,364.0425,1998.5138
1955.0,709.1891,77.27085,588.4912,3202.5325
1958.0,799.7719,68.20644,842.43665,3926.2021
1959.0,22.833971,3.4563012,24.012089,158.17041
1961.0,264.20944,20.528063,259.94366,1881.3033
1965.0,188.7345,37.72705,165.86276,2497.3337
1967.0,75.62515,13.985286,77.72234,949.4837
1970.0,366.7632,37.121784,432.53864,2761.0996
1974.0,397.54462,67.32424,363.836,2962.429
1975.0,49.144855,4.692323,60.57581,700.3325
1980.0,237.60522,47.471027,228.9034,2686.7642
1981.0,27.511314,1.9934328,35.944416,188.54164
1985.0,635.296,68.26771,704.95,3811.1182
1988.0,744.9169,11.988923,685.5625,5039.372
1991.0,41.17255,5.8139877,48.30257,796.6828
1993.0,28.58348,2.6195438,38.761726,206.67256
1995.0,255.68806,30.459997,247.04799,2470.2266
1996.0,128.2563,14.568009,154.89066,1002.9159
1998.0,566.48596,67.8713,497.02795,3368.179
1999.0,205.60666,26.323092,279.29285,1068.3705
2001.0,499.26532,59.699547,490.07602,3810.4094
2003.0,1531.7411,151.28262,1504.437,7118.8574
2006.0,443.75473,61.490673,474.57645,2005.2189
2007.0,693.9967,75.180435,530.85474,4106.9404
2008.0,0.63196874,0.15453374,0.7895282,127.0179
2011.0,65.689705,7.202378,81.41756,837.2048
2013.0,110.79268,8.6460905,130.9691,789.37604
2014.0,294.77856,19.290218,360.3683,3167.121
2015.0,218.5846,45.33976,241.72346,2202.7356
2021.0,186.35802,23.480438,182.35536,2508.1711
2023.0,69.13547,8.116612,94.3245,1063.4448
2031.0,306.2058,28.969133,279.30667,1606.9158
2035.0,1201.0712,235.32591,1110.3623,4425.902
2037.0,62.141388,10.808251,62.504776,759.9362
2039.0,160.39418,5.6215305,112.10176,520.71545
2041.0,102.23353,8.808155,111.7427,433.7982
2043.0,677.8743,118.79434,672.3762,3103.486
2046.0,185.75908,31.504223,195.3414,1186.5385
2048.0,77.085846,4.5568433,58.594456,579.62506
2049.0,653.7729,76.556854,612.5165,6729.4785
2053.0,2588.3123,141.4117,2700.7473,10371.141
2054.0,60.263798,4.4621534,55.14701,661.13745
2058.0,68.30665,10.644901,90.96984,862.62305
2063.0,165.23425,42.840706,207.73776,934.44916
2066.0,118.833725,21.231905,134.15993,986.07513
2067.0,246.65012,23.119925,207.65854,2289.6628
2072.0,1333.1694,108.34906,1097.3414,6374.0703
2073.0,595.15967,130.99359,673.55133,2689.851
2076.0,1732.8107,203.9466,1795.2882,5665.5947
2079.0,794.5158,196.93657,713.5622,4269.219
2085.0,274.3352,25.699085,352.47235,1617.463
2086.0,1614.029,133.82997,1663.7994,7782.299
2087.0,232.78807,54.866756,249.40933,1911.7998
2088.0,292.20703,21.373415,374.80212,1529.4187
2090.0,1086.9084,85.40266,1239.8439,4102.411
2094.0,758.47437,87.77375,808.8059,3877.9446
2101.0,339.83582,43.01612,408.32053,2444.515
2113.0,137.14484,7.7437015,129.54138,972.74896
2118.0,208.66531,25.61677,188.50899,1078.6953
2126.0,127.42567,17.169348,129.34169,1390.3448
2129.0,292.23563,19.64595,385.0398,1337.3284
2131.0,251.87709,26.504704,198.86505,2170.5334
2132.0,129.90002,13.643316,114.921555,733.8685
2138.0,721.86017,61.848637,821.9844,3676.3574
2139.0,1100.3752,103.56779,1171.8762,4627.4233
2141.0,716.9995,79.81582,775.9303,3561.6064
2144.0,756.0043,102.034584,794.858,3016.3008
2149.0,208.08296,10.77196,140.2339,816.48376
2152.0,198.03911,35.95526,194.95078,1168.9128
2154.0,239.47597,10.626687,199.00829,909.9662
2159.0,519.32684,65.81879,519.2798,1663.3324
2160.0,0.19221376,0.022746341,0.3208051,174.59956
2166.0,108.56695,18.049675,109.19551,636.28284
2167.0,139.98436,28.40154,143.71074,1935.4326
2168.0,42.887074,2.0808382,47.282055,419.06076
2169.0,158.46877,14.645795,170.66284,1028.9691
2170.0,16.86526,2.8457563,14.274965,204.82002
2177.0,118.931786,5.4363046,159.36581,567.74066
2179.0,23.633486,1.5186685,30.957802,281.53207
2181.0,408.2139,40.735634,449.52368,2070.17
2187.0,319.23935,58.44375,292.71884,2531.8215
2192.0,78.9914,12.201471,86.18238,756.54956
2193.0,320.08884,41.36907,332.7109,3284.321
2196.0,59.782646,11.375605,56.03357,404.80212
2198.0,150.69922,3.9453857,173.93495,799.34265
2206.0,907.49457,129.75597,899.8915,6068.918
2220.0,446.9576,58.937668,497.60544,3097.5635
2225.0,394.0366,49.739574,457.89102,1699.7286
2226.0,61.81166,8.060009,56.75991,682.03485
2230.0,313.1219,37.046585,361.7416,2036.438
2235.0,71.76795,12.297052,72.78379,778.8273
2236.0,118.15181,8.093449,142.53717,901.05084
2237.0,34.275154,5.64853,33.214737,429.4809
2239.0,19.19039,2.1468916,30.333961,209.9458
2242.0,153.15547,15.237449,172.226,726.4766
2244.0,169.45177,39.8445,163.71808,1973.6301
2247.0,109.91455,8.727948,111.734024,830.0814
2250.0,78.64634,14.490592,100.41825,1062.6532
2255.0,39.836323,1.3692406,33.87341,287.53964
2258.0,866.5148,58.060654,1065.5641,4082.3005
2259.0,132.0745,22.738634,151.45276,1987.9166
2262.0,36.556065,3.5948172,39.83692,422.8722
2265.0,46.90391,6.5641613,49.655247,489.57782
2271.0,136.95251,14.070787,149.389,553.5863
2274.0,170.58011,12.237303,249.3412,1033.6522
2283.0,23.39395,3.3811722,22.636211,363.85992
2285.0,736.0049,74.55117,805.4649,3507.9246
2287.0,163.5157,14.921556,164.58684,915.86163
2290.0,86.625534,8.97483,115.28541,412.19095
2296.0,27.014717,4.4205203,30.36266,349.56564
2298.0,49.163876,5.326031,50.44705,696.77106
2308.0,0.055977333,0.005772565,0.08561371,123.94153
2311.0,56.35508,8.925448,54.588272,539.77997
2318.0,79.33396,12.467008,67.54749,757.0165
2321.0,69.83696,8.106161,60.025326,616.99115
2323.0,55.61636,7.4296346,72.14937,439.54016
2330.0,91.936935,14.413914,92.401665,452.66608
2335.0,40.988277,6.2859244,55.499744,342.115
2339.0,53.720142,4.3789244,50.707726,401.21765
2341.0,28.550406,4.7298284,31.454998,421.69888
2343.0,298.331,27.792942,221.64127,2538.895
2348.0,39.465233,2.5566034,52.894512,324.3396
2349.0,111.62463,8.816992,186.12065,811.3229
2352.0,39.223797,3.822478,47.284985,314.14496
2356.0,531.31006,63.814358,503.39706,3697.923
2358.0,386.79535,52.74132,434.39966,3375.6042
2361.0,289.30594,51.770206,280.34277,2853.899
2363.0,309.01367,50.739437,300.46014,2688.9766
2364.0,645.2078,60.410007,713.5727,2656.9104
2365.0,38.78625,5.6159954,42.674915,477.16278
2369.0,199.38022,19.885618,195.31578,947.112
2370.0,329.1514,56.652622,350.54495,2321.1174
2371.0,336.50534,37.035698,329.1784,3275.7034
2372.0,297.0057,41.061764,290.13235,2440.6619
2378.0,54.200573,10.35005,76.80828,676.04987
2379.0,217.07301,26.914906,175.01534,1960.0219
2381.0,29.631416,5.006022,35.23323,420.72052
2385.0,193.37758,24.835772,224.1937,792.7142
2386.0,75.25023,8.566089,94.71093,468.97052
2387.0,289.56195,42.259132,211.32089,2629.6626
2397.0,387.40686,31.288464,279.02368,2754.8396
2399.0,104.14909,4.9489417,91.48192,662.50714
2402.0,92.613655,14.736696,84.03084,421.68643
2404.0,44.261223,7.6550336,44.208775,499.76498
2413.0,37.56685,1.385284,96.614586,733.42365
2415.0,93.720825,16.66379,96.819016,676.20337
2417.0,697.7056,92.514915,851.4527,2051.2527
2418.0,141.07999,13.790762,164.9577,889.2603
2419.0,142.34659,10.7465105,182.69376,982.6608
2420.0,338.26263,41.503723,291.90833,1632.7051
2421.0,66.80376,12.95775,73.28618,589.0828
2422.0,18.026554,2.5678854,18.473583,209.27693
2423.0,178.77817,13.014127,226.99895,847.33124
2424.0,175.00081,24.875025,239.16765,859.57104
2428.0,374.5754,62.349747,382.41556,2852.0476
2429.0,78.21547,6.202934,108.39463,402.1855
2433.0,35.851513,1.4368966,43.163235,361.52866
2434.0,72.00519,9.096937,89.16755,307.96326
2435.0,67.304115,9.589874,76.24639,565.0499
2436.0,59.68774,6.7328196,71.706894,661.49036
2437.0,35.524258,4.1782928,35.99204,240.61191
2438.0,129.68922,20.338606,123.74937,757.25366
2440.0,194.36423,33.074127,166.1837,1246.1277
2445.0,341.33026,37.45863,337.9993,2586.009
2448.0,93.121216,3.5467947,68.4733,455.31793
2451.0,423.85938,55.64053,468.70425,3558.171
2455.0,28.810612,5.413642,32.469017,408.66397
2456.0,39.07938,2.7629337,30.638815,321.94852
2457.0,26.279404,7.7645717,30.948437,442.01358
2459.0,38.30968,3.1632283,43.83078,256.282
2467.0,43.005898,6.994044,53.138134,332.40704
2471.0,258.59644,39.646786,270.91888,2883.5166
2475.0,22.092232,1.6758394,28.307955,216.58871
2478.0,586.49164,69.12451,658.3418,3330.7073
2481.0,514.6862,72.25844,473.16757,3474.6921
2482.0,327.39026,52.149754,404.56265,2418.0984
2487.0,24.786335,3.8328283,27.045656,195.32698
2488.0,359.75516,49.14091,385.62283,3520.1865
2491.0,335.16354,33.990185,369.02637,2160.7234
2501.0,149.56613,4.1078815,136.69568,522.20386
2504.0,27.36684,6.352725,35.85072,497.15976
2507.0,99.84824,5.1481333,90.01756,461.40005
2509.0,43.006,6.585047,44.713932,441.52124
2514.0,14.947005,2.1749918,13.677173,194.24286
2520.0,244.43828,35.704376,257.56998,2532.0833
2521.0,28.252125,2.778466,30.346395,318.23837
2522.0,13.961597,1.0356964,11.747063,146.21774
2525.0,10.321371,1.4257674,10.298189,115.67741
2526.0,33.62378,3.0805106,25.94937,363.04437
2527.0,252.77237,26.355602,200.7037,2287.1038
2533.0,206.05283,46.111637,178.45802,1546.6119
2534.0,14.798964,1.1314329,15.022903,256.71182
2536.0,18.24758,1.7875174,14.627883,260.76437
2537.0,15.34263,2.3015525,14.150702,263.63004
2538.0,68.70452,6.6410413,90.01735,1307.4397
2545.0,110.5094,18.509756,122.97654,1228.2429
2549.0,36.168564,3.5923095,35.59802,446.50235
2551.0,75.30565,9.200855,101.76763,643.025
2553.0,47.8743,3.0476415,41.64087,278.97418
2554.0,25.945778,4.2611365,28.37626,397.6379
2555.0,20.59053,5.2956996,25.39562,339.33807
2556.0,91.34714,16.166294,127.79722,905.83484
2557.0,24.950596,4.2627563,26.842237,333.43686
2558.0,32.67996,6.0542912,35.039646,388.81393
2559.0,33.441624,5.321984,34.489113,375.63373
2560.0,297.4429,45.56595,402.76297,944.89716
2563.0,88.4639,15.534782,108.90531,676.792
2564.0,16.585913,1.9745958,16.590117,366.98294
2565.0,48.400455,11.144764,64.31728,642.64343
2566.0,240.62361,23.261698,311.11404,1474.2064
2567.0,250.51662,26.096308,308.14893,1592.3326
2568.0,36.40978,2.3628466,34.597866,349.2866
2569.0,32.267384,4.799619,39.56201,407.66086
2572.0,44.2619,1.9054278,36.292088,431.3603
2573.0,64.327095,3.9716406,71.08867,334.37543
2576.0,22.376211,4.136923,26.165169,463.30286
2577.0,33.446625,2.195394,28.474407,385.43918
2578.0,37.130714,2.562112,36.206192,445.0196
2580.0,53.87673,3.1679945,45.051403,382.72476
2581.0,39.855106,8.925961,49.217384,467.06287
2582.0,63.226093,3.9030745,68.66214,331.95847
2583.0,212.38535,23.654066,263.8934,925.8722
2585.0,24.197268,3.3506331,22.169277,306.37698
2586.0,42.0444,4.9353943,54.814713,328.12592
2588.0,24.83177,6.745271,26.321526,413.5884
2591.0,27.28916,1.6297385,26.813562,332.60287
2592.0,36.753925,3.432727,40.039837,266.77618
2593.0,37.42726,8.355074,38.190643,333.12347
2594.0,126.82634,13.741069,132.58894,1137.7257
2595.0,34.004353,6.13191,43.538532,432.06512
2596.0,26.287392,6.5885715,28.326511,435.35916
2597.0,37.379463,4.3270955,35.160713,412.08466
2598.0,44.87757,2.5021305,34.37183,317.78662
2599.0,32.37563,2.1554139,33.01088,250.38919
2602.0,34.135628,5.7074566,42.53097,328.33078
2604.0,15.168149,1.8290849,19.062595,308.45987
2605.0,20.38151,1.7650144,21.956038,183.94789
2606.0,26.273533,3.4626966,23.5156,313.28122
2608.0,33.23812,5.0397844,33.11971,276.88742
2609.0,20.870241,1.7948351,18.06246,180.75838
2610.0,52.81948,10.412628,72.95126,761.7292
2611.0,29.48074,3.5427456,25.334509,328.8049
2612.0,68.52052,3.033373,62.194386,440.41922
2613.0,29.077543,5.0239873,23.504288,347.71585
2616.0,32.923546,1.5337175,31.293941,254.65417
2617.0,32.80097,5.7192907,38.841248,411.00516
2619.0,72.74691,9.705493,91.45819,615.06683
2620.0,60.69815,3.2684658,52.60483,359.85483
2622.0,32.350216,5.4074016,39.505096,401.96368
2623.0,45.11356,3.7680194,42.426945,417.26398
2624.0,44.016716,2.3474884,37.79492,360.7417
2625.0,20.81565,3.38102,25.68315,288.41107
2629.0,40.30034,7.294518,39.18598,442.476
2630.0,36.71085,4.475297,37.901146,314.38998
2632.0,14.280991,1.4301609,14.701936,140.21718
2635.0,71.59067,1.914761,63.2828,419.10507
2638.0,29.736542,3.8872683,32.442284,342.62305
2639.0,22.486874,2.459967,20.523005,331.83154
2640.0,35.21265,7.9491334,39.608482,470.7288
2641.0,27.1798,4.611051,28.327463,272.606
2642.0,31.160225,5.423906,31.889275,408.61798
2643.0,8.615561,0.9388339,8.796494,178.96863
2644.0,34.79599,5.497654,28.718796,221.51141
2645.0,14.842243,2.4403324,13.5745735,177.85358
2648.0,44.627525,7.832031,46.19987,388.70865
2649.0,61.481472,2.8747942,51.89846,431.9609
2650.0,46.07354,11.565308,47.84255,455.26175
2651.0,13.922023,2.1005735,12.897352,161.71184
2653.0,8.168939,1.7253386,6.8616424,126.12562
2659.0,276.9289,43.57548,276.84677,1389.9153
2662.0,49.682285,10.000036,78.811935,630.2376
2665.0,45.86413,6.8690796,50.79761,417.42096
2666.0,21.872719,3.8079898,25.931484,345.13184
2669.0,45.895027,7.072307,42.31078,393.30148
2670.0,13.076042,1.9896245,15.91578,151.65814
2671.0,11.064432,1.6619009,9.307752,187.41377
2672.0,23.379208,2.8932674,26.179579,238.82372
2674.0,49.608723,8.05235,64.85036,602.2381
2675.0,73.5961,3.0694957,148.13756,1095.37
2677.0,46.50026,7.7850957,62.530228,633.6783
2679.0,106.10581,12.013856,164.29172,739.8604
2682.0,13.106617,2.2526886,12.335314,321.73767
2684.0,33.394444,3.4139357,42.188732,318.63513
2685.0,45.12203,7.775035,54.937336,354.29456
2690.0,14.441182,2.8195243,14.239811,194.53123
2693.0,113.48151,11.157656,159.84438,634.1532
2694.0,27.870249,6.161042,32.962456,405.83438
2695.0,25.122238,0.8906187,33.27375,461.67688
2696.0,26.576609,3.7424736,32.35192,244.06569
2697.0,12.896098,2.2881954,9.448091,215.61874
2698.0,11.839535,1.0466567,12.551177,216.22249
2699.0,16.303482,2.4094093,20.747137,148.81517
2700.0,54.191193,7.497517,61.12438,542.3219
2701.0,23.966389,3.3024533,28.689081,431.38187
2702.0,13.815595,2.8342128,14.726744,225.2525
2703.0,12.626909,1.4169296,12.937232,204.1777
2704.0,10.730706,1.7500097,11.689076,114.14604
2706.0,31.89615,4.9770074,34.238075,282.03137
2707.0,211.75565,28.401737,222.36598,947.0917
2709.0,100.10601,13.208469,83.6224,380.8838
2711.0,21.270336,2.0452628,20.896542,156.59036
2713.0,53.705338,1.5278304,40.062668,368.8503
2716.0,31.241287,6.8756375,39.338654,462.17316
2717.0,31.038519,5.095345,39.11631,435.9013
2719.0,17.657692,3.0202477,17.285885,280.36896
2720.0,15.917627,2.213571,19.388853,164.54047
2721.0,4.416717,0.48632368,4.534021,115.38329
2722.0,15.162967,1.2123994,16.819427,148.14122
2723.0,15.337052,3.413013,14.888498,307.71017
2724.0,12.973791,3.5219522,12.90553,222.61371
2725.0,16.059734,2.1119673,16.351717,200.76393
2726.0,119.50624,16.039087,174.9229,908.3465
2727.0,29.0038,5.479665,34.11676,449.38635
2728.0,44.42146,5.985778,50.59946,346.99567
2730.0,12.312944,1.3155687,9.290512,198.52367
2732.0,5.531577,1.0660192,5.6510444,107.548996
2733.0,17.471724,1.7688438,18.020088,247.34123
2734.0,22.292938,3.6427875,28.692686,355.699
2735.0,5.7988057,0.5225679,5.3570724,82.99393
2736.0,50.96005,5.372554,61.016575,429.59763
2737.0,19.95562,2.2655294,19.864067,360.5369
2739.0,35.0079,5.1871133,38.588448,323.7548
2740.0,9.803815,1.0187998,8.709341,164.9956
2742.0,26.684742,2.0834394,25.65258,276.54974
2743.0,7.508947,1.9980147,6.2118764,160.02846
2744.0,11.751104,1.1733887,12.840291,195.59512
2745.0,12.475339,2.8846836,11.448976,221.09637
2746.0,21.059923,1.9473267,23.671143,205.6198
2747.0,6.535289,1.755031,5.226539,150.00752
2748.0,4.0404525,0.8192436,3.941546,100.383354
2749.0,11.089781,1.6424747,9.43841,259.69708
2750.0,10.260775,1.5311577,11.670827,188.09766
2751.0,131.42253,7.5648828,164.60616,716.0698
2752.0,11.697865,0.48248714,8.219779,142.74516
2755.0,11.0145235,3.3977673,12.224425,155.8372
2757.0,12.967459,2.4265316,12.432926,209.84763
2758.0,53.75891,6.1476226,67.022606,558.9224
2759.0,9.653209,1.2408003,10.737281,167.86241
2760.0,9.825617,0.9722453,10.115776,178.21913
2761.0,12.204971,2.7666385,12.810455,262.04474
2763.0,71.34645,10.1733885,71.549774,465.29678
2764.0,29.31051,4.0399504,29.928446,284.06747
2765.0,15.8910885,3.679167,16.039276,320.31357
2767.0,34.531757,4.3166075,36.19251,250.49821
2768.0,35.29688,6.3122845,38.8327,445.5419
2771.0,18.364162,3.6922677,18.258877,339.98364
2772.0,12.574857,2.4311368,11.454215,168.65414
2773.0,47.932205,5.1821995,61.552776,465.9504
2774.0,13.844241,2.0693452,13.540165,125.80751
2775.0,13.851211,2.8401973,15.67364,151.72635
2776.0,24.401169,2.3873065,26.642912,225.31117
2778.0,19.560438,2.8587399,19.35409,270.86594
2780.0,26.084938,3.6424742,22.08635,184.68784
2783.0,10.097081,1.7090805,9.093638,147.2582
2785.0,35.0596,4.2663517,41.83217,245.05823
2786.0,47.894913,8.583828,48.43017,238.94365
2787.0,25.123838,5.190344,26.86973,310.26602
2789.0,12.185246,2.5144053,11.605175,238.75241
2792.0,23.400394,3.3026938,26.95177,337.16998
2793.0,17.354189,3.166985,15.217984,156.26627
2794.0,13.434007,3.0848598,11.824305,279.7256
2795.0,15.912399,1.4797904,17.516666,173.13173
2796.0,15.154168,2.3329387,13.42885,263.47925
2798.0,27.48446,0.67342156,25.340036,359.80765
2802.0,38.13038,2.208353,35.722675,373.73346
2803.0,18.556755,4.618488,17.792784,243.91212
2805.0,19.577026,3.8014953,20.12684,309.35806
2807.0,23.446293,4.2536244,24.738804,309.88916
2809.0,12.828734,1.6588391,14.883806,177.01218
2810.0,20.019285,3.9183683,22.808489,329.69742
2811.0,18.929798,2.4869313,18.156853,188.21788
2812.0,36.311398,0.61997783,39.906498,398.9493
2813.0,11.618357,2.7285874,10.862664,195.31876
2814.0,27.722963,3.814978,27.398682,352.81302
2816.0,207.53874,49.327515,247.07942,1887.7175
2817.0,24.215422,5.1257124,22.554731,242.19385
2818.0,196.74696,24.140306,206.87231,1320.4799
2819.0,34.179108,1.285931,35.42579,236.09435
2821.0,71.85068,8.902989,78.642555,436.65213
2822.0,26.886015,4.380238,26.84847,393.21393
2823.0,16.219797,1.2442092,18.15442,192.81839
2824.0,15.777513,1.1534122,17.775024,211.70404
2825.0,11.570645,3.0884426,11.236284,307.17203
2826.0,21.285412,1.543887,15.743994,169.07928
2827.0,14.421893,2.9511344,13.74447,272.77698
2828.0,25.259317,4.923364,26.561533,276.47882
2831.0,16.3227,2.716815,16.070637,213.23672
2832.0,25.430447,4.036084,25.852787,324.74786
2833.0,43.33274,6.4628267,44.716362,456.8061
2834.0,13.815956,2.9987195,14.756118,218.47665
2835.0,14.087404,2.7722743,15.578768,216.43417
2836.0,11.1032095,2.5915842,11.318575,236.12848
2838.0,30.493654,8.022091,30.356264,337.94083
2841.0,27.896029,0.8261309,24.788109,193.42995
2844.0,23.543924,3.7405531,27.19256,202.35051
2845.0,14.805218,2.5919025,12.724338,314.9504
2846.0,15.616588,1.0995934,18.159378,122.322815
2848.0,31.403408,1.6681399,25.240927,314.6913
2849.0,14.074573,0.97654206,12.622266,194.96611
2851.0,451.04004,39.63844,479.76755,2990.9075
2853.0,64.72105,6.9300866,78.42091,938.38654
2854.0,14.927416,1.1404672,17.24871,182.55452
2857.0,23.715422,1.049361,27.557419,259.26035
2858.0,26.24536,0.9777833,32.05169,377.5354
2862.0,11.943678,1.0510422,14.1546135,163.23323
2863.0,114.39419,9.335586,163.30548,802.61847
2865.0,7.5943375,2.296411,6.46134,142.52957
2868.0,23.421062,2.657634,28.73374,322.76965
2870.0,13.076941,2.082481,13.584188,203.47182
2872.0,13.140444,2.765502,11.651128,194.75694
2873.0,12.839428,0.6795958,13.888766,154.54207
2875.0,40.19677,5.445467,41.48997,324.66922
2877.0,17.025188,0.5982357,13.081062,194.68044
2878.0,16.153765,2.1166916,17.829613,212.8648
2880.0,12.972665,2.7046382,11.591869,216.21828
2881.0,10.893293,1.4357163,11.179756,170.46944
2884.0,25.34733,3.0154603,29.141104,543.5118
2885.0,9.6585455,1.6526775,12.303456,158.67519
2886.0,27.508093,1.883614,28.337265,257.09485
2887.0,14.567186,2.8865852,13.115679,280.7781
2889.0,16.760815,0.9942038,12.000091,161.21262
2891.0,29.243692,4.782627,28.645098,303.20984
2892.0,33.274883,5.476417,28.266308,281.05484
2894.0,8.283987,1.9532253,8.072549,148.15544
2895.0,24.525806,1.1739426,24.02542,167.46443
2896.0,14.47554,0.57449764,13.7306795,194.80414
2897.0,13.341995,2.899447,11.650892,288.71872
2899.0,10.441492,2.7472413,8.583629,137.727
2900.0,28.353317,1.6956335,34.034824,205.81677
2901.0,10.240835,1.5972123,10.372487,219.27235
2902.0,11.987129,2.027423,10.622759,168.46957
2903.0,9.090191,1.9037557,8.326658,129.53539
2905.0,25.803955,4.1666045,26.8944,390.6342
2906.0,20.684223,1.4664582,23.603168,203.70364
2907.0,23.157494,1.2014502,15.61488,199.1787
2908.0,15.055813,1.4914141,13.757848,275.0184
2909.0,16.01327,3.0796351,14.19259,209.84822
2910.0,13.423607,1.6482401,11.514044,187.43484
2911.0,17.116568,1.2479314,15.585998,161.81271
2912.0,9.918056,0.84382606,9.531427,181.72993
2913.0,9.680338,1.1250496,8.059807,141.82016
2915.0,11.407415,1.4841038,12.481709,211.33936
2917.0,13.387679,2.4715643,14.918196,287.5584
2918.0,22.902254,1.5465428,19.338623,302.5788
2919.0,13.489615,3.8748646,18.146873,119.35043
2920.0,11.526097,1.8164951,13.145742,296.96408
2925.0,15.982686,0.73071873,16.67336,171.30081
2926.0,12.188156,2.7111316,11.010609,267.25098
2927.0,11.787724,1.6853584,11.833184,220.00003
2928.0,8.087916,1.5250764,8.138561,134.92955
2929.0,14.256769,2.067767,14.547515,207.94472
2930.0,13.117211,1.9603661,13.073614,212.86581
2935.0,13.391695,2.507936,11.093974,213.58261
2940.0,113.48151,11.157656,159.84438,634.1532
2941.0,15.350162,3.2000272,15.541451,224.80614
2943.0,8.42513,0.93315756,9.228999,105.21485
2944.0,28.24018,4.6836224,27.99902,308.8222
2945.0,13.305223,1.1842736,16.100504,148.01195
2947.0,12.214553,2.7267044,12.144883,270.82202
2948.0,8.969747,1.1226565,8.792216,119.52169
2949.0,44.975204,1.3483928,39.19403,261.1957
2951.0,12.793122,1.0187519,12.374029,211.56621
2952.0,10.4283085,1.3583269,14.18108,203.807
2953.0,17.489609,0.9473013,13.40866,261.7434
2956.0,9.617053,1.5660715,9.666513,94.36719
2957.0,9.630593,2.7294912,10.10206,158.20729
2960.0,13.475307,1.8621689,14.311343,144.54198
2961.0,14.404605,2.8236322,14.011979,260.9037
2962.0,28.318933,3.583295,24.034443,258.744
2965.0,361.13806,26.116444,459.99716,1400.3611
2966.0,13.535349,2.1509767,12.297464,103.61462
2967.0,25.298138,2.9874089,25.175152,264.5599
2970.0,14.488528,1.2270582,14.02679,162.25327
2971.0,13.482383,2.088024,14.446895,260.2438
2972.0,14.1374,2.0704103,15.184765,251.1486
2973.0,11.292966,1.4962454,13.658154,155.55524
2974.0,6.619556,0.8947275,5.912832,120.45319
2975.0,22.866375,6.6717505,20.585604,193.94058
2977.0,55.86871,14.502629,60.764404,389.0667
2978.0,15.672917,2.114677,18.881985,168.31718
2981.0,10.066976,2.5327907,10.053412,149.67056
2984.0,27.733149,2.2982366,23.720537,264.88824
2986.0,31.123585,4.7433896,32.933613,346.03766
2989.0,26.987947,5.0718937,26.93408,384.51175
2991.0,3.2725756,0.6577676,4.5807548,100.47166
2992.0,8.77897,1.7379245,8.632913,146.99289
2995.0,107.218475,6.09716,150.69348,720.2943
2997.0,227.02124,17.956139,272.73755,1100.0353
3001.0,76.323074,6.487336,114.72965,547.07996
3004.0,45.95427,4.774761,59.723442,434.7862
3005.0,30.46382,3.6622958,31.237993,306.44815
3006.0,51.068172,7.736932,47.577423,411.44513
3007.0,17.92744,1.0438124,13.37164,138.26472
3008.0,11.341808,1.5159402,10.808715,134.13708
3009.0,4.0597916,0.9401307,5.4933786,126.91146
3010.0,7.16593,2.1323864,6.0228853,141.37865
3012.0,4.2386627,0.770422,4.151474,129.35089
3014.0,6.969393,2.310302,6.2287827,118.00907
3015.0,4.752283,0.68039346,5.4027424,138.22023
3017.0,17.16233,1.5270978,18.216703,105.77533
3018.0,5.2223186,1.0434028,5.5780663,156.4904
3019.0,7.2715297,1.7786882,5.7586594,132.84062
3020.0,5.3480363,0.9026416,5.2655263,144.86226
3021.0,4.9183803,0.97624004,5.531862,147.67941
3022.0,4.65244,1.0478445,5.092551,149.81789
3023.0,12.315273,1.6382406,11.648051,133.1632
3024.0,7.4150887,0.9349066,7.7437105,126.56119
3025.0,7.6698046,1.8288941,8.350647,142.32811
3027.0,11.948711,3.3720942,12.208916,234.50125
3028.0,5.354804,0.80631125,5.224094,117.30369
3031.0,6.4542828,1.1602781,7.0046864,117.86195
3032.0,11.712678,2.6624978,11.566074,149.78694
3035.0,0.40157312,0.074945174,0.62181854,99.85048
3036.0,0.7835318,0.1906809,1.1244316,117.380394
3037.0,2.949586,0.67667824,3.6361315,306.66187
3038.0,0.2971848,0.09717408,0.48240596,148.73352
3039.0,0.83251923,0.21617576,1.2435151,298.62247
3040.0,0.83954334,0.2294214,1.0314417,242.71504
3041.0,0.48126876,0.1511896,0.48681083,100.67336
3042.0,1.9330603,0.5878839,2.0000727,147.13403
3043.0,0.73653185,0.2159122,0.8503791,115.48089
3045.0,0.19596054,0.062388804,0.29360446,108.90843
3046.0,0.52628314,0.13633658,0.7525701,139.03593
3047.0,111.21076,18.239223,129.31715,1972.5405
3048.0,44.311565,5.710482,57.35875,473.37363
3049.0,0.63958913,0.07644774,0.95723194,124.546
3050.0,233.88603,35.761868,234.15149,2573.9158
3051.0,240.2824,41.296352,251.18742,2465.3054
3053.0,0.60650873,0.117150806,0.98165816,179.94714
3054.0,1.0353484,0.07622116,1.0400876,147.59436
3055.0,1.1964537,0.09101842,1.202283,141.9299
3056.0,12.885873,2.659225,11.310927,288.06717
3057.0,40.102814,1.468257,38.887585,388.9565
3058.0,0.42946038,0.090009354,0.5885616,123.657646
3059.0,0.47235388,0.10954156,0.7978272,126.971985
3060.0,94.238945,8.373538,130.78947,1456.3048
3062.0,164.34656,10.096567,150.31061,1702.0734
3063.0,15.045506,1.4838614,14.730219,280.58188
3064.0,0.36061543,0.07667604,0.57998997,125.32056
3065.0,37.651928,2.002744,41.67068,386.25107
3066.0,6.318661,0.8165899,8.011729,256.59088
3067.0,343.59555,28.061565,313.2351,4850.8394
3068.0,45.498173,4.4856267,47.97887,377.57462
3070.0,42.24313,1.5996045,38.07381,437.27075
3071.0,31.842886,3.0242991,36.876472,437.96103
3072.0,21.214254,4.1176987,17.130735,298.0536
3073.0,33.803555,2.059417,30.568556,294.44266
3075.0,46.586983,9.299499,67.629196,768.26587
3076.0,1.1832001,0.3216065,2.0308254,292.33707
3077.0,0.6328843,0.1614834,0.97773325,156.92546
3078.0,0.43199974,0.07273776,0.61598057,107.68637
3079.0,85.27667,12.354931,101.224625,827.2127
3080.0,19.677404,4.200665,17.481804,386.28278
3081.0,26.204935,1.2167509,20.755878,312.7074
3082.0,0.7377149,0.26102486,0.82579523,143.11156
3083.0,0.7372693,0.25561073,0.8107667,144.64568
3084.0,1.2917086,0.34035152,2.231911,315.70386
3085.0,0.42317837,0.114879414,0.60320175,126.260704
3087.0,0.52308756,0.15118547,0.7399636,151.20726
3088.0,26.280624,2.2006953,25.990925,251.8641
3089.0,0.48362887,0.072595395,0.75879043,126.92949
3090.0,227.98009,44.244698,235.28539,2590.3435
3093.0,351.8423,33.539112,327.4382,5013.4727
3095.0,26.484123,2.6323073,26.77313,341.62643
3097.0,300.44037,50.98919,341.63867,2884.262
3098.0,38.582386,2.8324032,40.25611,451.78198
3099.0,0.89422035,0.08328367,1.0055006,179.60545
3101.0,0.44282088,0.09406506,0.61781144,112.64376
3103.0,0.6572344,0.05768959,0.73979324,135.4721
3104.0,0.72244054,0.057840824,0.96646243,144.65291
3107.0,1.4041376,0.1327725,1.7172942,156.11559
3108.0,383.78564,24.254135,307.4164,3487.4304
3110.0,137.7501,12.332918,149.21956,1556.4569
3113.0,0.40163833,0.064783126,0.6093572,119.626144
3116.0,37.111652,2.443551,35.679825,433.76324
3117.0,0.43839046,0.13425623,0.6842238,126.020775
3119.0,19.15256,2.9121091,23.590736,397.4436
3121.0,0.42297179,0.14515343,0.65707695,128.20958
3122.0,136.51224,15.091913,141.23991,2062.4443
3123.0,1.647784,0.44946474,2.2737632,228.71014
3124.0,144.2653,16.203424,148.81136,2061.9429
3125.0,191.35901,34.274338,186.15892,2240.301
3126.0,0.50040835,0.09514746,0.80870944,137.83896
3127.0,280.17105,54.76056,306.97888,3472.887
3128.0,88.82868,10.1611185,99.45428,1363.7645
3129.0,22.988148,3.7649765,25.066124,335.73572
3130.0,439.1298,26.819715,425.00247,4674.2383
3131.0,89.68372,19.275703,84.852356,1237.1155
3132.0,40.93774,9.176317,56.679886,727.7369
3134.0,24.433567,6.354344,27.728952,485.6155
3136.0,21.973318,6.0181255,26.253626,419.43256
3138.0,182.37964,35.94807,152.41428,1562.2633
3140.0,188.2335,23.66374,206.85101,2507.1008
3142.0,0.8950119,0.08136134,0.9926673,180.44138
3143.0,80.5013,10.773316,101.671585,1105.1625
3144.0,50.618523,8.364996,64.95484,594.8836
3145.0,192.07271,17.187199,180.49431,2021.5251
3146.0,30.21475,6.1266336,33.837414,374.30295
3147.0,21.344141,3.0894067,23.571844,399.25974
3148.0,229.8773,47.12136,235.50157,2721.1611
3150.0,18.072092,3.3345885,19.550138,329.36853
3151.0,37.0276,5.7572165,53.32392,714.31793
3152.0,229.01344,20.978819,322.35684,2719.467
3153.0,22.766981,3.28608,25.462547,329.02573
3155.0,207.81464,10.595707,300.19022,2885.5027
3157.0,1.3386421,0.37875593,1.9934901,225.727
3158.0,0.5384461,0.14696702,0.898547,142.69542
3160.0,37.422043,5.2350073,37.817078,376.9932
3161.0,25.475164,6.195074,28.609322,427.81384
3162.0,40.093475,9.207184,62.371365,675.4885
3163.0,1.03533,0.08321869,1.1565297,145.18797
3164.0,0.7164758,0.25709602,0.8198217,145.3303
3165.0,19.023893,3.9355948,17.163694,280.00638
3166.0,215.75522,25.132206,246.15347,2743.6428
3168.0,0.2533371,0.05933653,0.48781422,95.22908
3169.0,35.4322,4.3755355,46.453213,327.99295
3170.0,1.6193447,0.09473165,1.7547052,155.68332
3171.0,21.569992,3.8520882,25.389402,330.23804
3172.0,19.042482,2.6675966,22.891293,278.87592
3173.0,0.5212605,0.0924636,0.721179,136.0561
3174.0,434.73975,35.306828,454.0176,5624.899
3175.0,0.53869164,0.11029026,0.70844334,132.04092
3176.0,0.5547241,0.111587,0.83901566,143.49608
3179.0,24.306763,2.2753885,32.61258,795.3805
3180.0,88.07516,7.89579,124.508766,1433.9696
3181.0,187.1969,5.8243637,169.7842,929.73303
3182.0,0.22387865,0.031350937,0.46405572,176.26515
3183.0,0.57170177,0.12925695,0.78074735,129.16463
3186.0,20.4485,2.2334697,26.127108,537.6335
3188.0,34.01942,1.3514642,24.771584,271.71585
3190.0,193.01535,45.901672,222.29492,2785.8257
3192.0,24.769548,2.7284863,24.430244,391.01434
3193.0,0.4243536,0.10210554,0.63285977,133.16731
3195.0,158.73279,13.440231,266.11145,2120.8347
3196.0,27.249025,6.584673,37.39514,674.984
3199.0,0.4979355,0.06269857,0.67611873,128.1022
3200.0,17.783792,2.3416266,16.653753,324.4286
3201.0,0.51338446,0.13668723,0.71760875,152.96382
3202.0,0.45657888,0.10872344,0.66524225,140.4461
3204.0,0.5190426,0.13065422,0.62028927,138.71463
3205.0,22.176065,5.9352937,19.831278,327.0782
3206.0,64.07457,20.548962,67.00702,563.58344
3207.0,0.6013064,0.045309838,0.7118814,134.06169
3209.0,30.518755,8.331142,33.71131,420.68466
3210.0,18.553392,5.2156487,17.135448,342.6951
3211.0,1.1140337,0.25595114,1.6346763,298.73856
3212.0,1.3532232,0.53323865,1.8969505,220.5115
3214.0,0.2255521,0.083967,0.36888382,96.089676
3215.0,7.868757,1.5081083,6.5842843,170.0703
3216.0,1.1611592,0.27386445,1.8567426,291.48602
3219.0,0.6921816,0.05352443,0.8033207,136.03639
3220.0,22.538044,2.8559813,19.739353,312.98126
3222.0,0.57369244,0.052929703,0.7051185,137.6163
3223.0,1.0027809,0.31939402,1.6633167,269.85715
3224.0,42.645027,2.2338815,42.055355,411.89175
3226.0,0.9428953,0.3092954,1.5318234,273.62384
3227.0,0.33694273,0.05409329,0.50266975,118.7136
3229.0,0.64186645,0.06520859,0.84958476,129.12854
3230.0,1.0939752,0.30682185,1.6688774,222.94333
3231.0,0.69923687,0.22185637,0.77884454,150.26604
3232.0,0.4006958,0.088082135,0.5671712,125.65624
3233.0,0.57675546,0.07254297,0.81010956,132.45398
3234.0,0.36152428,0.10678251,0.53778005,135.5931
3235.0,0.32036567,0.09223683,0.48366258,112.09021
3236.0,0.6394165,0.17661701,0.68659437,138.65895
3237.0,0.4763561,0.05454315,0.6432468,124.994286
3238.0,116.55028,26.440493,116.1609,1813.5142
3240.0,0.6490064,0.103098795,0.7337411,134.36288
3241.0,0.6493648,0.07436479,0.86513233,156.35815
3242.0,24.036116,4.540794,23.415998,417.80252
3243.0,0.51248515,0.099857666,0.75846446,138.76994
3245.0,19.712278,5.6282797,18.827665,327.13123
3247.0,93.20679,16.048042,124.15222,888.65796
3248.0,81.666756,19.927187,87.11465,1410.572
3250.0,0.23411722,0.06937378,0.39377657,104.05408
3251.0,0.45690343,0.05392385,0.6447231,143.6865
3252.0,1.2021146,0.4819895,1.6774441,221.44562
3253.0,0.22870728,0.067382865,0.3709027,104.131516
3254.0,33.138584,8.185655,42.291767,760.9591
3255.0,15.986722,1.7036775,15.262835,285.5704
3256.0,0.5490481,0.19615518,0.6217003,142.34726
3257.0,0.4829547,0.1189764,0.75437015,127.50189
3258.0,11.962595,2.252616,9.085304,235.70628
3259.0,35.535816,1.7709723,30.360703,467.1179
3260.0,0.6133863,0.21043782,0.66632533,145.79926
3265.0,25.090847,3.8658817,26.046116,374.79034
3267.0,1.3321389,0.50912666,1.9755795,235.28316
3268.0,49.551876,2.7073722,41.975254,409.29013
3269.0,0.47860625,0.099002026,0.69058985,133.83286
3270.0,12.366952,1.9907923,14.974349,294.51248
3272.0,0.49260882,0.11851828,0.68424654,134.46991
3274.0,0.62888104,0.08853161,0.8711426,144.88194
3276.0,24.41218,3.234428,22.988195,398.73727
3278.0,425.8965,68.08404,415.45413,3372.7886
3280.0,36.905426,10.258355,45.149975,631.8758
3282.0,25.95452,2.5372136,22.633226,351.59775
3283.0,1.320474,0.44181678,1.7537619,233.12265
3284.0,14.193533,2.2189124,16.855383,341.3542
3286.0,0.35338482,0.072270334,0.5299205,114.34706
3287.0,1.2799504,0.21313672,1.6470919,208.36842
3289.0,25.364735,1.6840664,25.241827,405.17773
3291.0,20.284672,2.159613,19.622614,339.73798
3292.0,0.53969616,0.052108537,0.7251801,127.32369
3293.0,34.21547,5.91879,42.70719,633.08124
3294.0,32.247173,1.0927377,25.043167,386.43198
3295.0,34.984024,6.402269,42.290615,645.7425
3308.0,14.947586,1.6706486,14.032423,219.42055
3310.0,14.389995,2.0044782,13.533297,194.75359
3311.0,20.218027,1.8317689,16.838694,131.60588
3321.0,271.33054,43.06782,248.62363,1751.6796
3335.0,1085.9501,52.119507,828.28076,4168.891
3347.0,433.33173,20.450602,311.02548,2667.9758
3350.0,875.40186,116.23802,945.04236,3373.9497
3355.0,676.2901,63.43307,608.0229,3107.0188
3357.0,412.49393,30.398895,525.8969,2764.5852
3359.0,2516.179,463.01288,2977.4333,8496.099
3360.0,55.44095,7.554999,63.023823,812.8858
3362.0,201.00032,38.305298,210.40791,1257.3308
3365.0,55.778023,6.5756273,50.053417,638.63464
3366.0,54.26468,7.85567,53.78608,676.5965
3370.0,191.75378,32.11077,199.06903,1384.927
3375.0,77.89279,7.6522417,88.9323,624.49396
3379.0,239.90012,28.294682,230.88701,1595.3971
3381.0,36.55992,3.1990273,51.545937,481.90512
3383.0,12.141722,0.9605198,11.707826,131.40712
3389.0,163.03177,20.113783,193.33849,1170.9775
3403.0,50.367813,4.2028813,55.802742,589.432
3405.0,514.98035,38.360546,469.6963,3302.1096
3407.0,731.5773,105.11756,731.9905,3662.042
3410.0,58.21442,6.582196,49.124252,563.8108
3412.0,26.153791,1.6954898,44.370754,367.5677
3413.0,372.86572,56.979347,427.1186,2557.0781
3417.0,25.015158,2.7899218,20.626236,346.20337
3418.0,28.29793,3.8772948,28.038975,283.67007
3424.0,13.014728,1.9672527,12.200113,173.40248
3425.0,517.7508,55.069786,469.37677,2398.124
3429.0,64.27881,3.6537297,55.90693,559.33563
3432.0,173.89299,27.057276,175.77156,1239.7286
3437.0,249.16551,39.282677,226.39165,1886.3552
3438.0,53.437187,9.037925,56.68372,827.8978
3439.0,53.90537,8.57962,60.236504,834.2447
3442.0,519.08813,42.58664,513.6587,2498.1174
3445.0,560.51953,16.183409,457.91547,2434.0952
3450.0,55.862907,4.8785458,57.79796,595.5679
3453.0,47.16009,5.7024198,59.593094,646.97656
3454.0,110.346855,11.208003,126.80591,879.50464
3456.0,36.467957,3.4357064,39.258743,656.03845
3466.0,156.16771,17.836779,162.79855,1924.5109
3467.0,28.37108,0.9959439,20.90294,182.29285
3472.0,73.516975,8.0782385,78.45091,636.10236
3475.0,212.90681,29.469206,186.87993,1357.6635
3477.0,316.15564,21.172112,289.956,2287.4475
3478.0,790.29675,118.0876,871.1407,2921.211
3482.0,44.24394,5.0413666,37.04081,444.12967
3485.0,57.16519,4.236818,49.20686,641.7355
3486.0,16.252893,2.0063572,15.213447,167.08195
3488.0,211.22044,17.808086,233.54,1739.5029
3489.0,109.24108,8.471811,132.15588,1030.683
3490.0,204.23671,19.835615,265.83966,1216.841
3491.0,185.83801,24.70908,184.77556,1372.1184
3493.0,394.32944,39.90257,423.68097,2572.56
3494.0,240.03926,44.625984,270.54285,1070.6941
3498.0,26.062973,2.9356048,33.46706,202.49501
3500.0,15.40291,2.9361498,14.131822,132.35321
3503.0,82.79262,12.800446,81.78671,808.9868
3506.0,23.391836,2.569138,23.772999,277.4727
3511.0,37.70721,7.407293,44.435566,367.25674
3512.0,93.84863,17.521168,102.96733,440.57404
3520.0,57.75121,3.2081273,53.971687,368.05054
3521.0,22.920082,3.7463899,22.71027,207.87291
3523.0,61.041775,5.838978,50.083637,604.7593
3526.0,6.1059375,1.1148617,6.0967526,92.884445
3534.0,11.977798,3.2389235,10.364169,110.56981
3536.0,244.41418,37.57407,214.88342,2334.2466
3539.0,210.03662,28.475243,182.80705,1401.764
3542.0,61.628075,11.418006,60.25348,383.3842
3548.0,1032.3114,109.430855,1002.50757,4838.6553
3557.0,680.4986,65.27872,806.601,4199.7295
3559.0,48.631435,4.2519383,44.00927,496.71426
3564.0,11.135377,0.87887263,7.840477,108.54313
3566.0,43.14984,6.8212676,46.45991,596.677
3568.0,477.22238,78.266174,495.27652,2521.281
3574.0,8.694558,2.0090466,7.215735,115.08782
3575.0,0.5959041,0.100272454,0.60920656,169.89523
3578.0,80.91801,11.297263,64.906944,744.09143
3579.0,425.6297,71.860435,385.92706,3024.7466
3580.0,820.1349,119.434,851.2509,6776.1553
3582.0,19.678375,4.218475,18.584793,239.39847
3587.0,345.32803,60.349026,339.68726,1961.977
3588.0,369.36176,50.76941,360.12418,2310.3425
3593.0,400.06085,54.967236,377.76227,2248.6992
3600.0,478.72525,83.31344,382.84616,2814.3774
3601.0,392.1081,59.63343,392.4313,2654.4814
3603.0,314.81033,37.238926,246.6674,2263.447
3604.0,259.04987,45.74097,230.69562,1743.9703
3608.0,494.80588,62.977104,585.07574,2870.365
3611.0,90.22994,8.849756,90.08549,576.57294
3615.0,316.65128,55.75526,322.85815,1683.4882
3619.0,377.8893,57.760536,387.45584,2475.9612
3622.0,751.3213,20.538147,838.12463,4660.684
3624.0,127.323875,13.284398,121.3644,1064.0856
3630.0,381.1311,65.66794,367.52457,1901.8673
3635.0,471.1139,54.891903,447.41412,4580.8457
3637.0,92.30358,12.424246,94.794785,671.23706
3639.0,107.61189,12.725439,117.5592,983.94977
3641.0,353.23184,51.78502,261.87314,3061.3645
3645.0,550.10266,75.556274,602.1365,3588.4766
3653.0,151.99724,15.476258,216.8569,1673.2617
3654.0,150.89236,13.0315,201.52768,1010.592
3658.0,99.961624,8.080249,150.36087,971.2495
3663.0,16.354544,3.0831025,17.172724,142.83273
3667.0,116.89336,15.835873,113.63171,1110.5312
3668.0,181.07306,16.818653,239.66164,1485.2233
3671.0,499.51486,36.016716,555.43005,4254.8955
3674.0,121.14567,11.291464,158.65332,1026.8027
3677.0,2342.4163,179.02249,2410.437,6881.2095
3679.0,309.7045,52.45819,327.2618,2581.831
3681.0,660.21857,45.180782,828.6055,4534.1875
3683.0,12.874333,3.7737381,12.928228,213.8134
3684.0,352.37302,42.6984,365.57227,2802.7703
3689.0,258.18347,27.804308,249.68597,2038.5531
3692.0,2389.637,145.25471,2398.7656,9277.995
3696.0,16.991352,3.9331865,15.881431,193.25883
3698.0,90.413925,10.207174,105.098114,625.7617
3699.0,9.2086315,1.4029382,8.218793,123.622925
3702.0,105.04371,6.5149026,199.82298,942.64526
3703.0,252.02002,20.604958,292.90622,2149.7844
3704.0,1475.1753,186.82532,1204.0392,6708.2817
3705.0,1007.5539,146.43517,1010.698,4358.9844
3711.0,319.2582,63.35163,291.17142,2101.9685
3713.0,120.43838,17.715023,150.2275,778.5536
3715.0,241.07669,30.886969,297.29434,1846.6266
3717.0,253.80621,30.45808,229.34589,1491.3777
3722.0,328.13217,52.43136,301.0896,1942.6954
3723.0,294.68637,11.707404,220.36948,1948.0099
3728.0,86.01479,10.339332,98.13042,494.9172
3730.0,877.3584,24.832237,885.4328,5073.025
3732.0,139.4297,7.4568715,122.3066,850.1301
3735.0,186.70384,32.07325,189.26457,1385.1495
3739.0,123.80756,10.266202,173.63058,766.86816
3742.0,212.20302,27.494244,228.0176,1525.3182
3747.0,699.93353,52.003445,813.011,4165.366
3750.0,275.02808,41.63328,278.07797,2016.3159
3754.0,975.50195,124.69508,921.5803,5124.8364
3759.0,521.06836,32.661633,494.59546,2784.0835
3765.0,43.763966,9.268357,41.82741,405.343
3766.0,49.570095,5.6186285,62.994164,534.2627
3772.0,104.06476,5.639311,102.847015,729.1611
3780.0,324.94803,64.73849,245.34726,2274.473
3785.0,814.4591,59.013256,913.6187,4671.0386
3791.0,78.85652,9.228838,82.3699,720.6702
3796.0,221.22409,35.95531,262.4917,1094.614
3800.0,195.74832,3.5336185,248.27557,1312.3485
3802.0,254.00879,32.021255,304.07642,2442.2998
3803.0,337.10583,49.802456,271.30258,2484.583
3809.0,51.66032,7.108509,47.30996,429.8339
3813.0,426.50272,70.52762,457.83075,1858.2579
3818.0,514.30206,41.321594,568.97784,2088.0356
3820.0,142.37495,21.384058,143.43239,1017.1626
3822.0,499.05392,40.53504,567.83,2074.1272
3827.0,11.402967,0.56043947,8.886522,119.12811
3829.0,339.70493,53.663048,325.1712,1594.4381
3842.0,362.58084,77.363945,299.2645,1236.1898
3844.0,629.9654,61.532528,647.6473,2496.549
3845.0,503.07288,68.467285,563.8315,2183.724
3847.0,286.32974,18.251637,361.23676,1251.9484
3848.0,317.78937,44.312187,274.88937,1335.0945
3853.0,144.30396,14.51814,173.94531,1112.896
3854.0,78.20693,3.502786,64.91087,672.5269
3855.0,435.44052,65.71163,518.1539,3440.7507
3856.0,142.57544,16.377886,166.72931,918.0325
3858.0,9.524754,2.509796,8.036925,155.64131
3859.0,780.7366,50.211422,899.964,4417.565
3861.0,325.07864,47.63965,339.13812,2851.3582
3863.0,138.73428,14.858589,168.51135,1077.3461
3864.0,173.87291,18.713705,214.38553,902.5787
3865.0,74.85431,6.151409,97.83253,604.5952
3867.0,226.25719,37.129635,220.1251,1084.5104
3870.0,722.15796,116.98051,1141.3789,1632.1555
3873.0,1343.3033,150.2729,1339.87,7566.718
3875.0,194.65483,4.1068845,254.79654,1354.3672
3880.0,170.48903,21.77318,194.6861,1181.8335
3888.0,194.86229,14.273343,239.39026,877.969
3891.0,58.02708,7.8614583,49.079758,317.08765
3894.0,65.720726,6.047966,68.960205,621.61896
3896.0,2705.4854,183.55588,2380.3494,13844.068
3898.0,70.85699,3.7640576,86.94533,930.2191
3901.0,159.82951,20.490572,167.57625,1400.6456
3902.0,97.90094,11.353516,92.906075,638.3993
3908.0,317.55927,33.61966,381.0746,1545.3816
3913.0,135.97327,12.182427,158.02469,775.38074
3918.0,100.40345,7.943508,122.49377,787.23376
3927.0,61.62667,9.047351,60.257103,458.7145
3936.0,133.94354,9.028408,122.06644,808.7084
3943.0,518.668,74.2731,556.05304,3497.4822
3946.0,96.82863,17.685179,81.97036,518.03577
3954.0,2603.391,204.40115,2438.1167,16927.992
3955.0,149.5993,17.460068,190.3268,1137.5038
3956.0,87.99988,7.0959144,104.56699,624.2141
3961.0,949.9063,63.626404,994.81177,4037.2073
3972.0,315.50583,21.479666,390.6949,1337.1606
3973.0,69.53422,9.642784,78.118866,772.9617
3974.0,880.5008,168.31952,865.24066,3509.9856
3975.0,713.2275,93.80912,775.0011,3148.4592
3980.0,2529.5479,376.61694,3163.7554,9193.932
3982.0,609.87695,71.07129,666.95355,2629.387
3990.0,702.5041,79.59522,712.8739,5016.548
3993.0,86.08607,9.491282,93.66435,885.83685
3996.0,218.09946,18.378933,287.8892,1309.6241
4002.0,264.06082,34.666416,285.46857,1046.462
4004.0,130.16466,17.498232,130.94049,1015.15857
4006.0,116.102585,10.390663,150.04738,782.1782
4012.0,27.378626,4.1299634,31.240913,358.74463
4015.0,88.09052,10.173279,92.50543,707.395
4022.0,209.11853,17.568804,250.24715,1188.5259
4029.0,163.26413,15.421619,189.40073,1073.7443
4038.0,103.56092,18.650898,101.792145,1136.8353
4042.0,62.641968,9.65188,61.477894,536.51666
4044.0,2170.0637,152.185,2079.9358,7829.018
4047.0,33.343952,2.098149,33.677067,319.5924
4048.0,375.4031,38.894894,269.00522,2443.4868
4052.0,84.11971,8.825256,82.08877,619.749
4057.0,347.66827,51.93771,252.77464,2524.3728
4058.0,75.59335,5.736599,71.72745,553.72046
4059.0,108.50919,10.733603,91.58532,834.6231
4064.0,8.9687395,1.7513385,6.9816604,153.92458
4068.0,92.655655,2.5894,79.95158,644.1553
4069.0,46.260902,1.9065995,39.500534,359.5531
4074.0,23.811634,1.904286,31.77833,587.7161
4075.0,261.7483,27.771788,254.48521,1986.0671
4077.0,93.73664,14.422622,92.23284,877.1149
4084.0,58.61209,8.714151,61.690823,426.93576
4087.0,91.44432,14.899165,81.30152,597.0835
4090.0,198.57564,13.203873,182.46948,1315.6705
4092.0,35.386982,4.013949,46.206295,701.8961
4096.0,132.6794,4.9672475,109.06906,547.1011
4097.0,77.64122,10.526174,83.941055,871.237
4098.0,143.9985,16.032305,119.41953,875.6448
4101.0,125.30741,4.215017,105.27998,576.0226
4105.0,123.42814,10.087703,148.30338,733.2257
4107.0,73.94467,8.310719,83.79408,840.3412
4108.0,62.557343,10.449145,64.98458,751.23914
4111.0,13.930277,1.8155832,12.122093,231.84117
4112.0,76.93496,15.5972395,74.1602,482.9064
4113.0,7.7639756,1.1319224,7.7750115,123.35658
4114.0,160.15894,12.512211,219.40665,1334.8818
4115.0,1201.9781,106.234245,1143.0323,5870.954
4119.0,246.02747,25.559168,316.2589,1459.8256
4120.0,81.27498,9.2823925,87.13812,918.8199
4126.0,277.77155,44.41538,300.21423,2335.2144
4127.0,45.80837,4.9645534,52.80932,565.3197
4131.0,10.737483,0.67821634,13.024753,152.09955
4133.0,706.9226,48.45866,740.0138,4328.5703
4134.0,57.686226,5.7560506,56.71105,417.4473
4135.0,125.29324,21.245953,138.6823,809.14886
4137.0,50.087257,8.361596,47.44475,534.4413
4138.0,241.38528,6.9063663,261.68277,1929.8904
4141.0,60.990654,8.343558,58.592278,639.2144
4142.0,44.399796,3.0034273,48.220875,462.72882
4147.0,106.26348,4.785857,99.90287,556.77765
4150.0,581.3947,58.497807,570.6549,5191.872
4151.0,61.481705,3.0159152,52.464554,336.12415
4157.0,52.033295,3.9044092,67.9989,441.71835
4165.0,22.123125,2.429423,29.60817,384.6911
4167.0,104.111015,11.212826,106.445755,868.6565
4168.0,54.3043,3.3806713,51.459393,468.00476
4169.0,68.52323,9.37998,73.078964,605.0904
4173.0,47.159683,4.2641134,55.307606,359.70148
4177.0,102.221245,14.822753,108.87229,1265.1758
4183.0,12.171804,0.82857895,12.676212,125.45276
4189.0,2226.6328,402.75336,2580.8708,6704.5596
4190.0,50.71817,8.4288025,47.367035,311.35873
4193.0,37.411533,4.715637,31.701948,243.09608
4195.0,40.07036,4.896909,43.60849,313.70636
4196.0,120.741234,17.287828,142.51053,784.32623
4203.0,49.744785,6.598625,43.207863,519.1181
4206.0,37.679577,5.135521,43.24654,310.3415
4212.0,100.296745,21.261505,98.80707,683.21704
4213.0,8.075095,0.52837735,7.450302,119.191124
4216.0,59.367386,2.9756796,49.19066,389.4723
4221.0,28.625566,4.2748823,33.156284,358.15308
4222.0,120.657036,13.102905,130.2612,488.13373
4225.0,44.905632,3.2029512,48.159874,396.63272
4239.0,725.63806,76.95848,998.5892,5090.4424
4242.0,101.79928,11.072959,101.42779,745.1446
4244.0,40.896896,4.192684,38.116962,222.2021
4245.0,30.3265,2.1621697,47.856922,390.87512
4247.0,11.885266,1.0215536,14.1052,207.28703
4257.0,126.229645,10.369501,149.16563,957.29346
4258.0,670.9008,90.65784,823.8015,5088.326
4260.0,2312.9626,242.7728,2169.4285,11162.459
4266.0,54.456535,8.57308,50.944664,384.90158
4268.0,39.86608,3.6504402,43.018642,346.2065
4270.0,9.357581,2.2482991,7.405869,137.40288
4273.0,47.079735,6.4123974,45.921124,416.56775
4275.0,574.97534,123.81216,773.6822,1459.5701
4280.0,8.090728,1.0580223,7.1522093,138.86552
4282.0,1074.6863,46.193848,1114.4695,6136.1772
4287.0,32.928577,5.028981,33.811035,300.76117
4290.0,27.772554,3.3510914,33.861206,352.04617
4292.0,54.37611,9.096672,50.384876,296.97952
4293.0,42.08594,4.833733,39.47097,333.6853
4294.0,634.99255,78.14905,554.36005,4272.3105
4295.0,44.899353,5.5224776,41.42118,345.8257
4297.0,63.526604,4.152996,57.893642,299.48862
4304.0,558.3324,97.833466,565.0593,3089.5476
4312.0,499.1844,41.59714,576.51605,4264.8647
4314.0,440.33463,60.27696,364.12308,3856.7783
4316.0,27.325283,3.9085217,44.212883,170.78496
4317.0,385.8619,67.6925,322.37128,1874.3933
4326.0,16.395586,0.429595,16.972351,261.29398
4327.0,6475.862,543.9639,6724.8975,19359.404
4328.0,3055.3477,215.44093,2929.122,11162.182
4334.0,499.27292,80.2929,443.89716,2404.284
4336.0,46.126373,7.353813,51.110973,428.16345
4342.0,179.01147,25.021538,165.18172,1374.3966
4345.0,77.6734,8.948615,79.08574,420.79782
4351.0,215.60611,32.664932,235.06985,2164.8723
4353.0,316.83206,56.451694,267.0106,2148.5813
4354.0,33.142174,2.357247,37.531155,301.3269
4361.0,3731.1367,383.6576,2892.7063,18828.793
4362.0,261.9488,37.722355,272.04517,1643.9766
4366.0,181.02135,30.943184,160.48405,1508.4575
4370.0,3882.8667,324.61285,3267.7,18053.193
4373.0,1313.9364,81.23697,1364.8999,6069.8667
4375.0,2597.8503,144.86786,2850.9067,9432.933
4379.0,2203.1614,190.7669,2077.564,12315.471
4380.0,497.1538,53.823112,453.52814,2468.6956
4383.0,120.92578,21.55621,115.09382,1303.8381
4395.0,758.6986,117.78369,702.8238,4440.1406
4396.0,56.92269,7.972608,61.88212,535.5561
4400.0,1153.373,98.157845,922.84546,7370.6914
4403.0,55.265022,13.09454,52.311703,322.8974
4407.0,219.29672,43.838745,208.49524,2025.3374
4411.0,187.71408,17.332952,193.44351,775.4447
4416.0,491.41757,79.70073,623.8963,3785.7793
4418.0,11.989113,1.1647872,12.146875,117.64954
4423.0,46.830902,5.1034493,55.606365,391.16467
4424.0,48.660603,5.4413157,56.695698,365.7468
4430.0,1286.4615,97.40095,1350.5957,5120.1177
4437.0,1355.1805,152.92656,1363.7152,5112.043
4439.0,347.6575,38.46607,283.33078,5991.541
4440.0,420.00235,51.30694,432.92633,2540.365
4443.0,884.10925,106.13024,868.83545,4149.103
4444.0,615.0722,80.56865,654.288,3895.2356
4447.0,12.003268,1.734822,14.4381695,113.51879
4450.0,5.6311736,0.81237596,4.779547,104.03211
4452.0,200.63243,8.0869255,223.72414,1988.0806
4454.0,53.217815,8.193638,51.86669,300.7464
4455.0,586.467,63.51458,732.35565,4313.0103
4460.0,49.61995,7.978132,56.071304,479.92242
4463.0,430.88538,55.89344,459.5797,3758.726
4464.0,15.904089,1.7397611,18.109587,275.0037
4466.0,67.026695,2.068009,89.02765,477.24673
4472.0,446.88474,28.700512,387.8623,2385.6729
4478.0,556.7177,50.232677,500.61176,4130.5273
4482.0,132.92134,10.848274,155.03763,750.3889
4485.0,371.1566,41.270485,321.27344,2666.1128
4486.0,40.112274,5.982993,43.789932,432.86087
4487.0,651.4675,162.08415,604.5413,2696.6628
4490.0,184.57506,18.919939,242.47224,1288.4108
4498.0,99.02309,13.756207,102.98295,519.84937
4500.0,422.29245,21.860106,308.02643,2249.5217
4502.0,354.1137,32.004074,299.196,2903.4395
4508.0,102.262634,13.799203,116.829865,652.99054
4510.0,171.80061,23.173721,172.36525,1162.6442
4514.0,30.381964,3.264534,26.285828,276.2424
4515.0,256.53586,20.016788,271.7152,2073.2908
4522.0,487.5764,36.092594,463.40738,3977.4375
4525.0,218.45729,29.23551,224.8296,1796.8281
4539.0,249.48842,49.00864,242.86577,1802.7317
4543.0,265.8678,26.666464,249.43384,2188.8042
4548.0,25.818745,4.401086,27.621601,442.6942
4550.0,752.95056,97.35381,722.54,4820.4814
4551.0,247.6051,33.720978,228.97827,1303.449
4553.0,669.1461,119.489944,627.7578,2720.6318
4559.0,172.04805,28.769102,146.1415,1420.8125
4564.0,87.70722,4.1731286,93.30916,402.40454
4567.0,30.678719,5.064917,33.514763,306.83008
4570.0,85.29208,11.817203,86.503105,458.4914
4573.0,34.446182,3.834831,45.779568,408.44986
4574.0,48.469315,6.9038696,62.67373,509.63904
4575.0,321.15735,39.597626,355.96066,1481.3092
4579.0,270.90533,64.38142,231.16692,1750.7125
4581.0,283.72446,56.23981,287.1516,1330.9635
4583.0,839.3256,179.51,858.5703,3802.1697
4585.0,161.51038,5.268942,189.6318,587.0126
4587.0,1191.9022,116.543274,1340.176,4460.7637
4594.0,227.02936,38.97073,247.20174,940.7866
4597.0,284.58377,75.72363,273.16577,1890.9906
4600.0,24.927496,4.304991,29.605318,366.29675
4604.0,90.864105,3.826963,138.41103,443.99307
4606.0,55.52362,13.019207,57.653255,429.10504
4608.0,229.92677,34.112556,218.92426,1695.2021
4609.0,156.24146,16.483171,259.3892,848.0899
4612.0,209.95631,5.5080094,292.06244,1754.1295
4613.0,95.06122,6.2782087,115.40761,1063.8218
4620.0,784.26636,74.49116,746.4287,3328.5225
4625.0,1161.0137,149.82967,1212.2456,4214.952
4628.0,250.04292,39.906338,257.39575,1605.0703
4629.0,218.26976,31.216337,244.73604,1623.953
4630.0,2002.3962,121.28353,1544.3179,7546.2236
4634.0,24.08032,2.6730008,21.919655,198.85602
4635.0,329.16223,45.865555,321.695,2015.0242
4638.0,150.21431,7.99765,169.99141,681.8914
4640.0,55.40968,7.7538238,64.406685,542.6875
4643.0,197.16875,40.902344,194.78426,972.95764
4647.0,74.711845,4.4674006,72.425735,592.4934
4649.0,70.50193,14.749737,68.55572,442.2507
4652.0,473.6687,27.931854,368.109,3317.5764
4656.0,228.78172,21.6216,294.5684,1995.3861
4658.0,553.9964,71.46746,544.31604,3197.8354
4663.0,71.06247,5.4773006,106.7123,490.01968
4665.0,617.99756,117.06906,524.384,2213.2537
4666.0,264.1883,40.387207,305.07806,1032.5275
4667.0,45.710133,4.882076,62.6861,461.19748
4670.0,184.16107,18.299767,227.05989,1252.2218
4671.0,1014.15704,99.060875,804.017,4150.235
4676.0,192.31383,34.71264,203.17143,1469.2784
4678.0,1791.2137,159.84001,1782.6224,7387.376
4681.0,677.0925,113.591034,811.18085,2652.997
4682.0,1654.5148,166.08792,1659.7639,7214.6035
4684.0,268.97983,53.037296,247.74008,1781.2246
4688.0,589.687,60.953728,551.2638,2932.5461
4689.0,37.936295,6.109164,48.691944,457.05972
4691.0,626.7639,90.692566,668.7467,2723.855
4697.0,535.7681,64.89719,671.6053,2095.8303
4700.0,99.97522,10.346501,124.48645,599.7684
4701.0,919.7961,90.20107,813.3983,3982.953
4704.0,261.36365,14.745589,337.65762,3395.5024
4707.0,51.156742,6.039585,51.969654,370.34988
4709.0,803.77704,103.62489,708.9301,4180.0186
4712.0,189.3006,29.084986,200.48955,1127.4237
4717.0,1040.537,96.80554,974.4838,3882.7737
4718.0,3250.9895,77.35988,4224.482,6237.19
4719.0,496.42563,82.83792,459.06744,2674.006
4721.0,84.89634,10.265527,106.38019,515.2122
4726.0,75.361435,9.244096,89.40482,474.6617
4728.0,479.73712,36.66522,410.18967,3157.5972
4731.0,384.5963,29.962011,303.3517,1540.4987
4733.0,669.07434,104.830696,579.60626,3070.5225
4737.0,143.67526,30.497995,113.10006,1091.6793
4739.0,402.5122,33.537945,526.9022,2858.1973
4744.0,42.390728,9.7174835,41.52535,357.8373
4750.0,528.3451,73.89969,496.95142,2635.3743
4751.0,801.5495,87.18551,787.72375,4045.4011
4755.0,954.002,90.89392,985.0234,4870.8374
4757.0,919.81885,70.285324,1011.1917,3360.485
4758.0,671.51337,63.94705,613.66974,2791.3494
4762.0,379.3665,31.264965,420.80038,1775.0352
4764.0,268.1895,21.514683,278.5033,1446.0208
4765.0,377.86963,68.25218,402.80347,1820.152
4768.0,30.971104,4.459527,32.131588,259.97424
4770.0,982.1137,102.61433,820.6904,3642.1406
4774.0,151.56256,19.698626,152.83594,820.38367
4779.0,84.309135,17.839157,91.593796,897.92975
4781.0,720.6334,155.0547,704.71814,3389.7854
4782.0,173.25998,4.079958,372.2079,2364.5667
4788.0,26.573574,2.125848,36.051003,445.96957
4790.0,141.76114,21.679232,123.89172,1254.2094
4794.0,263.83868,48.5973,282.6988,1157.7906
4795.0,44.72915,5.5970087,52.6659,437.34332
4796.0,408.51703,21.831278,332.63156,2794.9294
4800.0,36.42359,10.715643,37.966347,299.82098
4805.0,57.61437,3.3364766,55.87532,328.99765
4807.0,504.84372,63.10868,451.29257,2104.535
4809.0,32.937935,5.445601,33.354027,286.6501
4818.0,290.31406,47.89807,304.93713,2687.1191
4819.0,35.580963,3.447423,31.878746,276.475
4821.0,1941.9758,228.29295,2115.0598,6468.3936
4822.0,2640.9976,142.3421,2327.4204,8744.094
4825.0,7049.682,342.7747,6495.4004,24919.63
4827.0,2345.603,154.80115,1822.4873,9337.993
4828.0,2256.2124,188.72566,2090.58,9666.855
4832.0,800.5099,44.73848,808.2407,2257.6694
4835.0,62.007595,10.6934,66.63349,479.79404
4836.0,79.479546,7.9816527,89.94343,643.2918
4838.0,1162.3381,75.77832,901.62115,3667.19
4843.0,311.69388,24.255772,373.71497,1933.5203
4847.0,486.86774,67.52537,485.53033,2468.6956
4852.0,159.78365,6.970148,174.59789,1010.6576
4853.0,58.317085,12.220516,55.350685,569.38904
4854.0,355.15143,60.896297,346.7388,1482.9552
4855.0,673.58856,47.26161,654.53485,3025.2832
4856.0,186.41234,8.907165,192.64975,885.8571
4862.0,56.999542,13.685242,53.60052,548.13306
4863.0,304.04654,39.549507,312.43356,1511.8138
4867.0,94.35311,3.075502,265.92334,1738.8154
4870.0,29.533098,4.8943505,29.980518,381.76752
4873.0,140.6517,14.713273,166.3065,771.0434
4876.0,141.74768,17.335024,143.20078,1446.0057
4878.0,128.06302,13.745986,140.62073,585.71075
4881.0,45.227737,1.6188926,41.92663,568.064
4882.0,317.88138,46.78452,451.52957,1100.7227
4886.0,618.5604,69.544655,723.38495,4438.917
4889.0,357.548,27.528126,347.40228,1832.2935
4896.0,711.90265,44.80144,645.3356,3836.0713
4898.0,70.04453,7.3201323,109.5219,610.0887
4899.0,52.47132,13.7055025,58.781307,397.4489
4901.0,112.13085,15.548982,108.55731,896.2452
4903.0,92.91356,20.304405,103.90063,569.9108
4905.0,134.35493,12.293892,202.9775,766.8927
4907.0,140.20393,15.524926,172.62787,777.80255
4908.0,59.310905,5.555273,77.30512,450.32953
4909.0,359.86017,24.369543,434.10443,1722.0127
4912.0,102.48656,15.013611,106.69872,617.28784
4916.0,71.5507,9.551219,105.162575,1151.1769
4923.0,194.98563,30.1386,205.9935,1008.3109
4924.0,44.295254,6.432537,57.46226,314.35895
4928.0,88.219315,13.3011465,96.51964,577.01935
4930.0,181.33885,16.199778,202.8105,1298.1296
4931.0,31.362827,6.84002,29.39416,277.69928
4932.0,144.48676,11.994317,213.89223,798.1516
4939.0,929.7437,84.58339,979.2425,4139.8584
4947.0,2359.26,168.22041,1826.1025,10110.316
4950.0,38.80288,2.7132099,33.52601,281.6927
4952.0,35.213943,4.840415,31.19395,291.828
4955.0,161.05995,13.0474,222.209,728.14886
4958.0,103.037125,3.7107778,97.839294,448.4969
4959.0,124.272934,17.12075,130.0846,904.4166
4961.0,362.8334,25.17665,377.09192,1067.9977
4964.0,154.45064,18.782175,162.44775,783.22546
4967.0,474.79532,69.33057,516.0932,1906.0308
4970.0,127.868225,12.444727,168.00677,545.1126
4972.0,143.94008,25.812778,141.12971,696.7378
4979.0,500.50098,39.981064,512.9452,1801.4058
4980.0,40.492184,3.4464042,46.927895,304.9527
4981.0,188.50029,18.883469,239.20723,1263.0074
4982.0,198.3473,35.921898,214.10713,1407.4927
4987.0,58.266685,5.9294276,80.76452,486.3842
4988.0,29.841208,4.169049,33.875427,549.96075
4994.0,594.51416,68.93216,615.60944,2808.322
4995.0,45.122864,6.0292225,49.449883,368.4286
4996.0,67.43357,8.5917845,86.190636,444.60623
5001.0,64.75309,7.710823,79.9066,441.85107
5002.0,101.34381,12.138728,104.8148,552.16144
5003.0,364.55374,23.050488,351.62057,1864.8605
5006.0,119.95499,4.10659,148.19986,503.82382
5009.0,940.80554,105.10182,871.58154,3071.4653
5010.0,496.10614,85.39646,497.5119,2633.931
5012.0,450.16165,39.5729,482.00305,2228.7454
5013.0,184.48038,13.294603,224.78555,1236.1761
5018.0,12.889258,0.40581855,18.225924,185.75244
5020.0,2069.326,145.6372,1653.1559,7977.3276
5021.0,90.41587,18.495562,80.10559,760.43353
5022.0,893.47833,111.47352,1040.8114,4356.686
5025.0,267.0637,32.25394,278.8316,2693.717
5027.0,87.24613,8.917405,133.53612,830.7748
5029.0,570.52264,13.365473,826.8613,5080.936
5031.0,37.629932,7.629876,38.437042,394.3864
5036.0,98.12125,18.958555,97.69906,568.992
5038.0,42.249176,6.96969,51.617867,464.30652
5040.0,27.076832,2.9168336,34.24552,319.9274
5045.0,321.44968,34.70449,365.11145,1365.5502
5047.0,294.7593,20.526234,404.04733,1234.8347
5071.0,472.43283,91.87698,479.28098,2476.9636
5072.0,33.115643,2.3176954,37.164192,343.09406
5074.0,30.654568,3.12365,29.815258,310.7256
5092.0,1027.6549,128.80667,1340.7252,3468.1604
5097.0,37.342102,7.42678,39.27568,329.71518
5098.0,85.39097,16.278511,86.71041,469.37698
5106.0,51.40555,3.5478861,68.66211,586.3658
5109.0,49.714066,9.727085,58.56809,401.99167
5112.0,333.60815,50.6837,283.97568,2050.0156
5114.0,593.0339,131.4338,588.6667,3078.4712
5128.0,417.17844,41.43209,388.62042,2378.2786
5133.0,28.34427,4.1249166,35.815067,313.2796
5137.0,585.85486,88.54986,574.5393,3450.0364
5143.0,2439.575,401.646,2484.2217,7782.7817
5146.0,592.4389,62.986088,639.47076,3025.2314
5149.0,522.728,84.525215,492.64584,2089.9592
5155.0,261.01395,44.47561,232.7367,1106.2037
5158.0,94.86976,8.396823,147.53218,560.2908
5167.0,739.4177,108.59236,747.66986,2573.1602
5172.0,167.10338,50.979557,146.58536,609.1155
5176.0,209.07774,41.868813,176.29088,919.6869
5179.0,780.1679,122.85662,902.809,4105.4404
5185.0,76.99412,5.8948507,114.2183,445.92215
5192.0,1921.4609,142.47853,2050.616,5777.856
5196.0,460.9349,67.937256,443.15802,2491.1196
5200.0,54.28997,9.166245,54.442112,363.50012
5202.0,52.529694,8.89448,46.960983,350.25256
5203.0,2084.4446,428.53598,2246.3396,6840.669
5210.0,162.49855,1.1220757,179.91257,1413.7684
5211.0,162.55211,15.956347,247.72531,688.996
5212.0,184.60779,14.830425,256.19244,815.422
5213.0,639.24884,122.57282,747.1363,3595.958
5215.0,62.510406,6.1406507,75.61293,358.22516
5220.0,473.40924,44.98281,561.13916,2514.779
5222.0,95.204735,9.785028,113.93729,648.60376
5226.0,27.313005,3.4029095,20.502756,179.48122
5230.0,1019.67084,233.59682,1091.7637,4151.549
5234.0,627.2237,122.77568,563.0663,3783.7073
5243.0,545.95654,48.53331,506.87857,1659.1593
5244.0,958.50433,98.815926,1297.8411,2242.7817
5245.0,522.7168,57.655235,551.0659,2338.9766
5249.0,414.81375,44.48123,505.65607,2203.9578
5251.0,476.52905,27.588617,509.0367,1642.5074
5258.0,455.83563,65.5933,352.00775,2283.326
5260.0,1141.3325,127.9535,1123.9358,4947.5938
5269.0,656.48474,113.60993,642.20844,3204.1519
5270.0,64.56353,1.0897924,77.67792,684.38635
5281.0,74.98541,16.036154,56.48573,348.55133
5282.0,28.392523,3.8902967,30.628145,311.88327
5286.0,1976.6107,106.19565,2169.8835,8426.051
5287.0,247.61432,42.637135,234.2127,781.9363
5290.0,134.13466,18.430536,174.55194,722.95667
5303.0,32.24558,5.2620444,32.488605,340.3168
5305.0,39.637466,4.323414,41.78369,399.8579
5309.0,576.8232,79.43158,480.94394,3447.8032
5310.0,14.0939865,5.141046,9.438731,348.70328
5312.0,71.46391,8.904886,70.48623,459.86404
5313.0,130.77266,10.310417,147.94513,832.35803
5315.0,33.840076,4.4608436,37.925293,477.07675
5325.0,186.58281,5.7445545,418.7122,1316.9962
5327.0,533.41986,80.31641,606.7688,2356.3413
5328.0,700.77844,87.299866,551.578,2099.537
5331.0,46.44502,1.8503114,53.73863,340.14157
5332.0,419.60098,40.63611,471.8623,2433.1506
5335.0,134.48825,21.22136,150.8215,714.60925
5336.0,118.56103,9.577529,137.20203,725.5343
5338.0,86.3631,5.2561827,65.31422,674.7839
5339.0,177.66641,15.404692,172.91747,851.84094
5341.0,277.68484,42.154755,298.48267,1233.2195
5342.0,311.8076,46.367588,291.54608,2399.6833
5343.0,451.50784,11.937891,305.02542,2653.7095
5345.0,146.06715,6.6361446,99.695816,812.11053
5348.0,102.75849,11.975072,113.65305,885.8571
5349.0,1790.1003,169.99248,1742.8557,6485.707
5351.0,1491.9288,134.48326,1374.3885,4866.0923
5352.0,21.02423,2.0908918,25.307005,230.01668
5355.0,205.56667,16.442997,210.20906,1308.0664
5356.0,1045.8374,161.84244,928.3943,3207.567
5361.0,19.844545,2.9236586,20.746284,246.98978
5362.0,40.82339,2.2070794,43.819897,328.26175
5364.0,24.556917,2.3977754,26.035282,213.08945
5367.0,26.1682,2.7586718,22.986603,299.52975
5369.0,53.390472,6.9283986,57.204132,350.03287
5372.0,71.90507,9.291686,67.03705,460.6029
5374.0,286.55182,52.8286,316.55527,1728.0702
5378.0,194.48885,32.29374,191.30319,1681.0006
5382.0,2050.7861,339.74915,1606.1903,6691.866
5383.0,28.116098,2.5985808,30.896652,347.26813
5387.0,70.96309,5.8604727,93.520325,544.3648
5393.0,66.06049,0.5685084,102.96223,1397.4647
5403.0,571.23883,93.786446,532.90405,2998.6045
5408.0,570.39777,97.36718,508.53546,2890.7664
5409.0,2803.23,202.88788,2200.038,13432.637
5410.0,6581.9453,271.93958,7332.907,13628.436
5412.0,574.31525,44.999737,462.28867,2777.2908
5414.0,1494.5435,179.75838,1532.973,4906.9897
5427.0,33.172943,4.527833,34.971386,321.19687
5431.0,531.379,46.430614,590.6523,3825.4727
5433.0,180.1373,15.582019,169.01633,1095.1304
5443.0,87.59512,20.825861,65.903366,631.89386
5444.0,829.74414,47.90014,1086.8146,3912.861
5446.0,29.875647,2.1343584,33.87835,388.9046
5449.0,35.150204,4.53418,34.070995,352.4478
5452.0,133.27982,17.567322,134.01805,659.2059
5453.0,58.647926,3.5202954,95.96934,376.21976
5454.0,151.59001,13.370824,193.27461,752.06134
5456.0,133.64836,17.4115,154.06947,860.9493
5457.0,180.11453,9.630626,234.80782,728.1864
5458.0,91.594055,10.259591,101.029465,607.1624
5459.0,86.826225,11.841299,84.64343,540.7736
5460.0,38.83393,3.7363274,48.682594,318.6119
5461.0,31.609602,3.658593,34.744884,325.4703
5464.0,456.90674,39.065216,509.70316,2747.6658
5466.0,763.97424,96.76097,1015.0297,3558.2524
5467.0,44.95925,0.84434587,52.880127,1023.94244
5468.0,1972.9009,150.09567,1448.4174,10132.334
5472.0,194.23833,18.112186,244.1495,818.6439
5476.0,201.59113,18.2751,212.12239,1365.4037
5479.0,148.46901,10.244177,176.92215,644.241
5480.0,227.76616,16.99741,249.57816,1145.768
5482.0,131.9581,16.467625,173.03409,988.94135
5484.0,36.507973,1.9622489,37.962048,270.34927
5486.0,383.747,54.97088,478.20755,2196.5222
5488.0,28.25925,3.9536564,25.951654,271.12244
5492.0,60.34397,5.313567,69.736534,426.10007
5494.0,27.804308,2.3881092,29.56915,337.84592
5501.0,113.60267,12.430803,120.315025,704.75714
5511.0,236.7404,15.263155,209.6317,1530.292
5513.0,29.224144,1.6308546,25.038054,215.6645
5521.0,2705.4854,183.55588,2389.7751,13701.6875
5523.0,32.815437,2.6563125,97.804306,880.50214
5526.0,54.23854,7.098516,62.594906,472.99814
5528.0,47.04351,2.4879184,69.176285,511.31543
5529.0,493.02884,56.814125,451.1753,3088.2957
5533.0,514.0348,60.85966,550.6955,3170.6057
5534.0,195.17195,28.31134,198.30331,819.6446
5536.0,337.98236,36.652954,743.3581,3906.3586
5539.0,802.26416,115.76974,783.98517,3456.633
5540.0,79.48436,4.735628,69.06992,563.22504
5544.0,12.178596,1.2100703,10.998405,190.92717
5545.0,29.090168,3.4780335,30.814169,353.2583
5548.0,1000.0707,156.16399,987.92,4621.968
5549.0,1288.9104,212.3821,1334.773,4776.5723
5553.0,54.64683,6.9380608,64.04631,314.79172
5555.0,30.08851,4.347684,39.566,438.78336
5557.0,102.574844,7.3700557,153.89127,492.03964
5564.0,13.935715,2.6607869,13.276469,158.61436
5565.0,58.3118,3.3042865,52.331497,306.49402
5566.0,165.56488,8.6143265,185.80914,827.89307
5570.0,87.06743,1.365092,65.64771,361.27774
5573.0,30.391289,6.3553944,35.32277,433.79364
5576.0,22.384502,1.833449,32.101894,332.9013
5577.0,25.44269,4.492407,26.305155,265.43854
5581.0,1727.4341,160.94102,2045.1953,6374.5444
5585.0,331.1064,36.082275,274.66403,3789.0408
5586.0,204.73663,28.230297,217.52498,1440.1141
5590.0,5.3483047,1.3461015,4.741768,103.534515
5594.0,80.571915,13.601686,86.0871,400.87357
5595.0,1310.6256,128.1805,1360.2744,5264.3613
5596.0,95.01699,3.51446,124.18645,698.68176
5599.0,387.15848,53.191566,378.93695,2176.7065
5600.0,522.104,39.63325,380.4179,3057.204
5601.0,480.69406,78.44754,530.83704,2108.3528
5602.0,80.30224,1.5790695,114.754555,950.1644
5603.0,2995.8118,441.89215,2353.8428,12680.137
5604.0,3915.5115,312.89774,3386.984,17894.91
5606.0,180.7407,20.120604,153.0402,1807.8372
5607.0,2.0436914,0.96377,1.3372743,127.209
5609.0,239.20496,27.99096,563.08484,3342.9207
5610.0,164.35902,14.767647,210.486,1100.0773
5611.0,3.101472,0.3107204,3.4089801,159.56602
5614.0,149.56483,33.61335,163.55565,866.75946
5616.0,1520.0013,59.085564,1157.1941,9971.556
5619.0,65.12898,1.9742805,63.172455,353.99887
5624.0,8.611414,1.3002031,8.997467,140.37961
5625.0,673.4296,39.048363,521.24084,5385.4976
5630.0,14.179429,3.0560508,15.991057,157.39285
5636.0,28.18537,2.6819687,39.275234,266.91135
5638.0,12.6610985,1.9184515,12.509642,178.92169
5643.0,532.7246,61.95682,445.81735,2938.4795
5644.0,42.69072,4.419873,71.79167,281.34998
5649.0,154.7777,11.297851,176.1602,1581.2556
5650.0,47.592045,4.983981,63.57994,475.9402
5651.0,68.8093,6.8461633,100.495094,700.591
5652.0,7.192964,1.4681875,7.4406924,133.50359
5653.0,9.910352,0.9172829,11.228389,128.76277
5656.0,16.531912,2.2706084,18.498724,297.5861
5658.0,12.667125,0.53994495,16.104086,165.17934
5659.0,156.94641,20.469337,192.8537,1389.8007
5661.0,32.744,3.251297,40.941124,248.3042
5664.0,17.317287,2.3337772,21.443933,241.6792
5666.0,478.8339,52.000874,354.02673,4932.899
5674.0,15.572407,1.4858562,16.70348,145.51234
5688.0,12.878719,2.14835,17.497072,215.58131
5694.0,877.56885,7.8364873,1264.1138,7043.9697
5705.0,335.69376,78.63333,337.06082,2248.8892
5708.0,499.41342,24.709507,557.01184,2558.5344
5715.0,926.4216,87.4977,1374.426,8744.027
5718.0,12.168914,0.39612538,14.252255,279.40765
5721.0,473.0719,102.52508,439.52594,2451.9944
5723.0,549.5958,74.812485,457.68738,2572.521
5731.0,33.907616,2.278533,42.970303,348.90952
5733.0,1489.647,149.49467,1206.644,6614.0234
5736.0,254.90639,32.990376,277.06424,1835.7163
5737.0,836.99365,146.66045,846.0078,4710.638
5746.0,637.3852,117.74438,541.6105,3047.3071
5747.0,192.9491,16.470575,168.3749,1685.0165
5750.0,9.150661,1.2292149,15.221402,318.9232
5752.0,38.368122,0.4950547,47.17248,644.9129
5753.0,924.96533,159.04622,771.52045,3599.4922
5757.0,17.34767,3.7689462,19.01634,182.23862
5758.0,15.935342,2.7675009,17.104147,223.45888
5759.0,140.47865,18.242674,185.09186,1394.9554
5760.0,30.937351,3.1779735,33.444847,299.51505
5763.0,672.171,67.753494,959.4075,4206.491
5764.0,393.73007,68.360214,495.8477,3157.6333
5767.0,21.719482,3.5388947,21.915323,398.02203
5776.0,56.441387,7.439439,69.13226,594.7035
5778.0,207.98853,16.982288,264.05743,782.085
5779.0,14.686809,1.3955977,49.29877,599.3975
5782.0,81.11782,12.60938,89.58853,671.0482
5788.0,7.0477505,1.8666785,8.03641,192.09882
5793.0,7.66472,0.62123674,9.651496,99.09645
5798.0,53.592697,1.5330043,51.254433,341.98206
5801.0,142.19518,13.253537,156.69643,920.01196
5808.0,2345.6736,480.86298,2324.7773,7378.0474
5810.0,842.3833,115.62623,1000.1388,4083.5657
5818.0,691.12,94.61433,893.67346,2157.0513
5819.0,33.20487,0.8820257,28.06544,228.20862
5821.0,748.9751,99.31936,767.00714,3312.3635
5822.0,786.7355,59.511997,777.31537,3395.0364
5837.0,43.925594,6.2365856,48.384693,321.17282
5843.0,192.84027,19.91898,216.73854,931.23004
5844.0,1962.2699,311.70175,1889.7521,6990.066
5845.0,14.092467,3.647657,13.075667,124.476
5852.0,8.244375,2.3925443,9.060974,161.8425
5853.0,744.6598,110.76938,828.188,4063.8728
5854.0,23.934753,3.9481912,25.176981,273.73923
5856.0,100.246735,3.2853534,79.99325,456.34583
5858.0,749.90894,74.77098,767.55115,4042.5513
5860.0,14.384062,1.7945455,15.374746,224.72156
5862.0,15.501351,0.8869364,11.001443,135.64638
5864.0,99.54826,7.8268476,108.98563,469.16443
5865.0,5.3972797,1.444994,5.676037,128.06686
5867.0,45.318375,4.6578135,59.48592,474.42142
5868.0,208.00252,7.6324434,170.74896,1396.2784
5873.0,579.2482,119.24354,741.1948,2851.566
5874.0,897.752,104.80805,775.4425,3909.5527
5879.0,425.7724,84.96195,433.50247,2330.7935
5880.0,1406.8324,67.912575,1463.68,4902.5464
5881.0,1101.1101,77.00726,1337.394,4137.08
5886.0,7.3092046,1.2414535,9.190559,118.84818
5889.0,59.775173,6.4826655,81.04002,368.46268
5890.0,13.857514,2.2444248,14.3560505,159.0554
5891.0,134.66338,7.4356213,166.26352,676.2826
5898.0,21.580322,3.193967,25.751085,244.33353
5899.0,36.817474,5.0293193,42.97677,310.3415
5901.0,6.4055305,1.6263504,6.2559547,91.70842
5902.0,311.6142,61.507008,315.3142,1533.1855
5904.0,324.2445,33.943935,337.89877,1063.7482
5905.0,173.55443,43.710117,139.48004,887.43286
5906.0,17.549187,2.4511378,19.533106,304.5747
5908.0,1577.5681,118.27739,1317.6324,5576.5874
5910.0,712.3805,88.076836,661.0559,3661.2458
5911.0,343.36752,68.07627,323.2826,2152.6895
5912.0,6.906464,0.9982842,8.140515,149.57419
5915.0,32.09698,4.027218,39.975662,257.99393
5916.0,21.506405,3.1680272,28.117668,288.8738
5919.0,14.941002,0.4893324,20.78684,167.82263
5920.0,48.176426,4.049745,71.6093,253.07904
5923.0,71.803375,19.348734,72.24107,507.01056
5925.0,13.706368,2.0854285,13.68361,174.59389
5926.0,236.71196,8.453531,577.1674,3589.9138
5928.0,63.21213,9.817574,59.74642,533.3921
5930.0,199.22124,33.10173,199.76324,1137.101
5931.0,20.849585,2.288873,53.12805,545.3638
5933.0,143.66997,18.101433,178.50023,934.1957
5934.0,150.27643,25.091196,187.65012,907.59454
5935.0,269.49786,14.696784,295.56253,1461.2373
5937.0,7.437291,1.3984975,7.971608,111.960464
5938.0,216.45572,11.071509,338.14908,1105.1372
5939.0,98.06082,13.985191,108.09713,667.7472
5940.0,193.43225,35.02143,217.73076,1046.3403
5942.0,47.836067,4.97135,63.28038,474.42142
5944.0,13.7863655,2.8400161,15.326097,141.50328
5945.0,264.01035,22.000542,270.9087,1152.3813
5949.0,1014.06854,100.18757,1049.6425,4117.4976
5950.0,29.334908,5.1140323,40.864094,443.37213
5951.0,44.544632,4.628039,58.235306,454.47308
5956.0,34.10839,4.82416,37.56954,359.9681
5961.0,507.1547,53.455215,543.98987,2148.348
5965.0,312.8989,44.520805,328.57294,2430.8882
5967.0,146.41156,9.812338,186.95613,977.2907
5969.0,185.16808,18.72543,183.81854,913.7725
5973.0,12.53979,2.2487376,14.262278,119.162094
5974.0,1066.3672,182.77567,1045.6859,4073.313
5976.0,252.16286,24.2807,270.7319,1157.8206
5979.0,131.0638,15.311006,131.16083,690.07513
5989.0,173.46432,17.857313,178.87436,810.64886
5991.0,230.30576,5.962224,278.96353,1537.0192
5992.0,94.33768,14.421952,86.46891,538.747
5997.0,11.486392,3.3902216,11.887891,139.25165
6006.0,9.766152,2.6010325,10.282105,104.323906
6010.0,11.900936,2.196682,12.743001,151.87045
6026.0,42.701584,6.0528064,45.978695,349.61267
6030.0,206.14049,7.608339,182.40623,1100.9504
6034.0,654.1754,83.15591,586.49835,3348.8494
6035.0,27.707119,6.236383,34.580235,207.58397
6038.0,2705.4854,183.55588,2389.7751,13701.6875
6044.0,38.33934,5.670249,44.05856,311.57086
6046.0,52.278446,8.276855,39.331802,563.9729
6047.0,15.762988,0.43129432,18.971172,233.26834
6050.0,9.586883,1.699985,9.48642,113.43898
6052.0,1666.8401,119.90552,1521.8755,5774.1104
6054.0,1743.7875,145.83276,1508.6748,8198.874
6055.0,1963.8237,183.5354,1823.0054,10248.339
6056.0,1050.4431,132.13043,928.1021,5093.0933
6063.0,443.8906,57.48772,429.34595,2592.2783
6064.0,623.10455,95.42626,652.0736,3427.6604
6065.0,10.852186,0.28286684,14.444478,241.71333
6066.0,18.781534,0.77596456,14.744298,142.73851
6067.0,84.19712,1.4753625,71.97862,474.93405
6068.0,91.67427,2.2605557,122.8042,931.3406
6069.0,861.4351,158.2463,816.74664,3244.7915
6070.0,489.70923,55.378933,612.86066,3325.9429
6074.0,1878.21,145.14935,1529.1884,13155.575
6078.0,10.1042185,3.2545574,10.334096,139.95265
6082.0,46.10425,7.7786574,38.298603,374.77927
6086.0,32.575893,4.1449265,36.047928,247.63707
6091.0,26.676912,4.1603837,30.24885,346.57236
6092.0,60.158257,9.707998,72.3811,481.93774
6094.0,1178.4398,169.13582,936.6833,5267.656
6096.0,79.31437,6.327803,99.08917,450.25076
6098.0,298.81036,36.140358,321.86746,1523.0145
6099.0,369.49612,41.657948,434.97156,2938.938
6102.0,128.97137,10.869891,133.19557,690.82477
6103.0,62.898804,7.389852,87.15146,497.87997
6104.0,131.20242,23.318956,123.59457,854.46
6107.0,847.5041,77.937065,1017.54156,5368.826
6109.0,1214.2634,80.80523,1273.132,7082.094
6110.0,330.90118,31.088829,376.95056,2774.5242
6111.0,1635.1354,167.54901,1669.9792,8567.423
6113.0,44.606495,4.5128746,50.108414,338.2784
6115.0,4107.61,372.1309,3469.1262,26378.55
6117.0,1400.6149,170.55203,1427.3239,7517.0825
6118.0,1900.3778,125.410164,2079.56,22286.234
6120.0,111.120605,12.890861,125.99078,537.7227
6122.0,722.17316,64.95264,742.9527,5080.5874
6123.0,759.9862,81.9225,640.92084,3862.524
6125.0,809.8386,56.289604,739.1615,4238.3555
6127.0,505.8707,40.045414,512.3891,2657.0952
6129.0,2208.7688,200.68698,2430.6492,7785.6406
6131.0,1719.9299,112.69523,1655.3724,7217.2188
6132.0,1147.8849,90.78325,1197.9661,5865.0894
6134.0,1141.5013,196.91527,1016.6403,5092.0254
6136.0,379.9295,65.15924,465.05832,3394.3013
6138.0,622.8586,96.50816,582.7939,3300.715
6139.0,145.99815,22.55195,143.69669,654.17194
6141.0,327.57016,18.100801,409.46564,2604.4727
6142.0,446.45276,73.6409,372.27075,2775.006
6144.0,386.14172,46.044765,389.7478,3735.0068
6145.0,1080.9094,206.13028,910.62463,5678.155
6149.0,562.49097,166.28192,560.4674,2014.5035
6150.0,614.0433,77.24896,584.3502,2862.7253
6151.0,620.15814,73.755005,721.99445,2956.6091
6154.0,115.24237,20.789572,124.11777,506.44128
6155.0,480.37143,56.96639,407.11887,2579.59
6156.0,380.79285,34.939365,445.38177,1230.8589
6158.0,3440.19,285.1532,2680.8008,21905.928
6160.0,1370.0172,127.85549,1303.5739,10673.674
6161.0,311.41904,46.448174,313.83417,2069.7424
6162.0,254.50232,40.464542,266.13254,1437.4502
6163.0,278.42136,39.682144,326.1699,1166.6727
6164.0,187.2794,51.81881,186.68266,916.73456
6165.0,1805.5896,244.31116,1544.8813,10866.728
6166.0,113.81434,21.363482,120.04275,551.3345
6167.0,735.7813,175.07527,666.7691,2996.3633
6169.0,208.99294,15.924826,271.59952,1615.3248
6170.0,3219.728,216.73543,2605.0303,27917.182
6171.0,3520.0322,205.65286,2704.0796,18740.385
6172.0,474.73917,70.98985,536.8719,2771.306
6173.0,2624.4568,343.34314,1900.3833,15674.882
6174.0,401.16882,31.789938,481.6809,2160.1567
6175.0,428.91788,56.528652,405.6421,1707.3114
