YB,mean_pred,0.025_pred,median_pred,0.975_pred
1.0,0.19762781,0.02097514,0.22259782,1.5030966
2.0,1.0529976,0.18157522,1.0643746,4.0855412
3.0,0.9565529,0.0975975,1.0639757,6.344465
4.0,0.15379094,0.010433569,0.17031206,0.8872086
5.0,0.21574123,0.029885903,0.26587003,1.2358756
9.0,1.2095,0.2188739,1.2314014,6.38184
10.0,0.8191777,0.13231392,0.78444445,3.8262627
11.0,0.9861334,0.095404305,0.90973645,4.507021
12.0,1.0365392,0.21351953,1.1246725,4.775942
13.0,0.32298017,0.056530938,0.33935255,1.6204005
14.0,0.5126502,0.047574274,0.59243643,5.0686474
15.0,0.81903476,0.16414078,0.70071834,3.8808405
16.0,0.35733634,0.07857354,0.5256462,2.9228222
17.0,0.9999826,0.15796809,0.9839143,4.6901655
20.0,0.72284186,0.15283062,0.9342562,2.9995706
21.0,0.9174078,0.14029929,0.8199278,3.9176106
22.0,0.79017633,0.033435106,1.1060227,5.365927
23.0,3.7588265,0.09170973,2.445268,13.3456
25.0,3.1477962,0.0794397,2.1303256,12.463626
26.0,0.97369486,0.20777866,0.9501366,4.743277
27.0,0.72471064,0.048841283,0.6989108,5.874254
28.0,0.48542088,0.017978579,0.46159288,3.4130325
30.0,0.9986254,0.30100477,0.96451145,3.4678767
31.0,0.3371865,0.063845575,0.38265073,2.447553
32.0,0.3243949,0.013275899,0.39650643,3.871828
33.0,0.7416256,0.08100672,0.8822551,4.5148067
34.0,4.1679006,0.23900214,3.0231655,9.568799
35.0,0.35980588,0.01955421,0.38800502,4.1100764
36.0,2.0078785,0.28228667,2.13521,6.1832194
37.0,0.6745601,0.046847817,0.73418075,4.9470015
39.0,0.09333413,0.019862289,0.10961447,0.6058275
45.0,0.1890668,0.04000885,0.18860313,0.7423854
51.0,0.21495165,0.03873589,0.18534917,0.91858566
52.0,0.09086652,0.014706254,0.08407094,0.593641
59.0,0.22323814,0.023143573,0.26177758,2.7977517
62.0,0.2090936,0.01440818,0.19466521,1.8107408
66.0,0.13569367,0.03147227,0.14680648,0.700542
72.0,0.5169896,0.13793433,0.5048849,2.0814521
76.0,0.22410424,0.030442422,0.19753496,1.6172466
77.0,0.066892974,0.015082565,0.057633046,0.42511395
79.0,0.12384679,0.025551705,0.12745492,0.49189135
81.0,0.11534602,0.021635758,0.11933776,1.1546797
89.0,0.15781567,0.030031273,0.17407095,0.67737854
90.0,0.23794772,0.025334036,0.59079283,2.4684684
92.0,0.3901423,0.093340315,0.37810177,1.7976458
94.0,0.23340197,0.033013716,0.24204515,1.3343244
98.0,0.095257476,0.018583357,0.08918144,0.5112401
105.0,0.08179474,0.010703376,0.07351309,1.2118071
108.0,0.08534236,0.013639022,0.10276417,1.5901235
109.0,0.19811776,0.013154871,0.17554958,2.3385217
110.0,0.1478715,0.027877402,0.11560111,0.78245753
111.0,0.32556647,0.01716361,0.36501113,3.157313
116.0,0.1914006,0.023489065,0.38633066,1.6936616
118.0,0.16667175,0.025525313,0.18580015,0.59752613
124.0,0.23494792,0.017787358,0.23953667,2.2109935
129.0,0.20832595,0.016001036,0.1991686,1.490663
140.0,0.15785398,0.02404502,0.15996236,0.74061006
142.0,0.2996151,0.04019314,0.38011724,2.012567
146.0,0.06690854,0.009142504,0.07924401,0.44131106
148.0,1.3310742,0.24322517,1.3234023,8.131798
160.0,0.17029215,0.033515047,0.18708006,0.85189193
172.0,0.11163346,0.013688729,0.08248372,1.5650513
176.0,0.18975225,0.03607237,0.2244197,1.388978
178.0,0.0722101,0.01914829,0.06196312,0.89167035
183.0,0.07098512,0.014264852,0.07421974,0.51474404
184.0,0.08743815,0.01844151,0.09254085,0.42021972
193.0,0.22987023,0.016395533,0.20221588,1.9505602
194.0,2.555017,0.05725099,2.5161998,8.050718
216.0,0.35195285,0.019000368,0.4943451,3.43848
218.0,0.36564606,0.010188075,0.4137624,3.5528445
219.0,3.602235,0.08456566,2.3070447,9.096724
221.0,0.98758596,0.21429142,1.0628875,4.465674
222.0,0.851799,0.16397294,0.7337483,3.6543193
228.0,0.1242809,0.011051727,0.1330673,0.84381646
229.0,1.8145717,0.100441396,1.8568715,8.781712
231.0,0.23913254,0.02694497,0.20704558,1.627289
233.0,0.17118716,0.03901995,0.16638015,0.6834192
234.0,0.5878867,0.07604421,0.4831412,1.4411962
238.0,0.27819973,0.018929059,0.28608063,2.5654957
239.0,0.23561472,0.036010336,0.19812034,1.3064734
240.0,0.08837162,0.011810187,0.09423538,1.1653808
243.0,0.0869081,0.019038191,0.08202232,0.66927975
245.0,0.39677557,0.044230614,0.41884047,2.2150311
246.0,0.32021946,0.02288537,0.36373588,2.9177039
251.0,0.7095401,0.09107287,0.6977659,2.7042482
256.0,0.22959255,0.03896086,0.247016,1.1723604
261.0,0.12781617,0.018617619,0.13159744,0.5591407
265.0,0.41915768,0.10025098,0.34083056,2.7640414
266.0,0.17994915,0.017553506,0.14117396,1.2815306
267.0,0.20200825,0.01639024,0.37771392,2.8275044
269.0,2.2877781,0.0379593,1.861336,6.7654066
273.0,2.6191993,0.072686575,1.729112,8.552245
274.0,0.6684565,0.049976505,0.5844584,4.8600917
279.0,0.44699496,0.08977724,0.4654324,1.9797766
282.0,5.0275083,0.06681887,3.3538382,13.874895
283.0,3.2521443,0.13450064,2.2560415,8.721088
285.0,1.3366308,0.196448,1.3483772,4.766221
287.0,7.349968,0.10640358,4.4123898,17.793417
288.0,4.6778107,0.26946804,3.8343287,10.907505
289.0,7.4392695,0.10588379,4.3497214,18.170269
290.0,1.3436306,0.060920946,1.2673116,5.33627
292.0,1.1020005,0.055366166,1.0107704,6.264829
293.0,0.26079616,0.049337957,0.25483435,1.9371185
294.0,0.6839679,0.06448549,0.6460121,2.3381636
295.0,2.673951,0.0509868,1.7663558,5.5631204
297.0,2.1054492,0.035162006,1.661095,6.311306
309.0,0.25133508,0.01460319,0.35147408,1.9307425
323.0,0.52894723,0.08550315,0.60831404,1.9434631
325.0,0.24410704,0.049280807,0.2423315,1.1528496
329.0,0.73847514,0.03692712,0.9486181,3.7071083
332.0,0.38992104,0.031080527,0.35410222,3.7323554
333.0,3.3388402,0.34125322,3.164205,9.389504
344.0,0.54508257,0.11315697,0.6132985,2.2984393
347.0,0.85517126,0.110947676,1.0538306,2.5902896
348.0,0.62233406,0.029215656,0.52688533,3.3329782
349.0,0.26589963,0.057140112,0.43642437,3.4466567
352.0,6.2801423,0.06557569,3.0478165,8.772588
354.0,0.7205125,0.10787428,0.67673963,2.0936153
358.0,0.07491414,0.00897231,0.09518394,0.40395135
359.0,0.42728043,0.036561526,0.52021104,4.5390406
362.0,0.22846131,0.029636381,0.2048564,1.9390212
364.0,0.13063169,0.017931191,0.13946983,0.655534
368.0,0.12922245,0.01253524,0.22033398,2.2295249
371.0,0.7866791,0.13950647,0.7348676,3.739212
379.0,0.37666848,0.062373035,0.3685536,2.7238863
380.0,4.424876,0.08799754,2.3602853,12.833219
381.0,1.9015663,0.214379,1.9131675,9.000496
382.0,1.7175537,0.109028205,1.4287744,10.722067
384.0,0.3293594,0.083523184,0.32856566,1.7604125
385.0,0.5070303,0.12479728,0.508081,2.3572807
387.0,0.4418845,0.04632086,0.37806153,3.126188
388.0,0.22425276,0.018881619,0.28081238,2.155508
389.0,0.32237184,0.06277927,0.4256056,1.7921422
395.0,0.28304264,0.049186468,0.3782322,0.9295581
398.0,0.11747446,0.030134322,0.11514643,0.577706
400.0,0.73538774,0.049971156,0.7009412,5.7465587
403.0,0.07020203,0.012756584,0.08491425,0.39021757
409.0,0.18043733,0.018535795,0.19280201,2.0934455
415.0,0.13887982,0.014772193,0.17078587,1.778683
421.0,0.18623444,0.020219635,0.17762175,1.0631851
422.0,0.123298496,0.011869972,0.16312496,0.9660554
427.0,0.10536282,0.016724598,0.1138161,0.54569805
428.0,0.12764186,0.011962834,0.13345237,1.037974
429.0,0.15017827,0.020216107,0.13668823,1.5700234
432.0,0.10286246,0.016780077,0.19471718,2.2878933
433.0,0.2124403,0.016096978,0.24532042,1.9170865
434.0,0.2270541,0.019244645,0.25698957,1.672815
435.0,0.23116626,0.024549847,0.26856792,1.3390265
437.0,0.1625536,0.026189407,0.17455634,0.6694541
439.0,0.24661633,0.080037594,0.56471837,4.421093
444.0,1.130366,0.08550454,1.2030854,3.847999
449.0,0.10363032,0.038338475,0.25268283,2.7115617
450.0,0.52056265,0.013905985,0.5413572,4.190395
453.0,0.08326182,0.012506711,0.10425073,0.39314827
454.0,0.37076953,0.033512212,0.460672,3.386824
459.0,0.20650527,0.027747573,0.18329903,0.9999083
460.0,0.2633225,0.027017038,0.3406305,2.1748617
461.0,0.15795822,0.011306645,0.15199985,1.7347922
462.0,0.6991682,0.047415283,0.74791765,3.3834946
470.0,0.1287721,0.015863221,0.18773876,1.228007
471.0,0.35367897,0.029224854,0.46860188,1.7085831
472.0,0.20811258,0.04078319,0.18583138,0.9681219
473.0,0.10311858,0.013921305,0.07759495,0.95282364
483.0,0.31689864,0.08133792,0.6079064,4.6735115
484.0,0.22731443,0.02543285,0.20936747,0.6567112
488.0,0.23843068,0.026204526,0.24894363,2.4913938
490.0,0.42086938,0.04044324,0.51161253,4.1719527
492.0,0.76956457,0.10064057,1.0004802,3.2994156
495.0,0.22144367,0.017943297,0.3115981,2.5545878
500.0,0.12059484,0.029142346,0.10779811,0.46444583
501.0,0.25070107,0.018937627,0.35776907,2.986912
502.0,0.37045786,0.015072709,0.30632007,1.6353773
506.0,0.09209982,0.022977948,0.0962922,0.45308813
509.0,0.24536777,0.06455578,0.29599556,1.3946759
510.0,0.10415432,0.017028702,0.101682134,0.7702386
512.0,0.120366074,0.012900912,0.08294081,0.5920742
514.0,0.10492282,0.016224287,0.12208933,0.5917477
517.0,0.52690357,0.104135334,0.7399569,1.7160778
524.0,0.21029435,0.027006945,0.20543008,1.1587415
525.0,0.5469314,0.07871036,0.66096467,2.615769
530.0,0.21011697,0.0100568365,0.17999999,1.9832
532.0,0.2235044,0.023278851,0.23247254,1.4546305
536.0,0.2159954,0.026682807,0.27678984,0.7889307
537.0,1.9908199,0.047444634,1.4897878,5.3582706
539.0,0.21554132,0.04266527,0.19430098,1.0466988
550.0,0.3785907,0.08048588,0.36092255,1.266897
565.0,0.097412035,0.012625828,0.096209325,0.77381873
571.0,0.4786921,0.016738672,0.5882314,4.1540394
572.0,0.32466513,0.033048227,0.3536981,1.4805313
573.0,0.24597298,0.034429103,0.26311153,0.906274
575.0,0.13118869,0.038356304,0.26014256,2.4906921
576.0,0.2571546,0.026401218,0.26932085,2.5942366
578.0,0.16252486,0.024784762,0.19887172,1.255121
585.0,0.30868956,0.0484921,0.29668936,1.8257304
589.0,0.53040516,0.051386476,0.61440665,5.0102386
590.0,0.44093284,0.0784298,0.4289118,2.2979794
593.0,0.1165102,0.019917633,0.12933373,0.58359957
596.0,0.33069807,0.062233213,0.33187696,1.7395802
602.0,0.12476333,0.028047917,0.1420115,0.5431595
603.0,0.38639274,0.029151836,0.4446998,2.1304927
604.0,0.25367153,0.031112934,0.25982603,1.4326751
609.0,0.25786588,0.020159142,0.4176566,3.1561236
610.0,0.07378602,0.02129958,0.0725487,0.38086608
615.0,0.076441124,0.012603655,0.076102756,0.3685341
617.0,0.067731656,0.015005844,0.07607284,0.538281
619.0,0.55758035,0.04118026,0.5428129,4.7211165
620.0,0.16709358,0.023945678,0.16385697,1.054226
621.0,0.086083606,0.018292936,0.06917349,0.838059
624.0,0.133075,0.029028654,0.28090078,2.238061
625.0,0.08314707,0.010281126,0.099062406,0.5556624
627.0,0.10763834,0.010385788,0.1420652,1.1764166
629.0,0.464595,0.03797974,0.5183832,1.5751134
630.0,0.45740256,0.026999554,0.5499307,3.447842
632.0,0.22095421,0.019423945,0.31568715,1.9803236
636.0,0.08663572,0.026639245,0.08790228,0.3674066
638.0,0.1370831,0.021816531,0.17161885,0.6303247
639.0,0.14316973,0.021940118,0.14390701,0.53842425
642.0,0.27636218,0.056855865,0.36898127,1.0058814
644.0,0.21628988,0.019276327,0.24009064,1.1372852
645.0,0.30065614,0.039642625,0.30712765,1.5561683
650.0,0.21165183,0.06297795,0.3236701,2.8301702
654.0,0.65138745,0.13456358,0.76649636,2.697814
655.0,0.78992105,0.052759565,1.0517797,3.8989887
660.0,0.37209463,0.053197093,0.52966124,3.3564713
662.0,0.38927975,0.065143466,0.44451848,1.967063
664.0,0.19189516,0.016516915,0.179742,1.2701849
667.0,0.3506944,0.07162533,0.3766666,2.2705472
669.0,0.28779456,0.020147953,0.38721785,2.6260154
672.0,0.16672443,0.013373811,0.29723695,1.603315
673.0,0.1084609,0.00931734,0.0994718,0.95115954
682.0,0.50602466,0.10398052,0.53699553,2.2722566
684.0,0.34511697,0.024326855,0.39605775,3.0310266
692.0,3.239008,0.09209176,2.233579,12.852399
695.0,3.0964894,0.07981682,1.9181159,11.734065
696.0,0.07459923,0.020172087,0.06860313,0.37657103
698.0,0.35715774,0.04304699,0.42534223,1.344664
700.0,0.4965722,0.07967093,0.608586,1.7397797
706.0,0.513935,0.019422418,0.62673634,3.3862197
712.0,0.26133826,0.02387957,0.24039634,0.9969898
713.0,0.2031784,0.011165337,0.13027939,1.2854326
715.0,0.36112067,0.13062042,0.5061138,2.89696
717.0,0.37419018,0.018267589,0.31900218,2.6708033
719.0,0.2499524,0.015079611,0.20799057,2.2316034
731.0,0.72519004,0.041413367,0.5466588,4.436077
734.0,0.4315769,0.03960544,0.4624999,2.732524
735.0,0.66093194,0.041131005,0.66435677,2.9577427
739.0,0.16568348,0.011142759,0.22872284,1.2563494
743.0,0.47631863,0.036334403,0.3685723,4.010056
749.0,0.5550678,0.022400515,0.6045086,3.3911984
751.0,0.45395127,0.03207356,0.6574596,2.2849746
764.0,0.13765728,0.009225448,0.15336926,1.3553569
769.0,0.24188736,0.0751572,0.41484812,3.2136905
771.0,0.14297386,0.010082791,0.13161315,1.2576969
772.0,0.41702396,0.058863584,0.43658784,2.3947883
780.0,0.28190613,0.03629945,0.2991837,2.2798526
785.0,0.2489824,0.028382843,0.3354452,0.8731603
787.0,0.24351373,0.009960244,0.33327034,2.5687566
794.0,0.43901864,0.060129512,0.47624987,2.600882
797.0,0.22239867,0.046149205,0.2813714,1.360666
801.0,0.19300283,0.04541392,0.21946059,1.4148843
802.0,0.22688355,0.04363192,0.26497257,0.7349134
803.0,0.17433107,0.009779777,0.2814939,2.4500356
807.0,0.3057188,0.029362502,0.24663474,1.7082695
808.0,0.30228952,0.016545674,0.2261376,2.5315137
813.0,0.41773793,0.021916572,0.536805,2.2435906
814.0,0.4473009,0.054001875,0.49871254,2.375247
815.0,0.523997,0.08063842,0.5186809,3.4807608
816.0,0.6670038,0.04251166,0.8106954,4.6531286
817.0,0.42415512,0.07302847,0.45660037,2.3022385
819.0,0.37627056,0.04440289,0.39295244,2.52476
821.0,0.08030922,0.01719332,0.083914086,0.3732793
824.0,0.27813384,0.033427257,0.25185388,1.4113113
827.0,0.19848758,0.018716555,0.2089426,1.058556
828.0,0.15736707,0.027116578,0.17931448,0.49783948
832.0,0.34664145,0.036007587,0.45146844,1.6331768
838.0,0.25363442,0.014736222,0.26947382,1.5686352
839.0,0.13561794,0.010987283,0.21592602,1.2347656
843.0,0.093863025,0.0075917477,0.098516256,2.011331
846.0,0.47958952,0.03552917,0.6406176,3.07325
849.0,0.2685121,0.036675163,0.428082,3.0624087
851.0,0.13195705,0.008295237,0.20564245,1.4608552
854.0,1.3445758,0.13562234,1.3862714,5.0109897
862.0,0.24717537,0.022445908,0.25010812,1.09501
866.0,0.663915,0.07555926,0.66198355,3.0885797
870.0,0.21423763,0.04325814,0.22748722,1.0534649
872.0,0.5465702,0.08877836,0.68960214,1.6125958
876.0,0.11212819,0.013907518,0.11421275,0.5284168
878.0,0.50126296,0.02625181,0.56583244,2.3386345
888.0,0.2905562,0.095937274,0.31642565,1.529652
889.0,0.6150697,0.04189496,0.4615737,2.5056179
891.0,0.28058693,0.022772659,0.35366207,0.86134434
895.0,0.57808197,0.047700495,0.49318266,4.8327265
897.0,0.5898605,0.040935952,0.5846494,4.8720913
899.0,0.8336896,0.09799647,0.79723495,2.501232
903.0,0.4733642,0.09408061,0.46137476,2.2655804
904.0,0.17181058,0.02918782,0.19158977,1.0904248
905.0,0.36569422,0.019066256,0.33265024,2.1094704
906.0,0.26285124,0.019498331,0.31437692,1.864695
908.0,0.6306704,0.15162654,0.5352862,2.1448827
909.0,0.16785397,0.015458331,0.32214218,3.411468
911.0,0.5845431,0.047941025,0.6176501,3.0346076
914.0,0.15180911,0.023330374,0.14268045,0.533273
915.0,1.2193757,0.22845115,1.3920443,5.1072416
916.0,0.062391985,0.013896003,0.052488673,0.7363924
918.0,0.594284,0.022721458,0.4464322,3.6694696
924.0,0.39140087,0.03160934,0.3913411,3.6045613
926.0,0.18075736,0.029285096,0.20367983,0.6952437
935.0,0.16156876,0.01871124,0.1421286,1.7472723
941.0,0.33813143,0.01797974,0.36827964,2.308123
945.0,0.2264352,0.047069233,0.23147793,2.2514555
950.0,0.14463013,0.025143959,0.13770033,0.49466237
952.0,1.0988269,0.33446252,1.1387408,4.112197
953.0,0.100807756,0.01141033,0.10459092,0.5835951
957.0,0.24059452,0.050750658,0.24246408,1.8155358
963.0,0.39673847,0.017183207,0.3124191,2.4048965
972.0,0.34857395,0.04602346,0.33655974,1.4206828
974.0,0.17886916,0.037562348,0.17561433,0.8615286
978.0,4.726681,0.10664519,3.7997842,13.806717
994.0,0.25610408,0.052776124,0.25628963,1.1588886
997.0,0.46389538,0.08310189,0.47022542,2.019774
,0.076562494,0.015522387,0.07712882,0.36274114
1000.0,0.3929246,0.015793622,0.44239202,2.436741
1005.0,0.3119389,0.040322363,0.26500255,2.0280697
1006.0,0.37547672,0.030462246,0.36490816,4.4647484
1012.0,2.109355,0.18507145,1.6683128,6.5266647
1014.0,0.60920656,0.11567323,0.60039675,2.16191
1022.0,0.30118746,0.03672355,0.32821465,1.0182781
1024.0,1.2975318,0.057580344,1.0170065,3.868723
1028.0,0.18569401,0.020227954,0.2310219,0.67612827
1031.0,0.17533945,0.015954578,0.18068199,1.5633767
1033.0,0.49132314,0.014616105,0.47648767,4.055002
1034.0,0.24832812,0.026184743,0.30995116,2.0736954
1039.0,0.09936281,0.015844056,0.10015263,0.80495805
1040.0,0.14755826,0.021295074,0.1530888,0.8318578
1046.0,0.1589018,0.016054459,0.19626303,1.2940866
1048.0,0.089285366,0.010354343,0.10132885,0.672515
1057.0,0.12047274,0.021640839,0.137667,0.943412
1060.0,0.13534346,0.02985872,0.13460906,0.7762923
1065.0,0.6475734,0.070754014,0.6530994,1.8805653
1067.0,0.30236694,0.053009596,0.3138854,1.1408042
1077.0,0.44640744,0.02954335,0.4678424,4.487255
1089.0,0.421124,0.02354688,0.373555,2.511666
1092.0,0.34027693,0.022028605,0.36054212,2.9769142
1096.0,0.2820073,0.047158413,0.31586224,1.2592214
1098.0,3.2861984,0.33871475,2.8358026,7.5680685
1101.0,0.13192156,0.017661521,0.16194825,1.5342603
1102.0,0.21591033,0.026056882,0.28865847,2.203574
1107.0,0.16951124,0.014616321,0.20002179,0.76298285
1108.0,0.080857895,0.00880993,0.08420776,0.8190941
1110.0,0.08181229,0.013589101,0.10180809,0.48073363
1115.0,0.32060468,0.040123317,0.31899947,1.1400173
1116.0,0.13771677,0.014705799,0.1317792,0.57304466
1118.0,0.8995803,0.036524907,0.5863614,5.722138
1121.0,0.16481194,0.015564098,0.17206761,1.3014581
1125.0,0.18605907,0.015618243,0.19949295,1.9367751
1130.0,0.3912042,0.07785301,0.35733908,2.0287037
1131.0,0.24031499,0.01681637,0.35653555,1.6214153
1135.0,0.1953929,0.012571107,0.2537605,1.4486449
1137.0,0.39226285,0.040453646,0.4440047,2.7135143
1138.0,0.11393961,0.010349447,0.24135773,1.8445481
1139.0,0.33297175,0.020375416,0.40870756,2.1400523
1149.0,0.06307761,0.011424328,0.0689996,0.6011445
1151.0,2.6479256,0.22246815,2.3209388,10.394924
1157.0,0.35158926,0.020873556,0.34644845,3.695057
1160.0,0.15787992,0.017793585,0.16588414,1.572866
1164.0,0.110359356,0.009521382,0.10015544,1.8751956
1167.0,0.0838053,0.0104320105,0.103835374,0.91652346
1171.0,0.4048116,0.023233643,0.39691132,3.3602047
1176.0,0.11333051,0.017674865,0.10128901,0.42481336
1179.0,0.093161695,0.013037203,0.103627354,0.9664114
1180.0,0.48234752,0.08707083,0.45367175,2.5092187
1181.0,0.36107528,0.0636723,0.23221973,1.7379932
1183.0,0.685509,0.07059808,0.80595124,2.8154593
1184.0,0.14428921,0.008881911,0.17898475,1.4808133
1185.0,0.29799438,0.012032131,0.41408023,3.3624408
1189.0,0.103529066,0.019014798,0.1577642,1.5907258
1193.0,0.19382164,0.017306287,0.24761993,3.066255
1196.0,0.19409694,0.04147316,0.1929251,1.1781394
1199.0,1.4291734,0.073039554,1.2602096,7.208539
1200.0,1.5783275,0.15973575,1.9748186,5.580566
1203.0,0.27749115,0.017392447,0.292294,1.743482
1205.0,0.18734056,0.009767228,0.22297536,1.322259
1206.0,0.1892993,0.014696216,0.19024962,1.6940209
1212.0,0.327218,0.070236884,0.35967186,1.6969393
1213.0,0.7455062,0.058389213,1.0273447,6.511538
1214.0,0.25847256,0.011894937,0.3604373,3.5670748
1231.0,0.9082884,0.09990799,0.9519206,2.5797439
1232.0,0.8494822,0.06205702,0.8774223,3.7213452
1233.0,0.55165434,0.052096482,0.44463575,2.927956
1235.0,0.68313605,0.035776187,0.6267465,5.122517
1239.0,1.8049403,0.06819297,1.184015,7.101994
1240.0,0.4765437,0.03901907,0.49121845,4.7461267
1242.0,4.2741547,0.13993242,4.179177,10.39998
1245.0,0.14014235,0.011271525,0.186359,1.0609659
1248.0,0.11951742,0.015744388,0.1160817,0.623214
1250.0,0.115839124,0.016237678,0.13689943,0.6186794
1258.0,0.07551607,0.021570357,0.06155527,0.6696565
1259.0,0.06558329,0.009824283,0.07872788,0.35342863
1263.0,0.08242787,0.008869015,0.08536309,0.8604271
1266.0,0.085685775,0.018711727,0.08263503,0.88103217
1268.0,0.92760986,0.0425946,0.7313881,5.3697357
1270.0,0.08580842,0.013040716,0.08704713,2.0650904
1275.0,0.12944229,0.022970157,0.121376835,0.6684372
1277.0,0.40092304,0.055077314,0.39463598,2.1933556
1282.0,0.4461749,0.102023974,0.42675808,2.072908
1297.0,0.15551828,0.023840684,0.14527933,0.8533022
1300.0,0.3311323,0.074346796,0.4545779,1.7049327
1306.0,0.26003012,0.05183508,0.2503052,2.0076218
1312.0,1.097032,0.1297969,1.131725,3.0951385
1314.0,0.087521076,0.02056026,0.087890565,0.38875207
1320.0,0.16519265,0.013336943,0.16925609,0.99639255
1321.0,0.54250294,0.03283017,0.4994443,5.324042
1322.0,0.22509147,0.020410627,0.29209265,1.734031
1324.0,0.73538774,0.049329147,0.71045196,5.751877
1325.0,0.29247785,0.044699516,0.33618632,1.4108006
1330.0,0.16511594,0.021510711,0.15539987,1.6986254
1331.0,0.30115393,0.04252188,0.36702383,2.9706056
1338.0,0.23590988,0.02667512,0.22772297,1.3254954
1340.0,0.36053315,0.07006243,0.4582435,2.506375
1342.0,0.34997872,0.022780016,0.43499947,3.3447514
1348.0,0.16507733,0.029528484,0.13967131,0.7630707
1350.0,0.21663557,0.021755515,0.21312478,1.8355929
1356.0,0.09793603,0.028111413,0.09228261,0.38117185
1362.0,0.09953114,0.02004968,0.0887134,0.8410022
1363.0,0.17565733,0.03319521,0.17271814,0.8650565
1366.0,0.102246314,0.022102643,0.09860031,0.4178177
1368.0,0.24198714,0.04004158,0.23731446,1.9136873
1382.0,0.20900491,0.01378029,0.21617962,1.1075331
1384.0,0.18319294,0.011462732,0.28754485,2.5333385
1385.0,0.10913125,0.012262297,0.1277145,0.95132947
1387.0,0.27570418,0.043189052,0.25581804,1.8564806
1396.0,0.3195578,0.035602335,0.339932,3.334982
1399.0,0.08838371,0.01198545,0.09781179,0.60328954
1401.0,0.17724226,0.019947248,0.23069324,2.2544482
1402.0,0.0762901,0.023186624,0.070891075,0.3745929
1408.0,0.12835048,0.025641896,0.15207805,0.48362276
1410.0,0.16895908,0.027038692,0.17292562,1.4067645
1412.0,0.2033223,0.023797877,0.2205996,1.3349912
1413.0,0.07381192,0.017770944,0.06576645,0.40608534
1416.0,0.34609047,0.037035834,0.4032004,2.941904
1418.0,0.1470213,0.023151752,0.1442132,0.57759565
1431.0,0.49118727,0.05920471,0.5188063,3.536375
1435.0,0.084623665,0.015802316,0.06793863,1.3043646
1436.0,0.20228742,0.044995062,0.17530528,1.0637379
1442.0,0.48556876,0.01775642,0.45735505,3.6644118
1448.0,0.18323427,0.024431234,0.17531765,1.4075345
1449.0,0.52020305,0.048214957,0.6032049,4.963053
1450.0,0.5449665,0.12874983,0.50573903,2.3928847
1452.0,0.65656745,0.05465626,0.7074778,4.976454
1453.0,0.11053105,0.015447515,0.0907893,1.0344492
1458.0,0.08899927,0.012255054,0.084407374,1.0143368
1459.0,0.16670637,0.01708976,0.3301914,2.6114461
1461.0,0.10874778,0.017558113,0.11700701,0.59033406
1463.0,0.17112455,0.023512706,0.18670237,0.5686234
1468.0,0.21626972,0.025353419,0.26787627,1.7097243
1473.0,0.094199784,0.021731062,0.09433191,0.3746497
1474.0,0.22831243,0.03149675,0.2737921,1.279895
1485.0,0.10248606,0.01921397,0.11222295,0.47633082
1488.0,0.08853728,0.021721832,0.08558893,0.3538728
1489.0,0.57632047,0.04926391,0.59595615,3.472398
1492.0,0.07726847,0.020808456,0.058136374,0.7005464
1494.0,0.11069914,0.016871411,0.12342067,0.3765496
1497.0,0.08196557,0.019496948,0.09247789,0.4091475
1498.0,0.4532826,0.05456342,0.4238847,3.7090116
1499.0,0.067503735,0.014762511,0.080548055,0.62893814
1502.0,0.10295959,0.019810302,0.08778339,0.437091
1512.0,0.09015695,0.016209412,0.08521505,0.43043616
1514.0,0.077034175,0.02268215,0.059066504,0.63208216
1516.0,0.0848622,0.023534158,0.078747526,0.36859423
1518.0,0.16517545,0.011115985,0.14569521,1.53431
1523.0,0.10587344,0.02808351,0.10641927,0.40267313
1524.0,0.17559634,0.02388702,0.23392077,2.2117093
1534.0,0.396533,0.086290434,0.4456652,1.927355
1535.0,0.43278223,0.07977561,0.49395153,3.949331
1544.0,0.11619503,0.016847607,0.14093499,0.8988909
1549.0,0.74131197,0.04080569,0.7585795,6.460902
1550.0,0.07920036,0.017407158,0.07546882,0.31190374
1551.0,0.24479902,0.016877592,0.22778106,1.5088804
1553.0,0.18416448,0.019409506,0.17487888,1.0654038
1554.0,0.21386066,0.0144951865,0.25085244,1.6872982
1567.0,0.23812741,0.048390143,0.26594388,0.6630422
1583.0,0.11067275,0.019238934,0.09891959,1.4956142
1584.0,0.0707704,0.017802054,0.049111195,0.48862123
1585.0,0.252124,0.050590705,0.2854257,0.89010096
1610.0,0.123723604,0.030737747,0.12813428,0.36651215
1614.0,0.13948926,0.027065255,0.14457019,0.47151628
1615.0,0.07419944,0.023008883,0.052442614,0.68355095
1624.0,0.72400844,0.042134188,0.7240807,5.8876424
1626.0,0.04821657,0.015571937,0.066184126,0.43576124
1629.0,0.20197853,0.028515786,0.2721578,1.297975
1632.0,0.06891082,0.016733501,0.06215409,0.3667644
1642.0,0.09334949,0.030055095,0.077804565,0.3882538
1644.0,0.09488794,0.015298671,0.09776698,0.64515764
1646.0,0.11811355,0.023107903,0.109994784,0.5065988
1649.0,0.16002418,0.037184432,0.13512954,0.5414795
1652.0,0.15505421,0.028253375,0.19993363,0.9172648
1655.0,0.097254165,0.020809306,0.07931752,1.0149263
1674.0,0.05340271,0.009992516,0.06214456,0.40942255
1682.0,0.16195749,0.0096299425,0.21202618,1.5533792
1684.0,0.19834395,0.017547023,0.213136,0.80783355
1686.0,0.1172624,0.01716294,0.15835889,1.2660003
1690.0,0.09504835,0.021060329,0.0799937,0.47337028
1692.0,0.1445163,0.026548574,0.17874463,1.0899029
1693.0,0.4387418,0.04305403,0.4220028,4.3141694
1696.0,0.31984657,0.07173328,0.3147809,1.6418422
1698.0,0.07512314,0.012911424,0.07518277,0.96501917
1700.0,0.3752389,0.05041812,0.38788727,1.7019234
1703.0,0.15369655,0.017893841,0.19171892,0.78778446
1705.0,0.05413335,0.01557672,0.042539787,0.5003478
1706.0,0.08002313,0.014869677,0.08340304,0.49176508
1707.0,0.1571897,0.021755416,0.1725021,0.6890844
1709.0,0.33421922,0.014889508,0.2738858,1.9671142
1710.0,0.16762723,0.025547432,0.15980974,0.6706772
1712.0,0.25741693,0.01574697,0.14643572,1.3320426
1718.0,0.15064794,0.02231504,0.18826886,0.9051093
1721.0,0.111920685,0.018812975,0.11596583,0.618176
1727.0,0.20942622,0.02338583,0.25181895,0.6782178
1730.0,0.26529554,0.029689927,0.25383797,1.1813347
1733.0,0.11849676,0.016013972,0.13307567,0.6280362
1734.0,0.06592795,0.014022779,0.054315597,0.7514167
1736.0,0.122699715,0.019510902,0.14406893,0.56978154
1742.0,0.24602611,0.032268576,0.3362631,1.0159596
1747.0,0.105442904,0.027142165,0.08671452,0.42608163
1748.0,0.13039172,0.029173747,0.12638675,0.5203035
1749.0,0.34809682,0.038651,0.33384335,1.160706
1753.0,0.6575873,0.048743926,0.61105853,5.206556
1762.0,0.34304488,0.016019702,0.36742443,3.2897353
1763.0,0.114770755,0.020520158,0.18101649,2.0794654
1764.0,0.18985769,0.030151844,0.175822,1.1264747
1765.0,0.09071065,0.016436879,0.10412885,0.5293841
1773.0,0.2915489,0.017307451,0.304654,2.3310752
1775.0,0.10583395,0.015485231,0.1261127,0.40556362
1777.0,0.26844817,0.034588907,0.38165474,1.4055529
1779.0,0.07349178,0.01807256,0.085733496,0.5701577
1784.0,0.062364306,0.0115298135,0.09332331,0.7884115
1789.0,0.10993716,0.010362172,0.10066016,1.136756
1796.0,1.0482471,0.14045419,1.2526532,4.122664
1803.0,0.28085035,0.03144796,0.30609426,1.6425692
1808.0,0.2145305,0.018622525,0.26548657,1.2763537
1809.0,0.18041483,0.019201655,0.18471245,1.561395
1811.0,0.0852602,0.015724175,0.0832079,0.8550521
1814.0,0.17580295,0.023397725,0.18986201,1.1827779
1815.0,0.33730054,0.033555534,0.33771655,3.4759052
1817.0,0.07755222,0.016470041,0.062030993,0.3665103
1818.0,0.20176163,0.031596344,0.21645916,0.69129926
1819.0,0.1500345,0.01884153,0.19430712,0.64816475
1823.0,0.04406412,0.014105696,0.043769848,0.7779218
1828.0,0.0914383,0.009663254,0.08215252,1.8507738
1830.0,0.24311951,0.015838036,0.23763813,2.2236998
1832.0,0.32220787,0.014008297,0.33108976,3.877655
1834.0,0.6931168,0.10494519,0.68381035,2.5554993
1835.0,0.12167958,0.022526177,0.14203979,0.41015193
1837.0,0.7478511,0.03378324,0.77669936,6.56743
1841.0,0.23439313,0.01796618,0.26098514,1.9824821
1842.0,0.21297266,0.013404564,0.23527738,1.7140986
1846.0,0.065548085,0.017296748,0.05334658,0.6744894
1847.0,0.15134819,0.023993498,0.17703398,1.7162682
1848.0,0.25565442,0.043407716,0.33302686,0.7443698
1850.0,0.069004074,0.018796222,0.06158543,0.6533987
1851.0,0.15585828,0.016319172,0.1903586,0.7895869
1853.0,0.4134827,0.014132444,0.47552505,4.2077518
1854.0,0.55302995,0.04590899,0.51705194,4.375187
1856.0,0.110947095,0.018895788,0.110017866,1.0598115
1858.0,0.14049934,0.023015987,0.14739153,0.8629994
1859.0,0.1373264,0.011913139,0.115066506,1.3885018
1860.0,0.13894524,0.019999387,0.18509959,0.8502409
1862.0,0.16126648,0.021389313,0.20338884,0.64283437
1863.0,0.47716466,0.061688434,0.6086917,1.7367004
1866.0,0.07500897,0.017917482,0.08779559,0.5729358
1868.0,0.4474429,0.03353789,0.4702634,2.0530312
1871.0,0.29554504,0.03348911,0.2998556,1.1030483
1873.0,0.12960565,0.018612806,0.14436118,0.49176642
1874.0,0.13463749,0.019141462,0.1555346,1.0311704
1875.0,0.16927253,0.016498812,0.14948584,0.7947846
1879.0,0.33570468,0.036215786,0.45731112,1.12908
1881.0,0.071106784,0.018010508,0.06468323,0.7714846
1888.0,0.17452252,0.024019878,0.21277224,0.9593188
1889.0,0.06161695,0.016136827,0.0642683,0.56002814
1890.0,0.049947493,0.011750252,0.050328724,0.6136588
1895.0,0.097603954,0.013980344,0.08594293,0.5885448
1899.0,0.09883883,0.016622363,0.11405642,0.60456437
1900.0,0.193582,0.01881963,0.20459825,0.9795786
1915.0,0.73792905,0.05166208,0.661171,5.7529774
1919.0,0.067455135,0.01158109,0.061314087,0.7234625
1922.0,0.13530445,0.021344224,0.15248166,0.43959826
1925.0,0.12547894,0.02092427,0.16056806,0.71162343
1927.0,0.063860275,0.02034876,0.04402189,0.63867736
1932.0,0.39502063,0.030502204,0.353669,4.594036
1934.0,1.7948812,0.053569395,1.2147692,5.598209
1935.0,0.6432202,0.031536978,0.6893717,2.4105473
1943.0,0.0914003,0.015033653,0.08964459,0.62113917
1944.0,0.21334827,0.012665075,0.21366012,2.4970944
1947.0,0.3600433,0.0702168,0.41351944,1.7400782
1951.0,0.19055182,0.021074941,0.20758836,0.8743056
1955.0,0.4538102,0.044061624,0.48638326,1.7927183
1958.0,0.38290516,0.030051991,0.45803347,2.4995224
1959.0,0.17325811,0.022123028,0.18953846,1.0183398
1961.0,0.13467312,0.010189727,0.14203274,1.1708268
1965.0,0.06904799,0.01905335,0.074470155,0.8293105
1967.0,0.050263856,0.015382594,0.04911694,0.8350414
1970.0,0.17005974,0.032433532,0.2536715,1.7350168
1974.0,0.16456868,0.022694668,0.17908499,0.8942434
1975.0,0.14887398,0.018963832,0.12662442,0.6038962
1980.0,0.0818638,0.01864976,0.10517573,0.8085845
1981.0,0.15771963,0.01022283,0.2709211,1.9761839
1985.0,0.22804928,0.017936537,0.2309032,1.9925463
1988.0,0.34147173,0.016783092,0.30137384,2.5023925
1991.0,0.062958226,0.011665106,0.059143428,0.71749824
1993.0,0.2839252,0.036793265,0.27114314,0.9909244
1995.0,0.075354084,0.01497353,0.05743118,0.66315645
1996.0,0.3309742,0.026547063,0.34695598,4.4376416
1998.0,0.20967732,0.026761966,0.24206825,0.9513115
1999.0,0.20402978,0.03102188,0.26812607,0.6816845
2001.0,0.12730151,0.02133355,0.17250659,1.9589903
2003.0,0.43799305,0.043059677,0.42275012,4.3333373
2006.0,0.33838978,0.029900523,0.42554155,1.8448287
2007.0,0.18206832,0.018155452,0.2248133,2.169648
2008.0,0.117784105,0.024914686,0.14721797,0.9702932
2011.0,0.1330504,0.018393071,0.1359794,0.7109806
2013.0,0.1779604,0.01577847,0.3061668,1.7956588
2014.0,0.13980307,0.013814036,0.15067099,0.9434091
2015.0,0.10194998,0.020484198,0.0965536,0.90753806
2021.0,0.16238649,0.01855516,0.19230409,1.2312577
2023.0,0.08297742,0.015392875,0.10108629,0.9968017
2031.0,0.54055893,0.0758555,0.4890375,2.095326
2035.0,0.44791093,0.14579907,0.42697796,1.8339394
2037.0,0.089926206,0.023147611,0.07840227,0.8672608
2039.0,0.14333948,0.011305238,0.13070731,1.8381935
2041.0,0.22473004,0.029162614,0.28023946,0.73684776
2043.0,0.20423096,0.0319283,0.176339,0.93003213
2046.0,0.085455865,0.020110903,0.0981707,0.57367
2048.0,0.08426126,0.017520593,0.060553223,0.67078453
2049.0,0.090878025,0.020846147,0.076948926,0.7385328
2053.0,0.6080741,0.055524968,0.7185379,2.9130158
2054.0,0.08594593,0.016808642,0.06694218,1.2762383
2058.0,0.12563781,0.018106252,0.17195955,0.80704117
2063.0,0.27589035,0.06612752,0.30350634,1.662557
2066.0,0.13489589,0.025355764,0.1580388,0.48077098
2067.0,0.11530693,0.01618689,0.1340048,0.800798
2072.0,0.7468227,0.05248004,0.7017634,5.766764
2073.0,0.4058271,0.11383945,0.4383794,1.8275898
2076.0,1.1233433,0.10470107,1.3865958,6.8110204
2079.0,0.47228873,0.11880821,0.49074522,2.487821
2085.0,0.6854757,0.049773823,0.6955243,5.315478
2086.0,0.31063792,0.023829814,0.34419093,3.0583763
2087.0,0.09087794,0.023574637,0.08460755,0.83318913
2088.0,0.2769045,0.022604585,0.34788916,2.484716
2090.0,0.3832766,0.025292862,0.5449455,2.5202856
2094.0,0.25897667,0.026220664,0.27778605,1.8511649
2101.0,0.101515986,0.016407805,0.10764345,0.5172422
2113.0,0.10509943,0.016307645,0.0812468,0.75085986
2118.0,0.37036404,0.03315512,0.33436885,1.4544498
2126.0,0.081458285,0.020487675,0.062367033,0.7243345
2129.0,0.23112974,0.01558299,0.36206537,2.045975
2131.0,0.11699502,0.016900582,0.111957826,1.5104828
2132.0,0.08654656,0.013366096,0.1107695,1.3239895
2138.0,0.5206294,0.03936877,0.70494443,1.4753076
2139.0,0.41694546,0.030877989,0.38349715,2.7290304
2141.0,0.4536464,0.040940225,0.5013822,4.753793
2144.0,0.40025058,0.05108206,0.45447412,1.336809
2149.0,0.16670547,0.012886428,0.16120343,1.5801533
2152.0,0.07572023,0.021601796,0.07172892,0.36560094
2154.0,0.12775297,0.013662129,0.10168308,1.0216128
2159.0,0.72938544,0.054606892,0.7679966,3.8496094
2160.0,0.16173348,0.022523696,0.15898687,0.791533
2166.0,0.17636701,0.022173777,0.19979453,0.9836936
2167.0,0.08781864,0.019586856,0.07254711,0.84830886
2168.0,0.061407134,0.013026118,0.06529338,0.5853184
2169.0,0.14452806,0.020315288,0.16946799,0.636524
2170.0,0.13131902,0.019891229,0.13638704,0.9305138
2177.0,0.21624853,0.010492685,0.38776717,2.7916377
2179.0,0.15689892,0.012190942,0.17127895,1.21467
2181.0,0.23042795,0.016452555,0.2061499,1.2053849
2187.0,0.19132759,0.028300876,0.2676437,0.97429496
2192.0,0.17204584,0.0208861,0.19748622,1.4997153
2193.0,0.11182275,0.020449527,0.10645008,1.0866742
2196.0,0.14616133,0.0324077,0.13297963,0.55689263
2198.0,0.21698864,0.016656553,0.19516028,1.7292364
2206.0,0.13815387,0.02390319,0.17425288,1.0443933
2220.0,0.4081821,0.019863619,0.3651801,2.5586371
2225.0,0.1967108,0.028978493,0.2821605,0.6404298
2226.0,0.07929037,0.012908937,0.06618774,0.7750275
2230.0,0.124308504,0.009580175,0.12758723,0.7731176
2235.0,0.08261568,0.017287277,0.0722457,0.66684043
2236.0,0.14968747,0.017333426,0.15542768,0.64177793
2237.0,0.057189204,0.0139733115,0.041267894,0.63261026
2239.0,0.2464775,0.033298653,0.31440806,3.5049422
2242.0,0.32448918,0.030408412,0.3247144,1.730021
2244.0,0.061192043,0.016769797,0.04914688,0.7613516
2247.0,0.1854877,0.020914614,0.18369572,0.7151206
2250.0,0.08991519,0.019003173,0.14218947,1.7803375
2255.0,0.07644373,0.0093904985,0.055408657,0.55031216
2258.0,0.59428895,0.019522842,0.6102696,3.6582117
2259.0,0.08325678,0.01626625,0.094570406,0.6626613
2262.0,0.07047429,0.011774762,0.06973837,1.5229834
2265.0,0.083046176,0.013780764,0.08863006,0.9787419
2271.0,0.30861613,0.032592516,0.32013053,2.120907
2274.0,0.2674543,0.026186919,0.39169833,4.108121
2283.0,0.055615164,0.012882434,0.056510158,0.9561282
2285.0,0.3294491,0.051525325,0.32783327,2.3479125
2287.0,0.24700084,0.012552124,0.24819097,1.521721
2290.0,0.17813565,0.029712535,0.19270824,0.6526994
2296.0,0.061619755,0.014200081,0.05006532,0.6371646
2298.0,0.084350206,0.013740693,0.08675381,1.1081752
2308.0,0.076724276,0.012275055,0.06958042,0.6224659
2311.0,0.10446098,0.017375737,0.106189825,0.44452903
2318.0,0.08124068,0.02002554,0.061174434,0.62800986
2321.0,0.09959716,0.020624125,0.09643337,0.74544555
2323.0,0.07349082,0.019091705,0.08885669,0.40664154
2330.0,0.20085423,0.020787133,0.21542773,1.3179988
2335.0,0.09607303,0.016492471,0.11587161,0.7194146
2339.0,0.0871828,0.016770903,0.08138916,1.2449473
2341.0,0.06617854,0.016759949,0.05297466,0.62202615
2343.0,0.10592352,0.015628904,0.10653056,1.1766622
2348.0,0.08085365,0.011856,0.09187137,0.6779523
2349.0,0.38544956,0.036031518,0.46099973,3.0251334
2352.0,0.11599282,0.013296692,0.13649677,0.4731206
2356.0,0.15593298,0.02638652,0.1795077,1.4893382
2358.0,0.16899942,0.020680154,0.18612714,1.2645056
2361.0,0.07131952,0.021934386,0.05215239,0.6750812
2363.0,0.07452231,0.020382583,0.058048405,0.6512083
2364.0,0.28280056,0.032818347,0.31411356,0.90598214
2365.0,0.0750659,0.014601408,0.06220065,0.69472253
2369.0,1.3439823,0.043669645,0.93553823,4.776364
2370.0,0.084080845,0.022029035,0.06398201,0.6890523
2371.0,0.20714608,0.0197177,0.24463616,1.659485
2372.0,0.078765154,0.021943843,0.055926945,0.6343941
2378.0,0.13472319,0.020390479,0.19276036,1.929246
2379.0,0.07979978,0.018351566,0.058531605,0.5366776
2381.0,0.06774259,0.014459151,0.05108727,0.6585761
2385.0,1.0382451,0.047083326,0.948185,3.3517256
2386.0,0.1987335,0.022623114,0.24125822,1.4933399
2387.0,0.1416096,0.022490228,0.13404009,1.0189122
2397.0,0.1281696,0.018810414,0.109172314,1.2474943
2399.0,0.088191554,0.01006209,0.07700949,1.5067005
2402.0,0.16377054,0.036687165,0.1429673,0.9075526
2404.0,0.16322215,0.025782792,0.16418257,0.90246093
2413.0,0.13889146,0.030709539,0.2698674,2.6331563
2415.0,0.15009534,0.03290125,0.15070003,0.6751347
2417.0,2.7405243,0.21685673,2.7562609,8.697227
2418.0,0.21559499,0.017336292,0.28579056,1.7471273
2419.0,0.26548195,0.027056018,0.33028784,0.9504941
2420.0,0.5595626,0.051818468,0.42594954,4.7848425
2421.0,0.19855113,0.019821122,0.2079097,2.4838157
2422.0,0.09218269,0.016106062,0.09572322,0.8026785
2423.0,0.9656252,0.02378695,0.8823965,5.327712
2424.0,0.597584,0.108504415,0.65092564,2.3903098
2428.0,0.11167217,0.02509891,0.09927105,0.85861886
2429.0,0.4031343,0.040601563,0.44203937,2.9996693
2433.0,0.31542602,0.014844471,0.35009032,2.2826972
2434.0,0.42084858,0.067381926,0.46232826,2.7316282
2435.0,0.19557591,0.01841821,0.21651019,1.96884
2436.0,0.1613354,0.032974746,0.1387754,0.7597224
2437.0,0.18341975,0.028823676,0.2039774,1.4134388
2438.0,0.6324008,0.042067774,0.5248326,2.811076
2440.0,0.07933564,0.024819184,0.07959837,0.43964717
2445.0,0.19979692,0.018332245,0.27170077,1.5257906
2448.0,0.12080091,0.013766171,0.12598549,1.7722448
2451.0,0.0827686,0.016681382,0.069120005,0.7114793
2455.0,0.0710443,0.014326134,0.060007706,0.6387357
2456.0,0.07841899,0.013742233,0.06524687,0.594601
2457.0,0.06779103,0.017481314,0.055390745,0.74136394
2459.0,0.06635562,0.011484574,0.063107245,0.3557604
2467.0,0.07615928,0.015210502,0.090089366,0.73290056
2471.0,0.11369936,0.02142105,0.10372566,1.0015521
2475.0,0.18186773,0.02057904,0.17062487,1.300562
2478.0,0.31240422,0.03664516,0.5270411,2.656144
2481.0,0.19549328,0.031892456,0.36610645,1.618209
2482.0,0.22110225,0.028988078,0.34982404,1.4518474
2487.0,0.1795683,0.033762846,0.19368751,0.75494254
2488.0,0.14284971,0.031187924,0.2640983,1.2656986
2491.0,0.16585939,0.014416695,0.19943485,1.3754675
2501.0,0.23714902,0.011373019,0.2751953,2.4179199
2504.0,0.08527906,0.01674236,0.06679373,0.8871415
2507.0,0.1271468,0.01161297,0.12995942,1.1909745
2509.0,0.075275645,0.014392785,0.07828148,1.6976137
2514.0,0.05902005,0.015536071,0.05333263,0.60764664
2520.0,0.074414164,0.019111881,0.055722777,0.63029546
2521.0,0.06332241,0.016046384,0.052158315,0.4675418
2522.0,0.06583192,0.017091438,0.048762906,0.546247
2525.0,0.07540736,0.021337816,0.09389343,0.35226193
2526.0,0.06184285,0.01337647,0.069050916,0.44205877
2527.0,0.089707494,0.018180056,0.08205541,1.2201785
2533.0,0.119736694,0.028641744,0.12774928,0.7221806
2534.0,0.07716572,0.013113429,0.080670185,1.3341303
2536.0,0.07132071,0.016258107,0.0762265,1.1539178
2537.0,0.06379744,0.015268063,0.049868252,0.620277
2538.0,0.06412625,0.015089163,0.09699084,0.62280345
2545.0,0.07856809,0.015892966,0.063955285,0.5999367
2549.0,0.053515077,0.011907988,0.060902476,1.1035142
2551.0,0.2834739,0.0369899,0.4315171,2.5503457
2553.0,0.056228213,0.01254635,0.043943692,0.527548
2554.0,0.061757628,0.012702242,0.09933328,0.5432342
2555.0,0.044152573,0.010131872,0.08401832,0.48215368
2556.0,0.28686288,0.034129817,0.46349052,4.742003
2557.0,0.031803414,0.00643962,0.05018947,0.5358082
2558.0,0.050727688,0.01312591,0.040166255,0.6223872
2559.0,0.060652167,0.012342028,0.06822512,0.59036046
2560.0,0.99116194,0.092506774,0.844378,3.018296
2563.0,0.15019679,0.018485727,0.18221623,2.0422122
2564.0,0.03001092,0.009031215,0.05425143,0.48099932
2565.0,0.12783335,0.019353326,0.15847522,1.809628
2566.0,0.9132346,0.09016567,0.86803347,5.170195
2567.0,1.0615839,0.06693354,1.0581661,4.94194
2568.0,0.078631416,0.016288184,0.059458684,0.61133426
2569.0,0.08691694,0.020108351,0.07246182,0.737379
2572.0,0.07747727,0.011606443,0.06384359,1.3105375
2573.0,0.121476136,0.015556284,0.114633895,1.1546625
2576.0,0.058120944,0.014097303,0.06574633,0.76422966
2577.0,0.07365562,0.014417931,0.069612086,1.1605022
2578.0,0.09564228,0.0130992625,0.07882695,1.5923637
2580.0,0.07643094,0.014704768,0.0647059,0.5060084
2581.0,0.08750566,0.016503131,0.079862215,0.95363057
2582.0,0.10078471,0.013945729,0.10811691,0.8886415
2583.0,0.52020305,0.048214957,0.6026004,4.962514
2585.0,0.06609366,0.015089365,0.08565096,0.9826639
2586.0,0.08661254,0.015186065,0.09050215,0.63771534
2588.0,0.05764916,0.020075832,0.060088854,0.64440525
2591.0,0.0626383,0.013722896,0.062061734,0.61641747
2592.0,0.07261148,0.013441245,0.07192758,0.37960094
2593.0,0.08913191,0.022477686,0.08191046,0.7060862
2594.0,0.08032107,0.02057616,0.059581153,0.6232592
2595.0,0.07876923,0.016504351,0.074715614,0.7429874
2596.0,0.060581207,0.014777123,0.053416334,0.88764465
2597.0,0.13178565,0.015139107,0.12061203,1.530121
2598.0,0.070824124,0.013810255,0.060031448,0.9101127
2599.0,0.08455764,0.013947849,0.07928061,0.7056768
2602.0,0.0763425,0.015573483,0.06711059,0.9650158
2604.0,0.100731455,0.017180085,0.11855194,0.6003243
2605.0,0.06607163,0.015432296,0.0733409,0.33271673
2606.0,0.08052063,0.01517416,0.064797215,0.5928623
2608.0,0.06920457,0.019158062,0.057282586,0.49228483
2609.0,0.07106371,0.01602473,0.0799491,0.32840085
2610.0,0.112038344,0.018791359,0.21382065,2.313969
2611.0,0.065675914,0.016400779,0.077730544,0.89661866
2612.0,0.12851311,0.013566972,0.11672206,1.6944675
2613.0,0.08460321,0.018538918,0.060634483,0.71566296
2616.0,0.06488684,0.013487639,0.053467546,0.43892244
2617.0,0.067117244,0.01624003,0.053395532,0.6036835
2619.0,0.21145247,0.02728069,0.2396844,2.0296845
2620.0,0.098742515,0.014851649,0.08507053,0.80162185
2622.0,0.06652209,0.015549611,0.051770337,0.6069226
2623.0,0.10189086,0.014679917,0.11674532,1.4094679
2624.0,0.08977495,0.011661829,0.07581314,0.72730225
2625.0,0.072489806,0.016498033,0.080992125,0.38053668
2629.0,0.16439654,0.027061423,0.1990192,1.8977209
2630.0,0.08498658,0.011776515,0.080373086,0.94139045
2632.0,0.089446634,0.013527657,0.10127764,0.45459643
2635.0,0.124934174,0.009005627,0.12609644,2.0289404
2638.0,0.0667108,0.017508326,0.049207512,0.66626495
2639.0,0.053239048,0.012789168,0.072471015,0.44450673
2640.0,0.07622893,0.01942404,0.059143614,0.664719
2641.0,0.09281228,0.019428197,0.10874408,0.43019858
2642.0,0.08094857,0.021441627,0.06483338,0.731523
2643.0,0.06081075,0.015780253,0.066050924,0.3597649
2644.0,0.08602375,0.0195968,0.09156211,0.71969265
2645.0,0.06401068,0.01594792,0.05179725,0.60988194
2648.0,0.12280012,0.025366904,0.100342974,0.5769623
2649.0,0.12448076,0.013408764,0.11086893,1.7366499
2650.0,0.12502712,0.016966997,0.096617736,1.2797518
2651.0,0.098434426,0.021594794,0.11863641,0.7044179
2653.0,0.06444941,0.013717603,0.084568605,0.7288923
2659.0,0.7073079,0.10266532,0.69955015,3.8380277
2662.0,0.10681959,0.01542611,0.16857165,2.084028
2665.0,0.27230385,0.039893426,0.26542747,1.6126604
2666.0,0.061654624,0.013186354,0.050055355,0.697803
2669.0,0.097738594,0.010243886,0.0995574,1.3397994
2670.0,0.07127263,0.013509704,0.070741855,0.78770703
2671.0,0.033515885,0.011390939,0.052147344,0.42031837
2672.0,0.08287218,0.015912114,0.11322812,0.40844256
2674.0,0.13012393,0.020624729,0.16376771,1.8678602
2675.0,0.54767984,0.014806566,0.42786393,4.2590227
2677.0,0.15146458,0.020304494,0.18306434,1.821499
2679.0,0.64523154,0.035491437,0.5661709,5.432805
2682.0,0.053057227,0.011790758,0.045489144,0.6641312
2684.0,0.07063285,0.014204104,0.08485462,0.6939583
2685.0,0.15203659,0.024131091,0.14294738,0.67836756
2690.0,0.1585607,0.024977522,0.15845396,0.93491507
2693.0,0.47770783,0.037188776,0.47036558,4.7401667
2694.0,0.042608373,0.01195232,0.041674238,0.896958
2695.0,0.05943532,0.008038924,0.10458464,1.1855153
2696.0,0.06450514,0.0108405845,0.08450382,0.42148358
2697.0,0.043831814,0.013862998,0.055679306,0.47547707
2698.0,0.08285614,0.010601709,0.092226684,0.5486797
2699.0,0.23574315,0.024739988,0.25458717,1.5576065
2700.0,0.14866985,0.016307965,0.12849894,1.6046413
2701.0,0.063624285,0.011798632,0.054736786,0.7570941
2702.0,0.14583968,0.021408511,0.14748146,0.7945982
2703.0,0.056554303,0.011921937,0.059322923,0.56139207
2704.0,0.040501013,0.011664478,0.046324115,0.36333922
2706.0,0.041205917,0.010554437,0.056954686,0.87194806
2707.0,2.2878072,0.24932888,2.211977,8.372353
2709.0,0.40179402,0.052166805,0.40751562,1.7328075
2711.0,0.06524133,0.0125105595,0.076956175,0.88468254
2713.0,0.17086881,0.0096530905,0.14327139,2.415906
2716.0,0.07199929,0.01277356,0.06727334,0.9825518
2717.0,0.073707,0.012006685,0.059343066,1.0515286
2719.0,0.06263903,0.012470947,0.056868862,0.93505627
2720.0,0.06556012,0.009266608,0.069402546,1.1427853
2721.0,0.04806572,0.010250639,0.047277268,0.5912545
2722.0,0.061770085,0.009353843,0.06841951,0.6044665
2723.0,0.05993906,0.015794022,0.053941477,0.84883064
2724.0,0.05116802,0.012914503,0.058969565,0.9496107
2725.0,0.047023922,0.011761222,0.07949233,1.7473652
2726.0,0.46422613,0.03759077,0.46959612,4.764043
2727.0,0.10038234,0.018706487,0.15378949,1.9308499
2728.0,0.12943327,0.01072087,0.16621706,0.9895445
2730.0,0.0439459,0.012008225,0.056498017,0.5515534
2732.0,0.046236783,0.009604756,0.05779842,0.69445485
2733.0,0.1500099,0.017454702,0.14770083,0.98696274
2734.0,0.066080995,0.009233163,0.075900614,0.59210193
2735.0,0.04942449,0.010773422,0.048480555,0.40735844
2736.0,0.40500978,0.028540952,0.44702125,5.2289777
2737.0,0.07568675,0.014945119,0.16992871,1.5309362
2739.0,0.09299291,0.009525096,0.09959928,0.5477013
2740.0,0.03811002,0.011245906,0.06546281,0.49804786
2742.0,0.05624725,0.013479519,0.05466736,0.50705755
2743.0,0.03711809,0.010037779,0.049170345,1.0344036
2744.0,0.052460138,0.012367054,0.07475427,0.41914025
2745.0,0.08248759,0.018427389,0.122442864,1.9028199
2746.0,0.11177586,0.008949344,0.101431794,0.6905761
2747.0,0.039270952,0.013802749,0.04092174,0.8365824
2748.0,0.05168976,0.012544327,0.06569106,0.54299766
2749.0,0.04344021,0.014442709,0.07407741,0.48127255
2750.0,0.09265257,0.012353162,0.12627931,0.46072158
2751.0,0.55218285,0.033706672,0.5976403,4.1106715
2752.0,0.067406125,0.01021839,0.060965408,1.5407771
2755.0,0.07374348,0.01953274,0.12733816,1.0843217
2757.0,0.10863231,0.016049996,0.101746105,0.62436044
2758.0,0.14828494,0.017938161,0.21201447,1.4207671
2759.0,0.06624027,0.0121428985,0.08836687,0.3897222
2760.0,0.05111486,0.010576372,0.056897126,0.34472963
2761.0,0.053003263,0.017720506,0.10003708,0.81384075
2763.0,0.23311219,0.029115925,0.26293376,1.9771285
2764.0,0.15700635,0.014912834,0.17231472,1.2290436
2765.0,0.05599275,0.012218032,0.04868972,0.9075705
2767.0,0.20144208,0.019097751,0.19645844,2.528813
2768.0,0.12019009,0.018404502,0.15757446,1.9904275
2771.0,0.06583864,0.012338116,0.05845462,1.1767994
2772.0,0.07478778,0.01147594,0.07410522,1.1181939
2773.0,0.39439365,0.02842666,0.39574242,5.0464344
2774.0,0.07497502,0.0133905085,0.06285741,0.5551827
2775.0,0.05777026,0.0136649115,0.058100663,0.75153697
2776.0,0.056322698,0.012090565,0.05884881,0.40985978
2778.0,0.0641457,0.013046987,0.07843289,1.3524959
2780.0,0.06629792,0.013701253,0.08138115,0.32615432
2783.0,0.03697315,0.0108809685,0.05620209,0.46868372
2785.0,0.09765496,0.011743834,0.118905015,0.5431672
2786.0,0.105492614,0.014267846,0.12812437,0.7457614
2787.0,0.10991286,0.018830804,0.16596499,1.8467792
2789.0,0.055417333,0.013595971,0.046833854,0.77271366
2792.0,0.06304263,0.011661286,0.05406661,0.7393283
2793.0,0.057829928,0.014370564,0.07271715,0.8278545
2794.0,0.04129,0.01446093,0.03517702,0.7117185
2795.0,0.13942757,0.01341127,0.14344087,0.9234485
2796.0,0.05108511,0.01374454,0.043989792,0.6664679
2798.0,0.0854397,0.009363496,0.079799324,0.9649461
2802.0,0.071591996,0.011192175,0.057693608,0.65765005
2803.0,0.19195807,0.021529017,0.1924946,0.9307052
2805.0,0.11789764,0.018892372,0.13574035,1.3263298
2807.0,0.05767119,0.0147806825,0.042473197,0.62560934
2809.0,0.06576233,0.012081747,0.07462662,0.7652095
2810.0,0.111901425,0.017709471,0.16544263,1.507338
2811.0,0.062243022,0.0109786615,0.06475461,0.7003658
2812.0,0.16500217,0.012158178,0.15501332,2.6095066
2813.0,0.040004317,0.014823102,0.035995033,0.76499015
2814.0,0.23538786,0.017242245,0.18794106,2.107272
2816.0,0.060834583,0.015049965,0.06702246,0.62812126
2817.0,0.29343837,0.043461986,0.28961012,1.6559579
2818.0,1.0055523,0.09351693,0.7245593,3.2278738
2819.0,0.07910945,0.006686155,0.11667425,0.80441177
2821.0,0.16511028,0.030486055,0.1868118,0.8566853
2822.0,0.11498694,0.017487874,0.15829875,1.8341115
2823.0,0.049305487,0.0096063465,0.059401497,1.1330283
2824.0,0.05917899,0.012012186,0.06292265,0.6206978
2825.0,0.04267649,0.012295147,0.03910393,0.75255096
2826.0,0.05667955,0.0139686875,0.0545608,1.1553688
2827.0,0.073647566,0.016213037,0.066543974,0.898387
2828.0,0.10531533,0.011875061,0.13229162,1.489177
2831.0,0.074984156,0.01630158,0.071227215,0.9313518
2832.0,0.12071514,0.018027442,0.15047228,1.7951756
2833.0,0.12500104,0.017926516,0.16018419,1.8482455
2834.0,0.044360906,0.011774072,0.05464795,1.0173761
2835.0,0.046160188,0.011350774,0.049618255,0.9992291
2836.0,0.04291094,0.011343881,0.04406218,0.8006035
2838.0,0.18442151,0.01524692,0.1650224,1.993547
2841.0,0.07143414,0.008577211,0.06706417,1.4062653
2844.0,0.13681157,0.019121628,0.17749764,1.269032
2845.0,0.05465084,0.014114954,0.045776773,0.64346975
2846.0,0.058498666,0.010253333,0.07242853,0.67560816
2848.0,0.09970964,0.013609418,0.10189207,1.6661669
2849.0,0.04560318,0.010670807,0.04161484,0.51703477
2851.0,0.4789873,0.0406087,0.49712837,4.763903
2853.0,0.06422228,0.008889944,0.09114426,0.41102764
2854.0,0.06189467,0.009607734,0.072375275,0.6303287
2857.0,0.107423574,0.0086573325,0.12729825,0.9796908
2858.0,0.09799302,0.006982746,0.12499944,2.33655
2862.0,0.051926013,0.009419441,0.0627596,0.3626875
2863.0,0.8047095,0.07537226,0.7793243,4.4636602
2865.0,0.03446699,0.015193533,0.031226847,0.73193836
2868.0,0.17179295,0.0124460785,0.16369356,1.2838115
2870.0,0.054764066,0.012659063,0.055493016,0.67834115
2872.0,0.041483823,0.01398647,0.036330357,0.7667274
2873.0,0.063307144,0.0110806385,0.05810339,0.46156836
2875.0,0.20366181,0.026035694,0.2635613,1.832621
2877.0,0.047123317,0.010789284,0.04959003,0.9437497
2878.0,0.05883179,0.011664533,0.06495295,0.8240429
2880.0,0.044324826,0.015131464,0.03800797,0.7683789
2881.0,0.054823242,0.014324296,0.049574763,0.5418022
2884.0,0.10716557,0.011360417,0.17881995,2.4279907
2885.0,0.056178328,0.010137208,0.055679113,0.72844875
2886.0,0.111067615,0.011448115,0.14255989,0.75202423
2887.0,0.0548214,0.016057122,0.044456158,0.7012339
2889.0,0.054500043,0.012859922,0.050927866,0.6214437
2891.0,0.123748295,0.018200023,0.15980531,1.8888831
2892.0,0.08389264,0.013996258,0.10892468,0.8861902
2894.0,0.05345231,0.012359967,0.05141384,0.6698626
2895.0,0.073161334,0.009286908,0.07951875,0.77247787
2896.0,0.06312727,0.009830098,0.058028165,0.51517427
2897.0,0.05049214,0.014596959,0.041608185,0.6423959
2899.0,0.047378443,0.014417602,0.070809655,1.3275503
2900.0,0.21286212,0.013729669,0.25724158,1.468583
2901.0,0.065921865,0.010770419,0.060322784,0.58445716
2902.0,0.04329815,0.0142396875,0.05028729,0.553512
2903.0,0.060913216,0.016512884,0.069877654,0.88218504
2905.0,0.114564516,0.015939254,0.1580619,1.8764713
2906.0,0.11142669,0.009781569,0.124953575,1.1190386
2907.0,0.057859607,0.01214313,0.05373842,1.2906011
2908.0,0.05271962,0.012757995,0.050372787,0.7073088
2909.0,0.043385882,0.011223295,0.043462582,0.94844145
2910.0,0.050991762,0.0138610015,0.057034507,0.75154954
2911.0,0.049678262,0.011869219,0.056861002,0.8370722
2912.0,0.04880443,0.009524869,0.06081675,0.3644357
2913.0,0.053292274,0.010553738,0.04842803,1.1482959
2915.0,0.07056069,0.012069845,0.07050074,0.5859383
2917.0,0.0767781,0.013329742,0.07708605,0.74588126
2918.0,0.06768742,0.011530689,0.06329705,1.458182
2919.0,0.12461933,0.015158914,0.12204289,0.9830798
2920.0,0.055819526,0.0107307155,0.0553574,0.6766949
2925.0,0.074106485,0.01109299,0.07068135,0.59725094
2926.0,0.05167641,0.015212984,0.037410434,0.7157575
2927.0,0.033489987,0.012066443,0.05191052,0.9010282
2928.0,0.09446824,0.01873226,0.10900703,0.5563951
2929.0,0.06459357,0.014348915,0.061531015,0.7802066
2930.0,0.059205066,0.013464987,0.05856022,0.76099145
2935.0,0.053684454,0.014742827,0.04288849,0.6484851
2940.0,0.47770783,0.037188776,0.47036558,4.7401667
2941.0,0.07295986,0.016972654,0.084626354,1.0232009
2943.0,0.044931673,0.010919055,0.04030005,0.50386995
2944.0,0.12301629,0.01968805,0.15631726,1.827878
2945.0,0.079876356,0.012030899,0.088653505,0.5358484
2947.0,0.04311774,0.014708162,0.04210089,0.8070591
2948.0,0.0474577,0.0109089445,0.061413176,0.3293671
2949.0,0.1636228,0.008014496,0.21396422,1.9274998
2951.0,0.06318993,0.010194563,0.05362204,0.59459686
2952.0,0.06855186,0.012059823,0.08581806,0.41723356
2953.0,0.05518328,0.010102223,0.04916075,0.85486585
2956.0,0.054476127,0.013323113,0.07838651,0.3422951
2957.0,0.039029367,0.011775032,0.037998952,0.74753356
2960.0,0.0934412,0.01184607,0.107047975,0.41702142
2961.0,0.058145504,0.015756568,0.057951737,0.73015606
2962.0,0.10642143,0.012841374,0.1265199,0.66480905
2965.0,2.7009306,0.13545668,2.750704,8.861411
2966.0,0.04724646,0.0109151425,0.05313255,0.5329124
2967.0,0.069799796,0.010732609,0.08122243,1.9860446
2970.0,0.06383928,0.013790492,0.0714261,0.6235332
2971.0,0.05709068,0.011258033,0.05650027,0.76314753
2972.0,0.054907285,0.012691374,0.055188574,0.68692374
2973.0,0.05639871,0.010027751,0.064890355,0.39670488
2974.0,0.039769776,0.011091767,0.04397867,1.0301075
2975.0,0.22277598,0.02701162,0.22867014,2.1200109
2977.0,0.8411046,0.19344667,0.723556,3.2590125
2978.0,0.11881297,0.011462715,0.11735075,0.7066103
2981.0,0.049261358,0.012169661,0.03876844,0.7097456
2984.0,0.1715439,0.016835168,0.1738267,1.0615796
2986.0,0.5023666,0.029221976,0.5049392,5.326545
2989.0,0.17047678,0.020110184,0.20532826,1.7737461
2991.0,0.045208722,0.009637852,0.061911464,0.37628213
2992.0,0.045162555,0.010265935,0.051888306,0.6989286
2995.0,0.6629378,0.051667742,0.67902666,3.850596
2997.0,1.129514,0.16907853,1.1177812,4.6934114
3001.0,0.47864118,0.026106013,0.47387975,3.069516
3004.0,0.35306063,0.03134209,0.32535326,4.0692153
3005.0,0.12339858,0.010842761,0.13497937,2.686405
3006.0,0.26547432,0.04840741,0.30058447,2.1711097
3007.0,0.050960504,0.007913345,0.043927968,0.6229211
3008.0,0.064641505,0.014156427,0.067362525,0.81995213
3009.0,0.08648783,0.014172198,0.1044637,0.8382748
3010.0,0.03504746,0.012519827,0.034979235,0.77424914
3012.0,0.029936073,0.008781337,0.041939892,0.4782236
3014.0,0.041152675,0.013655121,0.059292834,0.5488338
3015.0,0.041685972,0.010332957,0.062210813,0.50424653
3017.0,0.068426795,0.010720063,0.06436267,0.48757583
3018.0,0.041483942,0.011806539,0.06405319,0.66196334
3019.0,0.04321793,0.014778581,0.034416333,0.5784694
3020.0,0.040763523,0.010997325,0.05620666,0.64888173
3021.0,0.04468391,0.010359316,0.06514464,0.61970663
3022.0,0.03244415,0.009785403,0.055606343,0.59457886
3023.0,0.056196492,0.013816354,0.06273648,1.0743713
3024.0,0.054348692,0.015031574,0.068343066,0.83056945
3025.0,0.05200642,0.012445747,0.079866156,1.6548392
3027.0,0.08814096,0.017935159,0.13384682,1.7369887
3028.0,0.03674618,0.011757044,0.062922634,0.52452546
3031.0,0.03620426,0.0105244685,0.07064989,0.566314
3032.0,0.05871584,0.015886094,0.053453576,0.7587154
3035.0,0.049220584,0.008380538,0.07832581,0.5711944
3036.0,0.107088916,0.0133604305,0.16438837,1.2906096
3037.0,0.38397765,0.031804506,0.37567973,5.001825
3038.0,0.026469318,0.007661988,0.049927324,0.8957971
3039.0,0.048881415,0.009257392,0.12798633,2.4876435
3040.0,0.05668355,0.012553627,0.14324842,1.5131775
3041.0,0.02746744,0.009136399,0.050388712,0.49844486
3042.0,0.1990608,0.01861308,0.33738208,1.8323834
3043.0,0.036003277,0.011129658,0.06677894,0.59689313
3045.0,0.03322914,0.011130614,0.035964858,0.5662177
3046.0,0.035421316,0.008392511,0.060543973,0.64844996
3047.0,0.0610629,0.011812267,0.067667626,0.9323941
3048.0,0.11169943,0.016530627,0.16415417,1.8814714
3049.0,0.042611115,0.010048962,0.047390282,1.3405571
3050.0,0.11261265,0.01909683,0.17580093,1.912286
3051.0,0.1467031,0.019468576,0.20972647,1.9469893
3053.0,0.0495153,0.009345358,0.13052148,1.1506428
3054.0,0.04517947,0.009197617,0.060630307,1.7981973
3055.0,0.054396488,0.010464949,0.060483817,1.6942946
3056.0,0.0398403,0.011844946,0.041817494,0.748829
3057.0,0.056645118,0.0094324,0.054051377,1.479199
3058.0,0.025083536,0.008663692,0.050666213,0.5868452
3059.0,0.061226938,0.011061655,0.082984105,1.5631087
3060.0,0.06529329,0.009720574,0.15755624,0.9055968
3062.0,0.06352794,0.008423084,0.073593974,2.106247
3063.0,0.044145416,0.010897065,0.050620127,1.4183632
3064.0,0.027785374,0.009594494,0.05752144,0.61534417
3065.0,0.053920656,0.009693931,0.055893652,1.4611304
3066.0,0.04145102,0.010317537,0.093267106,0.63945794
3067.0,0.06257421,0.014841704,0.06162227,1.2614173
3068.0,0.07091095,0.010458214,0.095937416,1.502419
3070.0,0.06365046,0.008743213,0.063374855,1.6139063
3071.0,0.048424974,0.0100921355,0.056512795,0.6186702
3072.0,0.04254804,0.011650364,0.041529078,0.735628
3073.0,0.05896705,0.0103875715,0.052517135,1.3378211
3075.0,0.11359649,0.015529724,0.21123518,2.2784655
3076.0,0.0862311,0.012542588,0.15570895,2.4548914
3077.0,0.07113864,0.012995668,0.092064366,1.7736682
3078.0,0.06259858,0.012975718,0.06598486,0.446398
3079.0,0.12051405,0.018200343,0.1680086,1.8426126
3080.0,0.07590244,0.0118455,0.09861333,1.8259714
3081.0,0.07342022,0.010023348,0.061239462,1.5375649
3082.0,0.042683974,0.012062054,0.035637602,0.6858937
3083.0,0.03999808,0.012181905,0.035848014,0.651409
3084.0,0.10445784,0.01616364,0.19068906,2.7150607
3085.0,0.03011725,0.011186381,0.049768616,0.5760855
3087.0,0.10664685,0.014166461,0.09939451,1.382291
3088.0,0.057087377,0.01145877,0.051315226,1.2512413
3089.0,0.045410994,0.010581931,0.044983625,1.3467659
3090.0,0.10683341,0.020924717,0.15621613,1.8231894
3093.0,0.07361487,0.015412625,0.07490894,1.1334592
3095.0,0.0498925,0.010822997,0.05369321,1.2195823
3097.0,0.13628834,0.019933686,0.26337007,2.466314
3098.0,0.06211424,0.011111174,0.05123267,1.3270895
3099.0,0.047308154,0.010571516,0.04472354,1.5511023
3101.0,0.05480797,0.011278154,0.06693962,0.8099589
3103.0,0.040095653,0.010190509,0.041709922,1.2215886
3104.0,0.049047746,0.009802332,0.042232525,1.2793218
3107.0,0.10764498,0.011528962,0.14706582,2.3679821
3108.0,0.074837886,0.013206269,0.052586515,1.452533
3110.0,0.0665951,0.011945369,0.053117435,1.2957176
3113.0,0.04269741,0.011088689,0.045092683,0.84837425
3116.0,0.06207344,0.013053227,0.060866866,1.1509306
3117.0,0.045042768,0.012873291,0.059857145,1.248075
3119.0,0.049655948,0.010746076,0.040454738,0.6938559
3121.0,0.06220737,0.0139787905,0.07297601,0.842898
3122.0,0.05834934,0.012209756,0.05078621,1.3533659
3123.0,0.10584788,0.016406504,0.13059999,1.9540147
3124.0,0.04133584,0.015514816,0.078196466,0.56298983
3125.0,0.050556537,0.01980789,0.09120501,0.8599227
3126.0,0.07386454,0.011370698,0.08001514,1.5001223
3127.0,0.073445596,0.017892255,0.17875956,1.993909
3128.0,0.04127199,0.010677891,0.071815476,0.4862187
3129.0,0.05592418,0.011816091,0.058052838,1.0012455
3130.0,0.13689087,0.026718557,0.21773429,2.039913
3131.0,0.041255794,0.016338497,0.07452145,0.5649404
3132.0,0.11426105,0.01742439,0.18514404,1.5575951
3134.0,0.05905704,0.014038996,0.047046807,0.6542103
3136.0,0.051015902,0.012997621,0.04170686,0.65495014
3138.0,0.040309284,0.015771836,0.066112615,0.46216002
3140.0,0.08592023,0.017284483,0.22519815,1.272676
3142.0,0.049450904,0.010611941,0.044311177,1.4342924
3143.0,0.114883445,0.015233563,0.20425558,2.2556558
3144.0,0.12909809,0.019566944,0.163163,1.9138248
3145.0,0.07141677,0.014541395,0.056967363,1.2562529
3146.0,0.14185356,0.017970147,0.1441534,0.9531723
3147.0,0.046437196,0.01184061,0.040034384,0.6548294
3148.0,0.10543858,0.018078525,0.22547029,2.3379817
3150.0,0.035848998,0.007479311,0.058929004,0.5821711
3151.0,0.062040847,0.015130865,0.16295615,1.347071
3152.0,0.24477363,0.018707624,0.31492233,2.2977853
3153.0,0.09672816,0.011236928,0.10133124,0.6883946
3155.0,0.32037678,0.02539775,0.28553894,2.2183282
3157.0,0.079491824,0.015368496,0.17055804,1.3548771
3158.0,0.07029101,0.012493671,0.07931997,1.4405733
3160.0,0.09308792,0.013872155,0.089120775,1.388764
3161.0,0.04853107,0.012446139,0.0449868,0.8219239
3162.0,0.08328461,0.0147756245,0.15228017,1.9054874
3163.0,0.072643474,0.009766813,0.07599484,1.7269167
3164.0,0.043267358,0.012009341,0.037120856,0.68723774
3165.0,0.037081316,0.011719728,0.056725163,0.4384776
3166.0,0.03713671,0.015237108,0.058851544,0.54254645
3168.0,0.03737971,0.01097324,0.033169743,0.52788
3169.0,0.07302236,0.010190592,0.085179344,0.6300497
3170.0,0.10017684,0.007631342,0.16060066,2.4309363
3171.0,0.067603864,0.013375067,0.070944436,0.6040139
3172.0,0.047781214,0.011779593,0.043004062,0.4944947
3173.0,0.07783794,0.011289174,0.080384046,1.4135505
3174.0,0.07120175,0.0134171685,0.06015439,1.2946507
3175.0,0.030955052,0.009836415,0.05168473,0.4812804
3176.0,0.10492286,0.011588072,0.09664245,1.7509811
3179.0,0.048797667,0.0087631345,0.08160245,1.124678
3180.0,0.295476,0.02174982,0.36835754,3.6460304
3181.0,0.18606131,0.0097522,0.32614413,3.116383
3182.0,0.033046376,0.012214339,0.055775087,1.0322976
3183.0,0.04630992,0.014598568,0.06780388,0.5788899
3186.0,0.055808373,0.013403311,0.09720579,0.7947245
3188.0,0.07229453,0.0086288005,0.056316223,1.3195055
3190.0,0.058903735,0.012017235,0.1758224,2.41402
3192.0,0.13538261,0.012389578,0.1414377,1.8712735
3193.0,0.03366258,0.009790379,0.061496954,0.5408723
3195.0,0.3050286,0.030616883,0.60853153,3.6275065
3196.0,0.1456432,0.01632491,0.3107341,1.9868433
3199.0,0.041617747,0.011181678,0.043009073,1.1763014
3200.0,0.04134541,0.011049946,0.043274675,0.36935467
3201.0,0.037275136,0.00932946,0.054998517,0.8555994
3202.0,0.035447363,0.010962952,0.06681092,0.553689
3204.0,0.02974568,0.009054228,0.034572605,0.66813993
3205.0,0.03843261,0.012314798,0.05178864,0.4977588
3206.0,0.21767361,0.08041538,0.2639429,1.9300401
3207.0,0.042230222,0.0077566197,0.039638404,1.4161543
3209.0,0.07803937,0.018295083,0.14245334,1.069362
3210.0,0.03988533,0.013517295,0.05699388,0.5294727
3211.0,0.037242785,0.009784942,0.12387714,2.4028509
3212.0,0.04502863,0.015796237,0.123408176,1.9488393
3214.0,0.03356733,0.011109245,0.030490505,0.5345641
3215.0,0.040030487,0.012354964,0.041574698,0.55422425
3216.0,0.056561068,0.010200714,0.1392579,2.5476236
3219.0,0.04247284,0.0094153145,0.043891367,1.31028
3220.0,0.124776624,0.012258087,0.18163328,2.1579428
3222.0,0.06347568,0.00845958,0.0636375,1.7599905
3223.0,0.068620846,0.013756664,0.16658849,2.4627955
3224.0,0.053801388,0.009856872,0.052622333,1.1236973
3226.0,0.059236992,0.014751738,0.16628122,2.3114994
3227.0,0.033711173,0.00988177,0.044161133,1.2684332
3229.0,0.04502615,0.009641765,0.04298635,1.2860427
3230.0,0.07267597,0.01653113,0.17067276,1.429417
3231.0,0.042609606,0.012190924,0.05824807,0.8615023
3232.0,0.026646117,0.009568566,0.044932116,0.55025214
3233.0,0.045053657,0.010260732,0.043072663,1.2590852
3234.0,0.050972708,0.0116081415,0.059892245,1.2444807
3235.0,0.059395608,0.012037267,0.06370529,0.6572355
3236.0,0.03549192,0.010117384,0.03873299,0.6878058
3237.0,0.044305064,0.009099326,0.04320898,1.3378252
3238.0,0.082085036,0.016020222,0.11697847,0.9430944
3240.0,0.041174315,0.01149632,0.06493092,0.510789
3241.0,0.044010743,0.010395459,0.044489466,1.3363518
3242.0,0.08912082,0.012033439,0.10287675,1.6302036
3243.0,0.057581306,0.0141501855,0.08050179,1.2393386
3245.0,0.03568048,0.0129634105,0.055434145,0.7067438
3247.0,0.2845616,0.034047402,0.45802194,4.8310585
3248.0,0.05277267,0.014500343,0.07736488,1.0348374
3250.0,0.04905778,0.010293262,0.055696383,0.60524255
3251.0,0.040805493,0.009983081,0.053391773,1.0382589
3252.0,0.04497985,0.016331334,0.1147878,1.8944077
3253.0,0.03233802,0.010931819,0.041726165,0.5584143
3254.0,0.070554055,0.014356059,0.19659998,2.3780532
3255.0,0.044310525,0.009795347,0.04360144,0.60857016
3256.0,0.03147621,0.010290145,0.03373281,0.74071556
3257.0,0.042438556,0.012109172,0.055969488,1.2655293
3258.0,0.0353686,0.011885456,0.050413687,0.48877016
3259.0,0.06792084,0.009136866,0.059755865,1.4914327
3260.0,0.028524209,0.011433887,0.036291026,0.7010172
3265.0,0.08949053,0.011030764,0.12695454,0.804702
3267.0,0.07295599,0.013799755,0.15449177,2.0399475
3268.0,0.07957258,0.008736211,0.104980536,1.8244927
3269.0,0.040607054,0.008158404,0.057154555,0.56981105
3270.0,0.08417462,0.011045486,0.11070622,0.47950646
3272.0,0.03138924,0.010306389,0.047159288,0.5616896
3274.0,0.0424776,0.0118077835,0.047211107,1.3559111
3276.0,0.07299637,0.012216371,0.0887865,1.4783336
3278.0,0.30538228,0.03786145,0.4887059,4.7786407
3280.0,0.06957621,0.017736286,0.15925127,1.83552
3282.0,0.048117064,0.013097988,0.048987664,0.86107296
3283.0,0.05948007,0.015980816,0.1279039,1.8833809
3284.0,0.036283784,0.010281494,0.048189975,0.61524904
3286.0,0.041257784,0.010786408,0.05761355,1.2911501
3287.0,0.091995955,0.010355632,0.14472353,1.6899995
3289.0,0.046662793,0.010361376,0.04859464,1.4461024
3291.0,0.049355347,0.010753058,0.065980665,1.2603383
3292.0,0.044276338,0.009497675,0.043773387,1.345586
3293.0,0.06554941,0.016550707,0.1539959,1.875144
3294.0,0.05229021,0.008596919,0.05355781,1.4626567
3295.0,0.06855004,0.016822465,0.1557585,1.8649015
3308.0,0.11821964,0.014129123,0.12399965,0.7671257
3310.0,0.0661489,0.014512324,0.05011807,0.62732834
3311.0,0.071931675,0.017341569,0.056948554,0.529351
3321.0,0.13979532,0.017584423,0.14307396,0.5883179
3335.0,0.38491634,0.0492572,0.4785541,1.2967172
3347.0,0.0962777,0.015459062,0.06305739,1.3104973
3350.0,0.34104472,0.033192687,0.38089517,2.0481708
3355.0,0.2875415,0.028364861,0.2987449,1.459785
3357.0,0.17670132,0.02106529,0.2567661,1.0328671
3359.0,2.2808158,0.31055436,2.926258,8.811774
3360.0,0.115635596,0.017927047,0.11224534,1.0190558
3362.0,0.098888844,0.02210528,0.098161235,0.36958638
3365.0,0.09092875,0.019143106,0.09033827,0.6831392
3366.0,0.07024764,0.015213912,0.052417755,0.61105776
3370.0,0.1288148,0.031084105,0.14374891,0.49535856
3375.0,0.12401914,0.017014205,0.16707212,0.9697455
3379.0,0.09969733,0.017313138,0.10336006,0.38824126
3381.0,0.078093566,0.007953852,0.08759826,0.5391713
3383.0,0.058198128,0.011851416,0.052016545,0.44713646
3389.0,0.2616557,0.026837343,0.2599677,2.6171253
3403.0,0.07686589,0.013217485,0.087439634,0.55235934
3405.0,0.09200578,0.019062845,0.08603076,0.4336279
3407.0,0.33948326,0.029488502,0.27761889,1.5957192
3410.0,0.14854357,0.027423637,0.18405928,0.6628752
3412.0,0.3358097,0.036071874,0.48723286,2.5834904
3413.0,0.87577695,0.15642324,0.76682264,3.810845
3417.0,0.13402888,0.01687232,0.13101147,0.9234948
3418.0,0.5307701,0.021237964,0.40473858,2.5387688
3424.0,0.09032586,0.01615096,0.092782475,0.6492617
3425.0,0.202227,0.037374083,0.23354365,0.76570666
3429.0,0.08893081,0.013375679,0.056763366,0.67224056
3432.0,0.34216624,0.026828619,0.36120427,2.1411815
3437.0,0.13980505,0.019512521,0.19071944,0.59795237
3438.0,0.082734466,0.017716466,0.07039655,0.7576469
3439.0,0.10186259,0.017993424,0.09820601,0.9784477
3442.0,0.19836004,0.026315339,0.2491384,0.5880642
3445.0,0.16362315,0.01636348,0.14815487,1.2595838
3450.0,0.10621453,0.017427366,0.100580916,0.8981421
3453.0,0.16937003,0.023633106,0.19273582,1.0482771
3454.0,0.14522658,0.017695047,0.15374681,0.6871272
3456.0,0.052731477,0.014229431,0.07965159,0.47119224
3466.0,0.08709415,0.015373965,0.10926069,0.4357257
3467.0,0.08591184,0.009138752,0.09590823,1.8064047
3472.0,0.11518236,0.0095402505,0.1601495,1.1661831
3475.0,0.06385974,0.019920368,0.057274,0.31440756
3477.0,0.082121275,0.010413487,0.07368618,1.0049176
3478.0,0.34155557,0.032266296,0.39603308,1.7926196
3482.0,0.074640736,0.019226713,0.06559453,0.4140781
3485.0,0.07224934,0.012308782,0.059329994,1.1911392
3486.0,0.13805021,0.027191605,0.13697217,0.5642105
3488.0,0.33603033,0.04313962,0.7121942,2.8545926
3489.0,0.19090083,0.021558499,0.36373135,1.159989
3490.0,0.43319595,0.044680197,0.7930428,3.095384
3491.0,0.24740748,0.023380416,0.54437363,3.3277607
3493.0,0.7057347,0.07815768,1.1450827,4.8305454
3494.0,0.46507084,0.08722629,0.4873669,2.1955426
3498.0,0.2110673,0.017091667,0.22013514,1.56342
3500.0,0.089429066,0.018732127,0.09013197,0.48434097
3503.0,0.07970435,0.01860385,0.059510455,0.7626281
3506.0,0.059230298,0.015516169,0.046617515,0.47531962
3511.0,0.098963425,0.018234188,0.103554524,0.5029365
3512.0,0.19614616,0.026232244,0.18757275,1.1348037
3520.0,0.082402736,0.009241091,0.08446649,1.6405166
3521.0,0.060320444,0.014661337,0.0595679,0.30207703
3523.0,0.071877085,0.014031086,0.06117006,0.37809506
3526.0,0.06503458,0.014613674,0.07157432,0.3814955
3534.0,0.08518591,0.02366789,0.08118832,0.50768083
3536.0,0.085330926,0.017546862,0.057628267,0.5848272
3539.0,0.06661849,0.01941588,0.05424386,0.3815835
3542.0,0.15525645,0.016278813,0.1780904,1.2495219
3548.0,0.21016859,0.03784256,0.25536776,1.4507434
3557.0,0.20099522,0.021041088,0.1992186,0.949064
3559.0,0.05809732,0.01710427,0.06196027,0.36798918
3564.0,0.07219083,0.014504112,0.055728346,0.58070076
3566.0,0.07675841,0.016256396,0.07677136,0.80596274
3568.0,0.16039959,0.03257133,0.20218873,0.6580002
3574.0,0.07185276,0.019336658,0.08178742,0.57067114
3575.0,0.2895297,0.07105496,0.33334002,1.1874534
3578.0,0.13090044,0.021230046,0.14392999,0.76725066
3579.0,0.0758225,0.024010947,0.057760525,0.60330635
3580.0,0.26025617,0.024458664,0.20356259,1.7901256
3582.0,0.15869373,0.0236454,0.19518267,1.90007
3587.0,0.10336801,0.028040929,0.104318365,0.43010604
3588.0,0.13880578,0.017974107,0.17028083,0.5708025
3593.0,0.15304415,0.02674028,0.16914321,0.6011109
3600.0,0.1330721,0.030021144,0.13371392,0.74752986
3601.0,0.139996,0.026496343,0.13083506,0.6072908
3603.0,0.09692717,0.022341425,0.08785982,0.6154565
3604.0,0.07144102,0.023572879,0.065425925,0.49314746
3608.0,0.10330327,0.019593876,0.11469335,0.58125985
3611.0,0.19347896,0.032080673,0.21742907,0.64823717
3615.0,0.051788267,0.023755169,0.08242674,0.4416558
3619.0,0.08750004,0.016491834,0.087693706,0.4065953
3622.0,0.19822596,0.014578137,0.15883397,1.7926221
3624.0,0.13222723,0.023812423,0.16893098,0.55981755
3630.0,0.25890392,0.055893313,0.26081133,1.4703157
3635.0,0.07800931,0.01691758,0.06089658,0.6844392
3637.0,0.07563701,0.01705891,0.05902949,0.67824256
3639.0,0.09382376,0.01827969,0.08334176,0.44339234
3641.0,0.07419041,0.021316433,0.069087505,0.5350004
3645.0,0.107905775,0.02399644,0.11222404,0.9293006
3653.0,0.124835484,0.010000066,0.15941848,1.0731442
3654.0,0.2320833,0.035166033,0.24866301,0.87773913
3658.0,0.12589455,0.015009149,0.12504907,0.73936635
3663.0,0.19657917,0.02624182,0.18120429,0.76512545
3667.0,0.135554,0.019878404,0.13948739,0.8227228
3668.0,0.12471174,0.020460052,0.15001538,0.945508
3671.0,0.12024443,0.017419903,0.15236348,0.70680803
3674.0,0.08942108,0.012768324,0.09452943,0.632222
3677.0,2.0950527,0.20366165,2.1341665,7.5087566
3679.0,0.07096378,0.017385889,0.09139542,0.44724083
3681.0,0.10983778,0.014587663,0.13419352,0.90974486
3683.0,0.14451434,0.023522075,0.1647338,1.7598958
3684.0,0.07023324,0.017252425,0.068357065,0.80936724
3689.0,0.3069398,0.019492954,0.3288533,3.2494936
3692.0,1.8425279,0.16204225,1.9302646,7.6455255
3696.0,0.15736972,0.022091983,0.1767948,2.2094476
3698.0,0.5167345,0.04759019,0.586919,4.9741554
3699.0,0.052598324,0.016195789,0.06207875,1.3360199
3702.0,0.14352019,0.026295437,0.22679217,1.552039
3703.0,0.2122867,0.034088444,0.2318954,1.3920287
3704.0,1.1506217,0.0792672,1.0809199,4.6969857
3705.0,0.9534419,0.073810235,1.2299614,4.048533
3711.0,0.27495497,0.040475722,0.311047,1.8511473
3713.0,0.14531629,0.026045665,0.1860766,0.53870636
3715.0,0.09781303,0.014157683,0.13404922,0.59432405
3717.0,0.088673994,0.014231712,0.07296564,0.41987363
3722.0,0.122546226,0.019060636,0.12656136,0.7877699
3723.0,0.20084032,0.010236733,0.19101527,2.9637802
3728.0,0.06838226,0.017188862,0.07712845,0.28882
3730.0,0.07612611,0.009644247,0.16508012,1.2699478
3732.0,0.08217993,0.015015429,0.061389416,0.59316283
3735.0,0.10079432,0.021387778,0.11908188,0.51315826
3739.0,0.33383492,0.032346588,0.46744287,3.7710438
3742.0,0.15001047,0.024431752,0.17987157,1.1029917
3747.0,0.10957073,0.017118737,0.121361725,0.8374904
3750.0,0.094514266,0.017466,0.10641301,1.2450932
3754.0,0.2522902,0.054254923,0.28052276,1.2841865
3759.0,0.18776087,0.0125983935,0.2654843,2.3964138
3765.0,0.07182701,0.019668462,0.053578515,0.60922796
3766.0,0.08446644,0.014860164,0.08905394,0.5097222
3772.0,0.07123074,0.017405573,0.053136546,0.47205624
3780.0,0.12031707,0.026111677,0.108615115,0.70827526
3785.0,0.107352525,0.020392368,0.15977529,0.5833932
3791.0,0.078424826,0.017440286,0.06892381,0.5810828
3796.0,0.32518145,0.06923737,0.36709934,1.1557448
3800.0,0.27290615,0.013944211,0.19426976,2.1927035
3802.0,0.08216479,0.019057551,0.10338187,0.42320833
3803.0,0.09956976,0.02208704,0.09679623,0.6966554
3809.0,0.088829346,0.016250234,0.07318141,0.47729987
3813.0,0.7908658,0.15734996,0.72120214,3.4434423
3818.0,0.5283092,0.05053946,0.6144119,4.9965944
3820.0,0.07354995,0.016863907,0.06895406,0.9425308
3822.0,0.5283092,0.050472282,0.61587197,4.99114
3827.0,0.06768809,0.011203362,0.06626881,0.54689586
3829.0,0.10076429,0.024385098,0.08638465,0.38308007
3842.0,0.71347517,0.18184076,0.7023204,2.9791505
3844.0,0.22086331,0.04156806,0.293972,0.7538739
3845.0,0.1933922,0.04504066,0.22846955,0.8027754
3847.0,0.33568794,0.017621942,0.5533433,3.6074278
3848.0,0.38338074,0.05034682,0.4389652,1.9964957
3853.0,0.10670876,0.02035911,0.112352386,0.8548607
3854.0,0.0818493,0.012089683,0.0633185,1.3154213
3855.0,0.09122497,0.01629865,0.08702416,0.7575926
3856.0,0.19315825,0.02296148,0.20158263,1.1399374
3858.0,0.061038315,0.017759034,0.051240735,0.6572897
3859.0,0.33021608,0.016427908,0.3209469,2.2396638
3861.0,0.106860064,0.021336928,0.101433195,0.8347232
3863.0,0.08469403,0.018068183,0.078008465,0.7452897
3864.0,0.18645786,0.016203275,0.23236734,1.0297642
3865.0,0.13783543,0.011320639,0.15388384,0.5875005
3867.0,0.25922272,0.052909732,0.28563496,1.4600325
3870.0,3.8582218,0.34080553,3.7329705,9.637254
3873.0,0.21472408,0.031089703,0.23362818,2.069831
3875.0,0.18159732,0.012712912,0.16894686,1.9851438
3880.0,0.18410742,0.026708387,0.21695375,1.8657393
3888.0,0.21194397,0.025463646,0.2637308,0.65223384
3891.0,0.08892748,0.01955765,0.07230972,0.5997316
3894.0,0.09507308,0.016852163,0.10692247,0.9892455
3896.0,0.4642435,0.047538936,0.46732244,4.203487
3898.0,0.11771299,0.010889419,0.12290999,1.2898324
3901.0,0.2364363,0.02672877,0.2083056,1.3103418
3902.0,0.21164465,0.037658233,0.24260613,0.7761235
3908.0,0.52635795,0.049315955,0.6108782,4.9770613
3913.0,0.19578955,0.016298339,0.22604537,1.3932816
3918.0,0.10694758,0.018853847,0.09439776,0.7297216
3927.0,0.08072108,0.02077433,0.08921433,0.4261716
3936.0,0.14159651,0.022493744,0.13932459,0.6960768
3943.0,0.11290246,0.03795342,0.13833748,1.1611676
3946.0,0.27193955,0.026640208,0.31798056,1.4966186
3954.0,0.5835464,0.040521055,0.60881895,4.689382
3955.0,0.22722086,0.026432175,0.2962136,1.8377795
3956.0,0.1098618,0.015347472,0.11145297,0.5250675
3961.0,0.72841775,0.08128806,0.72065884,3.5258176
3972.0,0.6139541,0.034811337,0.7054874,4.623239
3973.0,0.098155156,0.019040946,0.0907845,0.8398136
3974.0,0.3350591,0.10564119,0.3485024,1.2760841
3975.0,0.23356514,0.062427368,0.19755524,0.9838877
3980.0,1.5633636,0.19492275,1.1169969,5.9834967
3982.0,0.15837748,0.042298105,0.15144962,0.5619016
3990.0,0.07445409,0.020013994,0.057408642,0.65512276
3993.0,0.077810645,0.01594031,0.06976934,0.5358793
3996.0,0.55900216,0.037317563,0.6010883,4.9260206
4002.0,0.3700967,0.04081454,0.43003717,3.0783021
4004.0,0.38046086,0.06818224,0.36121237,1.4900424
4006.0,0.3711096,0.018469425,0.36134252,2.1246886
4012.0,0.18147822,0.01887048,0.20181799,1.32483
4015.0,0.16150515,0.017440816,0.14519404,1.1586834
4022.0,0.335691,0.021694068,0.49441612,3.3778152
4029.0,0.3540708,0.019654315,0.41760895,2.8850355
4038.0,0.081453644,0.020230437,0.11710416,0.4189088
4042.0,0.08220392,0.014971687,0.08019144,0.4951582
4044.0,0.9273605,0.043866105,0.65710634,4.9701195
4047.0,0.09333707,0.0142105,0.093442306,0.71156937
4048.0,0.09111377,0.014238792,0.07281884,0.69941455
4052.0,0.17911364,0.026551109,0.18240799,0.53581834
4057.0,0.09427406,0.023169972,0.085702166,0.55805326
4058.0,0.07925122,0.013997793,0.06498469,0.7180532
4059.0,0.17590651,0.022824531,0.16765133,0.7033126
4064.0,0.05911626,0.017202513,0.045206152,0.6371054
4068.0,0.059431713,0.00860753,0.14956468,1.3355823
4069.0,0.10732276,0.012125529,0.10090657,0.882039
4074.0,0.09297973,0.01827083,0.15408106,0.76478565
4075.0,0.04929981,0.016406043,0.06615157,0.482732
4077.0,0.247308,0.03457319,0.25705695,1.2160361
4084.0,0.122335404,0.02768149,0.11765197,0.4295692
4087.0,0.15883335,0.039434623,0.14050475,0.71498835
4090.0,0.12739474,0.013362961,0.1071201,1.1712594
4092.0,0.09881211,0.021440757,0.11460023,1.2438844
4096.0,0.12578064,0.01078797,0.13636406,2.0108457
4097.0,0.11141702,0.01763492,0.10899782,1.2502675
4098.0,0.2807462,0.03216687,0.37470323,1.6594794
4101.0,0.18983185,0.009403425,0.22375509,1.9255817
4105.0,0.22496386,0.01991467,0.2893295,1.2899957
4107.0,0.10287763,0.016956136,0.118980326,1.0382334
4108.0,0.086909905,0.021971578,0.07311399,0.9711758
4111.0,0.06829228,0.017156148,0.061865218,0.52798665
4112.0,0.12665823,0.03413057,0.11554716,0.51477814
4113.0,0.053472605,0.011527279,0.051790763,0.62428856
4114.0,0.31382763,0.04026938,0.35265896,2.7568321
4115.0,0.39457825,0.039228115,0.41192713,4.395125
4119.0,0.52020305,0.04894541,0.59308517,4.952075
4120.0,0.20639019,0.025339242,0.2923248,1.4145193
4126.0,0.08799608,0.020258257,0.07823147,0.83965003
4127.0,0.08560347,0.015151449,0.0994533,0.7228777
4131.0,0.06877235,0.009973161,0.08312258,0.5144473
4133.0,0.084114715,0.010219293,0.07161336,1.0687807
4134.0,0.07649228,0.013546505,0.06875982,0.5819279
4135.0,0.24439052,0.038311332,0.28103438,2.0718818
4137.0,0.07186161,0.01723008,0.054821987,0.75813854
4138.0,0.18911426,0.01762242,0.15202352,1.5361055
4141.0,0.078073345,0.018698059,0.06016978,0.7223759
4142.0,0.06597591,0.013772769,0.063174374,0.3979973
4147.0,0.13382578,0.008492224,0.10799664,1.2667817
4150.0,0.07132695,0.018686427,0.048953597,0.65454984
4151.0,0.08034256,0.014615131,0.061676785,0.6642532
4157.0,0.097787246,0.007674237,0.10689956,0.7608158
4165.0,0.069622375,0.008227167,0.080153435,0.6745362
4167.0,0.23315135,0.038389854,0.20635211,1.314614
4168.0,0.088249244,0.010379233,0.07262065,0.7362417
4169.0,0.12142152,0.016652327,0.11969497,0.57383704
4173.0,0.10802062,0.011839965,0.11304792,0.80842984
4177.0,0.088730924,0.012208475,0.09141622,0.7669669
4183.0,0.06934271,0.012264635,0.09003981,0.81989723
4189.0,1.893196,0.16787776,2.104827,5.481806
4190.0,0.092284344,0.022254542,0.08079138,0.4619687
4193.0,0.08498099,0.017135862,0.08578,0.34994128
4195.0,0.07936424,0.009583899,0.08014279,0.48001146
4196.0,0.41043225,0.031881534,0.39245102,3.9395146
4203.0,0.12191645,0.011092994,0.13987394,1.3105421
4206.0,0.4595208,0.04583643,0.48381814,4.802089
4212.0,0.072281174,0.015592979,0.07694223,0.29573312
4213.0,0.06303493,0.013771411,0.04597153,0.549631
4216.0,0.07695827,0.013567457,0.0637001,1.187512
4221.0,0.48681375,0.03868379,0.4330387,4.5203767
4222.0,0.2732728,0.021505568,0.33266723,2.050988
4225.0,0.06632981,0.01076936,0.14921184,1.4963142
4239.0,0.068418786,0.019325744,0.06439731,0.670478
4242.0,0.25114006,0.02166138,0.26624855,1.1131741
4244.0,0.061064564,0.012666007,0.059061337,0.2955994
4245.0,0.11589421,0.014269507,0.15690796,1.0742966
4247.0,0.095266834,0.009219554,0.15416183,1.7628132
4257.0,0.23654011,0.027393015,0.21294363,0.95466167
4258.0,0.1764292,0.034540772,0.20025371,1.4215963
4260.0,0.5850502,0.13803405,0.7122265,2.4066334
4266.0,0.14688745,0.03336539,0.13989255,0.65487796
4268.0,0.071287386,0.013671305,0.06526401,0.57798636
4270.0,0.06423361,0.01989536,0.048086397,0.73206216
4273.0,0.13445756,0.024237283,0.14675115,0.89113486
4275.0,3.8409595,0.27224943,3.1878006,8.529576
4280.0,0.06204046,0.014689309,0.060995854,0.5393118
4282.0,0.20041715,0.035382453,0.21806696,0.76557213
4287.0,0.103959106,0.01685586,0.10749597,0.48695686
4290.0,0.0759259,0.0073491805,0.09908976,0.610172
4292.0,0.09370822,0.021611657,0.09047105,0.65397847
4293.0,0.064623065,0.016579593,0.060695842,0.5840451
4294.0,0.060580008,0.021254446,0.0474172,0.61985326
4295.0,0.11453715,0.024048321,0.12746993,0.4591797
4297.0,0.07274432,0.011033604,0.062784456,0.60962224
4304.0,0.13764352,0.024443815,0.13258891,0.6031437
4312.0,0.111357935,0.013010759,0.13485864,1.5125399
4314.0,0.10705711,0.0198454,0.101839855,0.65672296
4316.0,0.22822176,0.03845579,0.24641421,2.4766653
4317.0,0.08859591,0.01997949,0.07216019,0.36770585
4326.0,0.26331592,0.012226104,0.16779242,1.8986746
4327.0,2.629384,0.21346852,2.3762248,9.892921
4328.0,1.6501255,0.07877466,1.218988,5.9126263
4334.0,0.1037656,0.027893825,0.09118035,0.39552233
4336.0,0.07428597,0.017276596,0.06339285,0.6968556
4342.0,0.09839403,0.017698742,0.10195085,0.40891743
4345.0,0.17552541,0.022559736,0.2091604,1.1059688
4351.0,0.10336984,0.016609885,0.11213228,1.2290561
4353.0,0.16608623,0.019518882,0.1399392,1.1338395
4354.0,0.07837981,0.013473991,0.085220546,0.4452249
4361.0,0.8637324,0.15492052,0.6400417,3.780833
4362.0,0.094811544,0.014843897,0.09551499,0.5229151
4366.0,0.11231329,0.01714317,0.13650204,0.6496582
4370.0,0.99175763,0.10467332,0.9372318,5.7457867
4373.0,0.33792537,0.052395508,0.3993612,0.9051579
4375.0,0.6753685,0.055492543,0.75439715,3.2189848
4379.0,0.42014548,0.031498753,0.4110134,3.635602
4380.0,0.0817102,0.018727366,0.06416838,0.4863154
4383.0,0.15892921,0.030512294,0.1927635,0.6716931
4395.0,0.23076485,0.020282354,0.27509183,1.6687496
4396.0,0.074703395,0.013237378,0.07173135,1.112769
4400.0,0.39613432,0.038614742,0.40772757,1.5979638
4403.0,0.19530615,0.050986815,0.2278338,0.89453566
4407.0,0.16460396,0.014772377,0.17886339,0.9935411
4411.0,0.3846342,0.044760022,0.44577426,2.4639707
4416.0,0.07315994,0.024138583,0.09869991,0.6225486
4418.0,0.07362277,0.015958656,0.07504378,0.7935277
4423.0,0.90531784,0.04500845,0.6958725,6.0771084
4424.0,0.9870462,0.052237313,0.7248422,6.1076655
4430.0,0.8435625,0.0457625,0.9085918,6.792634
4437.0,0.18125877,0.033195868,0.16952403,0.82709706
4439.0,0.06908126,0.015786493,0.059190433,0.8952503
4440.0,0.09727272,0.014363015,0.075761184,0.7999489
4443.0,0.18574765,0.028878516,0.21436575,1.306532
4444.0,0.1938652,0.012169173,0.20418979,1.9480559
4447.0,0.09122075,0.02236555,0.097660236,0.5755606
4450.0,0.053677104,0.013842349,0.040257063,0.5034399
4452.0,0.17801502,0.014291343,0.16471024,1.7775681
4454.0,0.09949602,0.021331064,0.091643415,0.61494696
4455.0,0.081393,0.012435478,0.09309344,0.5979394
4460.0,0.099920236,0.018872187,0.10850312,0.9220438
4463.0,0.08731082,0.018928152,0.091652684,0.7451096
4464.0,0.04943042,0.013591065,0.048815347,0.33639637
4466.0,0.113901645,0.010099983,0.15749504,1.8179381
4472.0,0.12135178,0.013435095,0.11485609,0.9345945
4478.0,0.26932487,0.04820287,0.22967537,1.9220566
4482.0,0.15647174,0.022167172,0.18205288,0.60584414
4485.0,0.13657248,0.017226525,0.15264341,1.1820751
4486.0,0.16366237,0.01952167,0.16906327,1.1995902
4487.0,0.17205338,0.05400642,0.15235214,0.7580533
4490.0,0.73559386,0.049289457,0.7051283,5.7614245
4498.0,0.2899474,0.06036658,0.330137,1.4421738
4500.0,0.0951724,0.013757418,0.07544303,1.5832185
4502.0,0.11866958,0.016886275,0.082829766,1.5012063
4508.0,0.3825693,0.024084333,0.53387934,2.4611878
4510.0,0.5102054,0.081704065,0.52681524,3.127304
4514.0,0.060368173,0.014799371,0.059611276,0.30828935
4515.0,0.120070316,0.012997211,0.1777041,2.8686192
4522.0,0.057056732,0.01458915,0.09689683,0.6807477
4525.0,0.12714604,0.011075088,0.12925886,1.2920135
4539.0,0.13825181,0.032175075,0.16747579,1.071592
4543.0,0.06060018,0.014377097,0.079509355,0.34090185
4548.0,0.095666744,0.014137008,0.098671824,0.7011603
4550.0,0.07857184,0.021518365,0.06560263,0.7576563
4551.0,0.07268237,0.017085264,0.062700175,0.29733548
4553.0,0.14025544,0.0465242,0.120228894,0.67439747
4559.0,0.07399441,0.022103129,0.06609773,0.5375761
4564.0,0.16641882,0.010521749,0.22084342,1.4305453
4567.0,0.10530501,0.015434526,0.11913205,0.5271156
4570.0,0.30048108,0.033639487,0.34343198,1.938086
4573.0,0.11174601,0.015292376,0.13505916,0.8195053
4574.0,0.11756987,0.014260276,0.110385485,1.2075961
4575.0,1.1732064,0.10796895,1.3193736,7.2846956
4579.0,0.22420582,0.036138512,0.24480371,1.2028576
4581.0,0.090620086,0.017005982,0.08913958,0.42161348
4583.0,0.41272566,0.037938457,0.44590276,3.186514
4585.0,0.14793597,0.010722025,0.36048558,2.7407532
4587.0,0.29662842,0.040476948,0.3892956,1.4972248
4594.0,0.51900834,0.09520801,0.55662113,3.0575042
4597.0,0.19030005,0.0365891,0.22122896,0.7872269
4600.0,0.116603985,0.018716697,0.13813378,0.6250059
4604.0,0.0991113,0.008979436,0.22416207,1.392476
4606.0,0.17393394,0.037998725,0.18642634,0.8931873
4608.0,0.11902355,0.0142862275,0.1477028,0.47253108
4609.0,0.7529027,0.0419477,0.74212277,4.75669
4612.0,0.23784035,0.014341677,0.2827249,2.663127
4613.0,0.10975739,0.010374052,0.12091185,0.87742037
4620.0,0.2931634,0.033397034,0.35212344,2.1521735
4625.0,0.46914807,0.07642418,0.48322487,1.9447365
4628.0,0.19326892,0.024228755,0.24435675,0.80460286
4629.0,0.13259797,0.016151153,0.15630242,1.1085484
4630.0,0.74606,0.05246528,0.6687265,5.67981
4634.0,0.05584353,0.013427671,0.051959362,0.31019014
4635.0,0.312743,0.03771744,0.37452674,2.4214437
4638.0,0.54061174,0.012914072,0.5129198,3.671365
4640.0,0.26043615,0.03602067,0.30046275,1.4443841
4643.0,0.8136814,0.14287503,1.0117443,3.400221
4647.0,0.0946864,0.012794958,0.09100518,0.50352544
4649.0,0.18117249,0.0355929,0.20901622,0.8517861
4652.0,0.13232677,0.015970629,0.09191072,1.6773684
4656.0,0.18968435,0.022627134,0.25037253,3.1588938
4658.0,0.25033268,0.046994388,0.27652937,1.6259822
4663.0,0.17203516,0.028890483,0.1959333,1.9856186
4665.0,0.3120047,0.024668101,0.32322982,1.6270913
4666.0,0.29872692,0.10268557,0.3684097,1.456717
4667.0,0.22577907,0.025401825,0.2007951,0.9381123
4670.0,0.7226808,0.048706017,0.6965494,5.869134
4671.0,1.0423578,0.16213354,1.0409527,5.0661736
4676.0,0.12781398,0.011692371,0.1509206,0.6766314
4678.0,1.698767,0.06961514,1.203397,7.2800126
4681.0,0.27475715,0.019937398,0.32572746,1.6419076
4682.0,0.9958874,0.09542558,1.072957,5.857873
4684.0,0.16520415,0.013550956,0.22462653,1.5907285
4688.0,0.22731523,0.031953827,0.29988483,0.8626676
4689.0,0.096621655,0.018576525,0.09646612,0.9589691
4691.0,0.3175755,0.038558885,0.29678747,1.5459833
4697.0,1.6567193,0.21370503,1.536443,8.428391
4700.0,0.3019837,0.019454582,0.3534132,2.3950524
4701.0,1.1504719,0.12747838,1.0823045,7.485762
4704.0,0.3390966,0.027561015,0.44487303,3.7846248
4707.0,0.15107204,0.028264066,0.18278357,0.5936881
4709.0,0.26440254,0.05547471,0.2847628,2.089285
4712.0,0.14613499,0.033325147,0.13084249,0.6394619
4717.0,0.21779563,0.042220734,0.28208283,1.2690554
4718.0,7.1796875,0.09258561,3.143819,13.619287
4719.0,0.18693796,0.039475217,0.15154913,0.9698325
4721.0,0.31838304,0.026616257,0.37363678,1.7900269
4726.0,0.12835503,0.022128113,0.14302547,0.9491778
4728.0,0.07847033,0.01903948,0.07194499,0.36788535
4731.0,0.079401396,0.014865954,0.06257055,0.58523977
4733.0,0.2847446,0.057815522,0.29720542,1.8216672
4737.0,0.07880838,0.01953382,0.09939208,0.5009109
4739.0,0.18419856,0.018456193,0.19703074,1.1824304
4744.0,0.124268346,0.021763297,0.11879658,0.68136287
4750.0,0.24409701,0.02471565,0.227619,1.3663028
4751.0,0.34365702,0.023777613,0.35508135,3.129767
4755.0,0.6487293,0.043423377,0.6718675,5.4560447
4757.0,0.6813429,0.027258651,0.7786621,4.0545435
4758.0,0.42104676,0.015656719,0.5965698,4.176472
4762.0,0.38704854,0.024483066,0.5335961,2.865667
4764.0,0.30589035,0.06761052,0.35234445,1.0653547
4765.0,0.79201853,0.09818431,0.957411,2.9734123
4768.0,0.101152815,0.015409846,0.10112434,0.33800384
4770.0,0.20790821,0.03601977,0.21602835,1.0101013
4774.0,0.12014207,0.018448237,0.096559845,1.0266496
4779.0,0.28630722,0.08642049,0.4181455,2.33883
4781.0,0.23933871,0.046509106,0.21630992,1.7490292
4782.0,0.2657104,0.066787876,0.48197892,3.7458549
4788.0,0.11142114,0.01392491,0.13887459,0.7171781
4790.0,0.091044426,0.0219054,0.102826774,0.45870703
4794.0,0.31395662,0.037604902,0.3434781,1.5574127
4795.0,0.15300481,0.028053416,0.14304195,0.63055885
4796.0,0.120544106,0.010712837,0.10491822,2.1123793
4800.0,0.24289353,0.040834133,0.24189498,0.8677495
4805.0,0.084649496,0.010776335,0.06761069,0.8620484
4807.0,0.14839928,0.033038292,0.15416315,0.7012519
4809.0,0.07650019,0.019681934,0.08064475,0.60522753
4818.0,0.19719264,0.038080677,0.21140519,1.1834612
4819.0,0.06840462,0.015680598,0.053733326,0.49935025
4821.0,1.4107944,0.12154001,1.2152352,5.764397
4822.0,1.77586,0.05993314,1.4948384,8.275249
4825.0,5.126407,0.11323798,2.993441,11.331034
4827.0,0.7410966,0.052971087,0.647992,5.446713
4828.0,0.6812749,0.07972443,0.75924927,5.0677795
4832.0,0.88855654,0.034037225,1.0457511,5.5885067
4835.0,0.25575584,0.05623096,0.26616225,1.1258154
4836.0,0.09167071,0.019512368,0.109304264,0.4157764
4838.0,0.3182287,0.015488796,0.3563416,2.0260422
4843.0,0.36287916,0.0585647,0.31570065,1.930957
4847.0,0.75859594,0.1519314,0.6519136,3.5378835
4852.0,0.14005457,0.009752376,0.11041839,0.85282946
4853.0,0.19760312,0.032440588,0.20763576,1.3925593
4854.0,0.36529604,0.1046104,0.3727927,2.2164724
4855.0,0.88837844,0.05469156,0.83510995,5.7477465
4856.0,0.11548646,0.010313017,0.091352604,1.012222
4862.0,0.21619375,0.036618084,0.23598233,1.2743546
4863.0,0.25356996,0.058342442,0.29442543,1.220064
4867.0,0.2553399,0.06677614,0.50295526,3.7372103
4870.0,0.122127235,0.017821385,0.13777336,0.66853464
4873.0,0.19857536,0.01575396,0.2875788,1.0465919
4876.0,0.123135746,0.011064747,0.1349534,0.8750219
4878.0,0.30251938,0.026331626,0.40339264,2.3218596
4881.0,0.08775874,0.0100121945,0.06978347,0.9084767
4882.0,0.28129897,0.021822441,0.3700176,1.8380799
4886.0,0.08538772,0.018927116,0.09780142,0.73402613
4889.0,0.29134956,0.04493232,0.3644751,1.4069439
4896.0,0.74624556,0.051471464,0.7093355,5.77702
4898.0,0.23292604,0.015153002,0.2756748,2.2931414
4899.0,0.22378504,0.040816877,0.20666894,0.9703962
4901.0,0.14900595,0.019294254,0.14606515,0.92359006
4903.0,0.27761078,0.048712324,0.28550237,1.7707005
4905.0,0.55832493,0.033728544,0.6496297,4.5402412
4907.0,0.72160304,0.06769571,0.7563152,4.137844
4908.0,0.3787496,0.013408975,0.29317975,2.2161868
4909.0,0.34320432,0.023320867,0.48099992,3.735569
4912.0,0.33892742,0.02739388,0.37236062,2.4571245
4916.0,0.52723813,0.02450873,0.44365627,2.3334103
4923.0,0.26101053,0.02969701,0.23903388,0.93954134
4924.0,0.094089374,0.017186737,0.08938166,0.5329448
4928.0,0.21680512,0.051216193,0.2580934,1.6863259
4930.0,0.11080018,0.016194979,0.10097084,1.136167
4931.0,0.08980023,0.030123021,0.092272244,0.46958178
4932.0,0.34872818,0.017172411,0.4975527,3.720547
4939.0,0.36841166,0.024872597,0.42850494,3.5790708
4947.0,0.6777585,0.052786645,0.61721843,5.2200904
4950.0,0.066911384,0.013689976,0.056542948,0.5887667
4952.0,0.12612738,0.035772957,0.13998409,0.56322145
4955.0,0.52706873,0.03602873,0.73541456,5.354492
4958.0,0.19902998,0.010525232,0.20036751,1.5506468
4959.0,0.5099165,0.071302585,0.6021426,2.418088
4961.0,2.0838807,0.086722754,2.3630743,9.603803
4964.0,0.4689739,0.04576131,0.6089155,2.6873083
4967.0,2.459185,0.20203663,2.5195456,8.976034
4970.0,0.39767307,0.025356667,0.52917,2.4850075
4972.0,0.48906842,0.09852565,0.52409,2.2887523
4979.0,2.0604188,0.09773037,2.0257792,9.903246
4980.0,0.08325278,0.013263959,0.07286517,0.78449404
4981.0,0.7358985,0.0490504,0.7058522,5.8685255
4982.0,0.8104348,0.18488552,0.64670914,4.4634933
4987.0,0.27230343,0.018987617,0.28194118,1.5410776
4988.0,0.10490366,0.01597715,0.12401225,0.81820625
4994.0,0.29343203,0.050399844,0.3386966,1.2343087
4995.0,0.2228306,0.03545032,0.2783496,0.79053515
4996.0,0.29714075,0.02078192,0.4166443,1.4206786
5001.0,0.33532605,0.03352786,0.4168682,1.5277537
5002.0,0.32257706,0.04973186,0.39356107,1.9064564
5003.0,0.45991158,0.068863556,0.49411696,1.6434109
5006.0,0.13276507,0.010745872,0.26067665,2.549449
5009.0,0.30132797,0.04706545,0.3033115,1.0487465
5010.0,0.1258793,0.018954575,0.13970818,0.7908707
5012.0,1.2761227,0.16899931,1.4472713,6.5545454
5013.0,0.7344706,0.048934564,0.7017278,5.8642316
5018.0,0.045143034,0.009150255,0.15160577,1.5516629
5020.0,1.1124369,0.052904494,0.94682884,5.7400365
5021.0,0.26970145,0.053393852,0.28899303,2.202136
5022.0,0.30771497,0.023362912,0.36694995,2.3958433
5025.0,0.11021585,0.015878165,0.110611394,0.7523603
5027.0,0.17315792,0.014520976,0.19466375,1.3638408
5029.0,0.21504216,0.015687456,0.24760084,2.2130847
5031.0,0.14790659,0.016588893,0.22274688,1.0212787
5036.0,0.12288833,0.03192663,0.11404508,0.495174
5038.0,0.11696135,0.015956068,0.11314231,1.2664323
5040.0,0.073214866,0.011861325,0.08611067,0.49750295
5045.0,0.45202434,0.053349443,0.5353976,3.5060685
5047.0,0.43475294,0.03581173,0.5099441,4.408561
5071.0,0.14096087,0.028211359,0.10620278,0.6045699
5072.0,0.10960118,0.00975114,0.124586254,0.5928454
5074.0,0.1381406,0.025937809,0.16454965,0.58705854
5092.0,0.32542783,0.02143534,0.33242062,2.1416588
5097.0,0.093423024,0.01740626,0.08847899,0.48249036
5098.0,0.3211042,0.058584142,0.3056108,1.668944
5106.0,0.20310685,0.016194014,0.23390973,1.1691068
5109.0,0.17504601,0.036406983,0.16739105,0.8823413
5112.0,0.06641906,0.020225985,0.0631871,0.47529188
5114.0,0.13184865,0.024815125,0.13224836,0.5608601
5128.0,0.13256751,0.017700152,0.27453697,1.707594
5133.0,0.080699794,0.015891088,0.070902295,0.7415386
5137.0,0.078860104,0.019433253,0.0661989,0.8048532
5143.0,3.196779,0.2122408,3.482162,8.237024
5146.0,0.51506186,0.030033993,0.56669223,3.4547048
5149.0,0.9114527,0.23549053,0.83834577,4.342949
5155.0,0.3686884,0.09138587,0.3697958,2.0855196
5158.0,0.5965468,0.04352981,0.66174483,2.6056888
5167.0,1.2058867,0.20239402,1.512251,4.968928
5172.0,0.37167203,0.09726445,0.3661866,1.3676145
5176.0,0.40347677,0.074904144,0.47178748,1.7416638
5179.0,0.41015083,0.06992424,0.47010043,2.6206126
5185.0,0.42795062,0.017799508,0.44146326,2.0176382
5192.0,1.5441943,0.07427904,1.5391726,7.2923927
5196.0,0.15947668,0.04054158,0.15858133,0.6040201
5200.0,0.17761026,0.026506104,0.13350603,0.73327255
5202.0,0.21007597,0.0442141,0.20522769,1.1064737
5203.0,1.253432,0.13300735,1.5461313,3.255296
5210.0,0.40269512,0.014298549,0.34097576,2.8987877
5211.0,0.92498094,0.06552198,0.96345925,3.781238
5212.0,0.5919673,0.06393672,0.8895735,4.126643
5213.0,0.2664269,0.038283873,0.24019894,1.263098
5215.0,0.1365625,0.021917319,0.14181879,0.75969374
5220.0,0.42898452,0.03699493,0.47861367,4.040052
5222.0,0.35286826,0.059321817,0.45305312,1.5897005
5226.0,0.08861543,0.015290794,0.08444989,0.46404874
5230.0,0.2850101,0.06270511,0.25004485,1.3380971
5234.0,0.2109922,0.046436876,0.17976227,1.4473823
5243.0,1.0015604,0.10157576,1.2435659,4.8290973
5244.0,4.2882953,0.19195496,3.1807523,10.831152
5245.0,1.0940946,0.038903773,1.0358361,5.587954
5249.0,0.05594954,0.01365686,0.051224973,0.3555822
5251.0,2.9726343,0.08836315,2.0505264,10.327737
5258.0,0.71256316,0.15322186,0.731064,3.7852778
5260.0,0.65622854,0.05542192,0.6678858,4.9285316
5269.0,0.25973874,0.038973305,0.2524311,1.2897763
5270.0,0.15878546,0.010390151,0.15049069,1.1216558
5281.0,0.3845726,0.08625596,0.40348032,1.654566
5282.0,0.07684285,0.017158203,0.06447938,0.6923538
5286.0,0.33349535,0.025460849,0.45301,3.4730184
5287.0,1.3558904,0.25056437,1.4894602,5.198906
5290.0,0.64836395,0.14640412,0.63934386,2.4946945
5303.0,0.4136052,0.06761981,0.3933247,1.3973975
5305.0,0.12653728,0.017353183,0.15330045,0.9473034
5309.0,0.27924395,0.040458597,0.23773992,1.447559
5310.0,0.8531175,0.09827157,0.9584024,2.9449096
5312.0,0.11673317,0.025168657,0.113872126,0.36738336
5313.0,0.1702216,0.014573236,0.2379764,1.52677
5315.0,0.116754405,0.031729408,0.1843627,1.0019037
5325.0,0.1988957,0.020247716,0.31319702,2.8668623
5327.0,1.2613069,0.19706278,1.3788905,5.376729
5328.0,1.2010559,0.25349692,1.0765102,4.576979
5331.0,0.1216525,0.011321195,0.11576416,1.2799274
5332.0,0.39143634,0.021321729,0.41541985,3.6251035
5335.0,0.44592258,0.05934717,0.40665492,1.6016958
5336.0,0.13427426,0.01092518,0.1446141,1.344518
5338.0,0.080713935,0.011986599,0.09339774,0.86182815
5339.0,0.24691468,0.011933772,0.2415107,1.580986
5341.0,0.4748502,0.070757814,0.5247221,2.8425992
5342.0,0.16462742,0.014104909,0.15683383,1.6280278
5343.0,0.15284666,0.009855687,0.13437827,1.2590024
5345.0,0.12144784,0.009269932,0.12336796,2.4417245
5348.0,0.133535,0.019023236,0.13653918,1.1052469
5349.0,0.901699,0.103726506,0.8441325,5.1175194
5351.0,0.6782298,0.070891835,0.63579196,3.4706974
5352.0,0.13444442,0.013613104,0.13209984,1.0169697
5355.0,0.6743587,0.08130311,0.75386167,3.3262742
5356.0,0.31941465,0.024332626,0.3695845,1.9412941
5361.0,0.16410266,0.021203358,0.20124647,0.7234435
5362.0,0.1649209,0.011502226,0.16137601,0.9685031
5364.0,0.06739732,0.014610016,0.064151175,0.380473
5367.0,0.07564906,0.01874478,0.05801163,0.5330769
5369.0,0.11295221,0.020523177,0.103081174,0.66972524
5372.0,0.11826596,0.018984778,0.12801659,0.4539749
5374.0,0.088724285,0.016650977,0.08613699,0.31903765
5378.0,0.095892526,0.01643151,0.099617146,0.70184195
5382.0,1.202251,0.24640898,0.9564761,4.30187
5383.0,0.12753086,0.019149505,0.16150092,0.7283877
5387.0,0.12309321,0.008919717,0.12998189,0.7075718
5393.0,0.26242125,0.01331445,0.40971124,2.7769809
5403.0,0.18421662,0.038890626,0.17652026,0.8547323
5408.0,0.21544828,0.018376447,0.19981717,1.2922611
5409.0,0.79631704,0.0801892,0.91426325,4.3191357
5410.0,4.434276,0.095987014,3.4188437,14.664992
5412.0,0.17212436,0.010750629,0.13729103,1.1558104
5414.0,0.49203947,0.08081129,0.55974966,3.414098
5427.0,0.12237305,0.021674413,0.12984589,0.7705978
5431.0,0.13280907,0.015176018,0.13269818,1.2405219
5433.0,0.4967084,0.043409973,0.536883,2.0916898
5443.0,0.21090081,0.030972792,0.2190463,1.2053225
5444.0,0.19163106,0.015235591,0.22410427,0.9996171
5446.0,0.08452285,0.009541638,0.11224869,0.7127744
5449.0,0.1412373,0.017028054,0.16457802,1.6316167
5452.0,0.6466106,0.07737227,0.6456547,5.029837
5453.0,0.38256463,0.015698103,0.52209663,2.4943526
5454.0,0.44364032,0.075254574,0.5312491,2.231649
5456.0,0.5405881,0.07527421,0.5829194,4.7545
5457.0,0.78754956,0.043192532,0.83106375,5.464624
5458.0,0.4354907,0.043796025,0.57907134,3.330876
5459.0,0.29543412,0.07304905,0.27952182,1.7761856
5460.0,0.082948804,0.015877975,0.10950949,0.6455057
5461.0,0.15621431,0.027791444,0.14283165,0.6683094
5464.0,0.12816948,0.02031836,0.1441903,0.63418627
5466.0,0.1547283,0.01414941,0.19079897,1.2628247
5467.0,0.24406488,0.0135193,0.26814476,2.5193918
5468.0,0.5134269,0.06413429,0.4261016,3.6057484
5472.0,0.45784023,0.048390977,0.534302,3.361954
5476.0,0.35585466,0.053984676,0.40822557,1.9357663
5479.0,0.33675328,0.024700051,0.5569911,3.190477
5480.0,0.7894602,0.09269843,1.0593045,3.289888
5482.0,0.6323615,0.08747351,0.82571757,2.2860758
5484.0,0.06183212,0.0121790655,0.06593553,0.43018362
5486.0,0.3538097,0.043403324,0.49085447,2.9760497
5488.0,0.13873565,0.02660833,0.16447388,0.4999291
5492.0,0.28061256,0.02972638,0.33972925,1.2963223
5494.0,0.08104812,0.013300148,0.08153171,0.6569136
5501.0,0.43940878,0.049698666,0.5994216,3.026127
5511.0,0.073614225,0.011538817,0.08243573,0.46651456
5513.0,0.06806768,0.010817115,0.064425014,0.6800914
5521.0,0.4224961,0.047538936,0.45796534,4.203487
5523.0,0.2600083,0.07839907,0.41616908,3.4703903
5526.0,0.12640323,0.021393826,0.127112,0.9983308
5528.0,0.12487679,0.011583409,0.12308876,0.9333126
5529.0,0.16439636,0.02975837,0.16511458,1.6905341
5533.0,0.10926572,0.023886189,0.11106127,0.8526599
5534.0,0.68094206,0.14490977,0.7299218,2.8835747
5536.0,0.26612714,0.045604244,0.3764866,2.3191297
5539.0,0.25671047,0.051369768,0.22025578,1.3735957
5540.0,0.0900104,0.012661615,0.07793584,0.6989903
5544.0,0.08243816,0.015678722,0.09242095,0.42921647
5545.0,0.12207145,0.020656392,0.12510563,0.65274954
5548.0,0.29182395,0.08520439,0.37536198,1.5010927
5549.0,0.26356485,0.06680842,0.28436372,1.0646994
5553.0,0.28070402,0.0361428,0.31677592,1.1114038
5555.0,0.08117535,0.01707259,0.077259935,0.7967371
5557.0,0.3687445,0.017543115,0.5190676,3.4503531
5564.0,0.06005706,0.015789164,0.05634562,0.3229135
5565.0,0.1361206,0.008414963,0.19067739,1.3150611
5566.0,0.18163916,0.010628344,0.25171822,1.8647211
5570.0,0.15630981,0.010580442,0.12241968,1.4616779
5573.0,0.10336027,0.02128762,0.08324514,0.8483946
5576.0,0.07727469,0.01080037,0.11047305,0.67049146
5577.0,0.1632303,0.029855374,0.22880486,0.9603821
5581.0,0.34454322,0.08266155,0.4677102,1.6137815
5585.0,0.09058168,0.01715296,0.08175303,0.76193607
5586.0,0.19633494,0.044411525,0.17968072,0.95472103
5590.0,0.085277155,0.021295188,0.0704326,0.40959224
5594.0,0.31450102,0.0494313,0.33189616,1.3796837
5595.0,0.41180584,0.02455782,0.4269659,3.0726576
5596.0,0.44700944,0.027567772,0.5012429,1.4320611
5599.0,0.12946816,0.031046595,0.12039951,0.6315673
5600.0,0.09904429,0.011880339,0.07947386,0.8856354
5601.0,0.1834006,0.049357396,0.18206084,0.7526128
5602.0,0.26237565,0.01510266,0.23587008,2.286864
5603.0,0.98837465,0.2448558,0.8334235,4.485365
5604.0,1.3770502,0.09235773,1.0731664,4.6814218
5606.0,0.08915144,0.014440996,0.10057321,0.4822225
5607.0,0.07761493,0.023473514,0.10240819,0.5214623
5609.0,0.35372505,0.052557986,0.40367076,2.5022209
5610.0,0.2849072,0.03291033,0.30443043,1.4558871
5611.0,0.06361917,0.009964913,0.12580743,1.3786157
5614.0,0.1834211,0.029826244,0.1867877,0.72369254
5616.0,0.22305928,0.024047488,0.23883028,1.7125884
5619.0,0.12830648,0.011654653,0.14842786,1.0055153
5624.0,0.11498459,0.020785753,0.11642584,0.83444583
5625.0,0.11267878,0.016911248,0.07881995,1.5012478
5630.0,0.2383607,0.05956082,0.28073013,1.7711731
5636.0,0.43249443,0.027192371,0.49802056,3.0636067
5638.0,0.09574956,0.013892438,0.0945107,1.0823363
5643.0,0.12103867,0.022342404,0.11377655,0.47593987
5644.0,0.8385974,0.06364897,0.7316916,3.494804
5649.0,3.0678298,0.22763886,2.3237367,12.005832
5650.0,0.8179281,0.047057148,0.5733595,5.5653286
5651.0,1.0865155,0.08685893,0.83239895,4.8819666
5652.0,0.101495706,0.013326335,0.10762731,0.5944741
5653.0,0.09769272,0.011936841,0.111588724,1.134278
5656.0,0.2479883,0.05028819,0.2653607,1.1993747
5658.0,0.07928476,0.007964047,0.13757043,1.5623623
5659.0,0.18459494,0.014043744,0.23579992,0.8359509
5661.0,0.66381466,0.035455704,0.5330566,4.6984835
5664.0,0.27558035,0.039516944,0.27750584,1.2771763
5666.0,0.12529042,0.024451267,0.1290607,0.6263094
5674.0,0.07612837,0.015358109,0.07525928,0.61999553
5688.0,0.16630359,0.028314732,0.16993427,1.0355278
5694.0,0.21181267,0.013393594,0.20289578,2.1457376
5705.0,0.18945906,0.027634664,0.2281779,1.0966922
5708.0,0.08928043,0.011475049,0.117234446,0.7867348
5715.0,0.58580434,0.12080433,0.5227949,4.745913
5718.0,0.27831513,0.011322658,0.191123,2.3062425
5721.0,0.13203809,0.024954883,0.14408743,0.5564972
5723.0,0.7199937,0.17302085,0.63901144,3.8076217
5731.0,0.11818892,0.01055188,0.15053397,0.9003351
5733.0,0.58860046,0.04772983,0.5475273,3.1231294
5736.0,0.22884592,0.017255042,0.27965516,1.479714
5737.0,0.28949028,0.04479774,0.2747627,1.7011168
5746.0,0.5096547,0.05820486,0.6158243,4.1398983
5747.0,0.07079284,0.015742458,0.048200697,0.54944444
5750.0,0.26147208,0.037439812,0.20115308,2.1226885
5752.0,0.5986468,0.014933672,0.3847061,2.6377335
5753.0,0.29663947,0.021262897,0.34848627,1.9053801
5757.0,0.21450481,0.04392363,0.20533416,1.6136607
5758.0,0.23968528,0.031695824,0.24071334,1.9367871
5759.0,0.13564552,0.019500978,0.12553124,0.6619469
5760.0,0.1130802,0.012538778,0.119262554,0.5252898
5763.0,0.14896291,0.019387593,0.15408696,0.7651125
5764.0,0.13317238,0.01680135,0.13750923,0.9899932
5767.0,0.043055438,0.012970663,0.05107849,0.65135527
5776.0,0.8361125,0.13998325,0.68134105,4.530987
5778.0,1.3416864,0.08865774,1.3232193,5.12713
5779.0,0.82085747,0.087220654,0.6475627,5.0106773
5782.0,0.22846667,0.019038804,0.25818223,1.1600353
5788.0,0.113169536,0.015698291,0.18916602,1.3793687
5793.0,0.085971035,0.009589627,0.11241857,0.75265366
5798.0,0.10012978,0.008744951,0.08549006,0.6562427
5801.0,0.18698673,0.027654782,0.20724295,0.761071
5808.0,2.0965042,0.3617356,2.0440164,6.9743786
5810.0,0.31167844,0.03595386,0.47728077,2.2769704
5818.0,3.4665627,0.36510545,3.336722,10.29447
5819.0,0.15621445,0.010371573,0.28469068,2.9634848
5821.0,0.6933956,0.11478832,0.8213794,2.9564207
5822.0,1.0364641,0.068010025,1.1181008,7.0116887
5837.0,0.22735466,0.025934255,0.25417513,0.8706506
5843.0,0.7345127,0.047768574,0.85014105,5.417691
5844.0,0.43423077,0.11041668,0.49021137,1.9017267
5845.0,0.13949656,0.033295214,0.16364488,0.7670165
5852.0,0.15091567,0.028582342,0.20097741,1.2677205
5853.0,0.21480824,0.049370725,0.24103203,1.1513329
5854.0,0.6239289,0.056792755,0.5967346,2.6301084
5856.0,0.23205787,0.011865789,0.21198747,3.3224428
5858.0,0.38768554,0.025486562,0.42868942,3.6806276
5860.0,0.15708418,0.017452938,0.21429434,1.5368762
5862.0,0.11042218,0.016152376,0.1183373,0.96193373
5864.0,0.21013495,0.015940798,0.26693612,1.4794754
5865.0,0.11281315,0.02354051,0.11728564,1.0251867
5867.0,0.8218657,0.045521066,0.5692049,5.721028
5868.0,0.26433852,0.01016697,0.31089732,3.4409866
5873.0,0.11257744,0.02204415,0.12371932,0.8058035
5874.0,0.6214711,0.07925602,0.5345811,4.318432
5879.0,0.27183923,0.038860384,0.29889274,0.98270637
5880.0,0.80888313,0.014513764,0.7016667,5.223543
5881.0,0.8576846,0.037646346,0.9546305,3.831592
5886.0,0.11147789,0.016634645,0.119716,0.9322849
5889.0,1.052059,0.14303613,1.1658158,3.6607726
5890.0,0.22138506,0.017805781,0.30231732,2.3716884
5891.0,5.5924587,0.21589547,3.7148983,11.414456
5898.0,0.28060108,0.061124925,0.2776981,1.5532742
5899.0,0.48344588,0.04583643,0.4799947,4.802089
5901.0,0.08297206,0.026422858,0.07690496,0.38407412
5902.0,0.49694756,0.10562174,0.59798616,1.8267038
5904.0,0.37341893,0.017825285,0.4373504,1.9722139
5905.0,0.4128736,0.09979467,0.47048143,1.9428743
5906.0,0.3051613,0.03696036,0.39070383,2.0622199
5908.0,0.83229387,0.11782255,0.8508753,3.2153027
5910.0,0.54645354,0.044554643,0.55101264,2.5666666
5911.0,0.15975791,0.03495128,0.16437703,0.7476209
5912.0,0.07146893,0.0075303377,0.10135531,1.073555
5915.0,0.5861157,0.03490016,0.5374593,5.7006373
5916.0,0.21059778,0.043338574,0.19489576,1.6778402
5919.0,0.07069982,0.010001941,0.19389957,1.6171758
5920.0,0.97506434,0.055733275,0.756436,5.7357144
5923.0,0.3264491,0.03999297,0.3571852,1.672469
5925.0,0.14364526,0.012548858,0.14265957,1.0185605
5926.0,0.34692663,0.057950698,0.6225658,4.368737
5928.0,0.22443154,0.032002907,0.238376,1.3831323
5930.0,0.065969236,0.015496407,0.06355464,0.2932047
5931.0,0.42487663,0.05826375,0.38277057,2.9202688
5933.0,0.1899603,0.04468315,0.20010376,0.9564836
5934.0,0.14692198,0.022689445,0.13281687,0.6968503
5935.0,0.28683123,0.040331606,0.38463777,1.2218176
5937.0,0.12138951,0.013594254,0.120568395,0.73396415
5938.0,0.23751326,0.030288117,0.2892567,0.7619957
5939.0,0.3037257,0.067387186,0.3831046,1.2825733
5940.0,0.29303864,0.044613235,0.3146033,1.4054497
5942.0,0.8218657,0.047057148,0.5733595,5.5653286
5944.0,0.17196527,0.02802412,0.13400982,0.9032319
5945.0,0.30945355,0.016847607,0.4001999,2.0761893
5949.0,0.21018125,0.046237938,0.19458376,0.8646887
5950.0,0.5112116,0.059360035,0.40783396,4.603645
5951.0,0.09714809,0.0129310405,0.0967646,1.1286379
5956.0,0.16094023,0.024814487,0.18730144,0.7089785
5961.0,2.444095,0.22934559,2.7181518,9.129917
5965.0,0.15953639,0.011083932,0.14126635,1.1758003
5967.0,0.36179084,0.029922301,0.43021178,2.3960986
5969.0,0.33149514,0.04877664,0.36984667,1.2657138
5973.0,0.10399379,0.019219298,0.09772002,0.57125616
5974.0,0.31373796,0.04796273,0.300034,1.4522867
5976.0,0.6111938,0.06279885,0.5999108,2.315454
5979.0,0.20799536,0.047321152,0.2218284,0.7951805
5989.0,0.40491438,0.026202392,0.55526227,3.1633575
5991.0,0.48862788,0.039152987,0.54734695,2.614759
5992.0,0.21221268,0.030756827,0.22303754,1.0095648
5997.0,0.22169858,0.050749518,0.19074094,1.2124972
6006.0,0.073488735,0.018873887,0.06404982,0.49045798
6010.0,0.24890798,0.037016924,0.24533895,1.1935955
6026.0,0.1219214,0.023573194,0.15587218,0.5795669
6030.0,0.09632462,0.011018757,0.07836751,1.573409
6034.0,0.19008091,0.014343686,0.1843626,1.1929318
6035.0,0.48303598,0.14887227,0.41220352,2.290001
6038.0,0.4224961,0.047538936,0.45796534,4.203487
6044.0,0.5931944,0.048968222,0.54453945,4.769708
6046.0,0.65872514,0.13842751,0.51140064,3.824509
6047.0,0.1750409,0.0112215765,0.16197489,1.5383223
6050.0,0.05586186,0.013628549,0.06564057,0.88185924
6052.0,0.40180194,0.04738487,0.43546507,1.4394544
6054.0,0.42279652,0.06165251,0.3457876,3.131089
6055.0,0.25875577,0.0658925,0.2565287,1.1616675
6056.0,0.34619525,0.052529212,0.31173626,1.1689652
6063.0,0.11847714,0.024628043,0.12317563,0.37758583
6064.0,0.16145349,0.042424463,0.14853363,0.95921856
6065.0,0.30022886,0.01279159,0.23160349,1.3968881
6066.0,0.10626811,0.009825842,0.10761339,1.2570192
6067.0,0.16977741,0.015364437,0.13833214,1.329767
6068.0,0.117458925,0.010284553,0.12713088,1.4252115
6069.0,0.15711284,0.045402944,0.12987623,0.6087278
6070.0,0.24218161,0.021380777,0.27950555,1.82173
6074.0,0.28590572,0.04756562,0.22809018,1.6891916
6078.0,0.14673452,0.03768235,0.17524071,0.9469331
6082.0,0.24251825,0.02571893,0.25295696,0.9604287
6086.0,0.35998482,0.052433852,0.34115934,3.04897
6091.0,0.07020399,0.022205193,0.112248585,0.5785188
6092.0,0.32848778,0.07131486,0.32964456,1.6692144
6094.0,0.2883354,0.028768616,0.24538581,1.4884608
6096.0,0.21050385,0.028061623,0.2291809,0.9883883
6098.0,0.24190222,0.032974634,0.5653215,2.4542384
6099.0,0.12774198,0.01722424,0.14912984,0.8245188
6102.0,0.34130394,0.056062665,0.35546893,2.3705344
6103.0,0.21861453,0.0379968,0.21843393,1.0270241
6104.0,0.53498524,0.10970124,0.47502497,2.8593636
6107.0,0.15685548,0.036276735,0.20852113,1.3896399
6109.0,0.28791398,0.014455538,0.37214583,3.1601682
6110.0,0.15006687,0.009890016,0.2252103,1.6160249
6111.0,0.8073526,0.13293204,0.8405966,4.099595
6113.0,0.13208242,0.021839755,0.17954795,0.80816627
6115.0,0.8047527,0.14385316,0.7706725,4.1221757
6117.0,0.3377089,0.05244517,0.32821465,2.7975836
6118.0,0.5012443,0.08502389,0.46330804,3.2467017
6120.0,0.37505633,0.05031616,0.44962284,3.4751487
6122.0,0.14648423,0.037590124,0.18075387,1.2440306
6123.0,0.21584968,0.015939627,0.20155132,1.3760002
6125.0,0.17358506,0.011046724,0.20413703,1.2856679
6127.0,0.17244898,0.0104978,0.28445008,1.7132074
6129.0,1.1891447,0.09932631,1.3387603,6.726935
6131.0,0.4157002,0.027020188,0.4650328,2.3995297
6132.0,0.1803101,0.015119607,0.2888846,2.0165
6134.0,0.28428748,0.07454434,0.2442439,1.5044938
6136.0,0.15566592,0.025821831,0.24449635,1.4121594
6138.0,0.18994246,0.018309552,0.18889444,1.635416
6139.0,0.31292084,0.063467115,0.2903729,1.5163689
6141.0,0.25573224,0.01628635,0.36897677,2.4803941
6142.0,0.269961,0.04710023,0.26492655,1.55695
6144.0,0.21773517,0.011901795,0.28101534,1.828617
6145.0,0.2611555,0.06235097,0.24539891,1.3395578
6149.0,0.43937182,0.101390235,0.43063983,1.6598561
6150.0,0.18605453,0.01420166,0.21330671,1.3359334
6151.0,0.41243485,0.026294114,0.42207694,1.7393898
6154.0,0.3429281,0.076877765,0.33596557,1.7903047
6155.0,0.23034528,0.013582325,0.27047053,1.4059616
6156.0,0.4085308,0.026146596,0.621694,3.1572335
6158.0,0.6683856,0.12754554,0.58935654,3.7802804
6160.0,0.29443642,0.05764734,0.22710449,2.1628551
6161.0,0.743687,0.13546304,0.62403315,3.6354227
6162.0,0.6870053,0.15282325,0.57989216,4.040537
6163.0,0.630979,0.18567987,0.6003491,3.3728888
6164.0,0.47308272,0.15429276,0.4453748,2.1616976
6165.0,1.1381607,0.19094366,1.0932277,5.328272
6166.0,0.4390541,0.10831898,0.4444569,2.0452354
6167.0,0.4620652,0.107770815,0.40685543,2.225035
6169.0,0.3559294,0.0503107,0.37284246,3.3096514
6170.0,0.58540905,0.08508641,0.5695646,2.816992
6171.0,0.6778178,0.05088388,0.5976908,4.8154206
6172.0,0.2977738,0.044678707,0.40896767,1.5757065
6173.0,0.8978438,0.19461451,0.58868724,3.7484262
6174.0,0.950982,0.09119749,1.006978,5.6203475
6175.0,0.871949,0.16149545,0.8637499,4.4511695
