YB,mean_pred,0.025_pred,median_pred,0.975_pred
1.0,51.63038,24.064257,53.352234,69.858986
2.0,54.888313,33.500492,55.71454,71.70938
3.0,48.64683,22.508825,50.130634,76.21619
4.0,51.39879,23.791145,51.905666,66.285706
5.0,43.765736,27.732504,44.203197,54.225338
9.0,59.770855,25.745054,57.437702,85.81082
10.0,59.827118,27.777311,56.70259,86.06697
11.0,58.625767,25.940983,55.44341,85.38947
12.0,56.479355,25.451681,55.902527,85.940994
13.0,55.13189,27.667543,55.02185,75.90295
14.0,45.942677,22.223316,46.293583,67.31376
15.0,56.718224,26.85684,56.263657,80.310425
16.0,57.84618,28.053076,58.18125,78.71601
17.0,60.681156,24.85264,57.14044,88.15347
20.0,52.132923,34.787514,51.33222,60.518707
21.0,56.692886,25.017336,54.72558,85.96642
22.0,46.82915,25.549318,48.771217,71.17565
23.0,47.113743,22.030638,48.00788,74.62295
25.0,47.34032,22.959782,49.451107,74.71464
26.0,57.21768,24.856073,56.74526,85.62848
27.0,47.966156,22.238808,49.378387,73.72034
28.0,55.301285,33.71541,55.022877,72.53644
30.0,59.473835,38.893734,58.003643,72.44221
31.0,56.040333,26.727882,55.390892,77.74802
32.0,50.383587,18.574116,50.114918,75.928185
33.0,50.179302,28.029806,50.38164,66.30378
34.0,47.28434,37.057068,48.224785,64.06527
35.0,50.052197,23.247225,49.949028,67.37838
36.0,52.185944,43.24771,50.19937,65.92534
37.0,51.657097,21.806667,51.122814,67.54251
39.0,36.067535,21.764482,36.738045,49.44262
45.0,39.82444,26.883814,40.654743,48.893524
51.0,40.374546,24.750364,40.54637,48.261276
52.0,40.917732,27.59889,42.76683,51.773155
59.0,43.684036,22.5292,45.15487,61.562668
62.0,54.345173,23.260601,56.045746,72.07265
66.0,40.696526,23.950994,41.67897,49.10886
72.0,45.84643,34.115635,46.91449,54.61792
76.0,46.666534,27.643702,48.247833,54.914295
77.0,44.009,23.49955,43.504723,52.468315
79.0,40.877293,24.042562,41.419224,49.473316
81.0,39.811665,21.679514,42.01624,51.012024
89.0,44.288513,32.16002,45.601418,51.082832
90.0,63.783436,31.253437,59.327576,81.37973
92.0,55.55554,26.222672,56.619488,70.72747
94.0,50.57293,25.772312,51.610943,64.5785
98.0,35.258938,21.820211,37.914177,47.74956
105.0,32.8982,17.096558,38.78917,59.63431
108.0,30.430859,14.275535,37.803864,49.82307
109.0,45.97968,21.196867,48.84132,67.004074
110.0,45.278534,26.518957,45.851837,52.614506
111.0,57.78241,21.347227,55.883556,81.64256
116.0,41.10421,25.78362,40.294487,57.870472
118.0,38.15891,23.718544,38.94407,47.068375
124.0,54.88868,21.942919,56.866608,77.97448
129.0,50.24097,22.83932,50.87833,64.06806
140.0,42.273094,26.601608,43.203518,50.98888
142.0,46.59308,25.71568,47.768257,57.369446
146.0,44.37711,21.670696,45.892902,51.917225
148.0,56.865116,27.955585,58.060654,85.55025
160.0,50.543926,29.415792,51.171886,57.940075
172.0,36.164288,17.75313,40.347435,60.241688
176.0,47.2112,26.605698,48.336456,57.382645
178.0,34.241222,19.767275,37.25501,50.24381
183.0,37.994793,20.1399,40.53422,50.116684
184.0,43.263668,23.949251,42.909363,50.522175
193.0,54.680492,23.462145,55.439884,74.748215
194.0,43.18311,23.523735,44.079407,58.05891
216.0,47.716766,23.605545,48.06221,65.65645
218.0,47.85028,16.432158,50.59944,75.707664
219.0,46.349274,27.947817,48.583042,65.485214
221.0,56.345127,25.164995,55.098125,86.689354
222.0,53.055458,26.324013,53.04999,82.33441
228.0,51.0765,23.204435,54.76677,73.008316
229.0,49.51672,21.962976,49.581406,76.3028
231.0,49.3839,25.211681,50.713768,69.28286
233.0,41.017906,26.832966,41.67157,47.742325
234.0,42.740116,27.875193,43.758644,53.192978
238.0,55.623184,21.664143,55.554585,79.59043
239.0,45.71679,28.270994,47.345997,55.12389
240.0,43.52133,18.859371,47.031925,62.094948
243.0,43.953606,19.582275,44.400673,56.809025
245.0,57.011246,37.694725,56.102566,69.384575
246.0,58.772446,26.166744,59.35835,76.278755
251.0,51.37866,35.01953,51.909,61.833073
256.0,43.623394,27.068768,45.29878,50.412903
261.0,45.485558,25.213829,47.4376,53.870975
265.0,53.105244,31.73225,55.799866,69.70528
266.0,51.001896,23.07079,52.759937,65.37578
267.0,59.024246,26.302067,58.431046,83.858574
269.0,40.60107,21.308258,41.869877,56.941483
273.0,53.05578,24.713804,49.507065,77.29
274.0,53.666824,24.822071,51.065235,74.577385
279.0,56.68706,26.500525,55.653606,76.11833
282.0,42.3234,23.170977,44.65868,58.214386
283.0,49.767715,41.74093,48.074142,66.3859
285.0,55.536125,24.884962,54.51847,85.72544
287.0,46.074184,27.669413,49.270653,65.37763
288.0,46.718075,37.63796,49.637497,64.070496
289.0,46.074184,27.657242,48.704983,65.35361
290.0,54.890526,32.227375,53.98895,71.88131
292.0,48.59428,21.56329,50.745476,66.75128
293.0,47.619324,32.550945,49.045452,54.645947
294.0,42.440086,29.639996,43.101006,54.264095
295.0,42.93745,26.30874,44.594616,54.457317
297.0,39.832314,23.426992,41.879738,56.631344
309.0,61.839527,29.444914,61.76456,83.21861
323.0,46.01308,31.089483,46.383255,53.0511
325.0,42.612534,28.906157,43.479,48.101845
329.0,49.4402,24.807621,51.089767,66.0283
332.0,44.38474,22.695894,45.47984,63.02242
333.0,51.848118,35.86986,53.98638,68.31209
344.0,57.333733,36.078316,55.59007,69.36456
347.0,45.539253,33.18716,45.6834,55.846436
348.0,52.304073,23.154766,52.084827,73.37756
349.0,55.75579,24.619236,53.58644,85.41371
352.0,42.72577,23.410809,44.33181,57.049095
354.0,45.582275,30.7301,45.862045,55.32242
358.0,40.460712,19.10981,44.141857,54.77072
359.0,45.29856,22.017424,47.185658,66.45653
362.0,53.45776,35.55708,54.77436,66.1086
364.0,48.967464,25.859919,50.757355,62.701443
368.0,41.458214,16.688065,48.331806,69.92379
371.0,51.05425,35.888832,51.049606,60.496887
379.0,52.995182,25.57425,54.278385,71.65946
380.0,47.084423,21.674314,49.480595,74.813576
381.0,54.398323,25.509333,54.861095,79.058365
382.0,47.4026,22.396584,50.42597,75.15815
384.0,45.988087,36.44678,47.27984,52.50872
385.0,51.041935,37.486107,51.648293,60.622887
387.0,49.374725,35.062996,49.809196,57.659763
388.0,42.57451,21.981974,44.61455,57.642467
389.0,53.454624,37.83164,54.279198,65.86532
395.0,39.52712,25.719194,40.082607,47.48022
398.0,43.831158,30.914133,43.658268,50.444256
400.0,48.240166,22.417131,49.406345,73.650475
403.0,41.050045,20.156277,43.27059,49.299404
409.0,44.19816,22.431805,46.431046,56.69632
415.0,38.494717,18.9409,40.89589,48.134563
421.0,36.30995,21.2779,40.309788,59.257122
422.0,53.830143,23.633326,51.746243,76.95342
427.0,46.51697,24.49353,47.782795,54.965317
428.0,44.268703,21.046066,46.20417,62.84813
429.0,44.154716,22.29314,46.731167,56.354748
432.0,50.25101,22.370802,51.02021,78.38179
433.0,45.348457,20.159727,48.29465,68.92071
434.0,60.537743,28.788996,59.79222,77.82769
435.0,50.490906,27.024546,51.268356,76.20062
437.0,42.65473,21.01788,42.099964,53.29445
439.0,59.107506,25.5781,56.798504,85.28061
444.0,47.510044,33.546932,47.369125,60.086945
449.0,54.866207,23.946114,54.617947,80.56421
450.0,47.092037,19.32827,49.968906,77.38646
453.0,43.127575,21.113667,45.824196,56.732674
454.0,56.507263,36.758938,58.07469,69.82278
459.0,45.458984,25.574846,47.70298,54.648613
460.0,58.502686,32.836624,58.389717,74.05785
461.0,50.88474,23.959047,50.911552,70.7071
462.0,51.552284,28.15854,50.833923,70.3292
470.0,47.51955,23.681004,50.570618,59.13836
471.0,48.727955,30.387865,48.882347,61.487785
472.0,41.447037,29.238398,41.952267,47.950474
473.0,45.805084,19.745628,48.623573,62.952374
483.0,57.30451,25.7483,56.736237,84.54343
484.0,41.60358,25.649082,42.767906,53.978672
488.0,42.51599,22.280771,43.826057,59.26247
490.0,47.55486,22.729042,49.264114,75.76867
492.0,53.45807,33.35352,54.969875,68.93371
495.0,53.456203,21.612602,54.201668,76.99935
500.0,43.349342,27.67726,43.953026,50.706753
501.0,54.833733,21.920982,55.120373,82.91084
502.0,46.853764,29.51658,46.724476,64.48215
506.0,43.227814,26.161425,42.594997,50.641197
509.0,44.77691,28.549286,45.842846,49.732273
510.0,40.954784,18.530123,42.01959,60.98711
512.0,48.833584,24.42249,48.88109,59.928833
514.0,40.130184,18.720423,40.570805,59.081295
517.0,51.85,37.52396,51.62503,60.150833
524.0,50.392338,27.130745,51.55834,65.685814
525.0,50.744392,37.918133,51.211376,68.43852
530.0,51.688515,24.25105,55.554012,72.82789
532.0,37.866806,22.174467,39.73109,47.554314
536.0,42.30432,29.130451,43.079933,50.276978
537.0,42.315113,25.738102,43.128788,53.57855
539.0,44.700764,26.641901,44.963676,52.26428
550.0,44.42067,35.530453,45.412888,50.510868
565.0,42.91055,18.953186,44.7245,58.35528
571.0,46.87476,20.452497,48.87571,67.47355
572.0,48.791683,34.93818,47.90396,58.74589
573.0,41.946407,30.150513,43.457882,52.93185
575.0,57.122562,27.187347,56.15943,80.771194
576.0,53.726604,26.835342,54.84109,70.02838
578.0,36.420513,20.63555,38.41945,49.913006
585.0,51.595882,35.541027,52.681324,58.827934
589.0,46.67973,22.376902,46.33051,73.16411
590.0,55.007507,22.228605,55.14983,70.23209
593.0,38.64675,25.557217,39.602493,47.96639
596.0,47.367496,28.17595,48.379734,54.72298
602.0,44.1027,27.706322,44.310028,50.85783
603.0,50.45012,33.584957,50.50821,62.7281
604.0,47.22752,34.4777,48.789276,54.728107
609.0,59.994083,25.475824,56.91976,84.59838
610.0,39.228012,24.000061,40.93611,48.57382
615.0,45.753563,21.74602,46.987213,57.752274
617.0,30.921637,19.069138,36.627598,48.260647
619.0,44.826828,19.498652,43.25926,68.60622
620.0,35.30951,18.686167,34.98646,49.205185
621.0,26.965736,14.970817,30.366276,47.71325
624.0,49.230404,20.053492,50.554123,76.40876
625.0,45.3859,19.535831,49.427906,61.77479
627.0,48.12916,17.275434,53.86928,74.61242
629.0,41.679714,29.435171,42.885143,51.884888
630.0,44.23522,23.558996,46.61809,63.46889
632.0,46.695023,19.83277,48.931854,67.224915
636.0,37.447205,20.404655,38.39713,48.727562
638.0,37.30971,20.51557,37.96414,50.129154
639.0,43.626587,24.930912,43.665264,50.46524
642.0,40.8115,27.674793,40.371532,49.69573
644.0,46.668865,26.811165,49.144215,64.247925
645.0,43.24133,27.726568,44.52352,50.240547
650.0,59.34675,27.185741,55.294815,86.77736
654.0,51.258442,37.297134,51.469208,59.723957
655.0,49.40717,24.822908,49.913616,66.115364
660.0,44.760117,23.313652,46.42632,63.33379
662.0,51.91729,32.461735,52.6373,59.656036
664.0,54.10906,26.40308,54.17536,68.32585
667.0,46.950085,33.699436,47.41287,54.70696
669.0,47.75307,25.045982,48.390495,64.53145
672.0,59.827675,30.359362,59.549164,83.51419
673.0,41.703644,18.37651,46.37957,60.75139
682.0,52.444122,39.636658,52.219097,59.544937
684.0,47.94462,23.646858,48.76366,63.706276
692.0,48.383224,21.914768,48.295654,75.18534
695.0,48.593338,22.936625,49.58594,76.062904
696.0,40.349865,22.167204,42.0553,49.445034
698.0,47.975876,36.76348,48.373405,56.70072
700.0,45.16025,32.77777,45.619328,50.213688
706.0,51.27272,32.05357,51.504112,67.54546
712.0,46.31079,32.153847,46.190823,54.76079
713.0,52.254696,24.684734,52.482185,66.60366
715.0,54.972736,37.693974,55.44676,70.60192
717.0,57.34237,26.321613,57.18583,79.504005
719.0,46.64134,23.298672,50.49912,72.901115
731.0,47.760944,21.608757,45.430836,68.418144
734.0,50.049015,30.947794,49.089226,64.81511
735.0,47.82784,25.865908,48.02923,64.27836
739.0,59.05485,25.770262,57.30248,73.952675
743.0,44.83033,21.786057,47.41594,64.866806
749.0,49.542164,30.747221,49.170555,65.53908
751.0,48.013783,32.257244,48.646526,58.131477
764.0,44.175365,17.365171,49.59877,68.214745
769.0,56.862766,27.108068,54.686176,80.30045
771.0,44.263863,19.368073,48.368633,65.92715
772.0,52.073383,29.871904,52.434196,59.186954
780.0,43.145542,25.67489,43.732944,63.819496
785.0,38.878326,25.93069,39.653706,48.45265
787.0,44.280445,16.234327,48.12149,73.22017
794.0,48.499733,31.324541,50.040024,57.27101
797.0,55.024975,23.975254,54.200542,77.07698
801.0,56.703514,24.504778,57.1898,76.7439
802.0,40.117546,25.05803,40.692604,49.08005
803.0,49.438656,18.495337,51.05291,77.44525
807.0,51.38575,28.533142,52.14886,64.341095
808.0,53.335205,23.10174,54.898293,76.036224
813.0,49.75431,33.899063,49.675266,64.19903
814.0,51.38598,30.713985,52.053257,60.08343
815.0,50.30781,33.493847,51.232964,60.781612
816.0,45.77945,22.826164,48.44184,59.897385
817.0,46.236336,34.830486,46.968563,53.26972
819.0,48.25194,28.656471,48.810886,56.84923
821.0,42.958687,25.517687,42.869923,50.5651
824.0,46.701298,30.855797,47.97695,54.35267
827.0,48.629288,27.857086,50.8522,64.31514
828.0,38.907063,26.238499,39.982895,46.35688
832.0,60.08627,34.640522,59.508762,76.6618
838.0,42.48688,27.60383,44.064434,57.14568
839.0,57.984093,28.037233,57.056187,82.74426
843.0,38.661156,17.644955,46.935978,62.61694
846.0,52.543056,34.608456,52.223717,68.604996
849.0,51.52796,19.259823,51.318188,68.88739
851.0,50.625755,21.701962,53.730118,75.08894
854.0,52.300518,24.301014,53.290863,81.731964
862.0,52.03318,33.799545,51.876083,68.426315
866.0,48.974857,29.235214,49.99519,59.48171
870.0,44.990482,33.52699,45.89224,49.419807
872.0,43.11913,31.225822,43.57141,49.38318
876.0,42.503445,21.839834,43.54808,52.57589
878.0,50.856995,32.913944,51.072876,64.29507
888.0,43.342525,29.10249,45.467808,48.915146
889.0,51.275997,32.791492,51.280052,64.66695
891.0,37.492626,21.1216,36.83944,48.91709
895.0,53.65675,24.711763,51.083664,75.62562
897.0,52.227646,24.188902,51.263412,66.75351
899.0,44.78101,30.590187,45.249947,53.369087
903.0,47.690388,33.878155,49.442226,57.74706
904.0,49.061184,29.442091,48.787567,58.692703
905.0,61.995502,31.241316,60.84616,82.94403
906.0,63.764786,29.107458,61.34905,82.51977
908.0,56.685616,33.364616,56.161346,69.540924
909.0,50.807068,24.18881,52.69828,78.7676
911.0,57.483875,35.704292,56.87517,66.12513
914.0,43.745922,27.165216,43.75417,50.076504
915.0,56.574993,26.237297,54.51337,85.87048
916.0,34.86041,22.150652,37.82647,49.940132
918.0,43.34008,22.827349,44.558746,60.209476
924.0,44.583202,26.532553,45.485374,65.449585
926.0,41.55352,27.153913,42.34893,46.54179
935.0,52.850464,23.68677,53.285095,72.90135
941.0,54.580505,34.134445,53.818413,68.384766
945.0,51.730843,31.340347,52.01856,59.508926
950.0,41.126686,26.277014,41.508465,49.977646
952.0,55.725037,39.64243,55.549725,71.269806
953.0,44.324646,21.676725,46.471104,56.070415
957.0,46.260197,30.975306,47.03447,52.85311
963.0,55.886925,22.527243,55.95781,80.51437
972.0,43.22423,28.04621,44.199924,52.23917
974.0,43.937626,29.414028,43.984135,50.976513
978.0,44.864075,28.8179,46.192715,65.261604
994.0,48.163574,39.125027,48.200695,57.00252
997.0,45.290066,35.23436,46.611256,52.879116
,39.468403,23.953272,40.422626,48.353233
1000.0,55.929058,23.353952,55.520084,80.60752
1005.0,44.24328,25.478052,44.478046,67.74734
1006.0,42.621056,22.14548,43.813103,65.45847
1012.0,50.978134,39.479244,50.328663,66.85594
1014.0,49.161472,39.626244,49.587837,54.578285
1022.0,40.69166,26.489708,40.499886,50.7917
1024.0,46.788216,29.598595,45.60073,57.280025
1028.0,41.361206,24.74547,41.08545,54.52017
1031.0,44.09763,21.436796,44.919586,53.705715
1033.0,48.725864,19.515123,48.723164,75.862564
1034.0,56.29731,35.527424,56.534115,76.87572
1039.0,31.578163,20.014894,34.39254,48.6468
1040.0,43.872944,28.514545,45.08574,53.39757
1046.0,54.165657,28.328247,52.13593,76.36853
1048.0,47.848698,24.287785,50.991253,61.351032
1057.0,48.975033,32.24735,48.171806,59.130604
1060.0,43.453087,31.02476,44.239895,49.370064
1065.0,42.666653,31.502832,43.20969,51.299118
1067.0,49.957653,37.317974,50.576397,57.47273
1077.0,47.064617,23.161188,48.464947,66.28719
1089.0,42.235386,26.639,43.139442,58.834747
1092.0,48.23211,23.623686,48.8585,64.092636
1096.0,45.45149,35.6677,46.630043,57.71403
1098.0,52.147167,39.906063,51.031704,66.10343
1101.0,50.449142,25.072515,51.56094,75.55817
1102.0,50.19193,30.396059,51.548386,63.434372
1107.0,46.152977,23.242615,47.529682,59.7498
1108.0,48.559887,23.02933,48.16224,66.14228
1110.0,45.27171,21.09575,45.99704,64.70486
1115.0,51.29078,30.158102,51.383427,58.025322
1116.0,41.690075,24.438892,42.23533,56.149094
1118.0,46.28675,22.161236,45.43744,68.91102
1121.0,44.053608,20.573568,44.840572,57.174015
1125.0,52.268524,25.833546,52.816093,75.98646
1130.0,49.175713,37.47421,46.87284,69.72417
1131.0,56.023376,26.550196,56.383522,77.78016
1135.0,53.0385,20.773262,55.372833,74.7128
1137.0,46.419727,26.85748,45.02964,65.61264
1138.0,54.07449,24.519701,54.36368,81.81708
1139.0,57.3913,27.678038,55.708744,69.48607
1149.0,39.2962,25.495625,42.169666,54.75986
1151.0,56.956173,25.852915,56.653713,79.67023
1157.0,46.677418,21.350088,48.110023,64.876755
1160.0,51.780045,24.06998,52.81105,72.46872
1164.0,35.847614,17.196735,43.706158,65.65031
1167.0,44.63935,28.59652,46.022545,59.0831
1171.0,47.393887,24.792181,48.314873,67.045204
1176.0,38.989574,23.842031,39.82172,53.94155
1179.0,39.31321,21.869974,41.34362,55.0339
1180.0,56.77106,26.730646,56.085815,73.578964
1181.0,46.015938,31.38655,45.561466,69.344864
1183.0,54.994358,31.645546,53.395752,68.434135
1184.0,57.255028,20.47562,58.099262,81.46875
1185.0,53.120113,20.75554,52.59262,77.60084
1189.0,42.621273,19.902105,42.83432,72.37029
1193.0,39.108585,19.837885,43.078373,70.257355
1196.0,45.81085,33.423115,46.491177,57.305103
1199.0,50.710262,23.313467,47.38829,68.42628
1200.0,51.81811,25.197866,53.550716,76.32651
1203.0,57.66663,33.115784,59.354347,80.18436
1205.0,49.39366,31.561848,50.97885,65.12121
1206.0,43.132786,22.425001,44.95013,59.54631
1212.0,58.622448,31.470043,57.795994,77.01627
1213.0,46.694103,28.227144,46.4349,66.19756
1214.0,46.18953,17.727398,50.16609,75.05492
1231.0,54.49636,38.710297,55.02924,69.18467
1232.0,52.395256,31.266031,53.082333,66.48733
1233.0,42.88615,26.036789,43.666428,63.985188
1235.0,42.9464,25.038124,44.05736,65.02983
1239.0,50.591198,24.466774,47.885048,68.62977
1240.0,46.20661,22.191822,46.33304,67.2792
1242.0,48.30391,33.24532,50.105267,65.13774
1245.0,59.242504,24.529867,55.39592,79.25715
1248.0,46.45303,24.98921,47.747536,55.43395
1250.0,42.00965,24.724669,42.515003,51.894592
1258.0,29.887877,18.46036,32.611355,47.308067
1259.0,40.71742,19.46415,42.721886,50.10645
1263.0,52.589947,23.016514,54.880184,65.31994
1266.0,31.144735,17.928574,34.783386,53.74719
1268.0,46.14729,21.251589,45.307304,68.776505
1270.0,35.750084,17.408825,40.03849,62.12053
1275.0,44.311295,28.194826,44.485123,51.971283
1277.0,54.30037,30.033752,54.4468,64.31175
1282.0,55.793148,29.278063,55.628254,69.90548
1297.0,47.06591,27.19508,48.69396,54.00476
1300.0,46.987392,33.42703,47.596127,57.640488
1306.0,49.937912,26.699793,51.87803,60.06596
1312.0,44.82849,31.353561,45.0725,64.8589
1314.0,41.630432,22.03616,41.58141,50.514633
1320.0,51.264973,26.264397,52.327244,69.553345
1321.0,44.485107,22.10552,46.836704,65.06713
1322.0,56.967613,29.179825,55.8638,76.39214
1324.0,48.240166,22.417131,49.406345,73.792915
1325.0,45.7611,31.716969,46.68043,53.049397
1330.0,43.149174,22.569614,45.785587,56.70595
1331.0,44.179005,21.174807,44.119427,68.08201
1338.0,55.01628,34.31869,54.37843,67.73086
1340.0,57.534145,28.178131,56.491573,74.35889
1342.0,47.807034,23.838255,48.292435,64.13587
1348.0,43.84373,23.817078,44.045246,51.70068
1350.0,43.68286,23.488062,46.009262,58.042587
1356.0,39.2385,24.53428,40.339516,48.26067
1362.0,37.292156,20.591568,38.28416,49.651836
1363.0,45.02594,27.952951,45.14491,52.710304
1366.0,40.042057,19.880625,41.226143,50.51634
1368.0,49.3375,28.047842,52.172985,59.35665
1382.0,54.468666,26.357689,52.67314,76.8433
1384.0,54.052345,24.179127,52.66314,80.02972
1385.0,54.285065,20.058943,55.924797,72.31443
1387.0,50.67511,23.732159,49.95885,77.48624
1396.0,45.364952,22.851692,45.92216,70.70958
1399.0,40.858463,22.673552,42.483585,51.511753
1401.0,55.49845,23.814077,55.07222,78.825195
1402.0,39.957653,21.44289,40.673622,49.818085
1408.0,41.581554,26.837269,43.03181,48.42199
1410.0,44.450146,33.32101,45.71387,51.766644
1412.0,51.49045,28.933361,53.26442,64.58872
1413.0,35.146893,19.865095,37.06899,47.42408
1416.0,43.251705,22.584183,44.682365,64.755936
1418.0,43.688793,31.355898,44.97012,52.39564
1431.0,49.68276,36.91427,47.781864,59.85516
1435.0,29.718164,17.215734,33.26052,56.69075
1436.0,47.73547,28.471178,48.23155,54.796837
1442.0,44.829784,20.564056,46.559013,54.080444
1448.0,47.392914,22.410818,49.36844,59.07809
1449.0,46.216686,22.40164,46.292053,67.396324
1450.0,56.76574,33.55885,56.020798,78.118614
1452.0,45.884087,22.751589,45.015045,67.21028
1453.0,30.793358,17.845556,33.617157,56.506355
1458.0,36.601505,18.88454,40.13526,58.19362
1459.0,58.727047,25.41727,55.00797,80.58926
1461.0,44.98559,24.138798,45.460247,57.855236
1463.0,41.097115,27.876654,42.048347,47.948563
1468.0,44.29332,21.354122,46.411686,53.757637
1473.0,36.222343,19.583172,37.098972,46.24835
1474.0,55.133343,36.599762,54.298725,66.55503
1485.0,43.061752,23.951807,42.85182,51.699112
1488.0,35.893456,18.710094,36.84886,46.585423
1489.0,45.815495,24.896593,45.075462,68.037735
1492.0,25.193737,16.279451,26.499582,47.615417
1494.0,43.070347,25.49673,43.742344,48.55059
1497.0,40.265316,23.470133,39.2546,49.050915
1498.0,45.442654,20.810541,45.781178,68.990944
1499.0,37.14127,20.776703,39.479748,51.886684
1502.0,43.222786,27.495724,43.609783,49.627094
1512.0,42.018353,24.443794,42.669346,50.858288
1514.0,29.20823,15.526826,31.673708,47.337383
1516.0,42.435375,24.96662,41.327885,49.852604
1518.0,47.61597,17.267838,51.164112,70.00403
1523.0,40.671406,24.665565,41.550396,49.017952
1524.0,40.239147,22.325161,42.374214,58.25485
1534.0,47.918037,37.687687,48.482346,57.063572
1535.0,45.738827,28.764864,47.47903,66.64198
1544.0,45.53558,30.376925,47.317238,56.16156
1549.0,51.997246,23.660603,52.177567,66.996704
1550.0,37.250805,18.918121,38.04023,46.700066
1551.0,42.84564,23.59897,44.22682,57.746876
1553.0,52.55032,35.237644,54.05817,70.23382
1554.0,46.14379,23.632696,48.53256,63.187176
1567.0,40.884743,24.19926,41.51248,49.17592
1583.0,32.126564,17.082088,36.53086,49.85635
1584.0,33.595055,18.088614,33.915092,46.01994
1585.0,42.984207,30.432856,44.495358,48.091934
1610.0,38.58526,23.462238,39.928734,47.703716
1614.0,40.72832,21.118631,39.841965,50.1559
1615.0,36.695312,20.124561,36.507786,50.012997
1624.0,51.997246,23.870567,52.501213,67.026566
1626.0,30.07189,15.9548025,31.495161,47.083416
1629.0,43.280506,25.343004,42.301273,57.893776
1632.0,34.872818,18.840082,38.15781,47.15499
1642.0,40.640793,23.371094,41.493313,48.74665
1644.0,42.077633,27.968481,43.751545,51.138577
1646.0,38.944965,21.28253,40.0757,47.927437
1649.0,41.937363,24.648277,42.85447,50.964985
1652.0,38.67613,21.478714,39.580303,50.82812
1655.0,42.86053,23.522839,43.673428,51.53961
1674.0,35.926815,20.105259,37.155293,51.115868
1682.0,44.660755,18.877901,48.11737,70.80693
1684.0,42.172974,23.741314,42.848156,57.136353
1686.0,47.9002,30.083,48.5999,62.207233
1690.0,38.768463,24.272005,40.71494,48.455948
1692.0,45.506104,30.280233,46.042774,54.79258
1693.0,50.140995,24.775183,47.8332,67.211685
1696.0,47.60688,38.82285,47.81881,54.661453
1698.0,34.55932,20.213137,36.10468,49.64048
1700.0,49.627697,34.45975,49.029892,59.07188
1703.0,38.49485,21.725683,37.426216,52.673496
1705.0,32.136578,18.053928,34.782906,46.42219
1706.0,38.172775,23.068829,40.50053,50.02119
1707.0,38.24919,22.278177,38.16582,51.18732
1709.0,51.82129,22.076801,51.81571,72.25002
1710.0,36.76947,21.19081,38.591652,45.697426
1712.0,50.192547,26.063202,51.31174,66.50149
1718.0,40.983147,19.803368,41.718277,56.789867
1721.0,38.95394,19.905235,38.593254,48.841087
1727.0,41.808067,24.854433,43.56821,61.254063
1730.0,49.953697,33.45489,51.787056,65.18678
1733.0,34.211662,20.292036,35.7434,47.84719
1734.0,27.56831,17.612299,28.759243,47.191605
1736.0,39.516773,22.540184,39.779938,47.847977
1742.0,44.37766,30.985168,44.548332,51.630512
1747.0,38.820366,24.436138,40.085365,47.584324
1748.0,42.392616,27.142307,42.190998,48.306927
1749.0,43.86249,30.602184,44.21093,54.226265
1753.0,48.261456,22.181898,49.288548,68.3958
1762.0,47.929165,22.546007,48.276115,65.751816
1763.0,40.98839,22.329325,41.796528,58.092945
1764.0,48.695377,31.165953,50.056133,54.913612
1765.0,41.169247,29.022581,41.51046,50.62788
1773.0,44.325874,21.899782,46.314976,66.05348
1775.0,39.002907,19.17075,41.28626,52.50917
1777.0,40.496178,24.422606,41.13017,51.25008
1779.0,34.730976,19.007893,36.17806,46.734917
1784.0,25.721954,16.53345,29.11068,46.834866
1789.0,43.030327,19.53542,47.297096,62.678425
1796.0,52.631126,25.119263,52.725132,81.42612
1803.0,46.075397,25.726866,47.96357,67.136696
1808.0,41.657795,27.932236,42.63164,55.888927
1809.0,40.738194,22.669748,42.83842,54.192097
1811.0,35.997055,20.050638,37.80291,49.004284
1814.0,39.933292,21.141342,42.084576,50.905632
1815.0,42.710114,23.215559,44.0979,64.52144
1817.0,40.25276,23.576372,41.521275,49.191025
1818.0,36.805275,21.335608,38.151203,48.370552
1819.0,35.67979,18.542671,36.78914,46.23995
1823.0,24.728645,16.369673,26.037075,49.170403
1828.0,35.273212,17.61063,40.84783,61.054657
1830.0,53.078358,21.992573,52.951546,76.13096
1832.0,47.82506,22.04869,48.76921,67.44708
1834.0,46.795536,30.175539,47.266445,65.02889
1835.0,37.60526,20.084003,39.017075,45.879105
1837.0,47.004265,26.188654,49.58546,67.5896
1841.0,44.561203,21.947851,45.99527,52.539665
1842.0,56.04419,24.671406,54.32611,73.82561
1846.0,28.967558,18.95826,29.291191,47.264877
1847.0,35.323456,21.646385,35.62534,55.942177
1848.0,40.343773,24.968174,40.084484,47.58268
1850.0,33.317192,19.211683,33.90461,47.324993
1851.0,46.39754,21.585167,46.82299,66.41006
1853.0,45.210976,20.583199,47.947037,73.31238
1854.0,48.832935,25.087408,46.232025,67.02058
1856.0,42.858265,23.957865,43.673977,52.582066
1858.0,31.948853,20.974552,31.016218,48.17605
1859.0,38.064186,18.393045,44.04856,65.66274
1860.0,39.519566,20.077372,40.774685,47.81631
1862.0,38.344116,21.42216,39.061428,48.789444
1863.0,56.45135,38.547924,56.40626,70.05063
1866.0,40.422333,24.314207,39.188908,49.69776
1868.0,41.584194,26.336536,43.031445,52.080093
1871.0,50.002537,36.048584,50.87334,63.650948
1873.0,39.003006,22.288317,40.516483,48.048454
1874.0,40.992935,18.764605,38.846554,60.23997
1875.0,37.282795,20.796549,38.451088,50.85578
1879.0,37.068314,22.623678,38.094486,51.154537
1881.0,35.612114,20.821291,37.219185,48.238407
1888.0,38.94775,23.108131,38.60655,49.12436
1889.0,36.91974,19.542154,37.966236,47.55371
1890.0,32.049465,18.098871,33.722088,46.918896
1895.0,36.18986,19.157381,36.754314,48.148888
1899.0,37.869385,20.912512,39.56472,49.097973
1900.0,48.757652,22.698706,47.793636,67.19788
1915.0,49.114174,22.318233,49.552902,74.62727
1919.0,30.066648,18.452658,33.22223,46.874767
1922.0,38.841885,18.783928,38.73325,47.793022
1925.0,40.431503,24.010712,39.460636,50.99394
1927.0,31.423922,19.564432,32.33827,47.21898
1932.0,43.05737,22.125757,45.017357,65.500305
1934.0,45.187008,29.056759,46.374786,55.590878
1935.0,40.774796,24.53118,41.837433,53.128067
1943.0,38.3381,19.958685,37.968765,46.982777
1944.0,52.57152,18.134466,54.601143,75.1748
1947.0,45.7922,34.42429,46.07691,52.05569
1951.0,43.81499,26.846943,45.627342,51.082317
1955.0,39.351467,22.759296,39.457367,52.88702
1958.0,45.40041,25.658726,47.191486,64.14901
1959.0,44.562244,26.2275,46.169147,52.856773
1961.0,53.92858,21.844746,56.23103,80.08937
1965.0,28.624254,17.780678,29.909565,45.99052
1967.0,33.865772,19.90582,35.18004,49.418144
1970.0,45.34881,25.513763,44.676075,71.00847
1974.0,35.28527,21.438957,36.68431,48.096344
1975.0,36.95067,19.994783,37.411907,49.26168
1980.0,41.925617,19.607134,38.779945,59.722614
1981.0,46.09761,18.79433,48.797886,70.842155
1985.0,44.805546,23.673967,45.339096,59.014694
1988.0,56.063396,24.027418,55.11214,79.59759
1991.0,33.186886,19.90128,34.375362,47.42348
1993.0,42.619267,29.183773,43.400986,53.016285
1995.0,33.82575,18.557497,34.907814,55.196186
1996.0,42.063904,19.962534,43.028538,65.90044
1998.0,35.918056,21.86199,37.29823,46.751644
1999.0,42.17547,29.774963,42.245613,47.418324
2001.0,34.37732,19.751446,35.346996,57.70873
2003.0,50.140995,24.775183,47.8332,67.21401
2006.0,50.792435,27.8353,50.85374,64.4631
2007.0,41.981586,19.037045,39.321407,67.31101
2008.0,39.201035,23.325918,40.955788,49.226803
2011.0,28.94002,19.211063,27.196505,47.749664
2013.0,42.370724,17.367887,47.249096,70.170364
2014.0,30.226185,17.44948,28.569262,60.947685
2015.0,29.116919,18.77853,29.92942,48.642178
2021.0,35.329346,17.889854,33.583084,50.878487
2023.0,34.066357,18.119995,34.024323,50.072033
2031.0,45.81104,30.331112,47.105843,55.87074
2035.0,56.21146,39.325027,54.65871,70.648026
2037.0,36.481968,20.822714,37.777725,50.044655
2039.0,35.14421,17.376425,41.40126,62.946384
2041.0,41.990982,25.448582,42.751553,53.984005
2043.0,45.946095,33.908062,47.359634,51.564053
2046.0,36.457443,18.359953,36.544365,48.590057
2048.0,26.420265,16.865147,32.664875,57.620125
2049.0,28.858885,19.06416,25.131506,47.64965
2053.0,52.878487,32.4353,52.820004,66.056435
2054.0,22.430676,16.233826,25.619623,47.519928
2058.0,42.372833,21.673717,42.353382,64.91867
2063.0,57.848766,30.144508,57.472027,78.175835
2066.0,40.439472,23.302942,41.52845,49.429626
2067.0,37.559483,23.402655,39.060566,48.695255
2072.0,49.12425,22.746496,49.545586,74.637115
2073.0,54.890568,36.726982,54.18583,71.32373
2076.0,49.236588,22.448587,50.28301,76.985245
2079.0,54.263096,33.015945,56.18035,69.18926
2085.0,48.240166,22.408705,49.25788,68.51309
2086.0,49.025337,23.271338,48.527756,63.691376
2087.0,36.972786,20.966133,38.65967,48.385826
2088.0,44.25159,21.81846,45.664528,58.95974
2090.0,46.822285,23.82619,49.571964,65.759735
2094.0,44.556335,23.556547,44.402977,57.66862
2101.0,39.247406,25.879238,40.188416,49.673042
2113.0,37.48814,19.49024,38.251434,59.16798
2118.0,44.006653,30.396978,44.91161,53.010334
2126.0,28.372433,17.484917,31.03886,47.62486
2129.0,45.58215,18.625114,49.31282,69.82772
2131.0,37.89891,18.117071,37.607857,56.81269
2132.0,37.461933,19.762606,40.754326,51.459263
2138.0,39.849667,22.066122,40.10138,52.91808
2139.0,41.47972,26.351381,41.775158,50.454346
2141.0,44.68528,22.208843,45.08604,67.009544
2144.0,53.076065,32.265438,52.860867,67.239
2149.0,45.1642,18.649498,49.98147,67.89824
2152.0,42.967087,24.478708,42.78617,50.29254
2154.0,42.01149,18.879763,46.036785,62.82742
2159.0,56.433147,34.12498,56.39132,69.94642
2160.0,40.674004,19.274261,40.00833,60.995155
2166.0,49.157753,27.250313,51.557365,65.72834
2167.0,25.92335,17.48736,28.053816,47.609077
2168.0,23.347948,16.530928,28.08928,49.499527
2169.0,34.480743,18.544693,35.397697,46.97174
2170.0,30.383974,18.204798,31.866652,46.763687
2177.0,49.093647,18.150936,49.879646,73.85856
2179.0,54.92257,23.77712,54.415714,72.64554
2181.0,54.68008,27.259926,54.27431,72.52723
2187.0,35.695595,20.8063,37.16096,46.75597
2192.0,38.04227,20.960638,38.56537,55.57371
2193.0,31.42972,19.672134,31.733446,49.601376
2196.0,43.270508,24.290714,44.231586,49.221317
2198.0,50.13035,21.631886,50.74091,72.38653
2206.0,41.757877,21.774902,42.161713,53.37532
2220.0,43.639484,22.46287,44.48366,60.311863
2225.0,42.68683,30.247322,42.086514,49.61042
2226.0,37.667168,18.394512,37.57539,58.123783
2230.0,53.432186,25.442438,51.60233,70.35487
2235.0,33.093727,20.522774,34.36458,48.03971
2236.0,37.758835,22.709595,38.791306,47.519157
2237.0,29.333796,17.365046,32.157146,47.15884
2239.0,46.782597,21.575626,49.482327,67.26051
2242.0,50.265594,30.376665,51.473454,65.507805
2244.0,26.181747,17.287107,28.785952,47.53729
2247.0,35.62557,19.12671,36.22599,50.498566
2250.0,34.99841,20.040863,36.806698,56.60895
2255.0,44.154366,23.945515,46.37299,57.439537
2258.0,51.748795,33.478004,51.400795,68.11146
2259.0,32.16181,18.715847,33.519245,48.342934
2262.0,34.091484,17.986393,33.386868,55.2668
2265.0,39.634655,22.558392,41.35369,50.49786
2271.0,48.379864,33.353794,49.09563,56.3117
2274.0,44.947155,18.238445,47.22933,69.42093
2283.0,27.971714,17.171396,29.333004,47.140083
2285.0,47.56241,34.210876,48.74677,55.94729
2287.0,52.109688,27.211666,52.404495,74.55435
2290.0,41.18452,28.63493,41.411087,48.03803
2296.0,32.6312,19.801067,34.7504,49.33274
2298.0,37.975014,18.044437,37.328022,58.969166
2308.0,33.22341,20.693222,35.457024,55.15225
2311.0,36.97147,19.641176,37.173763,47.87156
2318.0,29.129314,17.191774,31.456396,47.249382
2321.0,30.359848,17.222942,31.478283,47.162033
2323.0,36.79625,23.642004,37.48992,48.302204
2330.0,41.418148,21.397745,42.648624,52.126835
2335.0,41.24411,18.503681,42.80858,50.524452
2339.0,26.834606,15.336677,30.751842,46.5409
2341.0,25.75193,16.997252,29.076817,47.28416
2343.0,38.177734,18.098364,37.65708,58.010464
2348.0,39.981388,18.936682,41.51694,50.23741
2349.0,43.140152,23.24342,43.43378,65.16335
2352.0,43.42643,19.807278,46.12589,65.17108
2356.0,35.16913,18.733105,38.276577,58.843
2358.0,31.756655,19.511278,28.5506,52.835506
2361.0,28.945194,17.899227,31.070496,47.946472
2363.0,25.527771,16.878439,27.68945,47.317257
2364.0,40.00934,22.486961,41.094135,53.26742
2365.0,29.79853,18.478188,31.788286,47.214134
2369.0,38.996975,24.697401,41.34511,50.80608
2370.0,33.22555,20.31327,35.007748,47.787178
2371.0,34.122334,20.297014,33.074135,53.494366
2372.0,30.426035,18.54229,32.543472,47.204235
2378.0,32.531918,19.28013,32.108517,56.681267
2379.0,31.761972,17.139664,34.21347,46.236744
2381.0,29.724817,17.893478,31.807407,47.272057
2385.0,49.506054,30.705702,47.78758,62.453472
2386.0,42.994278,20.868483,43.969864,51.437
2387.0,28.493439,17.927074,28.52944,47.23784
2397.0,34.753906,16.792833,36.902775,60.936653
2399.0,31.124685,16.441257,36.504124,59.447693
2402.0,44.525696,27.896673,44.965588,50.817146
2404.0,44.84928,28.384045,45.309593,52.25675
2413.0,53.68524,20.791441,54.209625,80.78274
2415.0,43.021164,26.909565,44.0082,49.842983
2417.0,48.10711,33.266315,49.462524,68.23046
2418.0,42.68036,17.153318,47.356216,67.27339
2419.0,41.858997,29.634134,42.176964,53.645954
2420.0,49.014496,31.667786,50.16853,60.759075
2421.0,46.1852,23.708893,48.339806,58.583195
2422.0,37.09102,21.165388,37.2177,49.346878
2423.0,44.795418,21.84044,47.424484,58.83789
2424.0,55.538876,31.013994,55.854862,70.10504
2428.0,37.098263,21.596905,37.926006,49.34434
2429.0,54.92892,36.089336,54.165085,67.98146
2433.0,55.11575,22.888788,55.02501,73.13333
2434.0,51.034683,38.05685,51.037148,61.08577
2435.0,44.868607,23.293667,46.27442,56.777477
2436.0,39.56576,24.240686,40.524055,49.972595
2437.0,51.51917,23.24176,52.781452,68.16949
2438.0,44.124866,33.66488,44.24409,53.512608
2440.0,40.240044,25.085434,40.726856,49.247593
2445.0,40.092567,19.24236,42.146236,67.054535
2448.0,36.702824,17.194277,38.975273,62.06184
2451.0,33.49636,21.147633,34.22886,47.385426
2455.0,26.205772,16.142292,29.724361,47.12065
2456.0,30.781044,16.285177,32.203327,47.685352
2457.0,24.838337,16.636797,27.041323,47.948315
2459.0,41.220097,22.673126,42.118748,49.8989
2467.0,38.900337,18.612194,39.63524,50.280067
2471.0,29.342548,18.92421,26.870205,49.53111
2475.0,49.523563,26.870466,51.604183,62.58745
2478.0,52.680573,33.805595,52.594074,70.86133
2481.0,47.40905,30.98338,48.357178,58.614544
2482.0,49.782898,32.110405,49.812748,68.3062
2487.0,41.984676,28.843502,43.56443,48.665894
2488.0,44.8961,28.285793,46.2659,62.375008
2491.0,44.483746,18.192083,47.953968,68.30062
2501.0,39.52859,16.510399,44.856606,69.99003
2504.0,25.600111,17.955212,28.038967,48.39999
2507.0,40.702316,16.833555,46.257236,63.277435
2509.0,28.764177,17.349722,28.493906,49.00333
2514.0,29.314821,16.884117,31.385675,47.338795
2520.0,30.038208,18.47027,31.876438,46.801945
2521.0,30.785955,16.576128,33.48267,46.855736
2522.0,32.71039,17.264639,34.887867,47.29672
2525.0,40.311222,24.290474,41.195076,48.676872
2526.0,29.584364,16.99246,31.954746,47.608402
2527.0,27.504034,16.399147,29.38918,45.88802
2533.0,37.918564,22.181784,36.64637,49.124348
2534.0,29.139164,16.740725,30.86464,52.926365
2536.0,25.134573,15.492584,24.673857,46.4305
2537.0,29.554235,17.324463,32.111614,47.443035
2538.0,27.951418,17.005388,31.962463,45.768597
2545.0,31.49819,16.97178,34.949932,47.0209
2549.0,26.237425,14.9991865,29.863403,45.755512
2551.0,49.15292,28.589012,48.686172,66.58023
2553.0,34.658157,18.567596,36.861137,54.325954
2554.0,37.289303,22.387657,36.93995,48.68384
2555.0,41.644844,29.174152,41.440384,48.813393
2556.0,45.983025,22.271875,46.296185,67.283455
2557.0,40.3732,26.532326,43.438965,50.28545
2558.0,29.294422,17.001877,31.696688,46.602356
2559.0,34.406017,17.00832,36.337612,46.40831
2560.0,54.538616,38.99498,52.60348,64.675255
2563.0,40.043312,22.24646,42.65946,57.565315
2564.0,30.574093,17.890108,32.268154,47.36652
2565.0,35.5983,20.15898,37.46874,56.16159
2566.0,55.79953,26.682562,54.497543,78.47977
2567.0,50.02504,26.943064,51.515354,75.09331
2568.0,27.19054,16.629803,32.526455,52.06692
2569.0,32.81072,20.195763,35.078915,48.193638
2572.0,21.146967,15.535916,26.478611,57.35378
2573.0,33.98559,17.779457,40.482243,55.62189
2576.0,28.501556,17.594263,30.389027,47.56031
2577.0,21.924496,14.646144,25.303894,46.83364
2578.0,31.232227,18.29613,33.147514,54.777245
2580.0,30.422651,16.652895,35.823566,48.66944
2581.0,39.33851,21.664352,41.972004,51.581364
2582.0,33.715603,17.892923,38.803146,50.383972
2583.0,46.216686,22.40164,46.292053,67.396324
2585.0,35.373104,16.87895,37.42449,49.53394
2586.0,40.48508,19.255178,40.875095,49.73979
2588.0,28.84324,17.602432,31.85023,47.231583
2591.0,27.773388,15.857402,29.825333,47.60083
2592.0,37.44949,20.723452,39.891262,49.808266
2593.0,34.274677,18.450268,35.954025,48.154385
2594.0,29.296812,17.320282,31.615477,47.21447
2595.0,36.670544,20.775255,37.770702,48.392376
2596.0,25.664978,17.526207,24.363153,48.71287
2597.0,27.991838,17.886663,28.756212,45.945637
2598.0,27.385227,17.070354,31.67131,53.89799
2599.0,37.679733,16.556057,39.09455,55.542747
2602.0,38.914646,21.530846,41.344593,51.347813
2604.0,34.94918,18.723202,37.172653,48.727448
2605.0,39.145332,20.212357,39.531258,48.73601
2606.0,32.906796,17.301426,35.364433,46.81536
2608.0,34.101936,18.577637,35.410824,46.733353
2609.0,36.052177,18.945219,36.58501,49.27691
2610.0,31.831202,18.432533,31.248888,59.182476
2611.0,28.334791,16.407972,30.244194,46.619358
2612.0,33.660137,17.30607,35.983112,61.13889
2613.0,29.348583,17.84679,32.067738,47.83843
2616.0,35.61004,19.233067,37.234447,53.932377
2617.0,29.517206,17.211329,31.269009,47.237144
2619.0,38.99737,21.930826,41.422302,57.682613
2620.0,31.438465,18.168123,34.37972,57.632187
2622.0,29.318056,16.015934,30.753637,47.231503
2623.0,35.553978,17.517162,36.669445,61.565075
2624.0,33.58996,18.033663,36.69312,54.167534
2625.0,30.295322,17.048494,33.27087,47.531574
2629.0,37.650368,21.034159,39.69375,57.24088
2630.0,39.486782,21.943703,41.956078,51.07671
2632.0,44.61422,24.157701,44.482002,51.856625
2635.0,36.416183,17.488132,42.72257,60.060345
2638.0,32.571304,20.241852,34.739124,48.09715
2639.0,31.971424,15.794795,35.060986,47.624134
2640.0,29.334593,17.927185,31.895027,47.32694
2641.0,38.64953,21.083075,40.077114,50.301037
2642.0,31.315823,19.709158,34.783764,47.80421
2643.0,34.56338,19.01611,34.34307,47.605106
2644.0,32.284725,17.97614,34.62287,47.551105
2645.0,31.657972,19.855227,34.585396,47.381943
2648.0,44.415745,25.374163,44.538166,51.992855
2649.0,32.570984,17.239994,36.283344,59.453724
2650.0,39.639202,21.795296,41.300003,55.496887
2651.0,40.347046,25.751974,42.818848,50.421886
2653.0,43.20703,28.32077,46.4,52.830315
2659.0,55.748573,35.585396,56.03569,65.04565
2662.0,40.633987,22.111376,41.6726,58.078823
2665.0,51.877205,25.029837,53.09772,67.62348
2666.0,28.269222,17.693777,31.940117,47.398186
2669.0,41.65091,23.772392,43.57141,55.544994
2670.0,37.622456,21.364723,39.75014,49.21246
2671.0,35.41785,23.40973,38.610355,48.950954
2672.0,41.021885,25.021524,41.833786,49.518623
2674.0,38.046627,21.007318,39.79884,56.884987
2675.0,54.418907,26.71886,49.880398,80.848694
2677.0,34.415043,19.61383,36.715942,55.92217
2679.0,48.034534,24.205065,47.73351,67.01207
2682.0,29.948238,17.685287,32.611244,47.327908
2684.0,39.879803,18.952114,41.091114,48.86173
2685.0,43.352547,29.612276,43.151062,49.24814
2690.0,49.665012,31.843737,49.935524,55.733803
2693.0,45.932602,22.209112,46.33662,67.117714
2694.0,35.802235,20.100433,38.939064,53.23472
2695.0,54.676853,21.395973,56.705948,69.39333
2696.0,38.166286,19.950987,40.166138,49.421394
2697.0,31.537546,19.333015,35.637104,47.33528
2698.0,48.21848,24.232378,49.687088,60.070892
2699.0,52.10097,31.175697,53.995773,72.31892
2700.0,45.879307,23.226208,48.086723,58.791462
2701.0,33.517265,20.172974,34.693222,47.72988
2702.0,46.363895,29.807365,47.1931,54.18127
2703.0,38.877808,19.63735,39.359375,48.055172
2704.0,40.149452,20.863508,40.85398,50.19276
2706.0,38.49972,20.591785,41.007473,51.677296
2707.0,59.129128,27.24076,57.265278,74.756454
2709.0,54.801712,38.06788,55.681908,67.9144
2711.0,37.12287,18.627676,40.84544,49.877934
2713.0,42.75408,17.590834,47.003246,68.25609
2716.0,40.188675,21.759993,42.856396,51.32446
2717.0,36.6554,21.362974,40.028557,51.60775
2719.0,37.391098,21.138298,40.486893,51.30241
2720.0,42.181576,22.10832,44.49744,52.68895
2721.0,35.586872,18.530844,37.062748,53.592793
2722.0,39.816063,19.479189,40.7551,49.580334
2723.0,36.120426,20.547495,38.01303,48.906033
2724.0,34.309452,20.505674,36.868813,50.54264
2725.0,35.619263,18.135565,38.452164,50.68774
2726.0,45.97295,22.317474,46.334568,67.2841
2727.0,40.46276,21.955776,41.31945,58.00708
2728.0,50.615032,20.77426,53.258945,71.64278
2730.0,30.687988,14.637627,33.459988,49.59044
2732.0,39.14595,21.088324,41.725685,50.116215
2733.0,51.17773,28.5103,50.9421,62.223225
2734.0,41.267082,26.721617,44.21876,50.64868
2735.0,41.471527,24.93387,42.89638,55.63649
2736.0,47.230427,23.23966,48.361954,67.31134
2737.0,32.64323,18.351177,33.679466,57.058765
2739.0,48.406624,24.949768,48.532192,54.977737
2740.0,34.39921,22.356632,35.803947,47.84157
2742.0,31.707485,16.716764,33.25984,49.608253
2743.0,40.474575,22.30606,42.163033,52.315964
2744.0,38.095936,17.959057,40.820595,55.203686
2745.0,37.154087,21.888739,39.35984,57.05944
2746.0,49.065548,25.97484,50.821827,65.651726
2747.0,35.638523,21.16682,36.809586,48.74719
2748.0,35.450745,18.766573,36.642895,49.1123
2749.0,32.93915,20.383717,36.114708,47.740112
2750.0,43.192284,22.027365,43.81956,50.641838
2751.0,49.635147,28.938173,50.430473,73.92631
2752.0,30.981558,18.439287,34.65711,58.95366
2755.0,46.995296,29.61644,48.111473,55.120052
2757.0,44.89889,28.173595,44.65145,52.74464
2758.0,41.860313,27.115042,43.698982,57.95549
2759.0,41.803646,22.07533,42.382095,49.71123
2760.0,38.760582,20.99361,38.01813,56.925713
2761.0,44.770126,29.913898,45.76145,53.837006
2763.0,46.06786,27.207218,45.7899,61.631092
2764.0,48.14792,24.812387,49.932762,64.13341
2765.0,35.72393,21.186111,39.290524,53.041237
2767.0,49.968616,25.277597,50.241337,65.81866
2768.0,38.803154,22.081642,41.38262,57.662876
2771.0,39.13745,21.119194,42.025005,54.90636
2772.0,42.54376,22.107224,45.013153,54.01047
2773.0,45.66626,22.104553,47.304253,67.87585
2774.0,44.262257,26.20075,44.437805,51.742546
2775.0,35.228004,21.077242,38.494244,49.570976
2776.0,42.900192,24.16511,43.1978,51.601383
2778.0,35.129,17.843761,38.221615,50.81216
2780.0,40.34593,22.122303,41.86151,48.780552
2783.0,35.50222,23.812286,38.615086,49.941177
2785.0,44.9114,21.627804,47.544712,59.0241
2786.0,45.57862,28.18812,46.712986,53.88874
2787.0,38.290848,21.317799,38.382465,57.113644
2789.0,28.808084,17.912653,31.83264,49.32733
2792.0,33.19581,18.922474,35.07167,47.671864
2793.0,33.954205,18.209929,35.197983,49.600063
2794.0,32.7338,19.870253,35.00322,48.91456
2795.0,51.090393,27.690214,53.76499,67.49813
2796.0,33.54229,19.58907,36.676533,48.3752
2798.0,47.944748,22.640272,47.33747,62.410442
2802.0,31.265886,17.062233,34.483288,55.75488
2803.0,52.889088,30.906393,53.76425,66.37622
2805.0,33.43523,18.79146,36.900284,58.754646
2807.0,29.247486,17.476185,31.98309,47.411278
2809.0,44.89591,28.780066,46.024307,53.174942
2810.0,32.850643,18.361298,35.758324,57.575275
2811.0,41.481865,21.560904,44.033134,51.89099
2812.0,46.444244,20.737253,50.68658,71.13418
2813.0,34.22097,19.856712,35.14032,50.32277
2814.0,45.62842,23.14052,47.097263,60.887966
2816.0,41.624836,26.206518,43.279263,51.712128
2817.0,50.627552,31.449408,51.237495,57.432632
2818.0,53.252636,43.34226,51.971195,61.62617
2819.0,52.3312,20.857578,53.95368,72.40706
2821.0,46.41522,27.99549,47.438873,59.123135
2822.0,35.718155,19.704992,37.644066,56.081005
2823.0,34.378487,17.953564,38.932156,52.32831
2824.0,38.154373,19.487999,38.845543,55.320908
2825.0,30.132877,18.441572,31.907394,48.522198
2826.0,27.525078,17.231817,31.487856,58.16371
2827.0,36.505966,20.761963,37.389103,50.26708
2828.0,46.246178,24.304993,47.350357,58.06861
2831.0,38.402126,21.441872,40.629524,50.379826
2832.0,34.80994,19.300507,37.118977,56.26446
2833.0,32.79111,19.056047,34.58904,56.155243
2834.0,39.464863,21.486664,40.980095,51.072674
2835.0,39.0472,21.761307,41.663853,52.19522
2836.0,27.07347,17.54818,28.034708,48.134266
2838.0,47.19039,27.674833,47.231365,57.325768
2841.0,39.813206,18.82147,43.624393,61.427143
2844.0,42.40535,26.993414,43.00858,60.042736
2845.0,29.393864,18.141216,32.369556,47.405895
2846.0,33.558308,18.988375,40.192802,56.110283
2848.0,32.60849,17.26766,34.104652,61.492172
2849.0,31.455858,15.315854,34.282276,51.689014
2851.0,46.619164,22.309114,46.30769,67.28873
2853.0,43.93115,19.288008,47.239788,59.74206
2854.0,41.650665,19.25871,42.274513,48.938877
2857.0,61.082363,26.314003,58.05027,76.293564
2858.0,49.653717,21.750954,53.843773,73.33783
2862.0,43.801144,23.504221,44.71607,50.10056
2863.0,54.903286,28.467415,56.734867,69.425
2865.0,32.379154,20.347183,35.358837,48.826107
2868.0,41.822926,23.107513,43.58126,55.11746
2870.0,32.986332,20.912825,35.015625,47.01206
2872.0,33.119045,19.862558,36.50054,50.360905
2873.0,33.290268,19.68816,35.73168,55.52638
2875.0,46.60928,27.8817,47.281136,61.55416
2877.0,28.572824,15.524973,31.846096,48.646194
2878.0,37.734722,21.994253,39.755516,48.099796
2880.0,32.379154,20.005081,35.388287,49.145615
2881.0,33.40437,17.478495,34.168987,49.510822
2884.0,34.583652,19.71879,35.78848,63.60854
2885.0,31.355923,18.920488,34.362316,46.965324
2886.0,41.726383,19.802574,40.942078,60.26334
2887.0,32.957603,19.997562,36.16384,48.362194
2889.0,25.807898,14.563753,31.139122,46.72195
2891.0,38.597054,21.169657,39.91344,56.97368
2892.0,46.103893,28.85981,48.575222,54.847694
2894.0,35.55211,21.270725,36.967007,46.939503
2895.0,33.493042,18.347301,41.002964,56.87365
2896.0,37.148933,19.207592,37.19685,57.163216
2897.0,28.931526,16.904863,31.947186,47.422215
2899.0,30.556477,18.020842,32.68558,48.686237
2900.0,60.135983,25.68635,61.005096,79.27884
2901.0,35.499535,17.435978,37.362892,53.37624
2902.0,29.060783,16.66847,31.489418,46.1009
2903.0,31.070517,18.805552,32.377415,47.428894
2905.0,34.276226,19.017424,36.13553,56.035652
2906.0,43.570213,16.550404,47.601036,63.272602
2907.0,26.12558,16.751726,29.929195,57.263004
2908.0,21.663336,15.370599,24.818583,46.655342
2909.0,35.7386,20.519276,39.480774,53.28504
2910.0,28.703297,15.720584,28.94999,46.122314
2911.0,29.141155,17.645603,33.938053,48.545227
2912.0,41.036713,20.411959,40.39416,57.474373
2913.0,26.30387,17.903742,29.310059,46.55907
2915.0,38.724976,19.020868,38.75274,56.216198
2917.0,33.316425,20.492947,34.403667,48.485123
2918.0,22.210632,16.396738,25.109112,55.44299
2919.0,48.556744,27.905613,48.156605,56.71114
2920.0,30.510727,18.466597,32.408764,46.930466
2925.0,42.761658,20.528093,42.004772,65.60875
2926.0,30.875751,19.48105,34.449055,49.326508
2927.0,30.982737,16.783796,33.94624,49.600292
2928.0,40.34199,24.1274,39.033375,48.503372
2929.0,37.241344,20.39666,37.662067,49.661804
2930.0,33.596085,19.80801,35.30417,48.714237
2935.0,29.666393,18.019135,32.938366,47.41061
2940.0,45.932602,22.209112,46.33662,67.117714
2941.0,39.32716,22.64246,39.29102,52.644306
2943.0,31.825901,17.857855,34.863586,46.333607
2944.0,37.696373,21.044361,39.44294,56.99199
2945.0,47.229122,24.649052,49.278572,60.77043
2947.0,34.37052,20.084827,35.61563,50.574497
2948.0,39.254044,21.184269,40.31937,48.1232
2949.0,49.62608,18.001081,51.348507,74.25239
2951.0,34.776817,18.258121,37.296032,54.224102
2952.0,40.890717,19.532568,39.87182,56.606377
2953.0,24.512413,15.831413,30.05811,54.8803
2956.0,39.945763,23.179417,41.642406,48.98715
2957.0,27.895147,16.837421,29.981903,49.561058
2960.0,42.043293,24.39792,43.641315,50.69069
2961.0,32.818115,20.018389,35.15029,48.22581
2962.0,35.007336,19.053242,37.016094,47.24305
2965.0,55.257244,25.743704,54.74238,76.41005
2966.0,40.26754,20.46474,41.731724,49.997704
2967.0,40.017307,17.573702,40.298832,52.831528
2970.0,35.009693,18.867514,35.73665,55.480877
2971.0,36.296867,20.990398,37.04317,47.68361
2972.0,33.925426,20.540209,35.845135,47.83576
2973.0,41.487244,20.610273,43.89437,49.857113
2974.0,28.090546,17.833944,32.40278,46.328255
2975.0,47.99268,23.08264,46.190365,60.679363
2977.0,56.28795,37.081898,56.317333,69.45354
2978.0,47.31152,26.451805,51.339756,63.866646
2981.0,30.349876,17.847677,32.267822,49.238735
2984.0,52.456486,27.20413,53.28429,66.51361
2986.0,48.458366,22.938574,46.474773,66.82516
2989.0,48.071194,30.465225,49.69258,59.3002
2991.0,38.51608,19.86241,39.84285,58.83221
2992.0,35.56179,21.591309,37.728558,49.40306
2995.0,51.731842,27.74984,54.156357,66.4829
2997.0,54.402573,25.268278,55.481476,84.400764
3001.0,51.951473,34.031296,52.13712,68.22444
3004.0,43.09268,22.014275,44.818916,64.64069
3005.0,43.00039,19.114325,42.89482,54.675053
3006.0,51.74657,27.490803,53.15326,65.031975
3007.0,38.965252,19.30626,42.700253,57.86096
3008.0,33.096474,18.043343,33.849167,47.38488
3009.0,42.196205,19.12916,44.398148,68.50014
3010.0,35.18601,20.506952,36.43578,51.689484
3012.0,31.30953,18.515354,33.25854,47.798008
3014.0,37.53312,26.602674,40.095066,51.769424
3015.0,33.88757,19.181456,35.585552,47.99052
3017.0,43.599987,24.801243,43.87677,51.617023
3018.0,28.000147,16.826353,31.056108,49.43792
3019.0,29.001907,18.096975,32.833942,47.374146
3020.0,26.739168,16.147476,30.364756,49.741817
3021.0,27.352158,19.004438,29.933279,47.93169
3022.0,29.830664,17.68532,33.10908,49.815067
3023.0,31.312397,17.915236,32.960648,47.01663
3024.0,36.67941,19.065067,37.488106,53.30034
3025.0,35.53795,18.581274,37.83938,50.32587
3027.0,34.067425,20.199415,36.185238,56.08479
3028.0,37.45071,20.817919,37.888443,49.44396
3031.0,40.042625,23.353437,41.085583,49.354538
3032.0,36.347275,20.739206,38.393486,48.803562
3035.0,44.908066,22.627249,46.691185,53.89614
3036.0,59.522705,30.132343,55.92958,81.18503
3037.0,46.049683,22.74881,46.647682,67.33884
3038.0,28.158106,18.982092,32.122032,51.680313
3039.0,32.440113,20.197857,35.165653,64.09367
3040.0,34.682076,20.573637,36.073074,58.10596
3041.0,36.559647,24.66547,39.86717,50.162285
3042.0,50.056053,34.942135,50.276,62.388596
3043.0,34.944958,21.545586,37.164265,49.11058
3045.0,31.206291,18.096937,33.37557,47.50451
3046.0,31.816221,19.33358,32.436554,48.620644
3047.0,30.186714,18.47926,32.127766,48.73971
3048.0,32.682053,19.07697,34.140263,56.34624
3049.0,24.569138,16.084751,31.439495,47.878483
3050.0,32.499916,19.01209,33.624233,56.415813
3051.0,33.86469,19.701862,35.28711,56.04408
3053.0,40.127792,21.238647,43.03732,60.833977
3054.0,28.115623,16.393564,33.074043,56.79187
3055.0,30.380743,18.432693,34.172604,58.35806
3056.0,26.704685,15.206122,27.168364,48.18745
3057.0,24.574965,17.270031,30.629972,56.667896
3058.0,29.180494,18.978956,30.66503,49.45737
3059.0,27.416422,17.915342,29.917868,48.85301
3060.0,42.867367,25.232012,44.434635,57.92669
3062.0,30.028875,16.002504,37.342903,58.88117
3063.0,22.163269,15.548361,26.569141,50.354137
3064.0,29.873343,20.405973,32.448513,48.981953
3065.0,23.769161,17.419333,31.40996,54.733013
3066.0,35.323822,20.790443,36.513153,50.76963
3067.0,27.787823,16.46322,26.94246,48.94613
3068.0,26.938217,16.5995,29.537806,48.757973
3070.0,24.04799,17.406178,31.542395,57.94477
3071.0,35.165546,18.201641,36.605022,47.50856
3072.0,24.452314,15.617438,25.155615,48.26543
3073.0,24.444513,15.713956,29.545221,52.657207
3075.0,31.364649,18.641863,34.498962,58.878975
3076.0,31.947903,20.17604,35.11747,58.899105
3077.0,27.436388,18.280476,28.403458,48.89093
3078.0,40.721886,21.303354,39.91662,56.88637
3079.0,32.65373,19.121773,33.868137,56.238194
3080.0,25.900957,17.673603,24.634455,48.08247
3081.0,25.16346,19.409641,31.37248,56.819923
3082.0,25.22139,17.269098,27.542133,47.399204
3083.0,25.387722,16.726822,28.462278,47.36261
3084.0,32.208298,18.86214,33.26235,58.651245
3085.0,27.721516,19.088861,30.11388,49.120728
3087.0,32.130737,18.301487,34.29634,48.46421
3088.0,27.976109,17.12962,31.497583,47.100548
3089.0,28.016626,17.69466,32.168015,46.826694
3090.0,35.19321,19.463963,36.155354,56.24353
3093.0,38.253567,18.855312,36.616474,57.447033
3095.0,27.914278,16.956892,32.113556,46.524513
3097.0,31.443811,18.84597,31.610806,58.138275
3098.0,21.494865,16.973642,26.943779,57.393414
3099.0,28.848598,18.737823,32.553505,59.77266
3101.0,26.958466,18.020842,32.801857,46.74633
3103.0,25.3947,15.133477,29.553999,56.90398
3104.0,26.813152,17.588005,31.786657,53.982037
3107.0,39.340862,17.538382,43.278896,68.30524
3108.0,28.313976,20.193367,30.263876,59.847748
3110.0,24.77228,15.213336,30.267756,54.85437
3113.0,27.60518,16.018372,30.096273,46.16182
3116.0,21.276655,15.203707,24.072702,46.158813
3117.0,25.661236,18.058949,26.324993,46.043545
3119.0,27.133686,17.099321,29.616997,47.11571
3121.0,27.502085,18.348858,28.080793,48.63993
3122.0,22.374174,15.808001,26.468468,57.164616
3123.0,34.494343,20.045248,36.34558,56.116592
3124.0,31.274393,19.440784,33.531445,47.7639
3125.0,37.412945,26.854677,39.991394,50.15068
3126.0,27.920527,18.71347,30.422726,47.884697
3127.0,36.070942,19.740921,37.189957,56.610706
3128.0,27.865034,17.761736,30.217583,47.06207
3129.0,27.222786,17.30769,28.734161,45.949276
3130.0,45.763897,27.802816,47.573143,56.1474
3131.0,36.59425,22.864504,38.858097,48.455708
3132.0,31.554731,18.383757,35.598625,57.879932
3134.0,29.174751,17.544533,32.308758,47.22354
3136.0,25.259434,16.953766,27.480478,47.312393
3138.0,36.70021,26.049376,38.604893,48.93569
3140.0,35.59929,18.532042,36.310703,56.568214
3142.0,25.732067,18.360016,29.814117,57.62852
3143.0,32.143177,18.497723,34.457573,58.725155
3144.0,38.502922,21.431046,39.88459,56.929325
3145.0,22.500315,16.455086,29.109093,47.134598
3146.0,38.22775,20.009508,38.771355,52.055412
3147.0,25.69521,16.41313,28.012753,47.278904
3148.0,34.48562,19.117435,35.342724,57.422123
3150.0,41.818714,27.954418,43.73087,50.801506
3151.0,35.526516,20.171442,37.083298,56.74646
3152.0,45.63374,30.782179,47.208054,55.514153
3153.0,30.94632,17.965925,33.93619,46.65125
3155.0,48.65358,26.688951,51.771282,63.698433
3157.0,36.121822,21.551691,37.280235,60.522152
3158.0,25.546621,18.496328,26.669973,47.397026
3160.0,26.611801,17.645384,27.367971,46.11822
3161.0,24.38572,16.02983,25.120941,49.14622
3162.0,33.12118,19.261307,33.32002,56.646446
3163.0,30.334782,16.97742,34.861313,59.135803
3164.0,25.498972,17.93083,27.482471,47.408737
3165.0,35.31612,20.10909,37.028492,48.09046
3166.0,31.120209,20.50992,29.47243,48.843964
3168.0,30.768213,18.100096,36.415237,46.45192
3169.0,36.204056,18.046759,38.79122,47.901134
3170.0,41.089436,17.769918,46.802307,69.76154
3171.0,31.699589,18.07439,34.78456,45.610435
3172.0,30.998495,17.765959,36.2177,45.916958
3173.0,28.394552,18.063234,30.512383,46.611458
3174.0,31.531864,17.71104,32.049477,54.422768
3175.0,28.080744,17.805895,31.184513,47.760693
3176.0,29.982702,18.519178,32.34625,46.254467
3179.0,34.515938,22.33793,36.417793,57.49296
3180.0,41.85792,22.40035,42.54218,65.629684
3181.0,42.27726,16.768986,48.713387,72.566
3182.0,28.527004,17.980549,27.603718,48.508995
3183.0,27.038332,18.156052,27.659773,49.56619
3186.0,34.461567,21.402178,35.33627,49.57813
3188.0,22.921097,16.53902,31.667583,54.476604
3190.0,33.21,18.652105,32.601437,60.97194
3192.0,31.880564,18.290577,32.032562,47.288002
3193.0,29.059074,18.547794,32.54031,48.684895
3195.0,54.859688,28.582438,54.62121,67.790596
3196.0,48.581387,29.653902,48.968544,61.421673
3199.0,22.122046,16.137594,29.11356,47.07173
3200.0,34.521133,16.676092,35.560387,48.275528
3201.0,31.364756,20.164946,34.423473,48.252464
3202.0,29.435003,20.078932,33.079247,48.095238
3204.0,27.244864,16.247736,29.921528,46.831245
3205.0,29.773092,15.588577,33.461082,47.50539
3206.0,52.9526,32.613968,53.84538,72.14906
3207.0,24.742872,17.798758,33.51756,55.882206
3209.0,47.11937,30.582876,47.214905,55.8576
3210.0,35.62065,22.239895,38.33081,48.62018
3211.0,32.15254,20.189962,35.382,63.924343
3212.0,39.019154,21.58824,40.594185,57.689648
3214.0,31.296072,18.185558,32.123028,46.498745
3215.0,32.210575,20.710732,32.748894,46.543858
3216.0,34.54428,20.340696,35.644463,63.704697
3219.0,22.132097,16.34863,30.373365,56.083035
3220.0,40.407585,18.950207,41.50297,64.39841
3222.0,31.797817,19.227356,34.220737,56.91419
3223.0,33.486385,19.029383,34.999928,56.449
3224.0,23.978912,15.223158,28.356573,46.905598
3226.0,31.956865,19.005278,32.570206,56.7391
3227.0,28.185684,17.904202,34.235847,46.362118
3229.0,24.417337,15.105089,31.0626,54.710014
3230.0,36.236908,20.42764,37.21715,59.176983
3231.0,37.379276,21.266426,38.239403,49.35556
3232.0,28.157377,17.727348,30.986599,48.443584
3233.0,23.958406,15.247132,30.825823,46.789303
3234.0,31.05473,18.400852,33.64266,47.14725
3235.0,30.90171,18.071913,32.807423,46.818424
3236.0,26.981167,18.266542,29.741377,47.28228
3237.0,24.828476,17.281992,33.94453,47.178406
3238.0,26.270033,17.533209,25.95203,47.96855
3240.0,29.93541,15.454097,33.70562,48.710407
3241.0,22.139196,16.321762,27.60943,54.97643
3242.0,29.984367,17.81403,29.34927,48.60201
3243.0,27.786358,18.328844,30.054722,46.03467
3245.0,33.851143,17.879427,36.53542,48.59061
3247.0,45.942677,22.193787,46.296185,67.283455
3248.0,24.872932,16.850836,24.408066,47.614853
3250.0,32.10104,18.907536,34.054527,46.006645
3251.0,24.692442,15.502383,30.198608,48.55112
3252.0,37.28497,21.383467,39.156826,56.690624
3253.0,32.551773,18.93417,35.058098,45.892708
3254.0,33.15011,18.426836,34.059254,56.385254
3255.0,30.260431,17.031364,36.274117,46.4634
3256.0,27.678844,18.095913,29.489864,47.397133
3257.0,24.349192,16.896997,25.548658,46.09506
3258.0,29.555435,15.806981,32.09533,48.051533
3259.0,24.347221,17.451233,31.310154,57.187
3260.0,25.345839,17.114046,27.978203,47.399197
3265.0,39.094307,17.789423,39.029545,61.21647
3267.0,33.168285,20.020939,34.917953,56.467552
3268.0,35.154297,16.918165,40.131958,61.26568
3269.0,29.431389,20.444613,31.841461,48.379395
3270.0,40.16138,20.417591,39.712063,50.650414
3272.0,30.562004,18.255623,32.97379,48.203545
3274.0,21.918009,15.712782,27.386738,48.783646
3276.0,25.900759,19.103264,25.61874,46.668358
3278.0,46.62924,22.33581,46.30914,67.28823
3280.0,35.235645,20.036846,37.391045,56.223938
3282.0,26.388222,16.57251,30.220476,49.37388
3283.0,35.28675,19.836288,37.839146,56.32762
3284.0,31.687595,18.577438,34.537056,49.915737
3286.0,27.917526,18.175724,30.095453,46.09637
3287.0,40.019936,22.324558,41.845333,56.193363
3289.0,23.503931,16.84333,27.07778,49.65135
3291.0,27.299692,17.507574,30.300886,45.60667
3292.0,25.256546,19.46801,33.962112,46.778522
3293.0,32.709827,19.05703,34.66157,56.167336
3294.0,22.439566,17.644484,32.08092,56.66056
3295.0,35.114334,19.287502,37.19345,56.21443
3308.0,36.96156,18.297478,37.81497,59.243965
3310.0,29.872925,18.173096,32.01016,47.217228
3311.0,34.336388,18.557947,36.91036,56.035816
3321.0,43.40137,20.146368,46.631184,64.1375
3335.0,39.426304,22.557234,39.36485,55.334827
3347.0,27.179932,16.145685,30.68343,57.63657
3350.0,57.032578,38.62161,55.7363,66.31288
3355.0,39.55033,23.166122,40.96467,53.25812
3357.0,42.42878,26.515867,42.621044,57.969563
3359.0,50.904926,44.212963,50.33496,65.95803
3360.0,34.694405,20.8764,35.61269,51.05561
3362.0,37.960754,23.338657,38.838135,48.215366
3365.0,30.286276,17.12681,31.361183,47.04867
3366.0,29.909122,18.024746,31.97191,47.000053
3370.0,38.060932,19.961529,39.245388,48.335182
3375.0,41.3867,19.913874,42.05832,50.61253
3379.0,41.872185,21.062181,42.43305,51.124313
3381.0,48.999153,22.298866,51.054523,61.827778
3383.0,32.919987,19.504074,38.272415,47.294544
3389.0,42.314465,22.550198,44.074894,59.97507
3403.0,37.897785,22.335875,38.534004,49.623486
3405.0,32.431175,18.22931,33.536613,47.167545
3407.0,42.54816,33.21845,42.80276,50.028366
3410.0,39.049316,23.481205,38.407658,48.502914
3412.0,45.875538,24.321808,46.778557,66.74274
3413.0,53.231014,26.100735,53.449314,84.139275
3417.0,34.259403,20.06201,37.712414,49.15039
3418.0,31.193056,20.292578,35.93862,48.209686
3424.0,35.154312,18.347189,36.467857,47.612938
3425.0,40.38106,24.126593,39.459545,49.015953
3429.0,36.722088,18.34644,36.98583,55.431248
3432.0,60.449516,33.081375,59.305485,77.25694
3437.0,45.417614,26.762157,44.922092,53.16324
3438.0,27.329857,17.616646,26.282558,47.52251
3439.0,31.13677,19.314081,29.013567,48.56843
3442.0,35.631977,20.277044,36.64759,46.431873
3445.0,49.515446,24.590223,50.17496,71.007805
3450.0,38.008675,17.789267,37.76369,57.535007
3453.0,48.15522,20.918093,52.8857,68.74211
3454.0,39.92226,19.768042,38.543373,60.920177
3456.0,29.633583,17.155653,33.019264,47.540264
3466.0,36.47427,22.28803,36.63857,47.670975
3467.0,32.003006,15.484361,39.145706,59.60388
3472.0,53.437077,19.48987,55.63128,78.09058
3475.0,39.620975,22.931374,40.891018,48.32093
3477.0,40.2535,16.956423,44.276596,59.406578
3478.0,54.99932,38.41363,54.78532,65.840965
3482.0,36.58079,20.974642,36.978596,48.63692
3485.0,23.813951,14.174963,29.419151,46.53096
3486.0,36.646812,22.489952,36.75383,46.91187
3488.0,49.371666,28.443407,47.341347,63.50851
3489.0,41.602,27.745256,40.35026,57.114574
3490.0,50.894978,30.025286,51.66441,70.466606
3491.0,52.328156,30.341133,55.038715,67.45978
3493.0,50.793633,27.097181,52.717903,75.26597
3494.0,54.132885,24.652555,54.766983,69.71184
3498.0,56.67909,33.72409,54.651936,74.39398
3500.0,38.274456,26.535408,39.712433,49.4314
3503.0,25.38663,17.05418,27.629002,47.625465
3506.0,33.11096,16.952711,35.127243,46.304646
3511.0,37.283527,25.266981,39.112236,49.3362
3512.0,41.414078,26.19311,42.740604,50.774998
3520.0,31.609777,14.674465,37.28869,58.921402
3521.0,39.29319,23.08965,39.835945,47.525753
3523.0,39.533604,22.117342,39.89531,50.268044
3526.0,39.082905,19.963566,41.03376,49.02848
3534.0,40.15729,23.912481,40.76379,51.03462
3536.0,36.692524,18.727335,34.99826,55.226658
3539.0,39.42642,22.712603,40.467133,48.4552
3542.0,49.031223,24.743505,49.23901,59.047962
3548.0,47.016354,30.24149,45.76591,59.322132
3557.0,45.732826,30.026674,45.612648,54.33061
3559.0,34.055805,20.97872,34.205994,46.954407
3564.0,34.169746,21.521093,35.55055,54.63442
3566.0,29.349094,16.821,32.152866,46.697605
3568.0,42.004868,29.525143,42.832436,48.602486
3574.0,33.71161,18.400743,35.967155,46.20788
3575.0,41.131115,25.944515,40.23851,51.022537
3578.0,29.313261,17.735786,31.316385,46.45215
3579.0,32.945606,17.321062,32.550095,47.275436
3580.0,48.772217,34.58637,49.598392,56.726093
3582.0,32.851097,19.67328,33.04285,56.417206
3587.0,38.701355,26.281002,38.99265,46.023064
3588.0,46.23773,23.995565,47.13815,53.609554
3593.0,40.04236,23.845621,41.939198,49.63212
3600.0,39.615257,20.439924,39.826813,47.935425
3601.0,42.55176,23.302803,43.275642,49.993725
3603.0,35.65011,18.640577,36.792793,47.354084
3604.0,36.18463,19.4368,37.768463,46.446827
3608.0,41.972157,28.747744,42.925766,50.397022
3611.0,39.97427,25.052113,39.99634,48.455906
3615.0,40.433247,28.078518,40.44115,50.573692
3619.0,43.009075,23.743584,45.03459,50.895084
3622.0,49.570858,20.857265,51.501247,71.3626
3624.0,38.43542,19.849869,38.11051,46.602528
3630.0,45.334984,36.48682,46.156998,50.368877
3635.0,30.963808,19.779593,29.41015,47.201633
3637.0,32.899033,20.233797,34.92775,47.7229
3639.0,42.318024,25.5291,42.86879,50.00582
3641.0,34.192245,20.092213,35.805527,46.009438
3645.0,41.172718,24.074684,41.473312,50.362823
3653.0,43.410767,27.890877,44.728123,57.535557
3654.0,40.776493,28.829517,41.377155,56.138123
3658.0,44.67485,28.034946,47.336426,60.81237
3663.0,42.747364,29.25587,43.3427,56.440952
3667.0,39.253212,19.625021,38.65083,56.14747
3668.0,43.983425,27.737375,44.596985,58.229492
3671.0,37.0768,22.27348,36.509613,55.361973
3674.0,41.889065,23.37888,42.590023,55.295246
3677.0,60.980843,25.575584,56.66442,83.198456
3679.0,38.303932,20.296719,40.006382,53.834652
3681.0,44.198986,30.326324,44.57252,58.62345
3683.0,37.120327,20.409374,40.376534,60.43776
3684.0,36.10118,21.819801,37.637268,51.28811
3689.0,46.801815,22.240105,48.317764,64.68101
3692.0,57.497917,25.330574,56.326736,80.86513
3696.0,46.689484,24.20804,48.680378,59.41867
3698.0,45.97954,22.193043,46.300518,67.236755
3699.0,33.292862,17.914095,35.31817,48.742325
3702.0,56.89113,26.199572,55.56753,80.10928
3703.0,44.091026,28.803186,44.883404,53.78962
3704.0,50.69231,32.009678,50.93152,68.37535
3705.0,52.69326,29.95767,54.39176,66.360245
3711.0,52.42679,32.313972,52.768723,66.82376
3713.0,42.569443,23.901798,42.714664,48.92744
3715.0,41.2047,26.061052,42.73256,49.244316
3717.0,41.817833,22.13065,43.839367,50.306602
3722.0,38.66115,20.63509,40.09984,50.760174
3723.0,39.548965,14.834091,48.139572,66.43626
3728.0,37.57038,20.18976,38.62501,47.784134
3730.0,54.741043,22.876373,56.035297,76.47954
3732.0,36.89794,18.522306,37.788918,58.060486
3735.0,43.4433,28.988123,44.89993,50.07689
3739.0,44.536297,22.58405,46.73079,63.829166
3742.0,46.331993,29.275856,48.361164,56.02579
3747.0,44.404125,25.01923,44.526653,52.92598
3750.0,37.618675,17.689476,40.12374,50.66175
3754.0,46.86679,33.83537,47.708153,52.80146
3759.0,48.39903,17.394817,50.8044,73.04745
3765.0,28.745213,17.537725,31.35014,47.316444
3766.0,31.692556,18.140171,35.37667,46.67148
3772.0,32.27107,17.63214,34.087563,46.147636
3780.0,36.14839,19.5359,36.507896,47.422897
3785.0,40.310005,22.656055,40.872868,49.736946
3791.0,30.311771,17.402388,31.637905,47.038013
3796.0,47.659004,35.48137,47.996048,55.099724
3800.0,50.75457,19.522987,52.175835,73.12857
3802.0,44.7275,21.405321,45.30474,61.569695
3803.0,33.209015,21.410215,36.49682,47.96586
3809.0,43.10804,27.751642,43.140724,49.758766
3813.0,54.466,25.686012,53.682056,78.97341
3818.0,46.216686,22.096556,46.292053,67.3946
3820.0,35.722538,20.729578,38.542793,52.38082
3822.0,46.216686,22.128086,46.292053,67.3946
3827.0,35.047882,18.527966,38.444992,55.952847
3829.0,37.538147,27.725647,38.94316,45.851234
3842.0,46.36742,38.903294,46.702908,52.40047
3844.0,41.63498,28.3499,41.7682,47.36722
3845.0,43.51331,33.61984,44.48479,49.448284
3847.0,47.95267,24.001013,48.90754,66.20372
3848.0,47.919327,35.65252,49.58726,56.824707
3853.0,37.46596,20.840864,38.777782,49.721786
3854.0,25.020643,14.999039,29.11058,57.213093
3855.0,41.694756,17.92719,43.10125,57.338566
3856.0,43.10656,24.415384,43.988228,50.41652
3858.0,29.33138,17.969448,32.230576,47.54301
3859.0,48.90936,25.213877,49.09931,66.58778
3861.0,37.22167,21.514635,37.233517,49.395298
3863.0,36.666122,20.50344,38.528454,48.16724
3864.0,51.239983,26.66087,51.676323,68.15108
3865.0,44.004036,24.120905,48.64983,62.5618
3867.0,47.606403,32.190315,48.74913,55.17803
3870.0,47.94453,37.607864,49.19995,65.505714
3873.0,43.51285,24.450949,44.02864,57.99681
3875.0,48.9281,19.442667,51.463184,71.10371
3880.0,35.33997,19.295835,37.01959,56.33392
3888.0,39.246445,25.617353,39.225246,47.93014
3891.0,42.88652,29.195732,43.20475,49.771572
3894.0,35.401157,17.396994,38.28453,55.43688
3896.0,50.15107,24.777637,47.74203,67.30574
3898.0,50.980976,25.533058,51.49205,61.447525
3901.0,42.85834,20.624897,43.94181,63.308777
3902.0,40.1503,25.807432,40.85873,48.085358
3908.0,46.216686,22.175753,46.292053,67.392075
3913.0,45.09639,20.40899,47.712925,64.67924
3918.0,42.36238,24.857866,41.958195,51.27718
3927.0,38.93875,20.43731,39.716965,46.070076
3936.0,36.84891,23.405676,38.81547,45.571014
3943.0,51.59423,34.48426,49.744907,75.32148
3946.0,59.548977,33.412014,59.458252,74.7378
3954.0,46.2585,22.990963,45.922955,65.75261
3955.0,42.052677,20.679031,43.08119,59.769085
3956.0,38.491756,22.044014,41.597847,57.610252
3961.0,49.7007,29.726341,50.077335,60.381897
3972.0,48.48904,24.152199,50.796074,65.237
3973.0,37.46787,21.30893,39.531918,49.04171
3974.0,54.47553,41.70727,53.52405,59.868572
3975.0,46.281727,35.673088,46.57742,53.861286
3980.0,49.50539,42.55745,49.501183,66.98169
3982.0,40.61507,30.05778,41.87741,48.06659
3990.0,37.22766,22.710642,38.24073,47.4283
3993.0,36.556553,19.46165,36.116924,47.133755
3996.0,47.25366,22.168863,49.74157,66.665115
4002.0,53.713966,33.407665,54.19137,66.15473
4004.0,44.550312,34.80528,45.596508,52.27034
4006.0,52.718185,32.766674,52.080456,66.94146
4012.0,39.828743,22.3305,42.739166,54.00183
4015.0,42.020412,20.49044,44.530605,51.869205
4022.0,47.797497,24.01102,48.37068,64.9979
4029.0,43.486713,22.596546,44.70725,61.151134
4038.0,38.56797,21.521978,38.915012,46.912815
4042.0,36.685863,26.013458,38.776264,49.22513
4044.0,49.912617,22.415167,46.438484,68.73624
4047.0,40.7846,18.985636,41.277092,58.367977
4048.0,42.660824,18.841278,40.2527,60.20308
4052.0,37.9902,24.278646,37.750988,46.40909
4057.0,34.273773,22.836502,35.65835,46.21027
4058.0,37.642494,17.029772,40.135044,60.065353
4059.0,35.422497,19.2061,36.80205,47.074448
4064.0,29.806791,18.164759,32.94653,47.497856
4068.0,47.523586,21.043474,52.969803,71.50192
4069.0,40.6135,18.463427,42.08224,60.728195
4074.0,33.869366,20.150583,34.973583,49.051174
4075.0,35.757835,23.070728,37.435257,48.722046
4077.0,44.61902,33.022808,45.493515,51.66639
4084.0,40.726597,23.728292,41.440964,47.15549
4087.0,44.614586,28.244452,44.72867,52.0883
4090.0,43.049995,18.573597,47.58145,63.524105
4092.0,46.641384,26.613045,48.699223,54.286522
4096.0,35.579884,15.617308,43.42599,62.740627
4097.0,41.626945,22.251993,43.760044,53.777653
4098.0,50.910614,22.907207,52.10242,59.385986
4101.0,47.296722,15.153445,51.52166,68.556946
4105.0,42.636707,20.05918,44.013157,53.553776
4107.0,39.276745,22.414948,41.83902,50.11726
4108.0,37.70492,21.550915,39.84004,49.217216
4111.0,33.528347,17.445042,35.223766,47.116253
4112.0,44.08277,27.229239,43.814373,49.268196
4113.0,37.860138,19.061024,39.761032,48.89095
4114.0,43.90831,26.442749,44.687855,64.57104
4115.0,46.312145,23.983503,46.013893,64.58541
4119.0,46.216686,22.393213,46.292053,67.40035
4120.0,38.093548,20.310444,38.788673,50.496605
4126.0,38.05436,21.863733,39.469627,48.24447
4127.0,40.82222,24.435589,42.28097,49.92716
4131.0,42.312378,19.121365,45.630577,63.428944
4133.0,43.334274,18.20619,47.09459,59.865204
4134.0,36.61453,19.657892,37.784767,47.665127
4135.0,38.364838,20.868439,39.42674,57.982346
4137.0,27.112988,15.857878,28.948023,48.23989
4138.0,49.851154,22.68941,50.621326,72.73802
4141.0,33.777893,19.953873,36.272476,48.333603
4142.0,32.14396,17.049356,33.226067,47.17737
4147.0,43.758327,16.37086,48.349586,60.733498
4150.0,30.060856,18.520586,28.48309,47.113743
4151.0,23.770618,16.377607,29.899973,46.73115
4157.0,51.76369,23.246517,52.31705,66.947136
4165.0,44.20737,19.843353,49.074604,59.374683
4167.0,44.062874,30.032095,44.94245,51.434635
4168.0,36.394222,16.856756,37.845966,56.8551
4169.0,44.962772,27.13072,45.295677,50.6328
4173.0,40.262043,17.222607,39.74795,61.499466
4177.0,41.227562,18.10863,42.33242,61.35053
4183.0,40.96242,18.791601,43.421623,60.701614
4189.0,48.81794,42.906654,48.3278,59.888916
4190.0,43.064026,24.992626,43.156857,49.572296
4193.0,37.731163,20.44409,38.055943,47.165825
4195.0,44.389107,21.36061,45.66592,51.739765
4196.0,46.520153,22.390295,46.736423,65.662224
4203.0,56.0539,27.594734,56.16809,69.79147
4206.0,46.049683,22.774675,46.331516,67.45011
4212.0,37.078953,19.202682,37.041084,46.831776
4213.0,32.37835,19.591917,35.491985,54.440903
4216.0,26.45642,14.753939,29.272518,55.673954
4221.0,45.168903,20.098423,43.454544,68.89407
4222.0,45.440083,19.925604,50.457077,68.09785
4225.0,58.15022,27.850567,59.88863,80.90255
4239.0,39.261395,23.041662,39.061913,47.91504
4242.0,46.4887,26.267216,49.08503,61.69263
4244.0,36.224438,20.286331,37.913563,48.453125
4245.0,54.40046,28.24717,55.19956,71.098656
4247.0,45.315636,15.617397,49.776245,69.39373
4257.0,43.694935,31.249985,44.348618,53.047688
4258.0,53.413525,27.631079,52.429375,73.926476
4260.0,48.990448,35.264492,48.138107,60.21532
4266.0,38.22546,26.936783,39.06767,47.016365
4268.0,35.813316,18.174433,36.73044,53.64341
4270.0,33.18681,20.507969,35.712166,49.439335
4273.0,42.804707,33.588013,43.29199,51.38033
4275.0,49.568752,40.007423,49.19225,66.82089
4280.0,33.05061,19.844355,35.43091,47.263515
4282.0,36.420116,22.576565,37.130375,46.07547
4287.0,42.92896,20.112738,43.766678,52.636894
4290.0,41.65928,15.714933,46.45161,59.34559
4292.0,36.05655,18.913622,35.926964,47.57688
4293.0,35.136944,18.58579,36.692696,45.61962
4294.0,35.07452,22.341305,37.159252,46.57037
4295.0,38.627533,23.668863,37.84597,46.953236
4297.0,36.983326,19.001852,40.14366,55.80233
4304.0,44.551907,33.68572,45.505646,49.876392
4312.0,57.92154,25.733442,59.10714,76.69021
4314.0,35.313927,21.91746,36.943817,46.01655
4316.0,42.10124,20.496223,42.26027,65.31954
4317.0,38.347687,23.959667,39.437668,45.692043
4326.0,52.574196,22.426336,53.66027,73.828674
4327.0,53.21595,30.651203,54.129154,74.69897
4328.0,50.699665,27.746626,50.71461,66.24741
4334.0,41.616177,27.203314,42.051228,47.41009
4336.0,33.426857,20.490484,35.631382,48.036545
4342.0,39.027084,21.915522,40.123116,48.174713
4345.0,39.984512,22.945156,41.832653,49.134315
4351.0,39.18503,19.810785,41.943867,48.966118
4353.0,47.797096,21.713867,49.21464,55.684746
4354.0,39.504658,18.225283,39.09818,60.4278
4361.0,49.560436,32.66146,50.091286,61.33823
4362.0,44.563293,24.963463,46.13792,53.84786
4366.0,40.490093,18.01222,41.056755,49.931107
4370.0,53.156822,24.771849,50.685585,78.36875
4373.0,39.798973,25.460316,39.20801,51.10033
4375.0,53.634094,32.89884,53.109924,66.12586
4379.0,49.32621,25.28522,46.83174,66.63911
4380.0,44.675114,22.807188,47.025158,52.005146
4383.0,38.456158,23.23642,37.860874,50.705856
4395.0,63.234425,32.831306,61.53758,81.2929
4396.0,36.355064,18.912453,39.97547,50.33435
4400.0,37.12867,22.78521,35.95405,51.618534
4403.0,49.28965,40.859333,48.585552,56.763577
4407.0,43.203373,22.703634,44.328403,51.933746
4411.0,46.267914,27.993881,48.16937,56.82073
4416.0,37.5943,19.230146,39.757862,47.753292
4418.0,39.439255,19.400421,40.470257,50.777344
4423.0,46.492645,22.613476,46.105366,68.93364
4424.0,46.48627,21.408617,46.12708,69.11566
4430.0,46.019,25.800459,47.771786,66.32261
4437.0,46.43517,31.755598,46.018887,55.53624
4439.0,40.819412,18.060463,40.630375,54.971294
4440.0,41.318363,22.935343,43.22939,49.62438
4443.0,41.296165,24.6952,42.004185,52.61811
4444.0,48.409424,20.63398,50.655495,64.07046
4447.0,46.644264,26.210794,46.730247,56.88263
4450.0,35.87811,19.359102,36.06582,46.516186
4452.0,50.02942,19.560175,51.989716,73.12515
4454.0,36.40388,20.774118,37.63325,47.602085
4455.0,40.179066,21.605467,41.636005,53.349583
4460.0,37.523083,21.966581,38.025913,50.19876
4463.0,42.016098,18.542324,42.76584,58.363167
4464.0,32.644535,16.683712,35.05009,46.825073
4466.0,55.485596,23.19894,54.658287,76.71487
4472.0,38.063198,17.654425,43.17744,60.35777
4478.0,47.2942,33.270935,45.599117,71.19388
4482.0,39.612732,20.525442,39.213474,48.47049
4485.0,40.354782,16.835115,42.06626,50.04919
4486.0,51.304573,27.928621,51.734024,62.668003
4487.0,43.71829,25.98304,44.83831,49.80898
4490.0,48.006504,22.316896,49.407875,73.793625
4498.0,47.318485,37.068398,48.386963,56.27309
4500.0,30.945057,17.607134,37.032585,59.121685
4502.0,27.131903,15.947601,30.438442,48.53577
4508.0,57.495056,31.545444,59.100212,70.06786
4510.0,53.197876,34.549618,53.682022,62.380077
4514.0,32.29579,18.45197,33.63611,46.257954
4515.0,38.518154,17.479801,38.56095,69.68068
4522.0,34.771492,18.571102,34.86737,46.51245
4525.0,43.941257,16.221424,48.72681,61.867218
4539.0,43.652737,30.320024,44.135777,50.909363
4543.0,37.550232,21.43204,37.8096,46.81367
4548.0,31.060907,16.1307,34.946106,46.537422
4550.0,35.864323,21.199383,38.12323,48.61348
4551.0,40.078735,22.6082,41.283302,48.37324
4553.0,45.51617,39.100586,45.997593,49.043816
4559.0,32.458042,20.68495,32.96569,46.01259
4564.0,46.244194,18.52956,49.821625,69.828384
4567.0,41.69911,27.238298,43.43194,48.650127
4570.0,57.410553,34.780052,57.97123,66.56538
4573.0,43.605415,27.789352,43.677883,53.345894
4574.0,41.981144,22.062683,44.448257,52.6641
4575.0,49.464317,22.441519,50.17098,76.85013
4579.0,49.081825,31.87354,49.393116,58.912094
4581.0,39.44655,23.666586,39.865295,48.0948
4583.0,48.5693,38.175068,48.567883,56.848717
4585.0,50.17478,18.454798,52.626713,80.14747
4587.0,44.341843,31.07217,45.048042,51.008682
4594.0,51.751404,38.214386,52.66418,62.487595
4597.0,45.211014,27.157885,45.655617,54.1486
4600.0,42.146374,24.447609,42.91512,52.718044
4604.0,57.679634,25.508604,57.104847,81.87158
4606.0,44.193436,32.05119,44.48668,50.44648
4608.0,42.391045,25.173986,43.88198,49.054585
4609.0,49.898186,24.720972,49.984898,65.08088
4612.0,54.0544,18.01315,54.30382,75.85251
4613.0,48.936905,24.498583,49.664772,64.25121
4620.0,45.00692,27.533857,46.402588,54.32461
4625.0,44.582096,26.432034,45.81011,55.86453
4628.0,44.210648,25.053795,46.970154,55.30756
4629.0,43.37146,18.470789,44.971607,66.81455
4630.0,49.038216,23.528875,49.54757,74.61045
4634.0,39.290943,20.335157,39.236763,49.52222
4635.0,47.60873,22.072699,49.14602,56.81833
4638.0,43.76227,15.316617,48.341167,70.964005
4640.0,49.270523,29.177296,49.687016,57.276833
4643.0,49.376274,35.944305,48.02537,62.732407
4647.0,36.98906,18.926714,39.208424,55.806286
4649.0,46.26679,28.101107,46.826733,56.976616
4652.0,32.90957,19.497759,33.868156,57.826614
4656.0,40.71977,17.337526,43.694485,66.201065
4658.0,47.431023,29.823677,48.588223,57.362568
4663.0,41.32253,18.647339,43.929367,67.46517
4665.0,61.262066,30.320229,60.775417,77.25196
4666.0,46.325974,38.077145,46.651413,52.493607
4667.0,46.539722,29.629204,49.009193,62.986763
4670.0,47.966156,22.238808,49.378387,73.793625
4671.0,55.634995,25.120451,56.33501,83.6316
4676.0,46.23615,24.602509,50.56667,67.7409
4678.0,49.528053,21.896473,49.72374,77.453995
4681.0,56.363342,28.9762,57.48416,76.41264
4682.0,49.40916,22.610775,50.191685,77.47351
4684.0,63.302643,34.665497,58.889523,83.60853
4688.0,39.252384,26.52403,39.637444,52.298748
4689.0,37.553646,20.561218,39.863625,49.45906
4691.0,46.05486,25.77555,47.49061,55.79708
4697.0,53.413475,25.970371,54.94312,83.20946
4700.0,47.935886,24.835035,48.707657,64.72608
4701.0,51.80836,24.199793,51.38756,75.3782
4704.0,42.93801,22.145124,43.71559,65.2875
4707.0,38.55964,20.544113,38.80726,48.037937
4709.0,52.986603,29.039528,52.42641,71.08831
4712.0,42.02826,29.060902,43.03565,47.95296
4717.0,37.127254,16.273977,38.922626,46.165543
4718.0,43.182755,27.284962,44.065414,62.549503
4719.0,44.769524,34.264656,45.664486,50.13511
4721.0,48.011097,30.449358,48.17433,61.43271
4726.0,39.73554,21.75941,40.924988,51.972878
4728.0,36.355305,18.418547,36.701,46.276424
4731.0,37.352203,18.952635,40.094543,49.78509
4733.0,48.216152,37.473106,49.332287,55.518475
4737.0,37.64016,18.201935,38.65782,45.95176
4739.0,45.371006,24.782074,46.67224,59.75744
4744.0,44.82713,29.942524,46.48862,51.624428
4750.0,54.599167,33.40978,53.243378,65.74011
4751.0,46.21986,22.360374,47.765327,63.430626
4755.0,50.05043,23.601776,51.237583,66.61725
4757.0,50.160175,24.605392,51.622135,71.605576
4758.0,46.554184,18.97163,49.69796,76.091934
4762.0,49.93872,26.55158,50.554756,71.15251
4764.0,40.814915,27.8357,41.659348,48.126163
4765.0,51.129147,38.34441,51.295017,66.96819
4768.0,39.57191,25.07524,41.200607,47.53261
4770.0,39.624325,20.736814,41.669678,58.42897
4774.0,42.35188,23.931643,42.871494,52.181774
4779.0,46.22614,37.667175,46.88575,53.90003
4781.0,48.496853,29.730206,49.56433,59.207108
4782.0,54.35202,25.39024,53.68607,83.357025
4788.0,33.911045,17.02197,35.974926,59.42938
4790.0,39.4998,23.358652,40.91485,47.958443
4794.0,52.875015,40.149033,54.68121,65.743904
4795.0,39.101257,24.336107,40.85764,47.801853
4796.0,37.56721,14.837136,44.234474,62.58046
4800.0,48.09582,36.137554,47.88778,58.291874
4805.0,40.397552,18.608961,44.61107,59.611267
4807.0,38.83644,22.9986,38.809074,45.15406
4809.0,36.943913,19.385574,37.269276,47.371387
4818.0,45.71682,26.354288,46.358593,53.049065
4819.0,30.02066,15.377978,33.220028,46.701096
4821.0,48.7897,28.68442,47.99602,64.17481
4822.0,48.183872,26.761993,47.48841,64.46674
4825.0,45.024487,30.449268,47.490185,63.633125
4827.0,53.666824,24.572323,50.93712,74.609634
4828.0,53.96875,23.397934,51.22705,77.32229
4832.0,47.163136,23.178709,49.88151,66.28946
4835.0,41.896835,26.66619,44.15388,47.685944
4836.0,41.343513,20.930042,42.482624,49.954037
4838.0,52.64134,28.663397,52.6741,79.809906
4843.0,49.490177,21.909182,47.93435,77.71715
4847.0,54.999794,24.322046,55.00515,86.15775
4852.0,48.52871,21.34242,50.123302,62.750313
4853.0,47.80739,30.55801,49.24092,53.958282
4854.0,51.1917,35.056923,51.3683,77.24361
4855.0,47.495014,22.518019,48.097637,73.42884
4856.0,42.278175,18.3992,46.661545,60.87193
4862.0,46.367603,27.087624,48.370598,54.07754
4863.0,38.764908,22.987823,39.893227,47.60783
4867.0,54.420055,24.333164,53.688133,83.2123
4870.0,42.482693,23.57875,42.714706,50.031994
4873.0,56.989223,30.425468,56.99252,76.52396
4876.0,47.025932,26.967451,49.116955,59.830326
4878.0,47.787624,21.869957,50.779087,67.50377
4881.0,46.64726,20.086918,47.970367,61.862026
4882.0,58.768845,31.06621,57.523937,82.553474
4886.0,41.589508,25.813631,42.963566,50.809124
4889.0,41.13174,26.171272,41.776485,48.836975
4896.0,49.089878,22.27889,49.434887,74.01507
4898.0,42.652298,22.286135,44.615883,57.823547
4899.0,47.738155,36.469246,49.01864,55.503613
4901.0,44.31948,27.392588,45.153534,53.734222
4903.0,53.127823,29.818367,53.481705,66.06822
4905.0,46.56643,22.720396,49.512665,65.28619
4907.0,44.68428,25.807444,46.073975,64.47501
4908.0,49.53434,31.53734,48.739395,68.62944
4909.0,47.915726,23.507809,49.397087,65.75845
4912.0,52.90782,25.191065,53.98935,66.60764
4916.0,41.6313,25.96188,41.089634,59.07302
4923.0,48.267563,31.485836,48.956932,56.39913
4924.0,44.396877,25.711733,43.346355,53.712822
4928.0,45.158962,28.717838,46.069386,52.560547
4930.0,41.55896,21.655695,43.891293,52.618927
4931.0,42.74006,31.456295,43.198395,49.21759
4932.0,49.38001,23.93762,50.14237,67.5827
4939.0,47.0599,22.864277,47.6961,63.72267
4947.0,53.666824,24.766062,51.161446,74.609634
4950.0,32.736492,17.005295,37.273495,53.950405
4952.0,35.529602,21.749792,36.5687,45.45924
4955.0,46.05012,21.059563,48.893402,65.5118
4958.0,57.063118,24.858154,56.84681,73.251175
4959.0,52.593002,37.178528,52.84715,63.723026
4961.0,47.099426,27.71771,47.925636,65.21981
4964.0,59.63165,37.09375,59.183445,70.63622
4967.0,56.71542,26.131165,57.988342,77.149925
4970.0,51.55603,34.269703,51.94332,67.78806
4972.0,46.316025,34.6632,47.07978,53.257915
4979.0,48.737823,21.951736,49.50689,76.234764
4980.0,40.70528,18.91902,41.67279,50.17172
4981.0,47.966156,22.190454,49.3868,73.793625
4982.0,56.53908,26.515326,55.77794,87.40895
4987.0,44.665424,28.112328,45.394604,59.42951
4988.0,44.201614,27.323814,46.29981,51.71128
4994.0,40.287106,26.261494,41.448975,47.715828
4995.0,41.319374,26.370064,41.64761,52.07742
4996.0,48.197956,30.821838,48.04138,61.732533
5001.0,47.30886,31.780056,47.76155,59.536488
5002.0,54.507404,35.889362,54.86106,64.73397
5003.0,42.933132,31.080727,43.365963,51.180717
5006.0,54.3307,25.683361,54.96177,82.96152
5009.0,39.312065,21.980406,39.462955,50.28802
5010.0,39.986256,22.443914,41.31879,50.21602
5012.0,52.914906,25.479994,55.54383,80.65978
5013.0,47.966156,22.238808,49.378387,73.6709
5018.0,60.969727,27.731722,60.243412,82.38249
5020.0,45.802708,26.225693,44.94176,64.115364
5021.0,48.826275,29.247887,49.943512,58.41733
5022.0,49.084034,25.748207,48.360703,62.755665
5025.0,45.615673,20.718359,48.6674,58.72985
5027.0,46.566128,29.274136,46.696053,61.52188
5029.0,57.59945,26.760822,56.359306,74.876495
5031.0,48.839176,26.951714,52.692905,66.23262
5036.0,42.73659,28.173004,42.812897,48.04099
5038.0,40.904568,21.932865,43.093,52.887527
5040.0,40.65966,29.057579,40.818497,49.651917
5045.0,49.253925,18.038929,51.66136,65.79933
5047.0,45.22139,22.348202,46.41345,71.07282
5071.0,44.763874,35.618427,45.8835,50.66849
5072.0,42.929268,21.1202,46.09388,62.350945
5074.0,39.234573,24.396687,38.746506,47.661747
5092.0,53.659256,30.684937,52.702652,78.82733
5097.0,35.90883,23.298634,38.56782,49.926407
5098.0,51.072098,38.112366,50.59505,59.9165
5106.0,40.970566,27.551378,42.67544,52.20481
5109.0,39.3442,23.180668,42.322342,45.964104
5112.0,37.86088,20.115921,38.57005,47.987804
5114.0,43.907333,26.920645,45.159576,51.862606
5128.0,57.829185,24.32896,58.80273,78.4251
5133.0,34.140324,19.812737,36.757305,47.24781
5137.0,37.61987,21.707094,39.203392,49.755688
5143.0,52.28897,35.587734,50.99549,67.96999
5146.0,41.861183,25.02584,42.768543,54.851067
5149.0,54.374615,35.122925,54.19719,70.691444
5155.0,53.01691,34.87848,53.044453,69.9799
5158.0,48.91407,29.419003,50.197598,65.044716
5167.0,55.077656,26.662863,53.09868,85.33675
5172.0,51.54867,43.227234,50.837536,58.797077
5176.0,47.72754,37.112865,48.06217,54.33452
5179.0,52.555565,34.47013,52.95042,61.438663
5185.0,51.773457,32.230812,50.181316,67.38548
5192.0,49.893616,27.734818,51.065704,65.72578
5196.0,41.216305,28.390747,42.25123,47.385944
5200.0,43.746788,30.219751,44.697674,51.285255
5202.0,46.33676,31.9268,47.795795,54.52786
5203.0,48.105686,39.955948,48.94967,58.368797
5210.0,54.94502,17.59087,55.940075,80.30556
5211.0,53.67863,30.98917,53.819653,67.8091
5212.0,48.357452,26.85871,50.494534,64.49602
5213.0,47.034924,36.051075,48.698933,55.224888
5215.0,41.674313,25.704948,42.77397,51.0612
5220.0,45.574146,22.651407,46.411896,65.99962
5222.0,46.0242,32.34463,45.560726,54.125645
5226.0,43.600212,22.710625,43.216545,50.744343
5230.0,47.608112,39.219574,48.64051,53.44801
5234.0,47.14872,32.372086,48.32294,55.25243
5243.0,48.860233,27.324657,51.371174,64.46386
5244.0,43.53662,33.413296,45.218315,62.348682
5245.0,41.161827,23.085844,41.678204,60.326412
5249.0,39.40294,22.133972,41.428207,48.41232
5251.0,48.697857,21.738789,49.44676,75.99274
5258.0,47.761127,33.675793,48.09415,58.738644
5260.0,45.934578,23.412169,45.01958,72.844925
5269.0,51.300602,39.68561,52.094234,65.965836
5270.0,44.505417,19.186224,44.552963,63.5729
5281.0,52.271793,35.632328,52.475887,69.09893
5282.0,32.040226,19.56106,35.00777,47.544636
5286.0,50.163837,24.871447,49.220165,67.32478
5287.0,56.0077,29.265326,53.626648,81.6562
5290.0,55.70369,38.618427,56.003426,69.86048
5303.0,46.57216,33.641495,47.63368,55.951416
5305.0,49.212986,29.381891,51.174408,62.282837
5309.0,45.23031,27.30175,47.535492,55.30979
5310.0,49.13322,35.45861,49.08072,56.92425
5312.0,37.79357,21.476109,38.619602,48.444168
5313.0,47.47037,20.815283,49.697838,70.341805
5315.0,43.278816,27.14271,43.719707,50.42214
5325.0,46.644382,21.348074,48.088017,72.861496
5327.0,56.868084,28.530787,55.824364,85.74342
5328.0,54.665028,34.878826,55.502693,69.6088
5331.0,43.69991,19.27659,46.975517,57.9601
5332.0,45.49183,22.185863,46.157055,63.144547
5335.0,44.906525,26.361185,44.678204,65.93564
5336.0,46.628765,19.49833,49.986885,63.133694
5338.0,39.06815,16.317781,39.27941,58.414196
5339.0,51.01359,24.784788,50.48783,74.80628
5341.0,53.401066,33.236313,53.085835,66.145905
5342.0,45.566048,17.775913,48.6867,62.65529
5343.0,52.022182,21.77668,52.10225,65.3339
5345.0,36.503872,14.513047,44.166782,66.59409
5348.0,38.783268,22.583303,41.608585,52.55793
5349.0,49.352615,28.168753,48.75068,66.61998
5351.0,47.430576,27.423769,47.687607,65.458725
5352.0,48.909657,23.001505,51.955402,64.6541
5355.0,52.21242,30.033958,52.116318,62.2201
5356.0,58.07295,35.076138,59.793846,76.72782
5361.0,46.004696,27.4192,46.500904,53.99874
5362.0,47.62594,16.426332,51.19678,72.64774
5364.0,42.855434,24.432909,42.146366,50.515938
5367.0,33.317753,17.670578,34.535305,47.07983
5369.0,43.20043,20.667082,44.197758,53.482742
5372.0,36.404472,21.716555,40.707867,47.322765
5374.0,42.664692,24.095985,43.759037,48.584743
5378.0,38.320934,18.166946,41.454975,57.630016
5382.0,57.372353,30.615458,56.00255,85.16106
5383.0,39.007977,23.762096,39.141575,50.702896
5387.0,48.7395,21.943785,51.39961,67.80298
5393.0,56.037197,19.87647,55.38553,80.95565
5403.0,43.3961,34.12441,44.358585,48.36867
5408.0,57.65151,24.855133,54.93578,80.17683
5409.0,55.842762,29.37594,54.55144,74.65176
5410.0,49.995224,29.64226,49.819714,65.45148
5412.0,60.04303,25.417982,56.15086,75.57953
5414.0,51.75316,29.787281,51.461834,64.878
5427.0,40.134323,19.383026,41.290432,51.050003
5431.0,49.004047,22.702805,50.839455,64.973625
5433.0,42.1846,27.734554,43.554657,52.02744
5443.0,53.388836,32.87532,53.74359,59.81238
5444.0,46.517036,30.424295,45.966534,57.4229
5446.0,45.849228,24.516562,46.678783,61.619602
5449.0,44.526264,22.696898,46.23757,56.584133
5452.0,48.91893,21.858421,50.373634,70.93147
5453.0,53.785366,35.720062,53.53445,68.94147
5454.0,46.29461,32.59924,46.363014,55.010822
5456.0,46.66371,21.455002,47.363308,69.8581
5457.0,46.317036,26.67886,48.64893,65.69553
5458.0,45.274944,24.961618,48.646004,58.513336
5459.0,47.358685,36.399643,47.3972,53.619453
5460.0,38.678364,19.651981,39.703476,49.393124
5461.0,42.572388,34.40404,43.988987,48.21103
5464.0,39.937267,24.256514,41.3534,49.27184
5466.0,54.839813,31.04207,54.21303,70.097145
5467.0,55.161896,20.4933,56.602253,79.63872
5468.0,46.239334,26.450935,45.513542,65.04406
5472.0,53.790478,31.565645,53.653904,67.54677
5476.0,44.407173,33.651512,45.983273,54.78135
5479.0,48.37698,20.11998,51.25766,66.78482
5480.0,53.75542,39.314625,55.72769,67.15295
5482.0,55.680717,39.83575,55.642097,68.25745
5484.0,30.121119,18.401468,35.99653,55.223232
5486.0,42.940163,20.178179,43.737064,65.21274
5488.0,39.802773,22.731464,41.25993,50.0036
5492.0,37.07176,22.58949,37.653473,48.627117
5494.0,37.976395,16.69841,38.766865,56.055756
5501.0,48.59791,27.66085,49.757042,59.923416
5511.0,39.27636,19.552874,42.68247,57.428596
5513.0,39.64902,18.739712,43.222458,58.993057
5521.0,50.15107,24.777637,47.752026,67.279434
5523.0,54.126667,25.62929,52.777657,84.31766
5526.0,43.896942,26.967907,45.82914,52.80178
5528.0,40.164513,21.891556,41.245937,50.96003
5529.0,43.151604,20.802542,42.805027,66.11245
5533.0,37.76575,22.524143,39.05568,49.91832
5534.0,49.933414,33.07066,50.060646,59.178745
5536.0,55.67992,29.129356,55.128872,76.62406
5539.0,45.950516,35.447346,46.616703,52.725212
5540.0,40.27189,18.879913,40.397007,58.935482
5544.0,40.746117,22.021282,41.529583,49.532265
5545.0,36.15829,18.611359,36.9096,48.21191
5548.0,53.70901,40.454918,53.2558,62.152237
5549.0,46.3041,34.89684,47.38993,52.404358
5553.0,43.707527,32.146008,44.434486,50.779095
5555.0,35.604,19.373373,36.805573,47.894135
5557.0,47.38554,22.650997,48.659462,65.793846
5564.0,39.991016,21.604914,39.927174,50.576588
5565.0,55.96479,22.305267,53.588688,79.18323
5566.0,46.78266,17.708578,49.66049,71.576775
5570.0,43.483356,21.099146,46.292946,61.568996
5573.0,33.86559,20.76074,35.591152,47.85304
5576.0,40.698452,23.341278,41.8334,53.804592
5577.0,39.852062,19.68855,39.905354,59.254772
5581.0,44.30072,34.464844,45.52977,50.632557
5585.0,40.26221,18.079544,39.625187,55.568882
5586.0,41.951996,32.0245,41.80501,47.844036
5590.0,39.4353,24.193445,40.24162,47.228554
5594.0,52.336727,38.485462,53.73932,58.887177
5595.0,45.757824,22.721792,45.292503,62.335476
5596.0,44.68309,27.373308,46.3422,66.36638
5599.0,39.341843,26.954563,40.805122,47.8179
5600.0,46.099495,20.967287,47.952976,60.43164
5601.0,43.000206,29.376316,42.65862,50.208263
5602.0,55.813725,22.974075,55.863113,75.76138
5603.0,61.667984,32.163334,57.315144,87.544174
5604.0,54.94187,26.854548,53.026745,81.33779
5606.0,39.267834,19.94448,39.499832,56.760788
5607.0,35.70305,17.89001,37.75433,46.4265
5609.0,56.825603,28.520447,56.926838,78.17153
5610.0,43.89481,25.25388,45.218254,53.68425
5611.0,59.008743,27.095144,58.039516,82.70169
5614.0,46.593544,35.359486,48.09014,54.601997
5616.0,37.682995,22.866066,39.716045,51.029053
5619.0,42.36758,18.811764,44.55509,65.09679
5624.0,45.519222,27.980724,47.099174,53.033775
5625.0,36.280556,19.176815,37.146393,57.02373
5630.0,49.072704,37.33956,49.879612,57.112385
5636.0,51.21986,30.225796,51.19791,73.50196
5638.0,39.324646,20.56074,42.47028,50.724915
5643.0,39.29735,19.617577,39.939762,49.59017
5644.0,53.52021,30.812542,54.433983,67.41677
5649.0,56.76074,28.251688,58.41173,79.19956
5650.0,48.05997,22.70874,49.39783,73.8834
5651.0,50.647266,25.091469,51.84723,80.99385
5652.0,44.068516,25.289747,45.43531,51.53376
5653.0,44.97129,20.97093,48.39965,63.138157
5656.0,43.349045,32.50853,43.676586,51.01591
5658.0,46.69821,22.775528,52.757816,77.6776
5659.0,47.668213,24.412376,49.160664,63.956837
5661.0,46.510075,23.399416,48.71919,66.51505
5664.0,43.48961,30.42866,44.0598,51.290382
5666.0,40.781456,22.565243,41.307915,52.57619
5674.0,37.630714,18.96422,39.492348,55.921417
5688.0,41.1077,28.786118,42.145836,48.249603
5694.0,52.20418,19.209404,54.365208,74.52334
5705.0,52.956825,37.92053,52.009632,58.735806
5708.0,48.41456,22.88056,50.080925,70.35676
5715.0,62.140717,30.431316,58.295433,84.96131
5718.0,53.14785,19.827784,55.49477,75.020485
5721.0,43.63253,31.504337,44.752136,50.44049
5723.0,56.03899,27.78033,54.55506,85.186646
5731.0,50.062286,22.065514,53.563766,69.10256
5733.0,50.83464,27.125011,50.48069,64.41437
5736.0,44.294346,20.716814,47.788887,65.21492
5737.0,55.656467,39.30426,53.887318,73.16365
5746.0,47.20766,22.762339,47.03385,67.40077
5747.0,30.061396,17.706976,33.52272,51.664185
5750.0,46.605663,24.475319,46.588455,73.35629
5752.0,50.98059,20.5762,52.50319,75.9205
5753.0,62.52414,30.278976,61.829586,79.76192
5757.0,46.746616,33.23145,47.31585,53.636112
5758.0,52.56865,27.05122,53.719826,64.567894
5759.0,40.680077,22.570826,42.162994,49.125908
5760.0,41.551605,22.677143,43.880325,52.311626
5763.0,46.2654,28.68634,49.400642,61.565987
5764.0,49.42553,31.488388,52.0181,63.187363
5767.0,30.111446,15.951444,32.102985,48.09552
5776.0,54.78411,25.76809,55.570827,85.69907
5778.0,46.7953,27.657305,49.599373,65.2905
5779.0,57.783283,24.860975,56.902355,84.38006
5782.0,50.58879,28.60062,53.794136,69.18538
5788.0,61.148598,30.318726,58.466473,78.821495
5793.0,50.67479,23.542107,50.671814,71.29466
5798.0,45.2671,21.093903,47.154957,58.73587
5801.0,42.585926,26.281404,43.29833,51.89145
5808.0,55.41871,44.757866,53.808384,66.683685
5810.0,50.531986,22.083021,50.76932,65.16125
5818.0,49.207497,39.29918,51.64694,67.26765
5819.0,43.50904,16.47763,49.16148,72.952805
5821.0,51.255047,26.366854,51.611412,81.523056
5822.0,47.92697,21.324211,48.07178,75.48672
5837.0,48.1096,34.281563,48.96959,57.553547
5843.0,47.7538,22.221664,47.31403,67.90021
5844.0,51.35014,35.185135,51.177025,67.99357
5845.0,46.42559,27.934198,45.642387,60.624893
5852.0,50.37266,31.276438,51.117775,58.88192
5853.0,44.90658,30.959116,45.847706,52.07295
5854.0,49.959034,34.82169,49.78063,59.84007
5856.0,41.80268,16.7066,49.761818,68.341515
5858.0,47.12643,22.10651,47.846153,64.87551
5860.0,61.29967,30.096392,59.172165,78.2585
5862.0,38.183258,18.463526,39.597363,65.16974
5864.0,48.595154,25.36273,51.301918,65.30346
5865.0,48.3484,31.64284,48.865864,54.516926
5867.0,48.05997,22.70874,49.40105,73.8834
5868.0,41.44836,12.755847,47.34816,71.28527
5873.0,46.921566,32.90718,48.8513,53.696514
5874.0,43.67824,28.483995,44.312515,64.233154
5879.0,47.26964,32.14699,48.99883,57.854557
5880.0,46.94375,22.7833,50.80332,72.689804
5881.0,52.117752,34.485157,50.325123,67.265205
5886.0,47.828964,32.51956,50.932007,64.077736
5889.0,53.19423,34.675507,52.66164,68.08302
5890.0,48.215626,21.640598,50.385075,64.33003
5891.0,48.53729,39.806698,49.267952,67.08924
5898.0,44.768795,31.414995,45.836723,51.421734
5899.0,46.049683,22.774675,46.37118,67.45011
5901.0,41.845207,26.565798,41.940174,49.147823
5902.0,55.017605,34.90199,54.90024,66.56452
5904.0,60.990326,27.72822,57.129204,80.48283
5905.0,53.213833,37.684074,53.222996,60.406246
5906.0,52.738678,28.825068,53.67411,65.22839
5908.0,45.835426,33.325447,47.737114,57.477776
5910.0,44.17311,22.671347,45.87289,56.85963
5911.0,45.174427,28.24664,46.171444,51.28956
5912.0,58.73891,25.081758,57.302265,78.01818
5915.0,47.583645,23.770012,50.683296,66.86074
5916.0,45.64822,28.489017,46.99129,55.63266
5919.0,63.548504,29.93701,62.195583,81.51198
5920.0,48.64639,28.28483,50.724007,66.09597
5923.0,59.87073,40.36774,58.08097,69.86629
5925.0,48.534534,23.904772,51.393284,65.317535
5926.0,53.653824,23.485247,52.01736,84.42653
5928.0,47.75471,25.61978,49.910713,56.08274
5930.0,39.6352,22.17235,41.061066,48.34934
5931.0,52.51427,24.349503,51.374496,83.68239
5933.0,42.37586,32.984013,43.191135,47.627914
5934.0,42.519493,27.483053,43.32305,47.94819
5935.0,38.137127,23.738369,38.01023,48.90037
5937.0,49.49731,26.434937,51.072205,65.57218
5938.0,38.781982,26.847767,39.602787,49.962627
5939.0,44.5998,35.82086,45.068134,50.67452
5940.0,47.12361,35.97332,48.424282,55.862556
5942.0,48.05997,22.70874,49.40105,73.8834
5944.0,47.12977,27.348736,48.839504,56.474674
5945.0,58.36094,27.25696,57.16375,76.87119
5949.0,39.63294,23.614212,41.467457,47.141445
5950.0,47.75042,22.134825,48.805515,75.75119
5951.0,40.18973,20.945744,43.257153,51.729958
5956.0,44.046856,32.497982,44.979168,50.065357
5961.0,58.143806,25.78014,56.66173,79.330505
5965.0,50.962555,26.221178,51.474796,63.983906
5967.0,47.425964,29.326063,48.121647,60.147533
5969.0,46.817642,35.286304,47.931164,56.17234
5973.0,44.07389,28.14172,43.1479,54.72175
5974.0,50.591194,39.13047,51.58093,57.12809
5976.0,41.18634,27.831776,42.44645,52.92278
5979.0,38.324768,22.65155,40.90221,45.54622
5989.0,46.895958,20.95208,49.6793,64.569115
5991.0,46.88672,27.964275,46.29857,67.82199
5992.0,48.109352,27.173529,49.250755,55.269287
5997.0,44.894276,33.459682,44.994045,52.011772
6006.0,43.92447,25.299026,44.083866,54.09881
6010.0,38.605053,24.902702,38.651028,50.888706
6026.0,42.2266,30.099333,42.995117,48.051853
6030.0,30.945248,16.943523,37.840145,59.89466
6034.0,58.25857,30.282867,53.785934,78.08963
6035.0,51.277798,36.39686,52.560497,66.76749
6038.0,50.15107,24.777637,47.752026,67.279434
6044.0,45.30453,23.145367,45.040195,67.25186
6046.0,51.70223,30.50359,52.792404,69.98674
6047.0,48.327538,22.423452,48.725807,68.605034
6050.0,38.577877,21.372843,40.692963,50.025463
6052.0,40.983902,25.520933,41.490376,51.947186
6054.0,45.336723,30.244776,44.31237,62.86217
6055.0,41.482914,24.486597,42.804153,48.16107
6056.0,43.330982,26.622675,43.764256,51.25293
6063.0,39.55642,25.679626,41.712242,46.751152
6064.0,46.0618,41.10684,46.52238,52.226383
6065.0,58.239742,28.954649,58.126125,73.72766
6066.0,43.65596,18.173214,49.18317,65.95834
6067.0,50.47204,23.967993,51.274673,71.23518
6068.0,54.517166,23.247604,55.033356,72.520424
6069.0,39.523895,23.848835,41.606064,46.90899
6070.0,43.564632,24.127369,45.137383,57.573685
6074.0,49.43771,26.097956,46.873783,74.390785
6078.0,45.32865,33.60008,46.17391,51.863247
6082.0,50.166233,28.801912,52.063145,65.21894
6086.0,55.060513,28.645666,55.275486,66.2737
6091.0,39.34971,27.240566,40.559006,50.1381
6092.0,46.11113,38.486107,47.21689,56.186157
6094.0,59.071487,35.5505,58.063526,73.02109
6096.0,42.717213,26.752268,44.157,51.869312
6098.0,51.42068,32.207115,51.331097,63.25538
6099.0,54.190384,29.72454,55.519844,71.168335
6102.0,46.757954,31.271297,48.27107,55.705296
6103.0,40.79582,24.960392,42.95589,49.038982
6104.0,48.54546,30.33154,49.38015,68.66074
6107.0,55.67778,26.982168,54.141594,77.72129
6109.0,49.105736,19.36294,49.46286,75.601654
6110.0,57.580467,20.775272,53.710964,79.89223
6111.0,56.88713,25.148834,54.574444,86.466
6113.0,38.42514,19.695251,38.911484,47.95927
6115.0,59.651333,29.100185,55.311436,85.42838
6117.0,54.95846,24.426147,52.945175,70.11413
6118.0,59.72035,26.967484,56.50861,86.7998
6120.0,48.83128,19.617947,50.32816,70.82869
6122.0,57.86396,27.08933,57.485706,77.37883
6123.0,59.85077,29.42696,58.84674,80.31533
6125.0,60.120403,25.045622,56.061848,80.32198
6127.0,57.585407,25.373604,55.129356,82.39841
6129.0,49.33773,22.90713,50.119083,77.507034
6131.0,51.915337,31.978483,51.05822,65.26378
6132.0,57.316833,26.720642,57.179462,84.28064
6134.0,55.31891,33.443443,55.238533,72.71227
6136.0,53.21308,23.028366,53.650024,73.73981
6138.0,59.08993,34.91086,58.188015,69.68552
6139.0,53.076527,26.592163,53.642296,69.82466
6141.0,61.322933,31.052382,59.76185,84.5766
6142.0,54.501907,31.57711,53.455776,73.73448
6144.0,59.94222,29.561255,56.29671,81.99703
6145.0,57.407097,29.352509,56.196224,70.07662
6149.0,53.58263,45.25444,52.594345,61.269897
6150.0,57.82543,30.375015,55.924385,83.29751
6151.0,48.20874,31.623335,47.599728,60.597946
6154.0,53.66972,25.80461,53.79674,70.561516
6155.0,57.821594,27.543913,55.830704,81.097565
6156.0,49.987297,27.125237,52.832714,71.00599
6158.0,60.059967,27.6091,56.368153,86.87338
6160.0,53.64106,30.024464,53.39171,73.90991
6161.0,54.331474,22.348963,55.255436,83.52195
6162.0,55.92125,26.131329,55.018166,83.9556
6163.0,55.50191,37.02094,56.363594,71.69491
6164.0,54.15998,38.45665,53.572758,71.044655
6165.0,61.04262,26.60993,58.475353,87.57224
6166.0,51.904793,37.531693,53.082214,66.8913
6167.0,53.425602,37.602768,53.2859,61.569424
6169.0,53.0155,31.925953,52.771667,74.25749
6170.0,57.30844,27.577862,52.52383,83.1565
6171.0,52.358765,25.12219,49.70513,74.364044
6172.0,53.50467,26.710472,53.391796,70.81658
6173.0,56.54128,38.254986,55.821495,72.43653
6174.0,56.120335,26.979643,55.742382,77.41653
6175.0,56.29752,24.723467,55.83852,86.363495
