YB,mean_pred,0.025_quantile_pred,median_pred,0.975_quantile_pred
1.0,18.40728,12.081485,17.353853,28.153706
2.0,19.995502,13.9971,19.432726,29.792145
3.0,20.998552,12.828956,20.059792,29.362892
4.0,15.873764,11.144012,15.6183195,25.12455
5.0,16.664932,10.856821,15.825567,25.56513
9.0,22.24664,13.710541,21.850178,31.734882
10.0,20.641567,13.699247,20.242512,30.628523
11.0,20.473705,13.256715,19.969774,31.7466
12.0,22.407566,14.437376,22.050508,30.603874
13.0,19.518564,12.975229,19.175657,30.67429
14.0,19.057072,11.886287,18.134315,27.038408
15.0,20.71585,13.596409,20.214207,27.996078
16.0,20.295427,14.358218,20.098354,30.728668
17.0,21.686398,13.74062,20.921238,30.11875
20.0,19.014053,14.466688,18.194452,26.701248
21.0,20.550549,13.710414,19.984634,31.157885
22.0,19.368696,12.587092,18.96669,29.924109
23.0,23.344574,12.75967,24.626999,31.588512
25.0,23.318396,12.639384,24.34722,31.975784
26.0,22.238443,13.515631,21.346046,31.212164
27.0,20.785309,11.892711,19.91465,29.152096
28.0,20.553432,11.824377,18.830072,33.701893
30.0,23.75048,15.142557,23.95144,29.368034
31.0,19.635658,13.432838,18.854345,31.786098
32.0,17.516386,11.234922,18.02266,29.016298
33.0,20.231733,12.725208,19.931692,28.725662
34.0,28.959148,13.433739,29.360596,37.167477
35.0,20.084175,12.051751,18.71958,29.511232
36.0,25.759295,15.533871,26.10958,30.5215
37.0,20.81223,12.644565,20.589836,29.446419
39.0,16.25705,10.714727,15.51865,26.268803
45.0,14.684249,11.1872835,13.562669,22.18388
51.0,15.446787,11.316244,14.4507,24.275902
52.0,17.282642,11.094142,16.785374,25.710218
59.0,17.570818,11.723108,17.13403,25.84116
62.0,14.790857,10.913366,13.528201,26.76427
66.0,17.278416,11.512841,16.698584,25.674255
72.0,18.178177,13.024479,17.617374,25.939167
76.0,17.773245,11.924175,17.586014,27.398289
77.0,16.586094,11.216823,15.966282,24.494892
79.0,15.643353,10.905541,15.002991,22.507792
81.0,16.905064,11.486883,16.031233,26.3562
89.0,17.403397,12.278171,17.237247,25.789303
90.0,18.3037,12.6176815,16.552074,27.156757
92.0,20.035637,14.454165,19.993174,28.902925
94.0,16.78153,11.608676,16.263754,25.035175
98.0,15.46231,10.3751,15.337195,22.621191
105.0,13.636432,9.630207,12.504676,24.291718
108.0,14.705643,9.845299,14.709441,22.527218
109.0,13.7953615,10.441332,12.475387,25.334007
110.0,17.343899,11.73021,16.996181,25.009167
111.0,14.927195,11.058369,13.017852,28.959957
116.0,15.170131,9.575167,14.694895,25.484615
118.0,15.470662,10.829053,14.372149,25.154705
124.0,15.052627,10.929102,13.805348,27.840675
129.0,14.468905,10.763678,13.47388,24.617085
140.0,17.715506,12.085546,17.322832,26.898146
142.0,18.146193,12.460719,17.060392,27.090097
146.0,16.246183,11.0915365,15.39443,25.023933
148.0,24.938808,14.4120865,24.666746,33.268322
160.0,16.936565,12.059285,16.397158,26.001171
172.0,14.760464,10.069084,13.619259,25.86622
176.0,18.386213,12.379219,17.842531,27.575819
178.0,16.251154,11.637619,15.726175,24.337435
183.0,15.523283,11.258576,14.660122,22.12615
184.0,16.083185,11.316191,15.320075,23.330866
193.0,15.355573,11.323739,14.180536,28.069672
194.0,22.188328,12.283267,22.485092,29.234577
216.0,19.250238,12.011582,17.889034,29.34657
218.0,15.721564,10.205515,15.914236,28.48244
219.0,21.515787,12.977873,23.040556,29.427439
221.0,21.925154,14.397582,21.292986,30.241734
222.0,20.511898,13.907769,19.863218,30.87425
228.0,16.197964,12.131641,14.911709,26.576128
229.0,21.775118,12.616097,21.04359,29.371626
231.0,17.837742,11.720006,16.521603,26.014412
233.0,15.863518,11.121852,15.222232,24.03037
234.0,16.433292,12.245051,15.933858,23.989862
238.0,14.819502,10.897526,13.190572,27.949333
239.0,16.725462,11.54225,16.024637,24.911999
240.0,14.355696,10.45084,13.585768,26.550446
243.0,14.708216,11.035955,14.719986,23.004377
245.0,19.197554,14.119123,18.314703,28.062504
246.0,19.647795,13.727177,18.790972,31.51096
251.0,17.991005,13.6417885,17.757103,24.788225
256.0,17.04942,11.943551,16.37346,25.376183
261.0,16.913088,11.5784,16.537457,26.200047
265.0,20.232851,13.5669365,19.676884,31.97582
266.0,14.215426,10.924485,12.926108,24.98297
267.0,19.099262,12.93114,18.355137,30.094694
269.0,20.955238,11.164567,21.111753,27.53556
273.0,23.579727,13.049274,23.839695,31.072151
274.0,21.136879,12.244769,20.269512,29.606129
279.0,19.836401,13.608028,19.612131,28.701075
282.0,25.684149,12.877565,27.403513,33.28835
283.0,28.524109,12.627444,28.080965,36.940113
285.0,21.287067,14.036645,20.7376,30.497534
287.0,27.060143,11.651867,27.960735,33.89803
288.0,30.22476,13.566825,30.78587,37.81752
289.0,27.105148,11.668147,27.993212,33.979897
290.0,19.063189,13.91728,18.604952,28.753437
292.0,20.58215,12.835473,21.63891,29.578587
293.0,18.902378,12.794217,18.478146,29.051203
294.0,15.977375,11.691543,15.14596,23.84736
295.0,19.251411,12.271598,20.211344,27.427086
297.0,20.883848,11.633972,21.161982,27.43588
309.0,18.817026,12.456002,17.035143,30.482122
323.0,18.174173,13.358762,17.318285,27.37288
325.0,16.184134,11.24849,15.700855,23.732845
329.0,18.776463,12.608682,18.283861,28.119192
332.0,17.6108,11.824216,17.167803,25.832695
333.0,28.253645,15.368341,28.385502,34.02262
344.0,21.814283,14.609513,21.671051,32.198246
347.0,20.149345,13.923947,19.260845,27.108377
348.0,16.806496,11.125665,16.854525,25.873854
349.0,17.52268,11.185757,17.955584,29.236797
352.0,24.95411,12.604666,25.636068,30.999039
354.0,18.568499,12.404389,17.610384,26.115948
358.0,15.695352,11.059866,14.736746,22.593481
359.0,19.463936,12.187019,18.366983,28.098053
362.0,19.252018,12.877052,18.655756,31.097937
364.0,17.336256,11.474942,17.004059,25.899323
368.0,14.999691,10.2149725,14.558835,27.363691
371.0,21.100327,13.970682,21.118605,31.032879
379.0,19.461855,13.111966,18.799833,30.339457
380.0,23.329725,12.649924,24.37272,31.803495
381.0,26.767807,14.734978,26.453428,34.434246
382.0,23.473675,12.756256,23.444939,31.475536
384.0,17.56193,12.550283,16.90077,26.597836
385.0,19.937296,14.869807,20.022964,28.512478
387.0,18.942822,12.95251,18.700785,28.958221
388.0,17.149984,11.046579,16.806862,26.581356
389.0,18.671968,13.709699,17.700111,26.037367
395.0,14.642799,11.329337,14.0628395,22.254227
398.0,16.615898,11.235598,16.353374,23.666796
400.0,20.918083,12.082467,19.949944,29.299698
403.0,15.363187,10.896495,15.078527,21.682367
409.0,17.825607,11.424473,17.517221,27.286137
415.0,15.882468,11.022518,16.595879,23.226414
421.0,13.999452,9.313127,13.554985,25.157558
422.0,16.138468,11.121079,14.658871,26.520489
427.0,17.22082,11.890354,16.263098,25.270369
428.0,14.06728,10.638042,12.278328,27.433868
429.0,17.689806,11.696427,17.22475,26.801632
432.0,16.023272,10.409967,16.694063,28.937864
433.0,16.524282,11.620413,16.451883,27.672539
434.0,18.679083,12.242326,17.500957,29.149792
435.0,16.176765,11.5916195,15.852259,27.38894
437.0,15.154414,10.819314,14.520188,22.945635
439.0,20.419392,12.680632,19.994463,29.536629
444.0,22.38617,14.597378,21.630598,28.901194
449.0,16.460747,12.021745,15.727477,29.838646
450.0,16.756035,10.706094,17.550236,29.15471
453.0,15.880278,11.19442,15.497324,24.194805
454.0,21.539812,14.485828,20.565763,33.107258
459.0,17.030258,11.786169,16.261189,25.391478
460.0,18.739067,13.4438095,17.35767,27.407434
461.0,16.472084,11.638661,16.319984,27.019922
462.0,20.417244,14.105475,19.281013,26.786762
470.0,19.210114,13.002982,18.610632,27.978539
471.0,19.042595,12.131069,17.362505,28.157919
472.0,15.521539,11.327683,14.885698,22.736681
473.0,14.775422,10.44397,13.797508,26.114676
483.0,21.15163,13.509358,21.109762,29.195488
484.0,15.925405,11.466495,15.485391,25.329191
488.0,17.200962,11.566808,16.36136,25.75634
490.0,19.860075,12.632168,19.172,28.787548
492.0,20.560936,14.214623,20.276064,31.062883
495.0,15.026393,10.942572,13.721395,28.796907
500.0,16.501497,11.393715,16.158438,23.200285
501.0,14.989684,11.17338,13.7263365,28.805046
502.0,18.250872,11.500952,17.261698,27.743206
506.0,16.579294,11.468068,16.14391,25.37484
509.0,17.571058,12.344004,16.738426,25.167847
510.0,12.712444,10.022378,11.923529,22.404259
512.0,14.54702,11.007768,13.072015,24.786337
514.0,14.567676,10.61138,14.2799835,22.239891
517.0,18.766838,13.927317,17.869669,25.59069
524.0,16.569065,11.290527,15.848559,25.48614
525.0,18.678795,13.046484,17.308994,27.430967
530.0,15.576811,11.2957535,16.028076,27.528862
532.0,15.677239,11.866515,16.174292,23.190947
536.0,15.670849,11.384759,15.099861,24.56532
537.0,18.610703,11.889794,20.069006,27.12072
539.0,16.168089,11.250684,15.328056,24.705015
550.0,17.332115,12.984246,16.49007,24.420506
565.0,14.217596,11.03623,13.587568,23.215603
571.0,17.70218,11.684015,17.99309,27.74981
572.0,18.811123,12.433312,18.045708,28.399788
573.0,15.857738,11.0311985,15.5998335,24.07908
575.0,19.228376,12.740747,17.69863,29.793999
576.0,18.329142,12.196996,17.905905,28.585323
578.0,16.168135,11.286001,15.637698,24.110691
585.0,18.364737,12.699225,17.467398,25.397194
589.0,19.680456,12.099304,18.700325,28.290154
590.0,19.889849,13.58832,19.272568,30.234282
593.0,16.001787,11.174025,15.408139,23.83191
596.0,17.673595,12.501807,16.769073,25.211031
602.0,16.4595,11.580136,16.254225,24.758343
603.0,19.406647,11.968377,17.420586,30.296734
604.0,17.754696,12.325956,17.223068,26.459864
609.0,15.576723,11.157359,14.391954,29.19207
610.0,16.568651,10.937562,16.350502,23.45217
615.0,15.952963,11.339331,15.310985,23.209524
617.0,14.926716,10.544368,13.750767,20.942715
619.0,16.156755,10.142146,17.606642,26.282858
620.0,14.581956,10.147037,14.155464,23.808233
621.0,13.23477,9.415351,12.164649,22.11342
624.0,16.393774,11.45726,15.509842,30.620756
625.0,16.076305,11.424612,15.425405,25.273117
627.0,15.593485,11.303953,14.024611,26.122797
629.0,15.56925,10.941859,14.625446,24.976637
630.0,16.282764,11.241369,16.02005,26.792168
632.0,15.651273,11.398021,15.473732,26.742834
636.0,14.826112,11.195437,14.757639,20.718075
638.0,15.087605,10.327273,13.943578,23.157751
639.0,16.236414,11.422557,15.298875,24.651754
642.0,15.001452,11.019921,14.475389,23.84412
644.0,16.272144,11.451539,15.844863,26.96902
645.0,16.575514,11.585339,15.406986,24.757442
650.0,17.818724,11.701426,18.278465,29.387379
654.0,19.670269,14.554004,19.132444,27.841902
655.0,19.05444,12.509042,18.685993,27.848186
660.0,18.850565,12.315465,18.99788,26.64042
662.0,18.383575,12.8437805,17.244982,25.089605
664.0,18.488243,12.747651,17.640148,25.962296
667.0,17.754436,12.601484,17.670677,27.418102
669.0,19.22767,11.992528,18.018467,29.95718
672.0,18.936983,12.268209,16.810286,30.76743
673.0,14.046714,10.454017,12.763893,24.662687
682.0,19.02361,13.748744,18.329819,26.245378
684.0,19.434217,12.051312,18.238926,30.03341
692.0,23.606308,12.955205,24.818306,32.062267
695.0,23.40899,12.761163,24.186064,32.179947
696.0,16.188265,11.432446,16.18899,22.711685
698.0,16.395887,11.805821,16.122362,25.598349
700.0,16.957771,12.664723,16.233915,25.439592
706.0,20.045578,12.210932,18.462769,31.892471
712.0,15.819992,11.266304,15.210523,26.008217
713.0,15.181054,11.514732,14.260734,26.207098
715.0,21.172401,14.728289,21.244205,32.637333
717.0,15.755643,11.365487,14.913917,29.113884
719.0,14.960753,10.528957,14.08117,27.500593
731.0,17.219803,11.154175,18.359716,27.111864
734.0,19.250095,12.191738,17.810837,27.483795
735.0,18.48199,12.419612,17.725008,26.647598
739.0,15.736775,11.982399,14.190244,26.12325
743.0,19.990438,11.359797,18.500418,28.033924
749.0,19.1616,11.650262,17.887327,29.970087
751.0,17.979729,11.994711,17.017971,27.354755
764.0,14.507547,10.374398,13.823445,25.607977
769.0,18.28846,12.100498,18.783588,29.55115
771.0,14.646798,10.623538,13.46408,26.1893
772.0,18.687864,13.143474,17.824387,27.595179
780.0,15.855761,11.385942,15.484023,26.515568
785.0,14.457376,10.587387,13.709091,23.879425
787.0,16.136145,10.908441,15.358152,27.103
794.0,18.312674,12.872229,17.151207,25.918903
797.0,19.275314,12.813329,18.371174,30.028332
801.0,19.31371,12.809003,18.472065,30.431711
802.0,15.278577,11.460834,14.7389555,23.02371
803.0,16.041325,10.855482,14.916744,28.772459
807.0,17.043543,11.87388,16.028166,26.81131
808.0,15.233411,11.221212,13.574468,28.071165
813.0,19.870028,12.345774,18.396193,29.426273
814.0,17.711248,12.320716,16.507425,25.18036
815.0,18.799314,13.166553,18.064848,27.938498
816.0,19.992407,12.7873335,19.556362,28.144814
817.0,17.531363,12.594147,16.490217,26.6534
819.0,17.285265,12.229692,16.502752,25.19969
821.0,16.672068,11.391192,16.12002,24.971127
824.0,17.240326,12.2482,16.569477,25.349491
827.0,16.54657,11.729213,15.644217,25.993225
828.0,15.630229,11.322205,15.087599,22.042707
832.0,19.605934,14.269635,18.768341,29.877026
838.0,16.90968,10.592767,16.127476,26.923988
839.0,18.040295,12.015966,16.048773,27.851738
843.0,14.524725,10.4481535,14.002836,26.540297
846.0,20.820887,12.543386,19.56589,33.065083
849.0,19.442707,12.4234705,18.69152,29.25026
851.0,15.178548,10.666593,13.289495,27.630451
854.0,20.646652,13.995471,20.45194,31.143692
862.0,17.853401,12.870993,16.992382,26.424667
866.0,17.999691,12.756936,16.60658,25.096075
870.0,17.859625,12.684785,16.9834,25.570534
872.0,16.6099,12.3676405,15.467574,25.356945
876.0,15.927831,11.21304,15.698832,23.35968
878.0,19.763966,12.492073,18.089922,30.13196
888.0,17.928942,13.103331,17.570889,24.805433
889.0,20.287704,12.108314,19.502054,29.495197
891.0,14.629858,10.868055,13.709046,22.62225
895.0,21.22688,12.256593,20.147343,29.945492
897.0,20.737707,12.1586685,19.88302,29.474688
899.0,17.16302,12.562302,15.731328,24.561281
903.0,18.996178,14.204438,18.535404,25.339207
904.0,18.266901,12.70087,17.390099,25.022202
905.0,18.753677,12.450438,17.54774,30.181421
906.0,19.132977,13.134268,17.88341,27.570236
908.0,21.061403,14.569427,21.483793,28.950338
909.0,18.04701,11.838565,16.42284,28.312656
911.0,21.049547,11.911821,20.036106,31.311832
914.0,17.031492,11.619172,16.45597,25.167053
915.0,22.801361,14.621205,22.728468,30.915657
916.0,16.616236,11.83153,16.107134,23.641516
918.0,18.138716,11.372971,18.084538,26.479736
924.0,18.15534,10.734643,16.59345,28.5571
926.0,16.236633,11.335366,15.223143,23.92251
935.0,14.824238,10.776304,13.775607,26.78947
941.0,20.465809,11.798943,18.129242,31.707197
945.0,19.583963,13.467644,20.037663,27.73845
950.0,15.68657,10.917531,15.168875,24.682243
952.0,21.753551,15.093521,22.24353,29.497427
953.0,15.785175,11.225309,14.573077,24.992577
957.0,18.154222,12.617583,17.897686,24.871027
963.0,14.732607,10.637041,13.448783,27.13328
972.0,15.546681,11.353049,14.54816,23.719015
974.0,18.565708,12.370185,18.050577,29.921694
978.0,27.111965,13.514395,26.747065,32.92414
994.0,17.216658,12.237096,16.686056,24.743979
997.0,16.806025,12.288525,15.745588,24.920433
,16.43564,11.137057,15.481577,26.657341
1000.0,14.8316345,10.980951,13.1916275,28.220324
1005.0,16.04418,12.079481,14.983197,27.02335
1006.0,18.530165,11.696325,16.727253,28.633818
1012.0,29.242172,15.222676,28.047192,36.72175
1014.0,20.580082,14.64143,20.48681,27.14956
1022.0,14.713684,11.0898285,13.946379,22.525078
1024.0,18.668417,13.459035,18.995216,27.595161
1028.0,14.828052,11.305245,14.13078,22.268103
1031.0,16.910501,11.522126,16.874998,26.795448
1033.0,17.522345,10.962153,17.449003,28.713354
1034.0,19.872892,13.584891,19.088593,30.44372
1039.0,14.482793,9.242126,13.906491,25.396282
1040.0,18.06443,12.235002,17.038597,27.98778
1046.0,17.47481,12.071978,17.699175,28.057526
1048.0,15.408985,11.370554,14.993311,25.67196
1057.0,18.930542,11.940108,18.158386,27.540688
1060.0,17.924387,11.532316,17.485682,26.472647
1065.0,15.80884,11.890346,14.9992695,24.10207
1067.0,19.830233,14.054592,19.199291,27.468134
1077.0,19.694992,12.104419,18.9084,29.738646
1089.0,16.554045,11.678781,16.006758,26.907354
1092.0,19.949848,12.220052,18.89971,31.27815
1096.0,17.853497,12.847425,16.795843,25.711744
1098.0,29.959644,15.737066,30.617565,35.90637
1101.0,15.48702,11.19877,14.255053,26.484835
1102.0,19.769547,11.524146,18.978561,30.432335
1107.0,16.89753,12.417731,16.05677,26.108513
1108.0,14.5106735,11.037444,13.440398,25.07822
1110.0,15.286779,11.025288,15.418303,22.717
1115.0,19.134226,13.710737,18.394444,26.869614
1116.0,15.890677,11.266598,14.860501,23.706755
1118.0,17.146227,11.250455,19.114904,27.608356
1121.0,16.657415,10.982807,15.79458,26.381893
1125.0,15.594835,11.175792,14.828763,26.74225
1130.0,17.377117,12.987011,16.704416,26.662106
1131.0,18.677439,13.078631,16.750273,28.588903
1135.0,18.115992,12.802921,16.826124,26.56885
1137.0,18.266665,12.359021,17.03394,27.082024
1138.0,16.307467,11.009192,14.168117,27.666187
1139.0,18.184069,12.59899,16.788485,28.191174
1149.0,17.257324,10.715063,16.640266,25.601753
1151.0,27.293928,12.771891,28.062681,34.870598
1157.0,19.580017,12.24519,18.772738,30.169333
1160.0,15.143437,11.190879,13.717628,26.358091
1164.0,14.256998,10.21882,13.85951,25.666426
1167.0,18.04588,11.386771,17.096579,27.186804
1171.0,19.867718,12.227922,18.78543,31.81717
1176.0,15.192775,11.049133,14.715368,21.750265
1179.0,16.649023,11.296118,15.989984,24.68756
1180.0,20.04758,13.647571,19.519861,30.338942
1181.0,16.37021,12.545224,16.078176,26.723349
1183.0,19.122143,13.511383,17.861416,26.743832
1184.0,16.716496,11.254707,15.517957,26.89456
1185.0,18.122534,11.317319,17.17918,29.175468
1189.0,15.163155,10.493978,14.112987,26.459116
1193.0,14.646863,9.962894,15.527601,25.905577
1196.0,18.620604,13.346691,17.888468,27.069027
1199.0,21.42391,12.802415,21.42816,28.40152
1200.0,25.603264,14.650058,24.31341,32.627377
1203.0,19.213577,12.949722,17.827286,29.00851
1205.0,18.73768,11.73555,16.75032,28.887526
1206.0,17.921934,11.595677,17.282696,27.60862
1212.0,19.942783,13.555807,19.49403,28.921835
1213.0,20.347178,13.237512,20.710157,30.31341
1214.0,16.142141,10.841959,15.148712,29.758791
1231.0,20.043036,14.698805,19.330408,27.293331
1232.0,22.124317,12.434586,21.334473,31.820843
1233.0,16.496042,11.626728,16.286877,26.4985
1235.0,16.84438,11.523407,18.803885,28.52261
1239.0,21.696337,12.836037,22.411985,28.526564
1240.0,19.374905,12.142773,18.296284,27.483614
1242.0,28.698748,14.856877,28.27292,37.528465
1245.0,17.114574,11.569258,16.413946,27.849678
1248.0,17.204653,11.613265,16.598558,25.894022
1250.0,17.391287,11.3025255,16.697468,24.52447
1258.0,14.932932,10.674075,14.56203,23.10759
1259.0,15.544822,11.054257,14.771944,23.157803
1263.0,14.428918,10.69796,13.226025,25.519014
1266.0,14.321837,10.497678,13.281585,22.055405
1268.0,16.84112,11.321859,18.669806,26.966806
1270.0,13.772025,10.259465,13.8276615,24.484211
1275.0,16.450573,11.303641,16.06631,23.89426
1277.0,19.153288,13.415388,18.92801,27.665358
1282.0,19.985464,13.896512,19.768091,31.19822
1297.0,17.668867,12.158412,17.701948,25.09496
1300.0,17.24174,12.150704,16.556833,25.636896
1306.0,19.15752,13.015575,18.851377,28.27466
1312.0,20.650715,13.499872,18.644293,27.448954
1314.0,15.640915,11.041783,14.799812,21.953814
1320.0,18.209347,12.601352,17.006006,26.451271
1321.0,19.533371,11.4911995,18.12972,29.059483
1322.0,19.00361,13.09514,18.457834,30.811434
1324.0,20.906328,12.041744,19.933605,29.262577
1325.0,18.074623,12.563164,17.246323,27.100088
1330.0,17.850111,11.930008,17.367311,27.772362
1331.0,16.629053,11.951875,16.470423,26.98945
1338.0,19.681993,13.759069,18.647957,27.177841
1340.0,20.812355,13.867346,20.124426,29.573818
1342.0,19.387737,12.316051,18.153076,29.276255
1348.0,15.523481,11.069025,14.948577,23.147635
1350.0,17.9287,11.898995,17.35579,26.98986
1356.0,15.7257185,11.039621,15.247806,21.858849
1362.0,15.376773,10.932517,15.122692,23.635159
1363.0,16.510788,11.555426,16.27735,24.839466
1366.0,15.357463,11.0230875,15.487573,22.28109
1368.0,19.531485,12.591382,19.254766,28.25214
1382.0,17.528408,11.685485,16.77517,25.705566
1384.0,18.239288,12.146807,16.932144,29.100805
1385.0,16.575182,11.656736,15.811921,25.96231
1387.0,17.78798,12.684959,16.714607,28.247732
1396.0,18.188017,11.879589,17.699223,27.448437
1399.0,17.477844,11.213021,16.27928,24.936056
1401.0,15.763035,11.367536,14.402961,28.291996
1402.0,15.099496,11.309318,14.870587,21.188555
1408.0,16.067558,11.885426,16.109535,23.112204
1410.0,18.235973,12.960877,17.939169,26.284088
1412.0,17.677399,12.515222,17.117449,26.16514
1413.0,14.472821,10.740959,14.483901,21.319311
1416.0,18.70078,11.436008,16.848213,28.289953
1418.0,16.762594,11.711924,16.344187,25.415243
1431.0,20.942497,14.103581,19.901585,30.100538
1435.0,13.0753765,9.85719,12.544841,22.636957
1436.0,18.448301,12.719715,18.299152,26.712875
1442.0,17.647877,12.128089,18.0062,26.636002
1448.0,17.69289,12.146725,17.364843,25.46583
1449.0,19.040083,12.026285,18.141705,27.038408
1450.0,20.55872,13.925235,20.546516,29.104273
1452.0,19.222769,12.1899185,18.290195,27.072989
1453.0,12.952675,10.251734,12.12001,22.767399
1458.0,14.995645,10.960334,13.552676,24.780994
1459.0,16.118332,11.343632,15.072298,30.48606
1461.0,17.083487,11.5450115,15.896047,25.275265
1463.0,15.689748,11.510805,15.035764,23.676817
1468.0,17.275818,11.697899,17.008997,26.041842
1473.0,14.811848,9.901475,13.728862,23.511072
1474.0,18.718924,13.123618,18.051628,26.363844
1485.0,16.33904,11.596329,15.485341,25.807354
1488.0,14.497114,10.424734,14.107094,22.15003
1489.0,19.184967,12.09277,17.99189,27.215813
1492.0,13.958228,10.166728,12.257113,23.27059
1494.0,16.319164,11.453668,15.855888,24.251074
1497.0,16.114267,11.119574,15.206263,25.448278
1498.0,15.888115,10.856301,15.974485,26.400892
1499.0,15.728582,11.274501,15.048584,22.379871
1502.0,16.62363,11.124202,16.786655,24.018026
1512.0,16.53098,11.28215,16.177298,24.668934
1514.0,14.6237545,10.093984,14.111862,22.99497
1516.0,16.834171,11.428601,16.763802,23.677727
1518.0,15.078438,10.414159,14.257186,26.264456
1523.0,16.260824,11.160202,15.767784,23.885221
1524.0,17.206915,11.784469,16.446573,24.995022
1534.0,18.442255,12.862522,17.43893,25.389072
1535.0,18.908667,12.4665985,18.409391,27.599224
1544.0,18.37346,11.7640705,17.624287,27.369654
1549.0,20.797731,12.301278,20.152346,30.302006
1550.0,15.019303,10.947322,14.989705,21.672213
1551.0,17.584831,11.698306,16.851877,26.84042
1553.0,16.651705,12.488724,16.517101,25.996891
1554.0,18.156063,11.303227,17.294296,27.293663
1567.0,16.187502,11.511998,15.355898,23.161665
1583.0,15.596645,10.9645405,14.475312,23.942198
1584.0,13.676613,9.8596945,13.663361,21.459044
1585.0,17.621847,12.43397,16.663689,25.529581
1610.0,15.367686,11.287619,14.886776,21.766102
1614.0,14.541805,11.034026,13.992608,21.48868
1615.0,16.57251,11.597228,16.046793,23.988424
1624.0,20.796911,12.247319,19.689442,30.506037
1626.0,14.31033,9.925131,13.543781,20.973183
1629.0,16.587952,11.259499,16.037643,26.248877
1632.0,14.973692,10.80812,14.572562,22.900517
1642.0,15.424166,11.151102,15.360898,21.516085
1644.0,17.670528,11.265617,16.621367,25.862282
1646.0,16.266706,11.112915,15.791354,25.294016
1649.0,15.1746025,11.369195,14.757771,21.672518
1652.0,16.375233,11.457633,15.671949,24.23614
1655.0,17.76955,11.6941,16.879112,26.68795
1674.0,15.650019,10.724933,16.045725,23.926973
1682.0,15.157797,10.778079,15.390903,26.378958
1684.0,16.46626,11.539008,16.573524,23.982904
1686.0,18.55698,11.708805,19.21944,28.320042
1690.0,15.324812,11.104872,15.191033,23.383204
1692.0,17.870358,11.687494,16.921171,27.182343
1693.0,19.692589,12.210269,18.752113,27.74846
1696.0,18.086407,13.124737,17.32149,25.985647
1698.0,15.029076,10.520953,14.111875,24.795214
1700.0,17.933722,12.5670185,17.380219,26.185492
1703.0,14.10766,9.772235,13.52815,23.027319
1705.0,13.724105,9.995966,13.388485,21.46295
1706.0,17.049116,11.066354,15.858063,26.211864
1707.0,14.311528,10.089905,13.895207,23.280312
1709.0,14.320657,10.643626,12.8153105,25.976175
1710.0,15.109642,11.00589,14.843977,24.411793
1712.0,14.895973,11.175106,13.408644,25.337328
1718.0,15.435187,11.191618,14.898978,23.930346
1721.0,14.344822,10.429454,13.931912,21.674484
1727.0,15.313733,11.177253,14.478124,23.176258
1730.0,18.033167,12.6865225,17.721468,26.433647
1733.0,14.560402,10.044558,13.441995,24.05778
1734.0,14.344358,10.245988,12.967748,23.223455
1736.0,16.528597,11.321191,15.722306,26.298294
1742.0,16.356161,11.44239,15.557497,26.987822
1747.0,15.435936,11.109133,15.097067,22.202461
1748.0,16.320637,11.359705,15.67847,23.406
1749.0,15.312667,10.921353,14.844037,24.49737
1753.0,20.602282,12.146088,19.527359,28.246527
1762.0,19.312017,12.090594,18.067898,28.658619
1763.0,17.217321,11.763317,16.449846,24.905035
1764.0,18.037592,12.275597,17.892054,25.708305
1765.0,17.072462,11.46513,16.65257,24.77517
1773.0,18.258379,12.006255,17.971193,29.165716
1775.0,15.119164,10.615183,14.634026,22.77968
1777.0,15.235647,11.203892,14.990848,24.289724
1779.0,15.227478,11.182223,14.693474,22.18111
1784.0,14.057706,9.450605,12.731739,24.638721
1789.0,14.2424135,10.419226,13.240081,26.01244
1796.0,20.76612,14.204829,20.433867,31.129251
1803.0,15.58089,11.873668,15.213925,24.966225
1808.0,16.550428,10.747104,15.858512,25.982693
1809.0,16.933569,11.659677,16.185345,26.66969
1811.0,15.121107,10.981823,14.314139,24.157684
1814.0,16.538528,11.293311,16.022339,25.717436
1815.0,18.027346,11.577089,16.717321,27.10666
1817.0,16.27258,11.003272,15.518555,26.117325
1818.0,14.114819,10.047873,13.630897,22.08614
1819.0,14.571397,10.107371,14.562152,24.655558
1823.0,14.139169,10.187744,12.607136,23.852428
1828.0,14.510595,10.16506,13.965786,25.425575
1830.0,14.919428,10.60127,13.441695,27.701721
1832.0,19.661335,11.628771,18.288004,29.840664
1834.0,20.509764,12.713272,18.330418,29.033424
1835.0,14.9447365,11.012281,14.582685,21.575266
1837.0,20.344654,12.513742,21.796553,30.812538
1841.0,17.771955,12.179892,17.458412,27.49332
1842.0,16.120092,11.226483,14.516112,28.652117
1846.0,14.54795,10.150739,13.370994,23.645075
1847.0,15.965689,11.055729,14.840616,24.387356
1848.0,15.22219,11.200695,14.457092,22.691046
1850.0,14.740985,10.1154785,14.2497,23.36815
1851.0,14.911599,10.760531,14.627152,24.164114
1853.0,16.259428,11.453245,16.525352,28.498943
1854.0,19.701271,12.306468,18.72072,27.566862
1856.0,17.131403,11.6479225,16.782467,25.605028
1858.0,13.71182,9.992025,13.036933,22.967585
1859.0,14.499016,10.339941,13.61526,25.788277
1860.0,15.992583,11.12048,15.325928,23.496017
1862.0,14.518084,10.083613,13.793628,23.088125
1863.0,20.095104,14.679658,19.120035,27.379175
1866.0,16.200006,10.714491,15.72631,23.387634
1868.0,16.220402,11.292669,15.724251,25.998808
1871.0,17.804197,12.4001,17.475101,27.440521
1873.0,15.378056,11.421574,14.985517,21.65719
1874.0,14.39616,10.599181,14.264511,23.669815
1875.0,14.260415,10.430458,13.693392,23.480804
1879.0,14.203404,10.6128235,13.592799,23.004929
1881.0,15.3413105,11.07815,14.666246,23.936913
1888.0,14.695165,10.991408,14.103852,23.694702
1889.0,15.25678,10.818032,14.913706,21.742096
1890.0,14.054722,10.009244,13.748283,22.650682
1895.0,14.027077,10.643736,13.543366,22.558964
1899.0,15.613063,10.382866,14.920235,23.21878
1900.0,15.360084,10.890372,15.029304,26.335741
1915.0,21.05127,12.096967,20.062515,29.674908
1919.0,14.360998,10.279044,12.852297,23.435286
1922.0,14.864202,11.079747,14.377908,21.971577
1925.0,15.373574,10.619241,14.318587,23.68295
1927.0,15.303565,10.926703,15.029781,23.474827
1932.0,18.911484,12.066336,18.044123,28.641487
1934.0,19.615463,12.93148,20.914795,28.697208
1935.0,16.351088,11.208501,15.950181,25.075357
1943.0,14.566669,10.854308,14.259019,22.002089
1944.0,15.0389,10.515142,13.535078,28.486593
1947.0,17.75616,12.539366,16.885265,27.329157
1951.0,17.16629,11.727864,16.201761,25.99339
1955.0,15.261477,11.053694,15.469996,23.850327
1958.0,17.143272,11.790093,17.082804,27.089888
1959.0,16.985071,11.407677,16.432137,26.738699
1961.0,15.708971,10.853249,14.42853,26.809763
1965.0,13.878144,10.167464,13.152041,22.166998
1967.0,15.521848,11.168016,15.000894,24.057531
1970.0,16.039095,11.047412,14.772136,26.848274
1974.0,14.112412,10.2006855,13.640907,23.487518
1975.0,13.795127,10.273676,13.268886,21.97033
1980.0,14.502979,10.711181,14.387372,24.208166
1981.0,15.261185,10.656507,14.907448,26.95999
1985.0,18.131662,12.156882,17.628984,27.79996
1988.0,15.530865,11.345155,14.079355,28.561188
1991.0,14.631732,10.279262,13.75949,23.601564
1993.0,15.490948,10.779465,14.317627,23.96964
1995.0,13.097098,10.048549,12.145275,22.450031
1996.0,16.363077,10.969751,17.697483,28.099867
1998.0,14.224853,10.123811,13.761323,23.617441
1999.0,16.518898,11.665791,15.43131,25.100603
2001.0,15.728618,10.731289,14.899529,24.500751
2003.0,19.692589,12.218266,18.741354,27.62448
2006.0,16.896015,12.336506,15.755834,25.618748
2007.0,14.873082,10.093935,15.021112,25.361876
2008.0,16.153378,11.358274,16.119383,24.608147
2011.0,14.263823,9.412343,12.20682,22.830507
2013.0,14.742154,10.215826,14.548499,26.242247
2014.0,13.2200575,9.846081,12.342405,21.733395
2015.0,14.321834,10.109841,12.626163,24.040316
2021.0,14.049375,9.76771,13.396189,22.289703
2023.0,14.352805,10.344698,13.843384,21.490084
2031.0,17.267906,11.667163,16.528824,24.894117
2035.0,20.24615,14.510825,20.010962,28.72091
2037.0,15.587831,11.204656,14.99477,24.022959
2039.0,14.188473,9.925059,13.5081,25.258226
2041.0,15.047014,10.870453,14.237215,22.826391
2043.0,18.431139,12.880171,17.879547,26.175343
2046.0,15.308742,10.729839,14.332349,22.706305
2048.0,12.46878,9.768975,11.7787895,22.098373
2049.0,14.43884,10.178363,13.095491,23.83233
2053.0,21.059336,12.320608,20.693153,31.504858
2054.0,13.8091,9.630489,13.596115,22.167753
2058.0,15.1671295,11.236083,15.026297,23.91188
2063.0,19.812227,13.403483,19.48354,29.206673
2066.0,15.0244465,11.399289,14.807771,21.64219
2067.0,15.033274,10.8099165,14.719449,25.011402
2072.0,20.945456,12.092836,20.05807,29.31528
2073.0,19.797876,13.892498,19.734526,29.41882
2076.0,21.118568,12.892399,20.802204,29.277353
2079.0,20.508919,13.641946,20.312181,31.975056
2085.0,20.42532,12.127021,19.430576,27.833742
2086.0,19.803759,12.134152,18.516577,28.418322
2087.0,15.803754,11.484838,15.67759,23.42698
2088.0,18.106771,11.8203125,17.489601,27.323498
2090.0,15.923099,11.58149,16.183493,27.29778
2094.0,18.264503,11.885026,17.653368,27.354345
2101.0,16.956493,11.428299,16.092016,24.29445
2113.0,12.323931,9.714286,11.630189,22.533365
2118.0,17.677956,12.208388,16.829296,26.374928
2126.0,14.085802,10.218714,12.885157,23.33778
2129.0,15.50423,10.71217,15.16869,26.748556
2131.0,14.642651,10.756957,14.682002,23.004984
2132.0,16.206532,10.949209,15.537388,26.398823
2138.0,15.967324,11.58963,15.38182,23.772255
2139.0,16.875257,11.614932,16.640245,25.880087
2141.0,19.283354,12.165508,18.082062,28.488295
2144.0,18.224974,13.379913,17.689846,26.112831
2149.0,14.701154,10.459092,13.52451,27.069595
2152.0,16.280615,11.367924,15.921623,22.859241
2154.0,14.243323,10.262316,13.488377,25.30443
2159.0,19.116762,14.254108,18.966993,29.952814
2160.0,14.753796,10.670057,14.790224,23.370813
2166.0,17.499662,12.191075,16.799305,26.210112
2167.0,14.249809,10.263984,12.755267,24.143536
2168.0,13.009333,9.70217,11.331496,20.803669
2169.0,14.061019,10.137518,12.8940935,23.755949
2170.0,13.891018,9.8737545,13.285076,22.779951
2177.0,15.981672,10.699215,15.116584,28.323154
2179.0,15.197558,10.890056,14.440829,25.411354
2181.0,15.905797,11.707384,15.5266075,25.839563
2187.0,14.12332,10.0592375,13.6652975,23.115862
2192.0,15.854099,10.957491,15.217499,25.671854
2193.0,14.598929,10.2099,13.113183,25.786718
2196.0,16.442259,11.34735,16.014254,23.98171
2198.0,14.328751,10.840879,12.694027,27.71662
2206.0,17.614946,11.598777,16.948353,25.745863
2220.0,18.081173,11.89906,17.648575,27.492828
2225.0,15.724291,11.308732,15.053181,24.998947
2226.0,13.328248,10.134314,13.087692,23.291302
2230.0,15.8777685,11.432428,15.072107,26.19176
2235.0,15.610498,11.389212,15.157519,23.222511
2236.0,14.525857,10.628499,13.66007,23.530367
2237.0,14.104405,9.879734,13.399561,23.028996
2239.0,19.30674,12.344752,18.892853,29.860144
2242.0,17.323595,11.586049,16.254374,26.096254
2244.0,14.298841,10.108089,12.769689,23.41937
2247.0,13.95193,10.272519,13.181953,21.796272
2250.0,15.965884,11.231128,15.241621,24.300648
2255.0,14.551799,10.590908,14.048016,23.4178
2258.0,20.7588,12.169735,18.869846,33.520092
2259.0,13.867779,10.004691,13.239014,22.031628
2262.0,13.422546,9.845658,12.749342,23.175325
2265.0,16.623888,11.394172,16.026382,25.327253
2271.0,17.224243,12.037859,16.26141,26.521639
2274.0,17.596977,11.785698,17.201345,29.273613
2283.0,13.825564,9.565154,13.295261,22.898096
2285.0,17.85121,12.509399,17.06493,26.817614
2287.0,16.70983,11.348105,16.348885,27.86878
2290.0,15.46539,11.104211,14.7485485,23.125257
2296.0,16.15493,11.091358,15.523962,23.698921
2298.0,13.43195,10.393268,12.976916,23.561697
2308.0,14.283011,10.338593,14.1875925,21.880915
2311.0,14.537938,10.658723,14.0976925,21.543795
2318.0,14.061209,10.025988,13.140175,23.230396
2321.0,13.893717,10.06694,13.146577,21.984947
2323.0,15.426757,11.158595,14.382713,25.609875
2330.0,16.307308,11.495469,15.719596,25.29331
2335.0,15.348869,10.976534,14.695646,23.213726
2339.0,13.964405,9.473488,14.206465,22.159092
2341.0,13.968659,9.70906,12.615921,22.895422
2343.0,13.415127,10.642071,13.273097,22.76599
2348.0,15.405252,10.833509,14.469139,23.261219
2349.0,17.823278,11.134812,15.774868,27.875471
2352.0,15.320997,10.82796,14.962197,23.730833
2356.0,13.742931,9.797339,13.096887,22.79067
2358.0,14.525814,10.258729,12.993456,24.472977
2361.0,14.394209,10.251552,13.890559,23.249569
2363.0,13.953985,9.986381,12.463455,22.88847
2364.0,14.941345,10.854163,14.31866,21.811243
2365.0,14.1278715,9.967479,12.973032,23.128885
2369.0,18.175095,11.819668,18.841034,26.000315
2370.0,16.119251,11.468527,15.583264,23.383213
2371.0,14.369983,10.54276,13.997212,22.19633
2372.0,14.69921,10.413841,14.422779,23.09099
2378.0,15.3612795,10.701881,14.120723,23.984533
2379.0,13.7993555,10.200854,13.634453,21.482727
2381.0,14.05417,9.916684,12.9854555,23.198399
2385.0,17.959623,13.238678,17.862644,25.748892
2386.0,16.247013,11.282211,15.601294,25.865871
2387.0,13.749159,9.863414,13.027587,22.342625
2397.0,12.558453,10.089918,11.76224,23.092293
2399.0,13.64323,9.822491,13.420239,23.632307
2402.0,17.06598,11.653629,16.564215,25.316849
2404.0,16.863232,11.504359,16.616179,24.620241
2413.0,16.39557,11.740363,15.578557,29.14508
2415.0,16.38995,11.453684,15.610897,24.114895
2417.0,26.374073,14.864384,24.866455,34.148144
2418.0,14.6880245,9.98229,14.484732,25.080135
2419.0,15.602397,10.754083,14.283055,24.982418
2420.0,18.717514,13.200804,18.728788,28.430023
2421.0,17.970232,11.888473,18.396187,27.951561
2422.0,15.112804,10.915334,14.478378,23.814545
2423.0,18.760914,11.638784,19.700989,27.657589
2424.0,19.845074,13.756835,19.626295,28.892654
2428.0,15.119609,10.987084,14.512123,23.978058
2429.0,19.873938,13.761237,19.08903,32.1594
2433.0,16.956244,11.823112,15.642577,26.535404
2434.0,19.293087,13.160559,18.15775,29.908146
2435.0,17.65184,11.79152,17.25395,27.951033
2436.0,14.854556,11.084507,14.2615185,21.208523
2437.0,18.086966,11.950663,17.103657,27.383345
2438.0,17.648033,12.979522,17.783869,27.191015
2440.0,15.6845,10.986338,15.446976,21.785759
2445.0,14.052253,10.658557,13.761567,23.769386
2448.0,13.076458,9.690465,12.526813,23.84338
2451.0,14.464685,10.285679,13.267036,23.610712
2455.0,13.968911,10.159408,12.682456,22.586626
2456.0,13.906367,9.796783,13.329906,21.78948
2457.0,13.938207,10.173071,12.375069,23.660618
2459.0,15.076407,10.853222,14.434543,22.969786
2467.0,15.760243,11.260157,15.105147,23.393028
2471.0,14.389327,10.216099,12.795561,24.5339
2475.0,16.737946,11.850218,16.106283,24.864782
2478.0,20.668472,12.366871,19.738348,30.23965
2481.0,18.238085,11.846122,17.89268,27.979345
2482.0,19.114733,11.826183,18.619543,28.026812
2487.0,16.493668,11.388512,15.667653,23.511051
2488.0,18.26118,11.688632,17.170109,26.151815
2491.0,14.633829,10.727815,14.319313,25.051252
2501.0,14.37083,9.900717,14.308778,26.000929
2504.0,14.129058,10.203877,12.679686,23.87351
2507.0,14.054178,9.945387,13.305006,25.240217
2509.0,14.031729,10.031377,14.440662,23.367691
2514.0,14.294736,9.768277,13.721066,23.270643
2520.0,14.255322,10.200702,13.71706,22.891546
2521.0,13.47663,9.507574,12.615572,21.738956
2522.0,13.61555,9.627889,13.095305,21.988539
2525.0,15.528134,11.250521,15.510086,21.305906
2526.0,13.988886,9.514925,13.279336,23.34353
2527.0,13.90717,9.692899,13.336214,22.440058
2533.0,14.507889,10.8472395,13.960229,22.051662
2534.0,13.672049,9.614379,12.807491,22.330883
2536.0,13.918711,9.509334,13.323811,22.216387
2537.0,14.4031315,9.827533,14.073132,22.988781
2538.0,14.038075,9.43443,13.320294,21.552671
2545.0,13.582597,9.863726,12.950566,21.69381
2549.0,13.7045765,9.140788,13.177508,21.964266
2551.0,20.102869,12.3628645,18.968702,28.740988
2553.0,13.4298315,10.164142,12.684594,21.99889
2554.0,15.539409,10.631084,14.7981,23.994402
2555.0,17.146683,11.44329,16.631184,25.006596
2556.0,19.18608,11.975342,18.363945,27.143196
2557.0,17.534021,11.10007,16.61408,25.39984
2558.0,15.268997,11.140616,15.029956,23.007607
2559.0,14.153453,10.147902,13.864856,21.811836
2560.0,21.107271,14.6616955,20.038082,31.142921
2563.0,17.119143,11.456185,16.358788,24.877962
2564.0,14.532793,9.21023,14.179664,22.873507
2565.0,15.905377,11.0157795,15.365646,24.249342
2566.0,22.64234,12.2828665,21.724983,32.189156
2567.0,21.9833,11.948487,20.904198,30.91339
2568.0,12.956276,9.492058,12.373693,21.876112
2569.0,15.771607,11.074723,15.414124,23.31273
2572.0,12.076184,9.1501875,11.758506,22.436127
2573.0,15.254185,10.839217,14.363904,24.637373
2576.0,14.169231,9.942735,12.928284,23.090656
2577.0,13.06221,9.251985,12.34281,21.979078
2578.0,13.103292,9.939631,13.230411,23.018534
2580.0,13.426001,8.844301,12.471591,21.713812
2581.0,17.17878,11.588362,16.089947,24.947378
2582.0,14.866317,10.448432,13.454978,23.853964
2583.0,19.040083,12.026285,18.141705,27.038408
2585.0,15.191182,10.965247,15.020291,22.563873
2586.0,15.538735,11.038947,14.739511,22.862804
2588.0,14.548294,10.030593,14.408274,22.816032
2591.0,13.65115,9.328416,12.827858,20.815063
2592.0,14.998923,10.644909,14.1283,22.149818
2593.0,15.205737,11.154117,14.762455,22.432245
2594.0,14.1686945,9.946414,13.379348,23.016338
2595.0,15.748068,11.302273,15.344286,23.39388
2596.0,14.0294895,10.112122,12.7931795,23.667938
2597.0,14.001784,9.712005,14.633828,22.268219
2598.0,13.16738,9.97889,12.725687,22.091629
2599.0,14.058467,9.990152,13.669584,22.550243
2602.0,16.921682,11.415001,16.122929,25.197771
2604.0,14.332171,10.10529,14.461226,19.729675
2605.0,15.161188,10.673578,14.921731,22.124079
2606.0,14.115141,10.025448,14.035139,22.867102
2608.0,14.46677,10.526945,14.050044,21.265192
2609.0,14.566631,10.417367,14.120823,21.187971
2610.0,13.907355,9.633881,13.504364,23.012466
2611.0,14.2040825,10.070618,13.928536,21.609917
2612.0,12.777288,9.634024,12.502509,23.410877
2613.0,14.648743,10.160969,14.156066,23.28166
2616.0,14.013801,10.518611,13.400538,21.128649
2617.0,14.404694,9.8029375,13.969407,22.994663
2619.0,16.174072,11.223188,15.862562,24.074802
2620.0,12.866658,10.086635,12.187237,22.303875
2622.0,14.157828,9.837871,13.526422,22.97424
2623.0,12.872631,9.826592,12.348149,23.45925
2624.0,12.416802,9.7017,11.888702,21.844793
2625.0,13.725191,9.875245,12.801499,20.313162
2629.0,16.279812,11.38061,15.690075,23.97989
2630.0,17.010767,11.465958,16.083555,25.474623
2632.0,16.480457,11.43287,15.796785,24.291355
2635.0,13.807152,9.852793,13.498098,24.500048
2638.0,15.364772,10.919546,15.167523,23.120308
2639.0,16.143425,9.732419,15.30533,25.29766
2640.0,14.357364,10.031173,14.012459,22.976568
2641.0,14.634511,10.932776,14.346405,21.160036
2642.0,15.049317,10.657517,14.450984,23.436186
2643.0,14.405111,10.303343,13.957825,20.42574
2644.0,15.060717,11.101462,14.467382,22.591732
2645.0,15.147598,11.059544,14.936005,22.9934
2648.0,16.287172,11.328001,16.001637,24.543814
2649.0,12.5890465,9.619616,11.925967,23.534655
2650.0,17.271896,11.905065,16.96574,26.69158
2651.0,16.261278,11.330941,15.788885,22.89893
2653.0,18.212015,11.363686,17.402462,26.596748
2659.0,21.211685,14.399723,20.63474,30.274555
2662.0,17.07465,11.557595,16.34463,24.94519
2665.0,19.037176,12.629957,18.12286,26.761948
2666.0,14.231478,9.813885,13.016336,23.319601
2669.0,17.51936,11.609177,17.895044,25.86352
2670.0,15.806598,11.308378,15.456693,24.19353
2671.0,16.44629,10.729179,15.95604,23.215023
2672.0,15.424627,11.129762,15.110634,22.564629
2674.0,16.252237,11.153653,15.558706,24.341537
2675.0,18.744001,11.513956,18.714367,30.724308
2677.0,15.647677,10.584023,14.741437,24.252869
2679.0,19.679663,12.106576,18.68727,29.765879
2682.0,14.5498,9.758522,13.894177,23.062838
2684.0,15.388678,10.981227,14.735652,23.177557
2685.0,16.422794,11.518776,15.502175,24.447397
2690.0,18.61998,12.35379,18.198498,25.347271
2693.0,19.19909,11.728076,18.217422,27.449303
2694.0,16.96616,11.494144,15.986223,25.575207
2695.0,14.772484,10.779541,13.570824,25.941189
2696.0,15.931033,11.384606,15.078586,22.958359
2697.0,15.25956,10.477733,14.792102,22.477663
2698.0,16.378004,11.398435,15.427766,25.615261
2699.0,19.543238,13.147086,18.205359,30.990704
2700.0,18.961998,11.607187,17.791813,27.726542
2701.0,14.809155,10.53739,14.188628,24.018053
2702.0,17.72289,11.75953,17.433681,24.488417
2703.0,14.821645,10.851189,14.444843,21.911777
2704.0,16.237118,11.424338,15.440507,22.68824
2706.0,16.561031,11.259909,16.230719,23.455688
2707.0,27.754446,14.921121,27.080935,32.976482
2709.0,20.397657,14.382168,20.003317,30.980906
2711.0,16.520035,11.139225,15.778937,24.387337
2713.0,15.065396,10.078344,14.649321,26.94635
2716.0,17.32911,11.547966,16.182178,25.671259
2717.0,17.276798,11.428174,16.213634,25.935453
2719.0,17.374704,11.444976,16.355509,26.038887
2720.0,17.443945,11.500377,16.573822,27.436872
2721.0,14.074502,10.063636,13.79747,22.887186
2722.0,15.692303,11.0538225,14.711557,23.89382
2723.0,15.934331,11.313398,15.332106,23.877298
2724.0,16.016573,11.617729,15.787574,24.32518
2725.0,15.536352,11.144147,16.123108,23.472599
2726.0,19.235985,11.952224,18.25564,27.414387
2727.0,16.86669,11.522336,16.225761,24.388824
2728.0,16.216103,12.158964,15.421573,26.631447
2730.0,14.552286,8.675785,13.2580185,23.28041
2732.0,16.696001,11.411443,15.7502365,23.87727
2733.0,16.996689,11.8916025,16.330978,25.17593
2734.0,17.809078,11.20046,16.675285,24.94967
2735.0,15.894773,11.301787,15.072536,22.64186
2736.0,19.769535,12.107528,18.746054,30.0598
2737.0,15.415313,9.555322,13.830223,25.20879
2739.0,17.659983,11.995934,16.405426,25.597174
2740.0,15.75465,10.673361,15.209029,23.558971
2742.0,14.4244,10.5739975,13.311099,21.15619
2743.0,17.05482,11.721228,16.28833,25.539698
2744.0,15.338364,10.994699,14.8159485,21.564312
2745.0,16.138474,11.478081,15.621095,24.585255
2746.0,16.672556,11.473339,16.25219,24.955872
2747.0,15.50125,11.167608,14.770786,24.522116
2748.0,15.350761,10.925996,14.91786,22.81239
2749.0,15.361919,10.045527,14.787303,23.045265
2750.0,15.711761,10.870904,15.388463,22.114855
2751.0,21.209108,12.166978,19.946714,32.86808
2752.0,12.911343,9.944145,13.154069,23.940071
2755.0,17.917244,11.8478985,17.473696,26.340399
2757.0,17.026314,11.12622,16.805948,25.067465
2758.0,17.230494,11.254389,16.29101,25.57566
2759.0,15.813025,11.134008,15.393972,21.775272
2760.0,14.567637,10.317643,14.054473,22.124058
2761.0,18.295025,11.640984,18.14668,26.083536
2763.0,17.202686,11.506356,16.505903,25.683388
2764.0,17.560247,11.8026,16.605307,26.194715
2765.0,17.178423,11.520657,16.151648,25.436348
2767.0,20.119467,12.029722,18.703451,32.48151
2768.0,17.13095,11.491867,16.255661,24.88654
2771.0,17.438559,11.526612,16.503265,27.178375
2772.0,17.766628,11.589099,17.175097,26.70812
2773.0,19.49634,11.977924,18.27313,29.69573
2774.0,16.547228,10.8527355,16.236605,23.901363
2775.0,16.77819,11.442199,15.858457,24.110403
2776.0,16.341248,10.729223,15.448815,23.972296
2778.0,15.694585,11.135645,15.049184,23.685911
2780.0,15.782208,11.069344,15.489883,22.230627
2783.0,16.483072,11.025587,15.7590475,23.421589
2785.0,16.401827,11.169453,15.690008,25.414978
2786.0,17.70119,12.073115,17.294073,25.732874
2787.0,16.205189,11.471401,15.596597,24.394608
2789.0,14.626657,10.266267,13.941061,24.094866
2792.0,14.749288,9.764528,13.99771,23.450207
2793.0,15.697103,11.2413645,14.861948,23.49868
2794.0,15.910367,11.408804,15.388244,24.070614
2795.0,16.044071,11.398751,15.388103,25.903275
2796.0,16.307596,11.202497,15.643756,23.772636
2798.0,14.058572,10.315642,12.640197,24.515593
2802.0,12.300873,9.6189165,11.546191,22.375536
2803.0,19.092829,12.378965,17.960712,26.119804
2805.0,14.16046,9.824373,13.7695,22.776308
2807.0,14.620601,10.053141,14.087543,23.132967
2809.0,18.033665,11.472259,17.291193,27.018402
2810.0,13.977166,9.528794,13.2379055,23.423916
2811.0,16.856602,11.412738,16.135431,25.108746
2812.0,15.131717,10.827742,14.179802,28.099064
2813.0,15.686679,11.281486,15.283265,24.06915
2814.0,18.18191,11.845051,17.523468,29.115734
2816.0,17.349834,10.9683895,16.450876,25.824247
2817.0,19.106796,12.916706,18.26637,27.239399
2818.0,21.00263,14.30818,21.199379,29.437193
2819.0,14.824184,10.319704,13.086766,25.506407
2821.0,17.777985,11.705768,17.543514,26.570236
2822.0,15.903703,10.5307455,15.202298,24.181215
2823.0,15.42968,10.9277,14.5499,22.219656
2824.0,14.570675,10.56718,13.732975,22.269
2825.0,14.871541,10.571823,14.448832,23.88132
2826.0,13.968274,10.552325,12.801651,23.0268
2827.0,15.564469,11.028544,15.062817,24.636913
2828.0,18.029543,12.143461,17.1294,26.331785
2831.0,16.507584,11.369179,15.679884,25.12157
2832.0,15.806757,10.698638,14.95708,24.343956
2833.0,15.506442,10.438818,14.277569,24.076408
2834.0,16.415066,11.570201,15.846697,24.798569
2835.0,17.309217,11.602838,16.254213,25.860199
2836.0,14.337375,10.180259,12.78449,23.517868
2838.0,17.76582,12.010255,17.794758,26.539577
2841.0,14.924556,11.055637,14.00432,24.932182
2844.0,16.76119,11.518737,16.177042,24.342056
2845.0,14.942832,10.386693,14.646951,23.144491
2846.0,15.433861,10.727607,14.517395,23.318048
2848.0,13.316715,10.103836,12.950748,23.648035
2849.0,13.572478,9.565633,13.086575,22.020802
2851.0,19.38892,12.139065,18.375578,27.536812
2853.0,16.072947,11.113025,15.404689,24.045498
2854.0,15.670819,11.088736,14.709995,23.551643
2857.0,15.398134,11.040751,12.945883,27.218025
2858.0,15.503538,10.6793165,13.477012,27.474794
2862.0,16.433374,10.974725,15.594461,24.926691
2863.0,21.512514,12.261164,20.565674,31.68929
2865.0,15.790447,11.446987,15.436353,24.055668
2868.0,17.39168,11.655782,16.520424,27.01153
2870.0,15.141876,10.921138,14.752866,23.325998
2872.0,16.312872,11.453597,15.621435,24.497074
2873.0,13.029401,10.331043,12.204354,22.159918
2875.0,17.823093,11.524555,16.927526,27.462175
2877.0,14.099602,9.493841,12.678308,22.367132
2878.0,15.98791,11.489242,15.702302,23.384014
2880.0,15.995707,11.347427,15.510401,24.163
2881.0,13.971625,9.968732,13.178599,22.68781
2884.0,13.532244,9.325602,14.407358,23.844141
2885.0,14.426399,10.226505,13.169773,23.261925
2886.0,13.858334,10.31241,13.65838,22.540499
2887.0,15.949777,11.150504,15.57212,23.33285
2889.0,13.245534,9.34504,12.616495,22.052132
2891.0,16.40265,11.317913,15.739156,24.45117
2892.0,18.245903,11.435606,17.622953,27.789728
2894.0,15.069672,11.100261,14.853968,23.181524
2895.0,15.005008,10.710697,13.655545,24.214039
2896.0,12.850139,10.141164,12.149942,20.727737
2897.0,14.468062,10.031754,13.967848,23.228973
2899.0,14.621335,10.312966,14.147109,23.031038
2900.0,18.487923,12.443171,16.33519,28.054173
2901.0,13.981586,10.118911,13.721023,22.096489
2902.0,14.248217,10.025848,13.745796,21.963509
2903.0,14.788988,10.936007,14.433032,22.244541
2905.0,15.624236,10.464045,14.409813,24.308807
2906.0,14.708445,10.174854,14.133765,24.733187
2907.0,12.930908,10.193797,12.608329,22.524256
2908.0,13.140773,9.585345,12.083643,21.849722
2909.0,17.17373,11.535221,16.155981,25.994837
2910.0,13.915533,9.928494,13.2303,22.390594
2911.0,14.452495,10.554761,12.770935,21.423595
2912.0,14.822811,10.647389,14.43882,22.494715
2913.0,13.978771,9.963284,14.75072,22.206755
2915.0,14.155198,10.341658,13.50857,22.492249
2917.0,14.868308,10.836894,14.202047,23.70082
2918.0,13.245506,10.027994,12.712125,22.555008
2919.0,18.098412,12.746198,17.113708,27.022476
2920.0,14.379997,10.218576,13.454777,23.123764
2925.0,13.921765,10.306867,13.0650015,23.6106
2926.0,15.315972,11.09888,14.977917,23.889643
2927.0,14.929053,10.512703,14.816712,21.386389
2928.0,15.194654,10.628641,15.0553465,21.757051
2929.0,15.650644,10.805977,15.142764,23.916695
2930.0,14.949283,10.676795,14.210956,23.925724
2935.0,14.94959,10.70799,14.783048,23.058903
2940.0,19.19909,11.728076,18.217422,27.449303
2941.0,16.16945,11.264887,15.533525,25.805105
2943.0,13.781798,10.026414,13.275754,22.061087
2944.0,16.319414,11.41761,15.572473,24.440594
2945.0,16.713114,11.285511,16.040571,25.208197
2947.0,15.953571,11.302089,15.478258,24.278986
2948.0,15.0941725,10.929916,14.911127,22.814583
2949.0,15.058628,10.383138,13.554423,26.791811
2951.0,13.1725645,10.267337,12.909725,22.132486
2952.0,14.805314,10.283773,14.658144,20.888626
2953.0,12.254527,9.400169,11.464875,22.22045
2956.0,16.207422,11.068965,15.948984,22.942217
2957.0,14.186003,10.1237755,13.122518,23.721514
2960.0,16.76546,11.026857,16.289953,24.400461
2961.0,15.271464,10.836205,14.635099,23.567408
2962.0,14.13379,10.450974,13.745924,22.200502
2965.0,26.355427,14.581425,26.125937,34.992332
2966.0,16.527037,11.373255,15.36133,23.757898
2967.0,16.616343,11.20923,15.959841,26.100079
2970.0,14.711029,10.494685,13.893748,22.645424
2971.0,15.242016,10.863771,14.79134,24.136469
2972.0,15.887541,11.32201,15.520727,23.474863
2973.0,16.292913,11.282073,15.406846,22.824387
2974.0,14.020729,9.92383,13.827332,22.431812
2975.0,19.70161,12.741211,19.204994,28.554605
2977.0,22.239683,14.729231,22.096087,31.264362
2978.0,16.969116,10.9028635,16.328121,26.078045
2981.0,14.230263,10.110828,13.4938545,23.826677
2984.0,18.306107,12.239866,17.237799,26.957037
2986.0,20.125198,12.587497,20.033258,27.755018
2989.0,18.915922,10.843479,18.359297,28.405252
2991.0,15.305418,10.79215,14.783477,21.031687
2992.0,16.489716,11.381021,15.854474,24.094814
2995.0,21.529581,11.729752,20.426195,32.029854
2997.0,20.437891,13.639766,20.182718,31.029337
3001.0,21.123089,11.909587,19.596558,33.379974
3004.0,18.569279,11.499381,17.189575,28.162252
3005.0,16.997883,11.530592,17.698524,26.394833
3006.0,19.003504,12.43214,18.37973,29.096025
3007.0,14.156273,10.64481,13.390353,22.822557
3008.0,14.067463,10.376629,13.343276,22.729246
3009.0,15.257827,11.613056,14.276891,24.305462
3010.0,16.19376,11.541399,15.59753,24.896069
3012.0,14.561233,9.308232,13.354801,22.982689
3014.0,16.520582,10.806288,15.665252,24.027905
3015.0,14.886282,9.388748,13.941546,22.433813
3017.0,16.026176,10.920887,14.474611,24.77779
3018.0,14.340217,8.597804,13.254533,22.214558
3019.0,14.950535,11.074027,14.814995,23.138615
3020.0,14.212252,9.3563595,12.37347,23.118069
3021.0,14.67792,9.530659,13.03356,22.887766
3022.0,14.310177,9.240791,13.258437,22.898228
3023.0,14.397565,10.700694,13.74846,22.510176
3024.0,14.900066,10.853237,14.572774,23.331589
3025.0,15.402402,11.01136,16.338394,23.650284
3027.0,15.667876,10.922717,15.14331,24.343649
3028.0,16.17364,10.465181,15.770181,23.857483
3031.0,16.54517,11.37984,16.417006,23.15499
3032.0,15.83344,11.205269,15.345832,24.213886
3035.0,17.198566,11.319763,17.391283,26.74334
3036.0,18.99757,12.35867,18.18912,28.93245
3037.0,19.200983,12.019808,19.600883,27.48936
3038.0,14.614706,9.277077,13.373706,23.848389
3039.0,13.855232,9.609471,15.852531,24.314432
3040.0,15.772171,9.842214,15.595055,23.940132
3041.0,16.52616,11.11491,17.48381,23.711966
3042.0,19.843592,12.164524,19.393417,29.301336
3043.0,16.078186,11.02214,16.82256,22.797722
3045.0,14.5205,9.852864,15.760287,22.3348
3046.0,14.756754,9.416488,14.511765,22.447031
3047.0,14.534748,10.207118,14.408442,23.821344
3048.0,15.559952,10.450022,15.367058,24.100512
3049.0,13.604641,9.563388,14.096271,22.94621
3050.0,15.657897,10.829004,15.463666,24.30906
3051.0,15.674938,10.913313,15.5681925,24.213253
3053.0,16.182772,9.896703,16.513294,25.00219
3054.0,13.459622,9.997068,14.495461,23.362736
3055.0,13.311746,10.121243,14.691294,23.52877
3056.0,14.128795,9.888376,13.770278,23.079237
3057.0,12.500192,9.301283,13.703025,22.577475
3058.0,14.46299,9.729797,14.557319,21.938965
3059.0,14.412047,9.734937,15.180111,23.271324
3060.0,16.981976,11.016612,16.688816,25.39998
3062.0,13.679085,9.840628,14.537774,23.105757
3063.0,13.352728,9.536996,13.0969515,22.526213
3064.0,14.710194,9.9492855,14.853233,22.049767
3065.0,13.063875,9.145328,14.115138,22.475086
3066.0,15.426658,10.17534,15.631456,22.181595
3067.0,14.294616,9.678469,14.451282,23.228333
3068.0,13.907741,9.591577,14.20512,22.579943
3070.0,12.394735,9.535813,13.31975,22.781384
3071.0,13.896786,10.132021,14.536597,21.818733
3072.0,14.0192585,10.008627,13.679522,23.075748
3073.0,13.243041,9.368511,13.397576,22.503862
3075.0,14.313501,9.669177,15.154515,23.028885
3076.0,14.766044,9.77918,15.88256,24.059763
3077.0,14.654627,9.860409,15.810999,23.305395
3078.0,15.256099,10.759816,15.213133,22.503904
3079.0,15.595551,10.726837,14.238184,24.22013
3080.0,14.277071,9.782045,14.394737,23.205627
3081.0,12.483317,9.477275,12.488983,22.756441
3082.0,14.026379,10.022708,12.907826,23.1396
3083.0,14.044403,9.999887,12.925137,23.093178
3084.0,14.545711,9.494682,14.624542,24.180838
3085.0,14.446539,9.807215,13.608805,22.1298
3087.0,14.31219,10.101515,14.112084,23.881834
3088.0,13.8718605,9.664651,14.166739,22.008358
3089.0,14.4019985,10.007943,15.33744,22.929173
3090.0,15.66028,10.875557,14.892677,24.162416
3093.0,14.044515,10.019383,14.014754,23.798473
3095.0,13.989474,9.632726,14.459064,22.06775
3097.0,14.001254,9.835094,13.106242,23.448816
3098.0,12.297014,9.318701,12.010191,22.577444
3099.0,13.747028,10.30957,13.879175,24.109009
3101.0,14.245272,10.223032,14.344137,22.761488
3103.0,13.119555,9.669643,13.129864,23.31988
3104.0,13.712709,9.760394,14.394402,23.338095
3107.0,15.218331,10.474025,15.039709,26.82122
3108.0,13.16657,9.616863,12.816111,23.577963
3110.0,12.990491,9.44553,12.895326,22.508371
3113.0,14.089132,9.715234,13.870406,22.660137
3116.0,13.32274,9.504918,13.288836,22.024244
3117.0,14.304026,9.788943,13.857966,23.019226
3119.0,14.236271,9.768708,13.076881,22.874763
3121.0,14.367471,9.87585,13.970782,23.685793
3122.0,12.572126,9.701497,12.335885,22.758785
3123.0,15.5820675,10.739716,14.799725,24.398449
3124.0,14.682073,10.040093,14.833042,21.60388
3125.0,16.533768,11.592756,16.475788,22.164724
3126.0,14.600957,9.7449,15.685093,23.680265
3127.0,15.627155,10.877754,14.79139,24.193789
3128.0,14.379193,9.532797,13.11906,22.611149
3129.0,13.835422,9.742215,13.11084,22.202354
3130.0,18.433907,11.44566,18.207617,29.855331
3131.0,16.604816,11.501106,16.575542,22.527086
3132.0,13.771722,9.536179,13.00695,23.011366
3134.0,14.382762,10.001627,13.709911,23.005737
3136.0,13.956821,9.999411,12.537509,22.932713
3138.0,16.43433,11.418674,16.421494,22.956287
3140.0,15.524547,9.8906,13.959118,25.007593
3142.0,12.921534,9.912878,13.175918,23.452524
3143.0,14.353092,9.645722,14.68021,23.129984
3144.0,16.28915,11.31659,15.79274,24.15187
3145.0,13.370065,9.607338,13.487879,21.96615
3146.0,14.142022,10.572272,13.856445,22.541977
3147.0,14.01522,9.711342,12.58654,22.875418
3148.0,14.626279,9.943066,14.561021,23.224293
3150.0,17.680265,10.902083,16.957296,25.34145
3151.0,15.669412,9.975327,14.597109,23.463964
3152.0,17.980099,10.869122,16.975325,30.29711
3153.0,13.748449,9.849762,13.262411,22.273142
3155.0,18.18244,11.577239,17.17671,28.991156
3157.0,15.460681,10.346365,14.465248,23.933125
3158.0,14.5221195,10.003955,14.99917,23.2669
3160.0,14.039303,9.75897,14.447711,22.293985
3161.0,13.969425,10.106467,12.506728,23.701279
3162.0,15.515108,10.727645,14.346749,24.085783
3163.0,13.18394,9.931052,13.866393,24.093332
3164.0,14.124942,10.185681,12.9252825,23.325636
3165.0,15.875725,10.909708,16.090322,22.851746
3166.0,14.504179,9.685511,13.707991,22.27464
3168.0,14.251687,9.873307,14.553349,22.280455
3169.0,15.43752,11.051034,14.54592,21.874016
3170.0,14.6493635,10.433335,14.127636,27.247532
3171.0,13.865368,9.821849,13.335145,22.337889
3172.0,13.5910425,9.767283,13.048456,21.557236
3173.0,14.411745,9.9207945,14.534968,23.203945
3174.0,14.22476,9.867226,14.384595,23.471876
3175.0,14.523259,9.263626,13.568346,22.697104
3176.0,14.603707,9.890971,15.743967,23.629412
3179.0,15.189285,9.306419,13.1105995,25.95306
3180.0,18.14221,10.920087,16.301245,27.982635
3181.0,14.845319,10.285623,13.780349,27.294102
3182.0,14.649205,9.834294,15.135072,22.19319
3183.0,14.153912,9.462503,12.940892,22.030752
3186.0,15.122443,10.394248,14.895854,21.957006
3188.0,12.5200405,9.764011,12.6940365,22.109175
3190.0,13.406918,9.877838,13.107905,23.543497
3192.0,13.936124,9.70704,13.482611,23.12376
3193.0,14.423692,9.632736,13.291894,21.769917
3195.0,20.766043,11.930017,19.733805,32.222847
3196.0,18.328476,12.084095,18.434666,26.836216
3199.0,13.583532,9.457394,12.816302,22.788343
3200.0,13.789751,9.469856,13.310176,21.962765
3201.0,14.431443,10.320863,13.656177,23.889992
3202.0,14.44625,9.712242,13.477779,21.655972
3204.0,14.1574335,10.248099,13.438137,22.835384
3205.0,15.249848,10.254689,14.572992,23.257933
3206.0,19.353518,13.696081,18.926676,28.534689
3207.0,12.86266,9.925587,13.846904,23.467836
3209.0,18.31107,11.610322,18.082859,26.96943
3210.0,15.984511,11.162593,15.723524,23.21358
3211.0,13.828142,9.60925,14.666382,24.32869
3212.0,16.338758,11.595497,16.23277,24.335585
3214.0,14.320905,9.88984,14.446103,21.91798
3215.0,13.668755,9.890812,12.748472,21.282677
3216.0,13.766958,9.485144,14.978466,24.489208
3219.0,12.769292,9.488693,13.156542,22.97674
3220.0,14.923666,10.567707,15.771448,24.587389
3222.0,13.308709,9.979151,14.395172,23.807194
3223.0,14.696172,9.597203,15.524466,24.186018
3224.0,13.117523,9.328345,12.9104185,21.97371
3226.0,14.486795,9.659707,14.222818,24.11617
3227.0,14.36821,9.984661,14.625764,22.908092
3229.0,13.409406,9.494531,13.782658,23.072252
3230.0,15.441408,10.454141,14.451574,23.07985
3231.0,15.4383745,10.998411,15.657141,23.9891
3232.0,14.50167,9.369629,13.610638,21.97344
3233.0,13.704092,9.53981,13.943631,22.969036
3234.0,14.336309,10.076046,14.034516,23.18143
3235.0,14.323174,10.11516,14.311686,22.844738
3236.0,14.183898,10.214204,13.400296,23.122568
3237.0,14.163214,9.837379,14.977696,22.872921
3238.0,13.792764,9.833329,12.828077,22.633986
3240.0,14.602849,9.316976,13.69229,24.485582
3241.0,13.412653,9.610752,13.414474,23.556633
3242.0,14.118364,9.792284,14.58065,23.056118
3243.0,14.689791,9.962575,14.573575,23.108921
3245.0,14.8247175,10.749261,14.271854,22.630884
3247.0,19.18608,11.894813,18.356455,27.143196
3248.0,13.820934,9.87566,12.671523,22.530554
3250.0,14.181077,10.059885,14.534024,22.276468
3251.0,13.691093,9.526025,13.691467,23.247988
3252.0,16.07683,11.454631,15.867763,24.336765
3253.0,14.273674,10.050931,14.724633,22.04494
3254.0,14.066306,9.463556,13.607666,23.314503
3255.0,13.67217,9.901266,13.574951,21.772182
3256.0,14.145327,10.181492,13.268743,23.353569
3257.0,14.4606495,9.909963,14.976274,23.21207
3258.0,15.236631,10.29373,14.448834,22.754385
3259.0,12.26757,9.492425,12.246613,22.912838
3260.0,14.054117,10.177997,12.7814665,23.331762
3265.0,13.610425,10.107499,13.553565,22.496397
3267.0,15.59891,10.944325,14.610739,24.539991
3268.0,13.403563,9.878592,13.191699,23.813866
3269.0,14.874861,9.703675,13.674084,23.242077
3270.0,14.707732,10.599677,14.80671,21.259884
3272.0,14.525017,9.514891,13.469586,23.066017
3274.0,13.850217,9.666785,13.987868,23.19179
3276.0,14.19554,9.737015,14.661109,23.147915
3278.0,19.343042,12.139278,18.508299,27.233498
3280.0,15.869913,11.067678,15.45292,24.303776
3282.0,13.417474,10.101777,12.823233,22.44245
3283.0,15.713234,10.810404,15.260272,24.378433
3284.0,15.099555,9.789643,14.354416,23.253384
3286.0,14.520405,9.863165,14.660723,23.04918
3287.0,16.582544,10.968291,16.006666,26.746548
3289.0,13.419287,9.79659,13.301451,22.753736
3291.0,13.922458,9.693811,13.609985,22.249157
3292.0,13.810686,9.812409,14.7197485,22.851986
3293.0,15.543335,10.412465,14.461942,24.089273
3294.0,12.292896,8.820987,12.272975,22.373125
3295.0,15.683789,10.64304,15.05795,24.077158
3308.0,13.813219,10.096259,13.540506,22.679148
3310.0,14.182567,10.018996,13.191783,22.942057
3311.0,14.593213,10.593001,13.427267,22.086136
3321.0,15.624068,11.440021,14.689303,23.163248
3335.0,14.715374,10.470639,14.316349,22.062656
3347.0,12.754959,9.427364,12.783523,22.421928
3350.0,19.07457,13.863074,18.196215,25.73604
3355.0,15.6699295,11.149531,14.9868355,23.156727
3357.0,16.860725,11.20806,16.386196,25.12861
3359.0,30.1611,15.565994,29.579046,36.08053
3360.0,14.994243,10.686526,14.1807165,24.320477
3362.0,15.459657,11.02627,14.973841,22.525288
3365.0,13.99606,10.051942,13.392199,21.995888
3366.0,14.196158,10.254679,13.584784,23.034512
3370.0,14.613032,10.70943,14.002703,21.469936
3375.0,15.9625,11.20312,15.410803,24.360355
3379.0,15.660399,11.135961,15.359901,23.18585
3381.0,15.371446,11.405896,15.144805,26.183323
3383.0,14.932241,10.409358,14.819001,22.663279
3389.0,17.273466,11.885742,16.5263,25.815565
3403.0,16.052519,10.783232,15.52114,24.287338
3405.0,14.683545,9.085161,14.237436,22.783007
3407.0,16.75614,11.68144,16.400276,25.825312
3410.0,14.435911,11.042399,13.727638,21.039076
3412.0,19.82611,11.794909,18.66308,27.026478
3413.0,20.482464,13.55588,19.89781,30.936361
3417.0,14.412763,10.044764,13.418894,25.448145
3418.0,14.243023,10.004674,13.6081915,23.356478
3424.0,13.747921,9.973204,13.235674,22.283163
3425.0,14.663282,11.077135,14.021658,22.13628
3429.0,12.427192,9.907004,11.955995,22.291822
3432.0,19.092531,13.907794,18.171764,27.705559
3437.0,16.296703,10.914239,15.630865,25.504072
3438.0,14.179659,9.99017,12.580094,23.134842
3439.0,14.399066,10.272774,12.9014,24.048405
3442.0,14.208711,10.315336,13.315533,23.649324
3445.0,14.884934,10.750984,14.169011,25.38711
3450.0,14.059972,10.471299,13.621046,22.777195
3453.0,15.253018,12.073735,14.9829235,25.053051
3454.0,13.709288,10.61038,13.478227,21.378643
3456.0,15.076307,9.467255,13.467228,22.162495
3466.0,14.189872,10.220212,13.867788,20.29388
3467.0,13.90702,9.58748,13.855016,25.157242
3472.0,15.968093,10.770691,14.631602,24.760365
3475.0,15.539964,11.265,15.251935,21.140589
3477.0,13.72128,9.986721,12.378925,23.31899
3478.0,18.98585,14.033458,18.645681,27.88335
3482.0,14.840344,11.150255,14.733096,20.6751
3485.0,13.090997,9.508511,12.507195,21.824406
3486.0,14.078573,10.359558,13.80701,21.845158
3488.0,17.807589,11.917605,17.071947,26.695578
3489.0,15.951206,10.679456,15.139301,25.140461
3490.0,20.842672,12.417891,19.903929,31.340311
3491.0,22.432264,11.756976,20.982664,33.606724
3493.0,22.272247,12.457998,21.511175,32.24703
3494.0,19.731752,13.840869,19.099096,29.756432
3498.0,17.448814,12.087952,15.99098,27.23643
3500.0,16.64296,10.955511,15.930219,24.400606
3503.0,14.049465,10.238224,12.494189,23.350681
3506.0,14.025801,9.820958,14.038656,21.35473
3511.0,16.60973,10.912341,15.873576,23.961954
3512.0,16.999723,11.838832,16.267717,25.983404
3520.0,13.597402,9.6,12.913887,23.29394
3521.0,15.769745,11.220187,15.681053,21.413563
3523.0,15.722073,10.819501,15.099595,23.55222
3526.0,15.635215,10.500978,15.571977,21.533947
3534.0,15.68851,10.989948,15.242327,22.40932
3536.0,13.212499,9.91104,12.803336,21.83126
3539.0,15.301578,11.086973,15.321115,21.39143
3542.0,17.54394,12.308739,17.190844,26.415155
3548.0,17.345892,11.902385,16.772228,24.727688
3557.0,17.790924,11.501023,16.85635,27.017004
3559.0,13.798472,10.064,13.266314,19.99365
3564.0,12.502869,10.256936,11.981698,21.857065
3566.0,14.58948,10.020167,14.14892,22.525953
3568.0,16.383219,11.80635,15.578646,24.79275
3574.0,14.625486,10.377032,14.547,22.097944
3575.0,16.734371,12.10689,16.795046,22.386036
3578.0,13.759686,9.963043,12.9190855,22.253145
3579.0,14.5522175,9.939879,14.048636,23.139164
3580.0,18.63914,12.662469,18.88145,27.825518
3582.0,15.407851,10.577121,14.173617,24.223034
3587.0,15.388964,10.905944,15.105564,23.524454
3588.0,16.42436,11.322281,15.975194,25.892735
3593.0,14.868693,11.338707,14.602428,21.350513
3600.0,14.667459,10.959356,14.829817,22.328827
3601.0,16.381258,11.239264,15.704781,24.012697
3603.0,14.276446,10.487075,13.84306,22.135374
3604.0,14.716286,10.91884,14.582923,21.643528
3608.0,17.26911,11.435333,16.356232,25.616879
3611.0,14.650778,11.1456375,13.961006,21.956156
3615.0,16.045876,11.20711,15.333181,24.10068
3619.0,16.635496,11.455523,16.258453,25.640547
3622.0,15.276403,10.75088,14.33116,28.568598
3624.0,14.390934,10.997543,13.774531,21.612864
3630.0,17.656836,12.180888,16.930885,25.183636
3635.0,14.447662,10.282369,13.273512,23.377573
3637.0,15.664536,11.5055275,15.392902,22.944502
3639.0,16.239899,11.4715,15.723014,22.712257
3641.0,13.776898,9.931882,13.788175,21.923515
3645.0,16.510088,11.515453,16.293434,24.845606
3653.0,17.92856,11.458553,17.084938,27.226284
3654.0,15.168484,11.576415,14.223286,21.606392
3658.0,15.7954645,11.391443,14.588993,23.733076
3663.0,15.942183,11.24841,15.592901,22.698631
3667.0,14.75803,10.7623205,14.622169,22.973166
3668.0,17.512745,11.657798,16.656702,26.195726
3671.0,14.841282,9.576308,14.465207,24.102697
3674.0,15.630561,11.083216,14.719231,24.769888
3677.0,24.682522,14.86042,25.203054,34.373768
3679.0,15.400186,11.19983,15.225115,22.093431
3681.0,17.713915,11.52897,17.23189,26.92877
3683.0,14.832641,10.27971,14.964414,23.619656
3684.0,15.75117,11.688214,15.859003,23.203743
3689.0,19.703957,12.283065,18.840982,29.879982
3692.0,23.823647,14.263169,24.302263,35.715866
3696.0,18.87008,11.804739,17.920717,28.32834
3698.0,19.134705,11.834769,18.149618,27.073324
3699.0,15.222456,11.129003,14.684129,22.961205
3702.0,18.005129,11.937101,16.620035,29.918486
3703.0,17.235958,11.768391,16.26372,25.220438
3704.0,19.680506,13.614295,19.322823,29.978508
3705.0,22.039438,12.425189,21.164612,31.705986
3711.0,18.168154,12.349582,17.255934,26.046991
3713.0,16.170904,11.46493,15.385957,23.192421
3715.0,16.931705,11.542027,16.382833,24.311157
3717.0,15.67332,10.792458,14.62071,26.033035
3722.0,16.089455,11.524005,15.626197,23.014135
3723.0,14.287161,10.232366,13.895917,25.471378
3728.0,15.695715,11.259919,15.403692,21.690212
3730.0,15.336642,11.013245,13.705791,28.395449
3732.0,12.978172,10.150352,12.14192,22.514654
3735.0,15.700594,11.706229,14.809353,22.396132
3739.0,19.178999,11.692952,17.74478,27.433855
3742.0,18.19478,11.6374235,17.341343,27.527752
3747.0,17.823969,11.340349,16.897774,26.689173
3750.0,16.437572,11.4388075,15.770712,24.807833
3754.0,18.541584,12.796243,18.095028,26.463861
3759.0,15.777292,10.862364,14.909079,27.909765
3765.0,14.805415,10.798151,14.605968,22.920534
3766.0,14.874074,10.543075,14.698034,23.917265
3772.0,13.309834,9.451476,12.599625,21.578817
3780.0,14.162956,10.473432,13.78622,22.678911
3785.0,16.14929,10.788933,15.662044,24.652254
3791.0,13.467563,9.77225,12.754238,21.697592
3796.0,17.546682,12.894713,16.812237,25.153242
3800.0,14.513295,10.747746,13.330718,26.574371
3802.0,15.374544,11.064025,15.456555,22.978525
3803.0,15.394989,10.679514,14.890933,25.197664
3809.0,16.270575,10.612745,15.855796,23.997034
3813.0,20.098091,13.693412,19.474358,28.8865
3818.0,19.195992,12.129972,18.19037,27.12835
3820.0,16.642994,11.760855,16.334064,24.876326
3822.0,19.195992,12.128732,18.17588,27.12835
3827.0,13.304993,10.085678,12.675238,22.500122
3829.0,15.341141,10.905511,14.961216,22.922382
3842.0,18.505949,14.312261,18.064655,25.355196
3844.0,15.381359,11.650167,15.182662,22.78173
3845.0,16.57258,12.52771,16.272364,23.849607
3847.0,20.18325,12.236366,18.80712,32.646267
3848.0,17.93904,12.716741,17.24573,26.21939
3853.0,15.628343,11.274832,15.092041,24.008654
3854.0,12.824095,9.630921,12.811299,22.726818
3855.0,15.2751255,11.199246,14.968199,23.409536
3856.0,17.113253,11.827283,16.122475,25.776464
3858.0,14.178428,10.04382,13.455846,22.944534
3859.0,19.164183,11.697106,18.409943,27.692175
3861.0,15.220689,11.114631,14.530448,23.856228
3863.0,15.845577,11.6471,15.456156,23.414194
3864.0,17.584383,12.382371,16.743067,26.875189
3865.0,15.972955,10.876406,15.110814,25.891079
3867.0,18.367296,12.733375,18.009615,24.938246
3870.0,29.391964,15.747622,30.024939,34.956524
3873.0,17.551332,11.661605,16.696564,25.69264
3875.0,14.785151,10.555506,13.821369,28.996387
3880.0,15.606928,10.8256235,14.760954,24.100105
3888.0,15.0024,10.877228,13.836807,25.399092
3891.0,16.23173,10.822548,15.917181,22.885569
3894.0,14.572762,10.620677,14.093876,22.786734
3896.0,19.492111,12.23746,18.444874,27.368883
3898.0,14.947817,10.818698,14.151063,24.898174
3901.0,15.75923,11.298237,15.242631,23.68551
3902.0,15.383516,11.825781,15.084407,22.426655
3908.0,19.195992,12.139062,18.18458,27.107635
3913.0,16.178389,11.117117,15.641405,25.751907
3918.0,16.308882,11.233359,15.323064,26.391487
3927.0,16.111673,11.346383,16.072748,23.360645
3936.0,14.70494,9.816234,13.781448,24.195335
3943.0,17.292269,12.412907,18.16281,27.679504
3946.0,18.824333,13.88259,17.635937,26.09384
3954.0,18.986155,12.302292,18.419462,26.526417
3955.0,15.213741,10.917799,14.815654,24.037588
3956.0,14.822781,10.757904,13.581369,22.988682
3961.0,18.566074,12.422712,17.586048,26.660172
3972.0,20.445255,12.323351,19.60403,29.166725
3973.0,15.730053,11.564542,15.415209,23.980803
3974.0,19.469654,13.64832,19.08328,25.799173
3975.0,16.598898,12.703305,16.479958,24.79742
3980.0,29.496487,15.384988,27.920666,37.363033
3982.0,15.493226,11.728426,15.457715,22.75521
3990.0,16.248709,11.741439,16.044075,23.770119
3993.0,14.408215,10.823414,13.854167,21.726896
3996.0,20.37049,12.191576,19.339212,28.752977
4002.0,19.207798,13.716484,18.44831,27.972885
4004.0,16.999594,12.668579,16.182575,25.31557
4006.0,19.363255,11.91142,17.695816,29.727287
4012.0,16.801735,11.198521,16.112627,26.190079
4015.0,16.384539,11.37978,16.183023,25.598373
4022.0,19.85183,12.266728,18.29541,30.809326
4029.0,17.87461,12.040815,17.461544,26.761843
4038.0,14.980016,10.947011,14.355325,21.329384
4042.0,16.609922,11.286012,16.274212,23.23987
4044.0,17.521143,11.375331,18.687872,27.179897
4047.0,13.355392,10.354885,13.012558,22.286787
4048.0,13.406129,10.446392,13.231218,22.359882
4052.0,14.343319,10.710395,13.419321,22.35143
4057.0,13.940712,9.989325,13.767734,21.59459
4058.0,13.885376,10.342813,12.539168,23.636435
4059.0,14.016835,10.0366745,13.210688,24.286556
4064.0,14.559005,10.018327,14.449462,23.061316
4068.0,14.468468,10.858367,13.06912,25.652313
4069.0,12.707832,9.321889,12.054214,21.826996
4074.0,14.225871,9.379954,13.337159,22.086243
4075.0,16.18865,11.379108,16.307013,23.646748
4077.0,17.402412,11.998829,16.88032,24.43961
4084.0,15.7300625,11.703171,15.55056,21.891344
4087.0,16.751278,11.460594,16.214262,24.561842
4090.0,14.334717,10.557144,13.518992,25.526037
4092.0,16.293634,11.625147,15.256427,25.313873
4096.0,14.283488,9.569132,13.649026,25.716997
4097.0,17.487555,11.604581,16.445293,27.000439
4098.0,18.183765,12.606955,17.089937,25.8588
4101.0,14.072432,9.997921,13.131218,25.244152
4105.0,16.282108,11.615431,15.324271,26.17328
4107.0,16.81886,11.487233,15.964209,25.60727
4108.0,16.08537,11.440918,15.563991,24.899853
4111.0,13.889029,9.708424,13.553355,21.766075
4112.0,17.127129,11.96766,16.38197,24.312336
4113.0,15.482416,10.984139,15.458516,22.615156
4114.0,18.171038,11.234377,16.756998,27.431423
4115.0,18.717459,11.773284,17.568363,28.381138
4119.0,19.196445,12.0853195,18.18846,27.078566
4120.0,14.582109,10.5475445,14.27433,23.048246
4126.0,16.159473,11.7085285,15.703279,24.060476
4127.0,16.739279,11.348197,16.479746,22.992895
4131.0,14.9464855,10.8036375,13.729244,24.024036
4133.0,14.220118,10.499567,13.385287,24.35893
4134.0,15.325243,11.032824,14.830652,21.630066
4135.0,14.936285,10.914052,14.828478,23.528828
4137.0,14.173993,9.906202,13.196528,23.932577
4138.0,14.601493,10.621625,13.71831,25.682777
4141.0,15.911955,11.2825985,15.58599,23.211132
4142.0,14.017827,9.508291,13.118909,23.447067
4147.0,14.149786,10.671413,13.379845,25.048473
4150.0,14.387832,9.792963,13.528068,23.257025
4151.0,13.023969,8.974828,12.020185,21.726604
4157.0,15.274057,11.141836,14.57964,25.655457
4165.0,15.519277,11.085879,15.108855,23.177834
4167.0,16.642992,11.452145,16.091557,24.152174
4168.0,12.364561,9.854965,11.630776,21.692186
4169.0,16.691435,11.450655,16.40722,26.32416
4173.0,13.077106,9.991524,12.414408,22.067001
4177.0,13.881993,10.707848,13.840841,22.890884
4183.0,14.073457,10.321784,13.420704,23.82017
4189.0,26.294191,15.5277,25.812761,33.93285
4190.0,16.283579,11.292261,15.769647,22.803387
4193.0,15.493363,10.834039,15.290804,22.854883
4195.0,16.33215,11.117062,15.6607,23.937525
4196.0,18.739273,11.885038,17.437399,26.117989
4203.0,15.939435,11.589209,15.3551035,24.653091
4206.0,19.026049,12.015776,18.248192,27.339901
4212.0,15.394543,11.193242,15.170579,21.093695
4213.0,13.093781,9.82141,12.326405,22.855726
4216.0,12.439863,9.219702,11.866074,22.229183
4221.0,16.190744,10.336721,17.939308,27.045666
4222.0,15.026136,10.794473,15.201218,25.659416
4225.0,15.451241,10.819944,15.137339,25.059559
4239.0,16.281258,11.660725,16.05799,24.299187
4242.0,16.169037,11.324415,15.298537,24.5017
4244.0,15.3696165,11.2175045,15.099785,22.424896
4245.0,15.293464,11.597441,14.57145,24.552944
4247.0,15.066991,10.253787,15.0393,25.232399
4257.0,16.147215,11.585437,15.428667,24.318933
4258.0,18.629011,12.857609,17.86413,28.845852
4260.0,18.181654,13.727749,17.605228,25.11144
4266.0,15.166524,11.374331,14.713729,20.475937
4268.0,13.611821,10.418762,13.154267,22.177557
4270.0,15.682775,11.538161,15.269381,24.055082
4273.0,15.787246,11.303974,15.440813,23.444551
4275.0,30.578892,15.769307,31.029085,36.80664
4280.0,15.540006,10.267711,15.428843,22.402279
4282.0,13.958601,10.171729,12.67968,23.77706
4287.0,16.035225,11.238742,15.458594,22.939981
4290.0,16.01639,10.846872,15.288202,24.403503
4292.0,14.923454,10.854452,14.193739,22.052355
4293.0,14.548238,10.520005,14.049346,21.251703
4294.0,15.534109,11.4882555,15.828773,23.05007
4295.0,14.264322,10.489291,13.734086,22.329622
4297.0,13.79801,10.446902,13.262992,22.072077
4304.0,17.54197,11.995484,17.465475,25.738356
4312.0,16.222893,11.765138,15.665506,24.971039
4314.0,13.983617,10.285534,13.893972,22.45692
4316.0,15.742707,10.845026,15.13836,26.171625
4317.0,15.710543,10.892263,15.852379,21.304688
4326.0,15.41177,10.885395,14.462241,27.77536
4327.0,28.344923,15.01868,28.93101,34.83132
4328.0,21.130112,13.054424,20.988184,29.496204
4334.0,16.609682,11.6489935,16.466196,23.00646
4336.0,15.725711,11.304197,15.421508,23.357693
4342.0,15.062501,11.124459,14.9250555,22.740149
4345.0,15.582607,11.274012,15.214646,23.743938
4351.0,17.141872,11.5772705,16.239544,24.279764
4353.0,17.320333,12.071125,16.836313,24.495098
4354.0,13.691275,10.367435,13.403113,22.053692
4361.0,19.840952,14.308742,19.736834,27.64389
4362.0,16.444498,11.221291,16.053812,24.400679
4366.0,15.203319,11.1583395,15.043266,21.909424
4370.0,21.418694,13.062316,20.80354,28.775343
4373.0,14.307706,10.90961,13.279311,22.336851
4375.0,21.698845,12.347862,21.200977,32.075222
4379.0,19.543379,12.276677,18.067793,27.463041
4380.0,16.922922,11.687699,16.636675,23.995197
4383.0,14.631034,10.898788,13.887997,20.748913
4395.0,19.05534,12.990037,17.958845,26.101377
4396.0,17.039976,11.022626,16.50698,25.812796
4400.0,14.03191,10.04928,14.271966,24.126127
4403.0,17.744295,13.133008,17.374424,24.722843
4407.0,16.345137,11.319888,16.285648,24.914345
4411.0,16.924904,11.885145,15.893732,25.410807
4416.0,15.108575,10.854571,15.237867,22.723816
4418.0,16.474815,11.266431,15.861114,25.878326
4423.0,19.256203,11.937086,20.270779,27.879011
4424.0,19.266176,11.924288,20.099998,27.850744
4430.0,19.953686,12.907233,21.636606,30.176266
4437.0,18.271776,11.592864,17.988987,27.16258
4439.0,13.946842,10.206399,13.992257,23.54822
4440.0,16.487307,11.413141,15.815603,24.126535
4443.0,18.199533,11.924876,17.631327,26.282951
4444.0,17.836445,11.954662,17.649445,27.406143
4447.0,17.46278,11.7187605,17.29554,25.758806
4450.0,14.583116,10.655396,14.573026,21.761286
4452.0,14.68622,10.627549,13.807085,26.664576
4454.0,14.683334,10.988792,14.52346,22.081545
4455.0,16.986376,11.391946,16.714888,27.471842
4460.0,15.241377,10.961306,14.784316,24.412342
4463.0,14.479051,10.569904,14.542536,23.3112
4464.0,13.992619,9.651156,13.760989,19.960487
4466.0,16.106148,10.884667,14.701683,30.156223
4472.0,14.056385,10.65968,12.894033,24.145315
4478.0,15.359481,11.438458,14.636551,27.140306
4482.0,14.692996,11.00032,14.18174,21.859177
4485.0,15.180795,10.877489,14.598981,23.392628
4486.0,16.70706,11.93046,16.338537,25.225086
4487.0,17.768953,12.878185,18.265755,25.765371
4490.0,20.785309,11.977734,19.92427,29.232443
4498.0,17.265665,12.437728,16.373213,24.413742
4500.0,13.57118,10.016603,13.564665,22.888083
4502.0,13.697152,9.541793,13.53516,23.093998
4508.0,18.79889,13.578842,17.634344,26.284996
4510.0,18.739902,13.348282,18.802654,28.20043
4514.0,14.560806,9.634448,13.911524,20.559723
4515.0,13.966609,10.018826,15.210074,25.518166
4522.0,14.252817,9.572127,13.637669,24.743368
4525.0,14.741016,10.941835,14.204765,24.637804
4539.0,15.906159,11.78635,14.500796,23.12554
4543.0,14.675854,10.511697,14.785689,22.582237
4548.0,13.478644,9.606787,12.98385,21.234896
4550.0,16.611816,11.627531,16.658272,23.164703
4551.0,15.668203,11.37905,15.196455,22.794447
4553.0,18.153774,12.939811,18.090857,25.16569
4559.0,13.557362,9.786945,12.654614,21.628815
4564.0,14.253383,10.301416,13.110109,25.215984
4567.0,16.337574,11.129045,15.88725,23.29724
4570.0,19.835308,13.555497,19.714558,28.036243
4573.0,17.157001,11.356013,16.326923,26.405529
4574.0,17.12675,11.609559,16.424273,26.046541
4575.0,21.90828,12.7988,21.180222,29.050728
4579.0,18.097618,12.674186,17.708426,24.390724
4581.0,16.440582,11.181204,15.537994,25.595802
4583.0,19.528616,14.123643,19.515944,28.073227
4585.0,17.630974,10.906425,15.838594,31.875162
4587.0,17.685257,12.216237,16.754827,27.189774
4594.0,19.407572,13.521683,19.122938,28.267946
4597.0,17.73009,12.138935,17.341898,25.841562
4600.0,15.937681,10.856419,15.735981,22.732386
4604.0,16.389332,11.016868,14.289886,30.603813
4606.0,17.405378,12.300714,17.1747,23.84105
4608.0,16.773485,11.581302,16.312193,24.666862
4609.0,20.328018,12.224562,19.496933,28.727236
4612.0,14.838584,10.957801,13.532761,27.487011
4613.0,15.341997,10.851728,14.929338,25.433973
4620.0,17.482594,12.38762,17.18346,26.37698
4625.0,17.389685,12.854637,16.507849,25.125263
4628.0,16.437658,11.822044,15.769534,24.19087
4629.0,13.941239,10.319847,13.389882,24.350187
4630.0,20.948946,12.207532,20.084122,29.2994
4634.0,15.455371,10.977669,14.948343,21.910387
4635.0,19.381575,12.727221,18.759396,27.792713
4638.0,15.702656,10.03879,16.971664,26.64495
4640.0,16.386091,11.802969,15.796333,24.69864
4643.0,19.217167,14.896007,18.614054,24.444633
4647.0,14.094239,10.491968,13.159501,21.524393
4649.0,17.518967,12.20732,17.06063,24.541187
4652.0,12.826075,9.809393,12.2796,23.124903
4656.0,15.613764,10.587404,14.852971,26.818392
4658.0,17.935717,11.992604,17.458921,26.439732
4663.0,15.339834,10.37873,14.398607,26.025677
4665.0,19.224276,13.481848,17.818678,27.383131
4666.0,17.964113,13.396041,16.83715,25.786386
4667.0,15.8655405,11.018241,15.253874,25.269989
4670.0,20.785309,11.897204,19.91678,29.152096
4671.0,22.694857,13.610082,21.8939,31.936348
4676.0,16.547848,12.206768,15.748906,25.41309
4678.0,20.906048,12.508203,21.864286,29.24735
4681.0,19.177011,13.449341,17.67928,29.132921
4682.0,20.72949,12.79944,20.10894,29.433432
4684.0,18.086946,12.296563,17.62298,26.629803
4688.0,14.531777,10.64112,13.950318,23.698048
4689.0,15.74795,10.941164,15.468049,23.744917
4691.0,17.017561,12.6126,16.160994,24.463785
4697.0,23.709627,14.524326,24.257254,32.92712
4700.0,18.979298,11.918926,17.499117,29.79277
4701.0,22.553146,13.223641,21.732246,28.601707
4704.0,18.067461,10.795172,16.013323,27.836067
4707.0,14.195568,10.741437,13.26113,21.399698
4709.0,18.237612,12.647884,17.972872,27.444168
4712.0,16.81804,11.5022545,16.22113,22.996807
4717.0,14.826205,11.137333,14.178238,21.912207
4718.0,26.61577,13.158709,27.609911,32.08958
4719.0,17.109554,12.1775,16.749268,24.536572
4721.0,18.117853,11.540367,17.21322,27.389036
4726.0,16.656223,10.680356,15.756553,26.952229
4728.0,14.512431,9.543656,14.089102,24.731981
4731.0,14.813207,10.906299,13.969041,21.81227
4733.0,18.374062,13.028417,17.82452,26.45612
4737.0,15.495223,11.212664,15.1030655,21.916134
4739.0,18.17265,11.879875,17.519505,26.677904
4744.0,17.531538,11.927665,17.476137,24.182621
4750.0,17.616938,12.734185,17.044933,26.50319
4751.0,19.278173,12.022401,18.165762,28.107906
4755.0,20.804157,12.296347,19.824984,29.706894
4757.0,15.495501,11.030806,15.62291,25.937157
4758.0,16.206074,10.970208,16.227715,28.091536
4762.0,18.814892,12.507952,17.892855,27.879372
4764.0,15.374745,11.84404,15.057911,22.485754
4765.0,20.034487,14.581912,19.612982,25.860046
4768.0,16.208332,11.173361,15.745494,23.333866
4770.0,15.123653,11.220488,15.219792,23.989325
4774.0,17.09008,11.751265,16.825724,24.746916
4779.0,17.698313,12.781328,17.153385,24.069805
4781.0,19.381607,13.183404,19.504677,27.388641
4782.0,17.959799,12.345093,18.291725,28.855783
4788.0,13.537468,9.481037,12.901793,22.238989
4790.0,15.389872,11.303096,15.062811,20.82394
4794.0,20.329927,14.4957485,20.299921,29.36436
4795.0,14.670259,10.367028,14.64019,22.880535
4796.0,14.529408,9.816398,13.6804905,25.757193
4800.0,17.734697,13.051868,17.515495,26.054926
4805.0,13.886164,10.348047,12.8467,24.755716
4807.0,14.578122,10.811545,14.021923,21.707712
4809.0,15.028223,10.74663,14.679756,21.671347
4818.0,17.63844,12.255885,16.915932,26.073423
4819.0,13.633802,9.8787,13.053902,21.224892
4821.0,24.293985,13.329098,22.570126,30.150253
4822.0,21.377628,12.5364895,22.266989,29.938847
4825.0,26.14061,12.18386,26.653847,35.505253
4827.0,21.160519,12.198384,20.340372,29.4229
4828.0,20.605568,12.482786,19.881521,29.186205
4832.0,20.452728,12.749059,20.46706,30.166956
4835.0,16.511185,12.414028,16.13557,25.436071
4836.0,15.023688,11.4564705,14.577035,22.218945
4838.0,19.201466,12.252094,17.644768,29.312971
4843.0,15.6641035,11.751678,15.794092,26.160944
4847.0,20.457546,13.4941845,19.611776,30.38511
4852.0,13.987972,10.844176,12.510063,23.83051
4853.0,17.821579,12.35595,17.17501,24.663054
4854.0,19.270235,13.822811,18.596138,30.02811
4855.0,20.936153,12.22577,20.004248,29.311537
4856.0,14.255374,10.60538,13.701727,24.50778
4862.0,17.947155,12.290297,17.66125,24.400902
4863.0,16.03946,12.029536,15.435278,24.345692
4867.0,19.17406,12.586258,19.189445,28.85246
4870.0,16.418486,11.2319765,15.998653,23.185871
4873.0,16.059671,12.04312,15.5166,25.803743
4876.0,14.905829,10.911274,14.436205,24.35345
4878.0,18.662148,12.537392,18.119667,28.44462
4881.0,14.139007,10.0601635,13.459284,25.607803
4882.0,19.610916,12.750947,18.124716,30.113506
4886.0,17.08426,11.383041,17.00502,26.922712
4889.0,16.58632,11.346541,15.905159,25.6151
4896.0,20.938183,12.142377,20.051365,29.35322
4898.0,16.7053,10.964536,16.056156,26.722986
4899.0,17.693611,12.783341,17.657862,25.745642
4901.0,17.309229,11.200872,16.159115,26.796236
4903.0,19.044256,13.277327,19.169344,28.088646
4905.0,20.267262,12.153435,19.303793,28.251444
4907.0,19.27866,12.442437,18.412912,27.186468
4908.0,19.352976,11.534377,17.850819,29.537777
4909.0,19.912592,12.05305,18.70236,30.266127
4912.0,18.636059,13.061879,17.904364,26.656305
4916.0,16.333303,9.859081,16.492237,26.3279
4923.0,17.393105,11.675083,16.702812,24.888685
4924.0,16.306139,11.0953045,16.128756,25.24239
4928.0,17.396875,12.026702,16.740042,25.239735
4930.0,17.251574,11.81967,16.305323,26.2433
4931.0,16.377766,11.377862,16.348188,22.443438
4932.0,20.077978,11.961205,18.79836,33.10836
4939.0,19.278522,12.160814,18.154722,28.778002
4947.0,21.162437,12.217364,20.362186,29.4229
4950.0,13.406115,10.019007,12.934591,21.6572
4952.0,14.508539,10.792821,13.9436245,20.613256
4955.0,19.312227,12.3036585,18.918112,28.595497
4958.0,15.105034,11.441179,13.422356,26.552229
4959.0,18.12017,12.803193,17.61808,25.45189
4961.0,21.360744,13.238175,23.140953,30.35525
4964.0,18.769232,13.647585,18.408686,27.856909
4967.0,27.704397,14.752451,27.348547,34.50331
4970.0,20.321844,11.768082,18.568401,33.10757
4972.0,17.931932,13.353643,17.426723,26.054998
4979.0,22.441488,12.6574545,21.683878,30.382572
4980.0,16.153673,10.877862,15.2605915,24.84557
4981.0,20.785309,11.903937,19.924717,29.232443
4982.0,20.853529,13.197379,20.418198,29.626518
4987.0,17.572933,10.829646,16.947935,26.212337
4988.0,16.195505,10.851478,15.2282915,24.794655
4994.0,15.386894,10.836066,14.674396,25.054115
4995.0,15.539145,11.433392,14.725847,23.291962
4996.0,18.604698,11.8943405,17.664669,28.122362
5001.0,17.990887,12.091227,17.275717,26.547169
5002.0,18.831984,13.269645,17.975273,27.156082
5003.0,15.472799,11.113052,14.803067,23.903528
5006.0,17.165943,11.091486,15.195369,31.71426
5009.0,15.269912,11.38925,15.034173,23.15845
5010.0,16.414734,11.556431,15.940583,23.561031
5012.0,23.362894,14.106362,22.670153,36.11461
5013.0,20.785309,11.825265,19.901766,29.152096
5018.0,15.694324,11.13061,13.954962,29.469395
5020.0,17.59621,11.644492,17.394203,28.202192
5021.0,18.521566,12.570847,18.46005,26.23441
5022.0,19.515295,12.160562,18.157265,28.313654
5025.0,15.925498,11.2973175,15.097067,22.35502
5027.0,18.235182,12.135343,17.856817,27.181604
5029.0,15.747523,11.205244,14.765691,27.592585
5031.0,17.362547,12.427429,16.132286,25.651419
5036.0,16.339664,11.589407,16.02491,23.027494
5038.0,17.354145,11.394923,16.355532,26.82812
5040.0,17.103798,11.1042,16.499561,25.126001
5045.0,19.808386,12.838041,19.418493,28.736628
5047.0,19.451967,12.157578,18.435507,29.261744
5071.0,17.591076,11.812297,17.072975,25.935556
5072.0,14.680451,10.229716,14.219212,24.345673
5074.0,14.58582,10.666175,14.071566,22.121353
5092.0,19.886135,13.164644,18.86435,30.515484
5097.0,16.082268,10.432779,15.462958,23.487663
5098.0,18.9279,13.198601,18.081148,27.672653
5106.0,16.481182,10.79297,15.772399,26.25192
5109.0,16.205544,11.823283,15.6125145,24.506319
5112.0,15.243246,11.077114,14.927503,21.928617
5114.0,17.733618,11.805791,17.216349,25.489187
5128.0,18.193436,12.877129,17.25381,28.404045
5133.0,15.007481,10.613728,14.744143,23.114235
5137.0,16.97949,11.606693,16.920778,23.142853
5143.0,26.739452,15.069736,26.341177,33.884876
5146.0,16.35052,11.4717455,16.093405,27.255503
5149.0,20.543121,14.311748,20.241735,29.379692
5155.0,19.773748,13.515471,18.844418,29.684566
5158.0,20.336098,12.20158,19.426546,29.553778
5167.0,21.70263,14.631132,21.137264,30.319021
5172.0,20.147913,14.782045,19.692694,27.73302
5176.0,18.463364,13.678241,17.47752,26.424665
5179.0,19.39961,13.898596,18.860224,28.61359
5185.0,19.43304,11.583711,17.443426,29.823969
5192.0,21.547201,13.179389,22.608765,30.802515
5196.0,15.822221,11.799348,15.460026,22.229616
5200.0,16.960089,11.730396,16.395365,25.07505
5202.0,18.036901,12.418869,17.890083,24.583586
5203.0,22.443024,14.937283,22.957422,31.314318
5210.0,14.569896,10.191994,12.921538,27.979338
5211.0,21.93261,12.228241,21.043453,31.904137
5212.0,20.24254,12.842849,19.682283,29.099882
5213.0,17.699186,12.050804,17.278326,25.392992
5215.0,16.240133,10.512926,15.077436,27.614698
5220.0,19.100346,12.255682,18.050703,27.914206
5222.0,15.939864,11.374221,14.982902,24.700996
5226.0,16.595627,11.201893,16.458342,23.748358
5230.0,19.709143,14.125689,19.28033,26.10276
5234.0,18.159435,12.626643,17.529282,24.421099
5243.0,20.933996,13.350829,20.30946,28.465958
5244.0,26.869965,14.954504,26.726925,34.674213
5245.0,19.818657,12.332382,20.991379,26.147345
5249.0,16.071404,11.130794,15.856571,25.219282
5251.0,22.805695,12.59564,23.453129,30.208284
5258.0,18.784294,14.275648,18.443249,25.014994
5260.0,19.604082,12.276485,18.646362,28.231325
5269.0,17.958683,13.120747,17.600283,25.052336
5270.0,13.917996,9.895771,12.83982,23.665226
5281.0,19.063774,14.002982,18.372574,26.831282
5282.0,14.963729,10.431018,14.727385,23.308521
5286.0,20.979113,11.997319,19.399414,32.653633
5287.0,22.062567,14.928622,22.214012,28.733973
5290.0,20.012466,13.979254,19.785141,29.39265
5303.0,17.123392,12.686285,16.738052,25.020245
5305.0,16.35659,11.202839,15.850225,24.94275
5309.0,16.732323,11.990615,16.007713,23.527771
5310.0,21.6334,14.766765,21.259296,27.914955
5312.0,14.922148,11.193677,14.424501,21.000778
5313.0,14.828987,10.66378,14.5351515,23.95234
5315.0,15.7781515,11.120494,14.259996,22.643595
5325.0,16.629656,11.695121,17.177658,29.484432
5327.0,23.18457,14.800619,23.178558,29.468002
5328.0,20.43266,13.857096,20.015078,29.441801
5331.0,15.706127,10.507038,14.740614,24.906437
5332.0,17.917192,11.699011,17.627506,27.326828
5335.0,17.532686,12.09039,16.904837,25.276426
5336.0,15.549213,11.472118,15.434295,26.528757
5338.0,12.651645,9.944666,11.820026,22.174622
5339.0,15.916078,10.964148,15.599658,25.965591
5341.0,19.918097,13.7744665,19.542963,28.18265
5342.0,16.209455,11.367414,16.177406,25.745436
5343.0,14.176552,10.819643,13.028439,24.61712
5345.0,14.270781,9.595385,14.898938,25.976921
5348.0,16.531034,11.536676,15.9400015,25.051582
5349.0,20.75256,12.862526,20.08988,27.990908
5351.0,19.70527,12.743295,19.007494,27.495459
5352.0,15.652615,10.945784,15.609567,24.447588
5355.0,18.575972,12.685427,17.718578,26.886993
5356.0,20.652912,13.9572935,19.399128,30.083786
5361.0,16.433722,11.299597,15.71382,25.18127
5362.0,15.123586,9.96755,14.560704,23.973618
5364.0,15.732384,10.927478,15.251534,22.653545
5367.0,14.154193,9.996517,14.222294,21.58027
5369.0,16.888412,10.953443,16.576155,24.971252
5372.0,15.703664,11.415292,15.228867,22.280512
5374.0,15.994521,11.530321,15.3506155,23.329378
5378.0,14.468852,10.922202,14.191497,21.991787
5382.0,22.462933,14.76052,22.246967,29.552778
5383.0,15.121545,10.290219,14.688448,24.020958
5387.0,15.038671,11.069332,14.009376,25.34031
5393.0,14.823994,10.47083,13.175916,27.025536
5403.0,16.477743,11.330197,16.026989,23.680803
5408.0,17.97086,12.280464,17.23394,25.837711
5409.0,22.486423,12.389662,21.844202,31.439121
5410.0,27.911251,13.567823,28.267221,34.334248
5412.0,16.934881,11.922903,16.073845,25.921812
5414.0,20.44396,13.208888,20.200668,28.265923
5427.0,14.733455,10.577403,14.48884,22.811499
5431.0,15.866743,11.311318,15.123457,25.864834
5433.0,15.902751,11.438309,15.613874,24.981531
5443.0,19.01967,13.856298,18.795755,25.846275
5444.0,18.429653,11.737599,17.5791,27.326754
5446.0,14.4815445,10.320548,14.075738,23.324808
5449.0,17.675634,11.569476,17.144854,27.558437
5452.0,19.90929,12.253612,19.330944,26.970499
5453.0,20.20908,11.562753,17.940151,33.374935
5454.0,17.451109,12.416825,16.883778,26.035347
5456.0,18.810913,12.079329,18.380285,26.258614
5457.0,19.636549,12.210777,19.661484,29.242687
5458.0,18.538914,11.854833,18.001587,26.411589
5459.0,17.84882,12.453501,17.406752,25.514418
5460.0,15.674033,10.9044695,15.083921,23.154484
5461.0,16.552124,11.668979,15.874017,23.953428
5464.0,15.959148,11.158498,15.512475,23.683853
5466.0,18.286793,12.692981,17.571783,26.496824
5467.0,14.736659,10.336808,13.630552,26.978018
5468.0,16.786406,12.106572,17.430157,27.510708
5472.0,19.01415,12.887203,17.987753,31.039164
5476.0,16.645836,11.632578,15.375641,24.033361
5479.0,18.709,12.153429,18.137053,28.467724
5480.0,20.591892,14.812031,20.622778,30.235434
5482.0,19.721487,14.892404,19.326963,26.944176
5484.0,14.538111,10.237043,12.682764,21.247744
5486.0,16.076836,11.566983,15.8283615,26.950735
5488.0,15.322281,11.10999,15.255018,22.63042
5492.0,14.961468,10.979703,14.480869,24.101768
5494.0,14.243149,10.240552,13.927469,21.699896
5501.0,19.76063,12.494265,19.21688,26.80402
5511.0,14.729822,10.937027,13.694463,23.310057
5513.0,13.847306,10.08498,12.641627,23.909416
5521.0,19.492111,12.23746,18.424273,27.368883
5523.0,19.049751,11.782269,18.854946,29.287512
5526.0,17.206062,10.772409,16.288826,26.51088
5528.0,15.639018,10.2860775,14.504701,25.722013
5529.0,15.372404,11.044877,15.189217,25.362434
5533.0,15.545051,11.248278,15.221458,23.973549
5534.0,18.84923,14.416196,18.333498,26.530724
5536.0,19.224537,13.155506,18.144468,28.657644
5539.0,17.963833,12.220771,17.384611,25.681835
5540.0,12.802388,10.109108,11.863461,21.99355
5544.0,15.784115,11.133447,15.10604,22.09931
5545.0,14.1105795,10.361292,13.65998,22.21653
5548.0,18.517494,14.134616,18.298946,24.860952
5549.0,18.839912,13.536114,18.81493,26.45212
5553.0,17.082409,12.109867,16.154215,24.996613
5555.0,15.232976,10.582675,14.845629,22.918493
5557.0,19.00119,11.700989,17.685131,29.257273
5564.0,16.416597,11.222433,15.636589,22.515804
5565.0,16.338371,11.049524,15.296005,26.451193
5566.0,14.807682,10.616382,14.094606,25.453043
5570.0,13.774327,10.15333,12.262319,25.77544
5573.0,14.942105,10.769724,14.275801,24.617926
5576.0,16.770514,10.929335,15.943149,25.793932
5577.0,14.832681,10.59145,14.308203,23.244896
5581.0,17.099787,12.395422,16.320662,25.580036
5585.0,13.75534,10.076061,13.249064,23.08343
5586.0,16.050983,11.074072,15.162171,22.287542
5590.0,16.173277,10.99357,16.040981,22.81655
5594.0,19.281118,14.22744,18.882502,26.694477
5595.0,19.501879,12.11267,18.512129,26.75568
5596.0,14.867829,10.344203,14.424491,24.446238
5599.0,15.473477,10.995876,14.652777,21.720137
5600.0,14.314204,10.155621,13.311541,23.668587
5601.0,16.62706,12.2792,16.743654,22.928196
5602.0,15.051574,11.217311,14.093344,26.930681
5603.0,22.711674,14.28814,22.271456,29.695482
5604.0,21.439356,13.393013,21.984028,30.663546
5606.0,14.741719,10.965207,14.340952,22.383854
5607.0,15.239471,10.431837,15.360342,21.844759
5609.0,19.259413,13.386392,18.652508,27.965258
5610.0,16.480019,11.650581,15.005301,26.738268
5611.0,15.981274,11.349069,15.15145,25.860548
5614.0,17.93725,12.875002,17.668364,24.707884
5616.0,14.80694,10.48478,14.444656,24.83491
5619.0,13.12347,9.694165,11.674958,23.671928
5624.0,16.578503,11.340538,15.776228,24.20868
5625.0,13.447236,10.148721,12.683677,23.329292
5630.0,18.488752,13.01963,17.818348,26.005173
5636.0,19.84271,12.418716,18.900951,30.328756
5638.0,17.004757,11.371073,16.470297,25.228876
5643.0,14.732968,10.668107,14.427679,22.093264
5644.0,21.70785,12.445149,20.967758,30.94411
5649.0,28.19792,13.692293,29.259344,33.484116
5650.0,20.74069,12.0222,19.959333,29.499338
5651.0,20.530333,13.263555,20.511425,31.723392
5652.0,16.891102,11.242278,16.509975,25.7747
5653.0,14.9695835,11.12936,14.649346,25.42938
5656.0,15.662453,11.0533695,15.285839,23.452978
5658.0,15.398789,10.5816145,13.948255,26.802692
5659.0,15.781551,11.500161,15.112228,26.397089
5661.0,20.217009,12.250833,19.45128,29.032797
5664.0,17.542738,12.116894,16.223518,25.91162
5666.0,15.209834,10.744114,15.099252,23.458035
5674.0,14.638496,10.804737,14.012934,22.52604
5688.0,16.284971,11.330137,15.384671,25.175873
5694.0,15.14088,10.768451,13.987796,27.966417
5705.0,18.86403,13.603668,18.489626,26.0021
5708.0,15.162059,10.790312,14.320765,28.87977
5715.0,21.631645,13.691774,21.420055,30.72537
5718.0,15.186347,10.908095,13.881589,27.748217
5721.0,17.90128,12.108005,17.726498,24.93923
5723.0,20.569084,13.570097,20.094292,28.677992
5731.0,14.902018,11.004823,13.742424,24.196575
5733.0,19.533484,12.805784,19.347399,26.415565
5736.0,16.172834,11.664698,15.519487,25.90958
5737.0,18.732008,13.234065,18.121622,25.714441
5746.0,19.428802,12.567544,18.788902,25.291151
5747.0,13.088715,9.625304,12.436503,21.736565
5750.0,15.791434,10.529298,15.763994,26.77144
5752.0,15.049982,10.990147,13.370063,27.870964
5753.0,19.734451,13.664237,18.999287,28.61354
5757.0,18.057259,12.399744,18.120369,26.568928
5758.0,18.59995,12.557338,17.714066,26.31344
5759.0,15.135188,11.084682,14.337825,22.256975
5760.0,16.464933,11.03808,16.191917,25.052599
5763.0,16.501743,11.527048,16.088465,26.00524
5764.0,16.755114,11.785639,16.572329,25.656828
5767.0,15.347252,9.956906,14.864567,23.616852
5776.0,20.64346,13.479508,20.245953,30.474638
5778.0,19.947012,12.907641,19.530497,28.666245
5779.0,21.424116,13.613713,21.300266,30.169132
5782.0,18.434332,13.775921,17.44668,25.459902
5788.0,19.482077,13.837807,18.522757,26.955662
5793.0,15.570856,10.810938,14.769171,26.116964
5798.0,14.099078,10.655705,12.634773,24.071455
5801.0,16.360018,11.847554,16.029602,24.44854
5808.0,28.365616,15.73059,28.22768,32.35086
5810.0,19.354265,12.508557,18.231419,27.710838
5818.0,28.65081,15.209128,28.100466,34.420433
5819.0,15.083602,10.542382,14.23956,28.858534
5821.0,20.10942,14.00076,19.378342,29.508682
5822.0,20.50071,12.367117,20.480444,29.12949
5837.0,17.579283,12.915881,17.091211,25.407095
5843.0,19.42527,12.263737,18.79126,26.756004
5844.0,19.780136,14.272453,19.404083,29.070103
5845.0,18.015951,12.180933,18.08104,26.605146
5852.0,18.694864,12.366778,18.182457,25.590443
5853.0,17.30397,11.922572,16.734327,25.32111
5854.0,20.069042,14.485251,19.10711,29.053486
5856.0,14.349446,10.488343,13.709681,27.445137
5858.0,19.408037,12.179751,18.086115,29.629148
5860.0,19.117468,11.968552,17.61777,27.321142
5862.0,13.549518,10.147948,12.503777,24.872187
5864.0,18.052952,12.022463,16.87458,27.06139
5865.0,18.383482,12.219519,18.137878,25.315004
5867.0,20.754389,12.0222,20.062775,29.516132
5868.0,14.532625,9.338846,14.855629,26.394945
5873.0,18.06287,12.453476,18.36136,24.664494
5874.0,16.853409,11.842158,16.111694,26.04643
5879.0,17.62007,13.1798,17.390825,25.582352
5880.0,18.80999,12.265082,19.342163,28.313635
5881.0,20.935205,12.678432,19.810518,34.32091
5886.0,17.100922,12.5617485,16.904371,26.183449
5889.0,21.390474,14.890387,23.095987,31.069403
5890.0,18.754381,12.351366,17.907814,27.694042
5891.0,29.416662,13.457361,29.683315,38.76894
5898.0,17.677132,12.564269,16.68591,25.533619
5899.0,19.019,12.015776,18.194782,27.369104
5901.0,16.603472,11.304094,16.357164,22.969976
5902.0,19.402273,14.65934,19.039684,26.076498
5904.0,19.312674,13.3858795,18.04765,29.751486
5905.0,19.813732,14.651584,19.156622,26.754032
5906.0,18.46639,13.063054,17.320055,25.356985
5908.0,17.52931,12.446495,16.546482,24.340569
5910.0,17.554703,12.056163,17.390799,25.86113
5911.0,17.285639,12.407328,17.11248,24.819656
5912.0,16.607353,11.391411,15.821932,26.239702
5915.0,20.620531,12.220579,19.625982,30.640417
5916.0,16.807768,11.645409,15.945545,25.113102
5919.0,16.607807,11.087954,15.48035,30.786882
5920.0,21.044304,12.910004,22.253712,30.216486
5923.0,19.631592,14.198,18.778555,25.460072
5925.0,17.591793,11.715213,16.978004,25.734787
5926.0,17.83261,12.055648,18.465322,30.113571
5928.0,18.010754,11.87723,17.764774,24.541521
5930.0,16.114515,11.495757,16.027145,22.502815
5931.0,19.093664,12.155548,18.778004,30.174557
5933.0,16.161293,11.682858,15.354856,23.273323
5934.0,17.389238,11.824554,16.719894,27.537561
5935.0,14.181898,10.7272625,12.599473,23.142391
5937.0,17.927738,12.168807,17.395681,27.247192
5938.0,14.551289,10.418303,13.631415,23.158268
5939.0,17.159931,12.650517,16.016586,25.016394
5940.0,18.047531,13.202643,17.443174,24.7922
5942.0,20.74069,12.0222,19.981667,29.499338
5944.0,17.33796,12.112588,16.900888,25.129478
5945.0,17.909096,12.4134445,16.5594,26.857689
5949.0,15.685999,11.209054,15.300332,23.957987
5950.0,19.567144,11.8036175,19.283302,28.865553
5951.0,17.113276,11.343103,16.358025,25.568146
5956.0,16.7181,11.96674,16.307083,26.337034
5961.0,26.969858,14.819798,26.553728,34.284077
5965.0,15.96466,11.698316,15.738013,25.852057
5967.0,19.114166,11.246056,18.036322,27.96068
5969.0,15.987108,11.909725,15.740591,24.71194
5973.0,17.35519,11.017043,16.464684,29.993916
5974.0,19.416594,14.060664,18.9146,25.743074
5976.0,16.908993,11.82926,16.056473,24.247654
5979.0,15.565622,12.292367,15.240924,21.394426
5989.0,18.68049,12.139159,17.645552,26.024544
5991.0,17.479803,11.169834,16.691578,27.835138
5992.0,17.048708,11.810011,16.56372,25.22146
5997.0,17.796902,12.646683,17.281702,25.835112
6006.0,17.311087,11.449385,17.02931,25.002888
6010.0,14.9604,11.174971,14.9148245,22.700253
6026.0,16.369959,11.907838,15.942902,22.934608
6030.0,13.862986,10.071309,13.4682,24.277859
6034.0,17.474575,11.584108,16.955294,26.272215
6035.0,19.994951,14.760195,19.214535,28.49031
6038.0,19.492111,12.23746,18.424273,27.368883
6044.0,19.027737,12.12759,18.24988,27.409958
6046.0,20.15368,13.732956,19.805016,29.956186
6047.0,14.781961,10.431915,13.755924,30.154003
6050.0,16.423971,11.297795,15.973784,24.250816
6052.0,15.602165,11.5017805,15.1503,24.19766
6054.0,16.398792,11.777181,15.797598,25.539352
6055.0,17.094965,12.160302,16.12667,24.502398
6056.0,16.906538,12.277141,16.476725,24.517069
6063.0,15.447007,11.32416,15.128634,22.280794
6064.0,16.942421,12.578139,16.609575,24.419296
6065.0,15.465226,11.475993,13.957612,27.537638
6066.0,14.463577,9.894988,13.665152,27.0414
6067.0,14.320143,10.129154,13.470028,25.48474
6068.0,14.999064,10.779242,14.410112,27.288935
6069.0,17.175154,12.109478,17.03854,22.62936
6070.0,17.669916,11.898596,17.03778,27.039177
6074.0,16.315174,11.686107,16.049866,26.979462
6078.0,18.380203,12.9318695,17.987103,27.074894
6082.0,17.543184,12.912656,16.71262,25.429539
6086.0,19.839445,13.323953,19.22746,29.765194
6091.0,16.53268,11.093201,16.043985,22.90037
6092.0,17.31556,12.916528,16.358944,24.702808
6094.0,19.21195,13.770465,18.819717,26.490936
6096.0,15.774647,10.976239,14.84395,25.476648
6098.0,19.67977,11.918494,18.527414,30.106768
6099.0,15.655245,11.516451,15.44704,25.057922
6102.0,17.045221,11.958408,16.313923,25.333616
6103.0,16.929085,11.43458,16.024494,26.116396
6104.0,18.557827,13.716936,17.93667,28.599895
6107.0,18.959778,12.741465,17.548525,29.299892
6109.0,18.281555,11.577186,17.465643,28.612734
6110.0,17.944605,12.112456,16.385042,26.869976
6111.0,20.491455,13.637295,19.933714,30.319578
6113.0,14.789951,10.874188,14.520186,23.197304
6115.0,21.12427,14.438828,20.719376,31.180553
6117.0,20.240307,12.9081745,19.83293,28.476816
6118.0,20.793043,13.550204,19.991299,30.773941
6120.0,19.604446,12.295749,19.057924,27.861155
6122.0,19.082396,12.962141,18.412483,29.906733
6123.0,18.074434,12.515131,17.704103,26.321669
6125.0,16.682169,11.272365,16.180672,27.40488
6127.0,18.726091,12.221296,16.9222,29.235477
6129.0,21.035116,12.954708,20.420963,29.445726
6131.0,19.754574,12.154878,18.664904,28.650448
6132.0,19.747223,11.883034,18.164444,31.55747
6134.0,20.391844,13.711575,20.389313,30.195587
6136.0,18.870417,12.573572,17.235994,28.714664
6138.0,18.075058,12.985431,17.603176,24.901686
6139.0,19.61589,13.022044,19.217016,30.125765
6141.0,18.845755,12.398676,17.40879,30.171278
6142.0,19.314585,13.221712,18.209238,28.789978
6144.0,18.693642,11.977667,17.398458,28.226784
6145.0,19.957167,13.753905,19.702705,29.82253
6149.0,20.371391,15.413273,20.501226,26.512434
6150.0,17.499817,11.81486,16.746258,25.365864
6151.0,18.651281,12.083468,17.943968,27.357885
6154.0,19.780489,14.209017,19.675522,29.35186
6155.0,18.095358,12.160864,16.713879,26.757435
6156.0,19.105343,12.965443,18.295498,29.789198
6158.0,20.81066,13.723802,20.342567,30.489786
6160.0,18.391582,12.693265,17.636383,28.487967
6161.0,20.650963,13.233312,19.905323,30.375729
6162.0,20.797302,13.801369,19.946571,29.48648
6163.0,19.831116,13.618043,19.474226,30.243046
6164.0,20.042345,14.442558,19.668755,28.030575
6165.0,22.69231,13.909762,22.275,30.514284
6166.0,19.841131,13.99654,19.485838,29.075638
6167.0,20.897774,14.8672495,20.407366,28.372059
6169.0,19.019712,12.765123,17.524294,31.13454
6170.0,20.044624,12.825778,19.211872,30.587006
6171.0,21.133715,12.334019,20.134443,29.544182
6172.0,19.167194,12.848039,18.648191,30.333189
6173.0,21.058947,13.842432,20.795631,28.976719
6174.0,22.796206,12.608314,21.95374,31.899837
6175.0,20.891823,13.606759,20.262066,30.012566
